timestamp,lap,ego_x,ego_y,ego_vel,ego_s,ego_d,opp_x,opp_y,opp_vel,opp_s,opp_d,rel_x,rel_y,rel_vel,rel_s,rel_d,imm_trajectory,imm_active
1784490645.7779589,0,-8.145202240783025,25.437485607011443,0.8000000132854881,140.23436270370678,-0.46000927587051876,-13.187413999802436,25.483968902677642,1.120000004847329,145.45675790360193,-0.469756626130696,-5.042211759019411,0.046483295666199353,0.319999991561841,5.222395199895146,-0.009747350260177257,"[(-8.062959568465173, 25.445240363156067), (-8.091192166577242, 25.44951731571313), (-8.119486182998926, 25.45385570035113), (-8.147841617572555, 25.458255516986803), (-8.17625847014026, 25.462716765536687), (-8.204736740543993, 25.467239445917134), (-8.233276428625507, 25.471823558044306), (-8.261877534226366, 25.476469101834176), (-8.290540057187947, 25.481176077202523), (-8.319263997351431, 25.485944484064934), (-8.348049354557812, 25.490774322336808), (-8.376896128647893, 25.495665591933353), (-8.405804319462284, 25.500618292769584), (-8.434773926841409, 25.50563242476033), (-8.463804950625498, 25.51070798782022), (-8.492897390654589, 25.5158449818637), (-8.522051246768532, 25.52104340680503), (-8.551266518806987, 25.52630326255827), (-8.580543206609422, 25.531624549037286), (-8.609881310015112, 25.537007266155765), (-8.639280828863148, 25.542451413827198), (-8.668741762992422, 25.54795699196488), (-8.698264112241642, 25.553524000481925), (-8.727847876449324, 25.55915243929125), (-8.757493055453791, 25.564842308305582), (-8.787199649093177, 25.57059360743746), (-8.816967657205424, 25.576406336599227), (-8.846797079628287, 25.582280495703042), (-8.876687916199327, 25.588216084660864), (-8.906640166755915, 25.594213103384472), (-8.936653831135233, 25.600271551785447), (-8.96672890917427, 25.606391429775183), (-8.996865400709826, 25.61257273726488), (-9.02706330557851, 25.61881547416555), (-9.05732262361674, 25.625119640388014), (-9.087643354660743, 25.6314852358429), (-9.118025498546558, 25.637912260440647), (-9.14846905511003, 25.644400714091503), (-9.178974024186818, 25.650950596705528), (-9.209540405612385, 25.657561908192584), (-9.240168199222005, 25.664234648462347), (-9.270857404850762, 25.670968817424306), (-9.301608022333552, 25.677764414987752), (-9.332420051505077, 25.68462144106179), (-9.363293492199848, 25.691539895555334)]",True
1784490645.8265462,0,-23.36184958804463,35.88360133507291,0.045286240274817556,140.23436270370678,-0.46000927587051876,-26.902108865836446,35.6254,0.06340073570992702,145.45675790360193,-0.469756626130696,-3.540259277791815,-0.2582013350729113,0.018114495435109464,5.222395199895146,-0.009747350260177257,"[(-8.062959568465173, 25.445240363156067), (-8.091192166577242, 25.44951731571313), (-8.119486182998926, 25.45385570035113), (-8.147841617572555, 25.458255516986803), (-8.17625847014026, 25.462716765536687), (-8.204736740543993, 25.467239445917134), (-8.233276428625507, 25.471823558044306), (-8.261877534226366, 25.476469101834176), (-8.290540057187947, 25.481176077202523), (-8.319263997351431, 25.485944484064934), (-8.348049354557812, 25.490774322336808), (-8.376896128647893, 25.495665591933353), (-8.405804319462284, 25.500618292769584), (-8.434773926841409, 25.50563242476033), (-8.463804950625498, 25.51070798782022), (-8.492897390654589, 25.5158449818637), (-8.522051246768532, 25.52104340680503), (-8.551266518806987, 25.52630326255827), (-8.580543206609422, 25.531624549037286), (-8.609881310015112, 25.537007266155765), (-8.639280828863148, 25.542451413827198), (-8.668741762992422, 25.54795699196488), (-8.698264112241642, 25.553524000481925), (-8.727847876449324, 25.55915243929125), (-8.757493055453791, 25.564842308305582), (-8.787199649093177, 25.57059360743746), (-8.816967657205424, 25.576406336599227), (-8.846797079628287, 25.582280495703042), (-8.876687916199327, 25.588216084660864), (-8.906640166755915, 25.594213103384472), (-8.936653831135233, 25.600271551785447), (-8.96672890917427, 25.606391429775183), (-8.996865400709826, 25.61257273726488), (-9.02706330557851, 25.61881547416555), (-9.05732262361674, 25.625119640388014), (-9.087643354660743, 25.6314852358429), (-9.118025498546558, 25.637912260440647), (-9.14846905511003, 25.644400714091503), (-9.178974024186818, 25.650950596705528), (-9.209540405612385, 25.657561908192584), (-9.240168199222005, 25.664234648462347), (-9.270857404850762, 25.670968817424306), (-9.301608022333552, 25.677764414987752), (-9.332420051505077, 25.68462144106179), (-9.363293492199848, 25.691539895555334)]",True
1784490645.8778057,0,-23.35862051317057,35.88682863551837,0.17891504222799254,140.23436270370678,-0.46000927587051876,-26.895191151084404,35.625398785342995,0.3024708897408577,145.45675790360193,-0.469756626130696,-3.536570637913833,-0.2614298501753751,0.12355584751286514,5.222395199895146,-0.009747350260177257,"[(-8.062959568465173, 25.445240363156067), (-8.091192166577242, 25.44951731571313), (-8.119486182998926, 25.45385570035113), (-8.147841617572555, 25.458255516986803), (-8.17625847014026, 25.462716765536687), (-8.204736740543993, 25.467239445917134), (-8.233276428625507, 25.471823558044306), (-8.261877534226366, 25.476469101834176), (-8.290540057187947, 25.481176077202523), (-8.319263997351431, 25.485944484064934), (-8.348049354557812, 25.490774322336808), (-8.376896128647893, 25.495665591933353), (-8.405804319462284, 25.500618292769584), (-8.434773926841409, 25.50563242476033), (-8.463804950625498, 25.51070798782022), (-8.492897390654589, 25.5158449818637), (-8.522051246768532, 25.52104340680503), (-8.551266518806987, 25.52630326255827), (-8.580543206609422, 25.531624549037286), (-8.609881310015112, 25.537007266155765), (-8.639280828863148, 25.542451413827198), (-8.668741762992422, 25.54795699196488), (-8.698264112241642, 25.553524000481925), (-8.727847876449324, 25.55915243929125), (-8.757493055453791, 25.564842308305582), (-8.787199649093177, 25.57059360743746), (-8.816967657205424, 25.576406336599227), (-8.846797079628287, 25.582280495703042), (-8.876687916199327, 25.588216084660864), (-8.906640166755915, 25.594213103384472), (-8.936653831135233, 25.600271551785447), (-8.96672890917427, 25.606391429775183), (-8.996865400709826, 25.61257273726488), (-9.02706330557851, 25.61881547416555), (-9.05732262361674, 25.625119640388014), (-9.087643354660743, 25.6314852358429), (-9.118025498546558, 25.637912260440647), (-9.14846905511003, 25.644400714091503), (-9.178974024186818, 25.650950596705528), (-9.209540405612385, 25.657561908192584), (-9.240168199222005, 25.664234648462347), (-9.270857404850762, 25.670968817424306), (-9.301608022333552, 25.677764414987752), (-9.332420051505077, 25.68462144106179), (-9.363293492199848, 25.691539895555334)]",True
1784490645.9273405,0,-23.35194395827242,35.89347803630626,0.28888367342200194,140.23436270370678,-0.46000927587051876,-26.878066925917036,35.62530508772953,0.546374690845414,145.45675790360193,-0.469756626130696,-3.526122967644614,-0.26817294857673346,0.25749101742341207,5.222395199895146,-0.009747350260177257,"[(-8.062959568465173, 25.445240363156067), (-8.091192166577242, 25.44951731571313), (-8.119486182998926, 25.45385570035113), (-8.147841617572555, 25.458255516986803), (-8.17625847014026, 25.462716765536687), (-8.204736740543993, 25.467239445917134), (-8.233276428625507, 25.471823558044306), (-8.261877534226366, 25.476469101834176), (-8.290540057187947, 25.481176077202523), (-8.319263997351431, 25.485944484064934), (-8.348049354557812, 25.490774322336808), (-8.376896128647893, 25.495665591933353), (-8.405804319462284, 25.500618292769584), (-8.434773926841409, 25.50563242476033), (-8.463804950625498, 25.51070798782022), (-8.492897390654589, 25.5158449818637), (-8.522051246768532, 25.52104340680503), (-8.551266518806987, 25.52630326255827), (-8.580543206609422, 25.531624549037286), (-8.609881310015112, 25.537007266155765), (-8.639280828863148, 25.542451413827198), (-8.668741762992422, 25.54795699196488), (-8.698264112241642, 25.553524000481925), (-8.727847876449324, 25.55915243929125), (-8.757493055453791, 25.564842308305582), (-8.787199649093177, 25.57059360743746), (-8.816967657205424, 25.576406336599227), (-8.846797079628287, 25.582280495703042), (-8.876687916199327, 25.588216084660864), (-8.906640166755915, 25.594213103384472), (-8.936653831135233, 25.600271551785447), (-8.96672890917427, 25.606391429775183), (-8.996865400709826, 25.61257273726488), (-9.02706330557851, 25.61881547416555), (-9.05732262361674, 25.625119640388014), (-9.087643354660743, 25.6314852358429), (-9.118025498546558, 25.637912260440647), (-9.14846905511003, 25.644400714091503), (-9.178974024186818, 25.650950596705528), (-9.209540405612385, 25.657561908192584), (-9.240168199222005, 25.664234648462347), (-9.270857404850762, 25.670968817424306), (-9.301608022333552, 25.677764414987752), (-9.332420051505077, 25.68462144106179), (-9.363293492199848, 25.691539895555334)]",True
1784490645.9766784,0,-23.33960319298574,35.90562235855036,0.3993817940744001,140.23436270370678,-0.46000927587051876,-26.844470584747853,35.622907447136036,0.7914528676800633,145.45675790360193,-0.469756626130696,-3.5048673917621116,-0.2827149114143239,0.3920710736056632,5.222395199895146,-0.009747350260177257,"[(-8.062959568465173, 25.445240363156067), (-8.091192166577242, 25.44951731571313), (-8.119486182998926, 25.45385570035113), (-8.147841617572555, 25.458255516986803), (-8.17625847014026, 25.462716765536687), (-8.204736740543993, 25.467239445917134), (-8.233276428625507, 25.471823558044306), (-8.261877534226366, 25.476469101834176), (-8.290540057187947, 25.481176077202523), (-8.319263997351431, 25.485944484064934), (-8.348049354557812, 25.490774322336808), (-8.376896128647893, 25.495665591933353), (-8.405804319462284, 25.500618292769584), (-8.434773926841409, 25.50563242476033), (-8.463804950625498, 25.51070798782022), (-8.492897390654589, 25.5158449818637), (-8.522051246768532, 25.52104340680503), (-8.551266518806987, 25.52630326255827), (-8.580543206609422, 25.531624549037286), (-8.609881310015112, 25.537007266155765), (-8.639280828863148, 25.542451413827198), (-8.668741762992422, 25.54795699196488), (-8.698264112241642, 25.553524000481925), (-8.727847876449324, 25.55915243929125), (-8.757493055453791, 25.564842308305582), (-8.787199649093177, 25.57059360743746), (-8.816967657205424, 25.576406336599227), (-8.846797079628287, 25.582280495703042), (-8.876687916199327, 25.588216084660864), (-8.906640166755915, 25.594213103384472), (-8.936653831135233, 25.600271551785447), (-8.96672890917427, 25.606391429775183), (-8.996865400709826, 25.61257273726488), (-9.02706330557851, 25.61881547416555), (-9.05732262361674, 25.625119640388014), (-9.087643354660743, 25.6314852358429), (-9.118025498546558, 25.637912260440647), (-9.14846905511003, 25.644400714091503), (-9.178974024186818, 25.650950596705528), (-9.209540405612385, 25.657561908192584), (-9.240168199222005, 25.664234648462347), (-9.270857404850762, 25.670968817424306), (-9.301608022333552, 25.677764414987752), (-9.332420051505077, 25.68462144106179), (-9.363293492199848, 25.691539895555334)]",True
1784490646.0307472,0,-23.32705224361854,35.91772700571696,0.470314821273154,140.23436270370678,-0.46000927587051876,-26.80977825443049,35.619130541762644,0.9487780500505373,145.45675790360193,-0.469756626130696,-3.4827260108119518,-0.2985964639543184,0.4784632287773833,5.222395199895146,-0.009747350260177257,"[(-8.062959568465173, 25.445240363156067), (-8.091192166577242, 25.44951731571313), (-8.119486182998926, 25.45385570035113), (-8.147841617572555, 25.458255516986803), (-8.17625847014026, 25.462716765536687), (-8.204736740543993, 25.467239445917134), (-8.233276428625507, 25.471823558044306), (-8.261877534226366, 25.476469101834176), (-8.290540057187947, 25.481176077202523), (-8.319263997351431, 25.485944484064934), (-8.348049354557812, 25.490774322336808), (-8.376896128647893, 25.495665591933353), (-8.405804319462284, 25.500618292769584), (-8.434773926841409, 25.50563242476033), (-8.463804950625498, 25.51070798782022), (-8.492897390654589, 25.5158449818637), (-8.522051246768532, 25.52104340680503), (-8.551266518806987, 25.52630326255827), (-8.580543206609422, 25.531624549037286), (-8.609881310015112, 25.537007266155765), (-8.639280828863148, 25.542451413827198), (-8.668741762992422, 25.54795699196488), (-8.698264112241642, 25.553524000481925), (-8.727847876449324, 25.55915243929125), (-8.757493055453791, 25.564842308305582), (-8.787199649093177, 25.57059360743746), (-8.816967657205424, 25.576406336599227), (-8.846797079628287, 25.582280495703042), (-8.876687916199327, 25.588216084660864), (-8.906640166755915, 25.594213103384472), (-8.936653831135233, 25.600271551785447), (-8.96672890917427, 25.606391429775183), (-8.996865400709826, 25.61257273726488), (-9.02706330557851, 25.61881547416555), (-9.05732262361674, 25.625119640388014), (-9.087643354660743, 25.6314852358429), (-9.118025498546558, 25.637912260440647), (-9.14846905511003, 25.644400714091503), (-9.178974024186818, 25.650950596705528), (-9.209540405612385, 25.657561908192584), (-9.240168199222005, 25.664234648462347), (-9.270857404850762, 25.670968817424306), (-9.301608022333552, 25.677764414987752), (-9.332420051505077, 25.68462144106179), (-9.363293492199848, 25.691539895555334)]",True
1784490646.100149,0,-23.319992189215245,35.92440216568806,0.5009224638634898,140.23436270370678,-0.46000927587051876,-26.79029425259903,35.61648664006911,1.0166639579642414,145.45675790360193,-0.469756626130696,-3.4703020633837838,-0.3079155256189452,0.5157414941007515,5.222395199895146,-0.009747350260177257,"[(-8.070738327723198, 25.44486514612252), (-8.098776010104109, 25.44914158192914), (-8.126875128787821, 25.453479467711578), (-8.155035683617069, 25.457878803386457), (-8.183257674434394, 25.462339588870222), (-8.211541101082148, 25.466861824079118), (-8.239885963402488, 25.471445508929197), (-8.268292261237386, 25.476090643336327), (-8.296759994428623, 25.480797227216183), (-8.325289162817784, 25.485565260484243), (-8.353879766246264, 25.490394743055806), (-8.38253180455527, 25.495285674845967), (-8.411245277585818, 25.500238055769636), (-8.44002018517873, 25.505251885741533), (-8.46885652717464, 25.510327164676184), (-8.49775430341399, 25.515463892487926), (-8.526713513737029, 25.520662069090907), (-8.55573415798382, 25.525921694399077), (-8.584816235994232, 25.5312427683262), (-8.613959747607943, 25.536625290785853), (-8.643164692664438, 25.542069261691413), (-8.672431071003018, 25.54757468095607), (-8.701758882462785, 25.553141548492825), (-8.731148126882657, 25.558769864214483), (-8.760598804101352, 25.564459628033664), (-8.79011091395741, 25.570210839862792), (-8.819684456289169, 25.576023499614106), (-8.849319430934779, 25.581897607199647), (-8.879015837732204, 25.58783316253127), (-8.90877367651921, 25.59383016552063), (-8.938592947133378, 25.599888616079202), (-8.968473649412093, 25.60600851411827), (-8.998415783192554, 25.612189859548916), (-9.028419348311765, 25.618432652282042), (-9.05848434460654, 25.624736892228356), (-9.088610771913505, 25.631102579298368), (-9.11879863006909, 25.637529713402408), (-9.14904791890954, 25.644018294450607), (-9.179358638270903, 25.650568322352907), (-9.209730787989043, 25.657179797019058), (-9.240164367899629, 25.663852718358623), (-9.270659377838138, 25.67058708628097), (-9.301215817639857, 25.67738290069528), (-9.331833687139882, 25.68424016151054), (-9.362512986173122, 25.691158868635544)]",True
1784490646.1353543,0,-23.307328127973427,35.933573843652965,0.5415893848695654,140.23436270370678,-0.46000927587051876,-26.758774191528968,35.611698308110824,1.106860739581915,145.45675790360193,-0.469756626130696,-3.45144606355554,-0.32187553554214077,0.5652713547123496,5.222395199895146,-0.009747350260177257,"[(-24.80383431098099, 37.29317374809027), (-26.40145674418762, 38.8907961812969), (-28.06022886474707, 40.54956830185635), (-29.776792225910484, 42.26613166301976), (-31.5476713734138, 44.03701081052308), (-33.36928088208508, 45.85862031919436), (-35.23793261510538, 47.72727205221466), (-37.14984319122556, 49.639182628334844), (-39.10114164482058, 51.590481081929866), (-41.08787726327216, 53.57721670038145), (-43.106027585811944, 55.595367022921224), (-45.15150654763003, 57.6408459847393), (-47.220172752760064, 59.709512189869336), (-49.307837858990986, 61.79717729610026), (-51.41027505782883, 63.899614494938106), (-53.52322763233967, 66.01256706944895), (-55.6424175755469, 68.13175701265618), (-57.763554251933584, 70.25289368904286), (-59.88234308451328, 72.37168252162256), (-61.99449424988103, 74.48383368699031), (-64.0957313636399, 76.58507080074918), (-66.18180013861817, 78.67113957572745), (-68.24847699834721, 80.7378164354565), (-70.29157762836066, 82.78091706546994), (-72.30696544800138, 84.79630488511066), (-74.29055998558393, 86.7798994226932), (-76.2383451399554, 88.72768457706468), (-78.14637731172796, 90.63571674883725), (-80.01079338772016, 92.50013282482945), (-81.82781856244101, 94.3171579995503), (-83.59377398078138, 96.08311341789067), (-85.30508418643846, 97.79442362354776), (-86.95828436099313, 99.44762379810243), (-88.55002733898327, 101.03936677609256), (-90.07709038477014, 102.56642982187945), (-91.53638171747691, 104.02572115458622), (-92.92494677078838, 105.41428620789769), (-94.2399741749383, 106.72931361204759), (-95.47880144877242, 107.96814088588172), (-96.63892039036318, 109.12825982747249), (-97.71798215526151, 110.20732159237082), (-98.71380201210421, 111.20314144921352), (-99.62436376594853, 112.11370320305785), (-100.44782384037798, 112.9371632774873), (-101.18251501011457, 113.6718544472239)]",True
1784490646.191019,0,-23.293092432099915,35.94246528067121,0.576726641496432,140.23436270370678,-0.46000927587051876,-26.724864353536656,35.60591438037728,1.1847930586316942,145.45675790360193,-0.469756626130696,-3.4317719214367415,-0.3365509002939291,0.6080664171352621,5.222395199895146,-0.009747350260177257,"[(-24.000258684808514, 36.53367536707314), (-24.51146546332039, 37.044882145585014), (-25.03014342750685, 37.56356010977147), (-25.556292577367895, 38.089709259632514), (-26.08991291290352, 38.623329595168144), (-26.631004434113734, 39.16442111637836), (-27.17956714099853, 39.71298382326315), (-27.73560103355791, 40.26901771582253), (-28.299106111791872, 40.832522794056494), (-28.87008237570042, 41.40349905796504), (-29.44852982528355, 41.98194650754817), (-30.034448460541267, 42.567865142805886), (-30.627838281473565, 43.16125496373819), (-31.22869928808045, 43.76211597034507), (-31.837031480361915, 44.37044816262654), (-32.45283485831796, 44.986251540582586), (-33.0761094219486, 45.609526104213224), (-33.70685517125382, 46.24027185351844), (-34.34507210623363, 46.878488788498245), (-34.99076022688802, 47.52417690915263), (-35.643919533216994, 48.1773362154816), (-36.30455002522055, 48.83796670748516), (-36.972651702898695, 49.506068385163296), (-37.64822456625142, 50.181641248516016), (-38.33126861527873, 50.864685297543325), (-39.02178384998062, 51.555200532245216), (-39.7197702703571, 52.25318695262169), (-40.425227876408165, 52.958644558672745), (-41.13815666813381, 53.67157335039839), (-41.85855664553404, 54.39197332779862), (-42.58642780860885, 55.119844490873426), (-43.32177015735825, 55.85518683962282), (-44.06458369178223, 56.5980003740468), (-44.814868411880795, 57.34828509414536), (-45.57262431765395, 58.106040999918505), (-46.33785140910168, 58.87126809136623), (-47.110549686224, 59.64396636848855), (-47.890719149020896, 60.42413583128545), (-48.678359797492384, 61.21177647975693), (-49.47347163163845, 62.00688831390299), (-50.276054651459106, 62.80947133372364), (-51.08610885695434, 63.61952553921888), (-51.90363424812416, 64.4370509303887), (-52.72863082496857, 65.26204750723309), (-53.56109858748756, 66.09451526975208)]",True
1784490646.2512405,0,-23.28805058226328,35.94537311517444,0.5873432902601169,140.23436270370678,-0.46000927587051876,-26.70111670801202,35.60146399349845,1.2307675697537697,145.45675790360193,-0.469756626130696,-3.4130661257487382,-0.34390912167599197,0.6434242794936528,5.222395199895146,-0.009747350260177257,"[(-23.927895980558326, 36.51988877552527), (-24.438727461954493, 37.030720256921434), (-24.95677969004988, 37.54877248501682), (-25.482052664844492, 38.07404545981143), (-26.01454638633832, 38.60653918130526), (-26.55426085453137, 39.146253649498306), (-27.101196069423644, 39.69318886439058), (-27.655352031015138, 40.24734482598207), (-28.21672873930585, 40.808721534272784), (-28.785326194295784, 41.37731898926272), (-29.36114439598494, 41.95313719095187), (-29.944183344373315, 42.53617613934025), (-30.53444303946091, 43.126435834427845), (-31.13192348124773, 43.72391627621466), (-31.736624669733768, 44.3286174647007), (-32.34854660491903, 44.94053939988596), (-32.96768928680351, 45.55968208177043), (-33.594052715387214, 46.186045510354134), (-34.227636890670134, 46.819629685637054), (-34.86844181265228, 47.4604346076192), (-35.51646748133364, 48.10846027630056), (-36.17171389671422, 48.76370669168114), (-36.83418105879403, 49.42617385376095), (-37.503868967573055, 50.095861762539975), (-38.1807776230513, 50.77277041801822), (-38.86490702522877, 51.45689982019569), (-39.556257174105454, 52.148249969072374), (-40.254828069681366, 52.84682086464828), (-40.9606197119565, 53.55261250692341), (-41.673632100930845, 54.26562489589776), (-42.39386523660442, 54.98585803157133), (-43.12131911897721, 55.713311913944125), (-43.85599374804922, 56.447986543016135), (-44.59788912382046, 57.18988191878737), (-45.34700524629091, 57.938998041257825), (-46.103342115460585, 58.6953349104275), (-46.86689973132948, 59.458892526296395), (-47.6376780938976, 60.22967088886451), (-48.41567720316494, 61.007669998131846), (-49.2008970591315, 61.792889854098405), (-49.99333766179728, 62.58533045676418), (-50.79299901116228, 63.38499180612918), (-51.5998811072265, 64.1918739021934), (-52.41398394998994, 65.00597674495684), (-53.235307539452606, 65.8273003344195)]",True
1784490646.2765026,0,-23.272251425408673,35.95412849875011,0.6162591823334675,140.23436270370678,-0.46000927587051876,-26.688939603044485,35.59904805666462,1.2521285693178812,145.45675790360193,-0.469756626130696,-3.4166881776358125,-0.3550804420854874,0.6358693869844136,5.222395199895146,-0.009747350260177257,"[(-23.896164294982807, 36.50757016500673), (-24.386480144312188, 37.01744453626965), (-24.870277499746184, 37.53383740142795), (-25.347556361284795, 38.05674876048164), (-25.81831672892802, 38.58617861343071), (-26.28255860267586, 39.12212696027517), (-26.740281982528312, 39.664593801015016), (-27.19148686848538, 40.21357913565025), (-27.63617326054706, 40.76908296418087), (-28.074341158713356, 41.33110528660687), (-28.505990562984266, 41.89964610292826), (-28.93112147335979, 42.47470541314503), (-29.34973388983993, 43.05628321725719), (-29.76182781242468, 43.64437951526474), (-30.167403241114048, 44.23899430716767), (-30.566460175908027, 44.84012759296599), (-30.95899861680662, 45.447779372659696), (-31.34501856380983, 46.061949646248785), (-31.724520016917655, 46.68263841373326), (-32.097502976130095, 47.30984567511312), (-32.463967441447146, 47.94357143038837), (-32.82391341286881, 48.583815679559), (-33.177340890395094, 49.23057842262502), (-33.52424987402599, 49.88385965958643), (-33.8646403637615, 50.54365939044322), (-34.19851235960162, 51.20997761519539), (-34.52586586154636, 51.88281433384295), (-34.84670086959571, 52.5621695463859), (-35.16101738374967, 53.24804325282424), (-35.468815404008254, 53.94043545315796), (-35.77009493037145, 54.639346147387066), (-36.06485596283926, 55.34477533551156), (-36.35309850141168, 56.05672301753143), (-36.634822546088714, 56.77518919344669), (-36.91002809687036, 57.500173863257345), (-37.17871515375663, 58.23167702696338), (-37.44088371674751, 58.969698684564804), (-37.696533785843, 59.71423883606161), (-37.94566536104311, 60.4652974814538), (-38.18827844234784, 61.22287462074138), (-38.42437302975717, 61.98697025392434), (-38.65394912327112, 62.75758438100269), (-38.87700672288968, 63.534717001976425), (-39.09354582861286, 64.31836811684555), (-39.303566440440655, 65.10853772561005)]",True
1784490646.336755,0,-23.266766711397143,35.95703286850465,0.6249960587803514,140.23436270370678,-0.46000927587051876,-26.66403261557911,35.5938463132307,1.2918517191317005,145.45675790360193,-0.469756626130696,-3.3972659041819675,-0.3631865552739484,0.6668556603513491,5.222395199895146,-0.009747350260177257,"[(-23.865122030402638, 36.50264647122093), (-24.360022979117534, 36.99754741993583), (-24.849900861123583, 37.487425301941876), (-25.334755150223632, 37.972279591041925), (-25.814585325819728, 38.452109766638024), (-26.289390872913682, 38.926915313731975), (-26.759171282107612, 39.396695722925905), (-27.223926049604493, 39.86145049042279), (-27.6836546772087, 40.321179118027), (-28.13835667232653, 40.77588111314483), (-28.58803154796674, 41.22555598878503), (-29.032678822741058, 41.67020326355935), (-29.472298020864717, 42.10982246168301), (-29.90688867215693, 42.54441311297522), (-30.33645031204143, 42.97397475285972), (-30.76098248154693, 43.39850692236522), (-31.18048472730764, 43.81800916812593), (-31.594956601563737, 44.232481042382034), (-32.00439766216185, 44.641922102980146), (-32.408807472555516, 45.04633191337381), (-32.808185601805654, 45.44571004262396), (-33.202531624581034, 45.84005606539934), (-33.59184512115871, 46.229369561977016), (-33.976125677424484, 46.61365011824279), (-34.35537288487332, 46.99289732569162), (-34.72958634060979, 47.367110781428096), (-35.09876564734853, 47.73629008816683), (-35.462910413414605, 48.10043485423291), (-35.822020252743975, 48.459544693562286), (-36.176094784883865, 48.81361922570219), (-36.525133634993196, 49.16265807581153), (-36.86913643384296, 49.5066608746613), (-37.20810281781662, 49.84562725863497), (-37.542032428910495, 50.17955686972885), (-37.87092491473412, 50.50844935555248), (-38.194779928510634, 50.83230436932901), (-38.513597129077155, 51.15112156989554), (-38.8273761808851, 51.46490062170349), (-39.136116754000575, 51.77364119481897), (-39.439818524104695, 52.077342964923105), (-39.73848117249394, 52.376005613312365), (-40.0321043860805, 52.66962882689892), (-40.32068785739254, 52.958212298210974), (-40.6042312845746, 53.24175572539304), (-40.882734371387876, 53.520258812206315)]",True
1784490646.386495,0,-23.243759525301932,35.96834287467509,0.6559820689391942,140.23436270370678,-0.46000927587051876,-26.609860798908873,35.581784971958804,1.4774357018736173,145.45675790360193,-0.469756626130696,-3.3661012736069402,-0.38655790271628376,0.8214536329344231,5.222395199895146,-0.009747350260177257,"[(-23.850821869154487, 36.418285726232675), (-24.377688159301343, 36.84343113236848), (-24.90247387942681, 37.266495968482886), (-25.425179029530888, 37.6874802345759), (-25.945803609613574, 38.106383930647524), (-26.464347619674864, 38.52320705669776), (-26.980811059714764, 38.9379496127266), (-27.495193929733272, 39.35061159873405), (-28.00749622973039, 39.76119301472011), (-28.51771795970611, 40.169693860684774), (-29.025859119660442, 40.57611413662804), (-29.53191970959338, 40.98045384254992), (-30.03589972950493, 41.38271297845041), (-30.537799179395083, 41.7828915443295), (-31.037618059263846, 42.180989540187205), (-31.535356369111216, 42.57700696602352), (-32.03101410893719, 42.97094382183844), (-32.52459127874178, 43.36280010763196), (-33.01608787852497, 43.752575823404094), (-33.50550390828677, 44.140270969154834), (-33.99283936802718, 44.52588554488418), (-34.47809425774619, 44.90941955059214), (-34.96126857744382, 45.29087298627871), (-35.44236232712005, 45.67024585194388), (-35.92137550677489, 46.04753814758766), (-36.398308116408344, 46.422749873210044), (-36.8731601560204, 46.79588102881104), (-37.34593162561106, 47.16693161439064), (-37.81662252518033, 47.53590162994885), (-38.28523285472821, 47.90279107548567), (-38.751762614254694, 48.2675999510011), (-39.21621180375979, 48.63032825649515), (-39.678580423243496, 48.990975991967794), (-40.1388684727058, 49.34954315741905), (-40.59707595214672, 49.70602975284891), (-41.05320286156624, 50.060435778257386), (-41.507249200964374, 50.41276123364447), (-41.959214970341115, 50.76300611901016), (-42.409100169696465, 51.111170434354456), (-42.856904799030424, 51.457254179677356), (-43.302628858342985, 51.801257354978866), (-43.746272347634154, 52.14317996025898), (-44.18783526690393, 52.48302199551771), (-44.62731761615232, 52.820783460755045), (-45.06471939537931, 53.15646435597099)]",True
1784490646.4259865,0,-23.206664093779214,35.984599785498396,0.6924848482451876,140.23436270370678,-0.46000927587051876,-26.516788287833116,35.560323074613144,1.696061176080474,145.45675790360193,-0.469756626130696,-3.310124194053902,-0.4242767108852519,1.0035763278352863,5.222395199895146,-0.009747350260177257,"[(-23.804669209980954, 36.30768913298311), (-24.303128483117003, 36.62701922530878), (-24.80037662217555, 36.94514399558633), (-25.296412332865632, 37.26206263788237), (-25.791234324270338, 37.5777743495953), (-26.284841308850154, 37.892278331457305), (-26.77723200244631, 38.205573787536366), (-27.268405124284108, 38.51765992523827), (-27.758359396976225, 38.828535955308595), (-28.24709354652605, 39.1382010918347), (-28.734606302330963, 39.446654552247686), (-29.220896397185648, 39.753895557324356), (-29.705962567285354, 40.05992333118919), (-30.189803552229183, 40.36473710131626), (-30.672418095023342, 40.66833609853119), (-31.153804942084417, 40.97071955701308), (-31.633962843242593, 41.27188671429641), (-32.112890551744904, 41.57183681127294), (-32.59058682425845, 41.870569092193634), (-33.06705042087363, 42.16808280467055), (-33.54228010510732, 42.46437719967869), (-34.016274643906094, 42.75945153155789), (-34.48903280764942, 43.05330505801469), (-34.960553370152816, 43.34593704012416), (-35.430835108671, 43.63734674233177), (-35.8998768039011, 43.927533432455206), (-36.36767723998578, 44.2164963816862), (-36.834235204516354, 44.50423486459234), (-37.299549488535966, 44.79074815911889), (-37.763618886542666, 45.076035546590575), (-38.226442196492556, 45.36009631171336), (-38.68801821980286, 45.64292974257625), (-39.14834576135504, 45.92453513065303), (-39.60742362949786, 46.20491177080404), (-40.065250636050486, 46.48405896127794), (-40.52182559630552, 46.76197600371343), (-40.97714732903207, 47.03866220314097), (-41.43121465647879, 47.31411686798454), (-41.88402640437688, 47.5883393100633), (-42.33558140194321, 47.861328844593345), (-42.78587848188321, 48.13308479018937), (-43.234916480393956, 48.403606468866364), (-43.68269423716714, 48.672893206041266), (-44.129210595392074, 48.94094433053466), (-44.574464401758625, 49.207759174572416)]",True
1784490646.482324,0,-23.17375894601109,35.99717168206212,0.7157285261183991,140.23436270370678,-0.46000927587051876,-26.430643809574658,35.5403977286404,1.8352741399686214,145.45675790360193,-0.469756626130696,-3.2568848635635668,-0.4567739534217168,1.1195456138502222,5.222395199895146,-0.009747350260177257,"[(-23.511513556652883, 36.17335104372301), (-23.77617164157344, 36.35087546980077), (-24.040486238631594, 36.5280571852819), (-24.304457287216305, 36.704896151399204), (-24.56808472680372, 36.881392329472085), (-24.831368496957165, 37.05754568090659), (-25.094308537327194, 37.233356167195396), (-25.356904787651576, 37.40882374991782), (-25.61915718775531, 37.583948390739835), (-25.881065677550648, 37.75873005141407), (-26.14263019703711, 37.93316869377983), (-26.403850686301485, 38.10726427976308), (-26.664727085517857, 38.281016771376486), (-26.925259334947615, 38.4544261307194), (-27.18544737493946, 38.627492319977875), (-27.44529114592943, 38.80021530142467), (-27.7047905884409, 38.97259503741926), (-27.963945643084614, 39.14463149040785), (-28.222756250558675, 39.316324622923375), (-28.48122235164858, 39.48767439758551), (-28.739343887227218, 39.65868077710067), (-28.997120798254894, 39.82934372426204), (-29.254553025779337, 39.99966320194956), (-29.511640510935713, 40.169639173129944), (-29.768383194946637, 40.33927160085669), (-30.024781019122194, 40.50856044827008), (-30.280833924859948, 40.6775056785972), (-30.536541853644948, 40.84610725515192), (-30.791904747049752, 41.014365141334935), (-31.046922546734436, 41.18227930063376), (-31.3015951944466, 41.34984969662273), (-31.555922632021403, 41.51707629296302), (-31.80990480138155, 41.68395905340264), (-32.06354164453731, 41.85049794177645), (-32.31683310358656, 42.016692922006186), (-32.56977912071475, 42.182543958100425), (-32.82237963819494, 42.34805101415462), (-33.074634598387824, 42.51321405435112), (-33.32654394374173, 42.678033042959136), (-33.578107616792636, 42.8425079443348), (-33.82932556016417, 43.00663872292113), (-34.08019771656765, 43.17042534324806), (-34.33072402880208, 43.333867769932446), (-34.58090443975415, 43.49696596767806), (-34.83073889239827, 43.65971990127561)]",True
1784490646.5304034,0,-23.15327110989187,36.004159610427486,0.727187299531701,140.23436270370678,-0.46000927587051876,-26.375920776023364,35.52800068848952,1.9039039763520862,145.45675790360193,-0.469756626130696,-3.222649666131492,-0.47615892193796583,1.1767166768203852,5.222395199895146,-0.009747350260177257,"[(-23.389320846351453, 36.11706904590638), (-23.561779690541556, 36.23607849530213), (-23.734055022439243, 36.354904719493796), (-23.906146829558768, 36.47354771045309), (-24.07805509942984, 36.59200746016712), (-24.249779819597606, 36.710283960638336), (-24.42132097762266, 36.82837720388459), (-24.592678561081048, 36.946287181939105), (-24.763852557564253, 37.06401388685047), (-24.93484295467922, 37.181557310682656), (-25.10564974004833, 37.29891744551501), (-25.27627290130943, 37.416094283442256), (-25.446712426115795, 37.53308781657449), (-25.61696830213618, 37.64989803703721), (-25.78704051705477, 37.76652493697126), (-25.956929058571216, 37.88296850853288), (-26.126633914400617, 37.9992287438937), (-26.29615507227353, 38.11530563524071), (-26.465492519935975, 38.231199174776286), (-26.634646245149415, 38.3469093547182), (-26.803616235690786, 38.46243616729959), (-26.97240247935247, 38.577779604768985), (-27.14100496394232, 38.69293965939029), (-27.309423677283636, 38.8079163234428), (-27.477658607215194, 38.922709589221185), (-27.645709741591226, 39.03731944903551), (-27.813577068281425, 39.151745895211214), (-27.981260575170953, 39.265988920089136), (-28.148760250160432, 39.38004851602549), (-28.316076081165953, 39.493924675391874), (-28.48320805611907, 39.60761739057528), (-28.650156162966816, 39.721126653978075), (-28.816920389671676, 39.834452458018035), (-28.983500724211613, 39.9475947951283), (-29.14989715458006, 40.06055365775742), (-29.316109668785916, 40.17332903836932), (-29.482138254853556, 40.285920929443314), (-29.647982900822825, 40.398329323474115), (-29.813643594749045, 40.510554212971826), (-29.97912032470301, 40.622595590461934), (-30.14441307877099, 40.73445344848532), (-30.30952184505473, 40.846127779598255), (-30.47444661167145, 40.95761857637241), (-30.63918736675385, 41.06892583139484), (-30.803744098450107, 41.180049537268)]",True
1784490646.5786786,0,-23.13933585219384,36.00855481429207,0.7339471587551728,140.23436270370678,-0.46000927587051876,-26.338307502452544,35.51984258375338,1.9443906860328597,145.45675790360193,-0.469756626130696,-3.1989716502587022,-0.4887122305386882,1.210443527277687,5.222395199895146,-0.009747350260177257,"[(-23.334515608962704, 36.09584184686365), (-23.46874195692147, 36.19074278584705), (-23.60280044175905, 36.28547605158938), (-23.73669105578982, 36.38004163911551), (-23.87041379133979, 36.47443954346194), (-24.00396864074663, 36.56866975967677), (-24.137355596359665, 36.66273228281972), (-24.270574650539857, 36.756627107962096), (-24.403625795659835, 36.85035423018685), (-24.536509024103868, 36.94391364458853), (-24.669224328267884, 37.03730534627329), (-24.80177170055946, 37.13052933035892), (-24.934151133397826, 37.22358559197479), (-25.066362619213866, 37.31647412626191), (-25.19840615045012, 37.40919492837289), (-25.330281719560777, 37.50174799347196), (-25.461989319011685, 37.59413331673496), (-25.593528941280347, 37.68635089334935), (-25.72490057885592, 37.7784007185142), (-25.85610422423921, 37.87028278744019), (-25.98713986994269, 37.961997095349616), (-26.118007508490493, 38.0535436374764), (-26.24870713241839, 38.14492240906607), (-26.379238734273827, 38.23613340537577), (-26.5096023066159, 38.327176621674255), (-26.639797842015362, 38.4180520532419), (-26.76982533305463, 38.508759695370706), (-26.899684772327777, 38.599299543364275), (-27.02937615244054, 38.689671592537834), (-27.15889946601031, 38.779875838218224), (-27.288254705666137, 38.86991227574391), (-27.417441864048737, 38.959780900464956), (-27.546460933810483, 39.04948170774306), (-27.675311907615413, 39.139014692951534), (-27.803994778139227, 39.2283798514753), (-27.93250953806928, 39.31757717871092), (-28.060856180104597, 39.406606670066544), (-28.18903469695587, 39.495468320961955), (-28.317045081345437, 39.58416212682856), (-28.44488732600732, 39.67268808310938), (-28.57256142368719, 39.76104618525905), (-28.700067367142395, 39.84923642874382), (-28.82740514914194, 39.93725880904159), (-28.954574762466493, 40.02511332164184), (-29.081576199908397, 40.11279996204569)]",True
1784490646.6622663,0,-23.11805550456559,36.01471959239288,0.7429286626472732,140.23436270370678,-0.46000927587051876,-26.28036556626448,35.50792160060785,1.998183454277736,145.45675790360193,-0.469756626130696,-3.1623100616988893,-0.506797991785028,1.2552547916304628,5.222395199895146,-0.009747350260177257,"[(-23.271484075805425, 36.0759931462364), (-23.36637652998231, 36.146023652017995), (-23.46111428446032, 36.215899565651945), (-23.55569733511161, 36.285620884431935), (-23.65012567781723, 36.35518760566052), (-23.74439930846711, 36.42459972664911), (-23.83851822296007, 36.49385724471801), (-23.932482417203808, 36.56296015719636), (-24.02629188711492, 36.631908461422185), (-24.119946628618877, 36.70070215474238), (-24.213446637650048, 36.7693412345127), (-24.306791910151677, 36.837825698097774), (-24.399982442075903, 36.90615554287109), (-24.493018229383747, 36.97433076621502), (-24.585899268045125, 37.04235136552079), (-24.67862555403883, 37.1102173381885), (-24.77119708335255, 37.177928681627115), (-24.86361385198286, 37.24548539325448), (-24.95587585593521, 37.31288747049729), (-25.047983091223962, 37.38013491079112), (-25.13993555387235, 37.44722771158042), (-25.23173323991249, 37.514165870318486), (-25.323376145385403, 37.58094938446751), (-25.41486426634099, 37.64757825149854), (-25.506197598838042, 37.71405246889148), (-25.597376138944234, 37.780372034135134), (-25.688399882736142, 37.84653694472715), (-25.77926882629922, 37.912547198174046), (-25.86998296572781, 37.97840279199123), (-25.960542297125155, 38.04410372370295), (-26.05094681660338, 38.10964999084235), (-26.141196520283497, 38.17504159095143), (-26.23129140429542, 38.24027852158106), (-26.321231464777934, 38.30536078029098), (-26.411016697878733, 38.3702883646498), (-26.50064709975439, 38.435061272235004), (-26.59012266657037, 38.499679500632936), (-26.679443394501032, 38.564143047438826), (-26.768609279729628, 38.62845191025676), (-26.85762031844829, 38.69260608669969), (-26.94647650685805, 38.75660557438946), (-27.035177841168835, 38.82045037095676), (-27.12372431759945, 38.88414047404117), (-27.212115932377603, 38.94767588129112), (-27.300352681739888, 39.01105659036392)]",True
1784490646.6916685,0,-23.11086858153499,36.016654485559904,0.7456424053052355,140.23436270370678,-0.46000927587051876,-26.260678079543457,35.50405762434722,2.0144368269455803,145.45675790360193,-0.469756626130696,-3.149809498008466,-0.5125968612126854,1.2687944216403448,5.222395199895146,-0.009747350260177257,"[(-23.25371398277369, 36.0713888478058), (-23.3385758679276, 36.135061613816305), (-23.423286281832237, 36.19858299757687), (-23.50784522110434, 36.26195299685735), (-23.59225268236893, 36.32517160943587), (-23.676508662259295, 36.3882388330988), (-23.76061315741701, 36.45115466564078), (-23.844566164491916, 36.51391910486471), (-23.928367680142138, 36.57653214858177), (-24.012017701034072, 36.63899379461137), (-24.09551622384239, 36.70130404078121), (-24.17886324525005, 36.76346288492723), (-24.262058761948275, 36.825470324893644), (-24.345102770636572, 36.88732635853293), (-24.427995268022723, 36.949030983705825), (-24.51073625082279, 37.01058419828133), (-24.59332571576111, 37.071986000136704), (-24.6757636595703, 37.13323638715747), (-24.758050078991246, 37.194335357237414), (-24.84018497077312, 37.25528290827858), (-24.92216833167337, 37.31607903819129), (-25.004000158457718, 37.37672374489411), (-25.08568044790017, 37.437217026313874), (-25.167209196783006, 37.49755888038569), (-25.248586401896787, 37.55774930505291), (-25.32981206004035, 37.61778829826716), (-25.410886168020813, 37.677675857988326), (-25.491808722653566, 37.73741198218456), (-25.572579720762285, 37.79699666883227), (-25.65319915917892, 37.85642991591614), (-25.733667034743707, 37.9157117214291), (-25.81398334430515, 37.97484208337235), (-25.89414808472004, 38.03382099975536), (-25.974161252853445, 38.09264846859586), (-26.05402284557871, 38.15132448791984), (-26.133732859777464, 38.20984905576154), (-26.213291292339612, 38.26822217016348), (-26.29269814016334, 38.326443829176455), (-26.37195340015511, 38.38451403085949), (-26.45105706922967, 38.442432773279904), (-26.530009144310043, 38.50020005451326), (-26.60880962232753, 38.55781587264339), (-26.687458500221723, 38.6152802257624), (-26.765955774940483, 38.672593111970635), (-26.844301443439953, 38.72975452937673)]",True
1784490646.7256017,0,-23.043729437032223,36.03195141866981,0.8193275503239963,141.06181975702646,-0.4208857803878744,-26.076701720695468,35.471331060462724,2.130002071418958,145.45675790360193,-0.469756626130696,-3.032972283663245,-0.560620358207089,1.3106745210949617,4.39493814657547,-0.048870845742821634,"[(-23.25371398277369, 36.0713888478058), (-23.3385758679276, 36.135061613816305), (-23.423286281832237, 36.19858299757687), (-23.50784522110434, 36.26195299685735), (-23.59225268236893, 36.32517160943587), (-23.676508662259295, 36.3882388330988), (-23.76061315741701, 36.45115466564078), (-23.844566164491916, 36.51391910486471), (-23.928367680142138, 36.57653214858177), (-24.012017701034072, 36.63899379461137), (-24.09551622384239, 36.70130404078121), (-24.17886324525005, 36.76346288492723), (-24.262058761948275, 36.825470324893644), (-24.345102770636572, 36.88732635853293), (-24.427995268022723, 36.949030983705825), (-24.51073625082279, 37.01058419828133), (-24.59332571576111, 37.071986000136704), (-24.6757636595703, 37.13323638715747), (-24.758050078991246, 37.194335357237414), (-24.84018497077312, 37.25528290827858), (-24.92216833167337, 37.31607903819129), (-25.004000158457718, 37.37672374489411), (-25.08568044790017, 37.437217026313874), (-25.167209196783006, 37.49755888038569), (-25.248586401896787, 37.55774930505291), (-25.32981206004035, 37.61778829826716), (-25.410886168020813, 37.677675857988326), (-25.491808722653566, 37.73741198218456), (-25.572579720762285, 37.79699666883227), (-25.65319915917892, 37.85642991591614), (-25.733667034743707, 37.9157117214291), (-25.81398334430515, 37.97484208337235), (-25.89414808472004, 38.03382099975536), (-25.974161252853445, 38.09264846859586), (-26.05402284557871, 38.15132448791984), (-26.133732859777464, 38.20984905576154), (-26.213291292339612, 38.26822217016348), (-26.29269814016334, 38.326443829176455), (-26.37195340015511, 38.38451403085949), (-26.45105706922967, 38.442432773279904), (-26.530009144310043, 38.50020005451326), (-26.60880962232753, 38.55781587264339), (-26.687458500221723, 38.6152802257624), (-26.765955774940483, 38.672593111970635), (-26.844301443439953, 38.72975452937673)]",True
1784490646.7796016,0,-23.010228462176087,36.03863920481674,0.886729009883628,141.06181975702646,-0.4208857803878744,-26.000044646396358,35.45932382450579,1.7496020714189582,145.45675790360193,-0.469756626130696,-2.9898161842202704,-0.5793153803109519,0.8628730615353302,4.39493814657547,-0.048870845742821634,"[(-23.25371398277369, 36.0713888478058), (-23.3385758679276, 36.135061613816305), (-23.423286281832237, 36.19858299757687), (-23.50784522110434, 36.26195299685735), (-23.59225268236893, 36.32517160943587), (-23.676508662259295, 36.3882388330988), (-23.76061315741701, 36.45115466564078), (-23.844566164491916, 36.51391910486471), (-23.928367680142138, 36.57653214858177), (-24.012017701034072, 36.63899379461137), (-24.09551622384239, 36.70130404078121), (-24.17886324525005, 36.76346288492723), (-24.262058761948275, 36.825470324893644), (-24.345102770636572, 36.88732635853293), (-24.427995268022723, 36.949030983705825), (-24.51073625082279, 37.01058419828133), (-24.59332571576111, 37.071986000136704), (-24.6757636595703, 37.13323638715747), (-24.758050078991246, 37.194335357237414), (-24.84018497077312, 37.25528290827858), (-24.92216833167337, 37.31607903819129), (-25.004000158457718, 37.37672374489411), (-25.08568044790017, 37.437217026313874), (-25.167209196783006, 37.49755888038569), (-25.248586401896787, 37.55774930505291), (-25.32981206004035, 37.61778829826716), (-25.410886168020813, 37.677675857988326), (-25.491808722653566, 37.73741198218456), (-25.572579720762285, 37.79699666883227), (-25.65319915917892, 37.85642991591614), (-25.733667034743707, 37.9157117214291), (-25.81398334430515, 37.97484208337235), (-25.89414808472004, 38.03382099975536), (-25.974161252853445, 38.09264846859586), (-26.05402284557871, 38.15132448791984), (-26.133732859777464, 38.20984905576154), (-26.213291292339612, 38.26822217016348), (-26.29269814016334, 38.326443829176455), (-26.37195340015511, 38.38451403085949), (-26.45105706922967, 38.442432773279904), (-26.530009144310043, 38.50020005451326), (-26.60880962232753, 38.55781587264339), (-26.687458500221723, 38.6152802257624), (-26.765955774940483, 38.672593111970635), (-26.844301443439953, 38.72975452937673)]",True
1784490646.8261442,0,-22.98345529417686,36.04373803615255,0.9293258836056928,141.06181975702646,-0.4208857803878744,-25.952284997049116,35.452351025434695,1.4758277983420167,145.45675790360193,-0.469756626130696,-2.968829702872256,-0.5913870107178525,0.5465019147363239,4.39493814657547,-0.048870845742821634,"[(-23.113805723609016, 36.078229058886265), (-23.162448470759735, 36.1235162519943), (-23.210948958774075, 36.168661198394084), (-23.25930718647674, 36.21366389706215), (-23.307523152698867, 36.258524346981496), (-23.35559685627806, 36.30324254714157), (-23.403528296058365, 36.34781849653827), (-23.45131747089028, 36.39225219417392), (-23.498964379630753, 36.43654363905732), (-23.546469021143178, 36.4806928302037), (-23.593831394297407, 36.52469976663475), (-23.641051497969734, 36.5685644473786), (-23.688129331042905, 36.61228687146983), (-23.73506489240612, 36.65586703794947), (-23.78185818095502, 36.699304945865), (-23.828509195591707, 36.74260059427035), (-23.87501793522473, 36.78575398222589), (-23.921384398769085, 36.82876510879844), (-23.967608585146216, 36.87163397306128), (-24.013690493284024, 36.91436057409412), (-24.059630122116854, 36.95694491098313), (-24.105427470585507, 36.99938698282094), (-24.15108253763723, 37.04168678870659), (-24.196595322225715, 37.08384432774561), (-24.241965823311116, 37.12585959904995), (-24.28719403986003, 37.16773260173803), (-24.332279970845498, 37.2094633349347), (-24.377223615247026, 37.25105179777127), (-24.422024972050554, 37.29249798938548), (-24.466684040248484, 37.33380190892155), (-24.511200818839665, 37.37496355553012), (-24.555575306829393, 37.415982928368294), (-24.599807503229417, 37.456860026599614), (-24.643897407057935, 37.497594849394076), (-24.687845017339594, 37.53818739592812), (-24.73165033310549, 37.57863766538464), (-24.775313353393177, 37.618945656952974), (-24.81883407724665, 37.65911136982891), (-24.862212503716353, 37.69913480321469), (-24.90544863185919, 37.73901595631899), (-24.94854246073851, 37.77875482835694), (-24.991493989424107, 37.818351418550115), (-25.034303216992228, 37.85780572612656), (-25.076970142525578, 37.89711775032073), (-25.1194947651133, 37.936287490373566)]",True
1784490646.8762639,0,-22.955432570755924,36.04861356226564,0.9661306685868526,141.06181975702646,-0.4208857803878744,-25.911104630601102,35.44691330158762,1.3089614426273397,145.45675790360193,-0.469756626130696,-2.9556720598451776,-0.6017002606780224,0.3428307740404871,4.39493814657547,-0.048870845742821634,"[(-23.08641888518874, 36.07342974951922), (-23.124574313175223, 36.111360963052704), (-23.16259216312969, 36.14915459937069), (-23.200472434385016, 36.18681065781571), (-23.23821512628, 36.224329137736234), (-23.275820238159387, 36.261710038486655), (-23.313287769373847, 36.29895335942731), (-23.350617719279995, 36.33605909992446), (-23.387810087240375, 36.373027259350316), (-23.424864872623463, 36.40985783708301), (-23.461782074803676, 36.44655083250662), (-23.49856169316136, 36.483106245011136), (-23.535203727082802, 36.519524073992514), (-23.571708175960215, 36.55580431885263), (-23.608075039191753, 36.59194697899928), (-23.644304316181504, 36.62795205384622), (-23.68039600633949, 36.66381954281313), (-23.716350109081663, 36.699549445325616), (-23.75216662382992, 36.73514176081523), (-23.78784555001208, 36.770596488719455), (-23.823386887061908, 36.805913628481704), (-23.858790634419098, 36.84109317955133), (-23.894056791529277, 36.876135141383614), (-23.92918535784401, 36.91103951343978), (-23.96417633282079, 36.94580629518698), (-23.999029715923054, 36.98043548609831), (-24.033745506620168, 37.01492708565278), (-24.06832370438743, 37.04928109333535), (-24.102764308706078, 37.08349750863692), (-24.13706731906328, 37.1175763310543), (-24.17123273495214, 37.15151756009026), (-24.2052605558717, 37.18532119525349), (-24.239150781326924, 37.218987236058624), (-24.272903410828725, 37.252515682026214), (-24.306518443893943, 37.285906532682766), (-24.33999588004535, 37.31915978756071), (-24.37333571881166, 37.3522754461984), (-24.406537959727515, 37.38525350814014), (-24.439602602333494, 37.41809397293616), (-24.472529646176106, 37.45079684014264), (-24.5053190908078, 37.48336210932166), (-24.53797093578695, 37.51578978004127), (-24.570485180677878, 37.54807985187542), (-24.602861825050827, 37.58023232440403), (-24.635100868481985, 37.61224719721293)]",True
1784490646.9427705,0,-22.955432570755924,36.04861356226564,0.9661306685868526,141.06181975702646,-0.4208857803878744,-25.911104630601102,35.44691330158762,1.3089614426273397,145.45675790360193,-0.469756626130696,-2.9556720598451776,-0.6017002606780224,0.3428307740404871,4.39493814657547,-0.048870845742821634,"[(-23.08641888518874, 36.07342974951922), (-23.124574313175223, 36.111360963052704), (-23.16259216312969, 36.14915459937069), (-23.200472434385016, 36.18681065781571), (-23.23821512628, 36.224329137736234), (-23.275820238159387, 36.261710038486655), (-23.313287769373847, 36.29895335942731), (-23.350617719279995, 36.33605909992446), (-23.387810087240375, 36.373027259350316), (-23.424864872623463, 36.40985783708301), (-23.461782074803676, 36.44655083250662), (-23.49856169316136, 36.483106245011136), (-23.535203727082802, 36.519524073992514), (-23.571708175960215, 36.55580431885263), (-23.608075039191753, 36.59194697899928), (-23.644304316181504, 36.62795205384622), (-23.68039600633949, 36.66381954281313), (-23.716350109081663, 36.699549445325616), (-23.75216662382992, 36.73514176081523), (-23.78784555001208, 36.770596488719455), (-23.823386887061908, 36.805913628481704), (-23.858790634419098, 36.84109317955133), (-23.894056791529277, 36.876135141383614), (-23.92918535784401, 36.91103951343978), (-23.96417633282079, 36.94580629518698), (-23.999029715923054, 36.98043548609831), (-24.033745506620168, 37.01492708565278), (-24.06832370438743, 37.04928109333535), (-24.102764308706078, 37.08349750863692), (-24.13706731906328, 37.1175763310543), (-24.17123273495214, 37.15151756009026), (-24.2052605558717, 37.18532119525349), (-24.239150781326924, 37.218987236058624), (-24.272903410828725, 37.252515682026214), (-24.306518443893943, 37.285906532682766), (-24.33999588004535, 37.31915978756071), (-24.37333571881166, 37.3522754461984), (-24.406537959727515, 37.38525350814014), (-24.439602602333494, 37.41809397293616), (-24.472529646176106, 37.45079684014264), (-24.5053190908078, 37.48336210932166), (-24.53797093578695, 37.51578978004127), (-24.570485180677878, 37.54807985187542), (-24.602861825050827, 37.58023232440403), (-24.635100868481985, 37.61224719721293)]",True
1784490647.0059655,0,-22.945846548816434,36.05020296734918,0.9772511575629085,141.06181975702646,-0.4208857803878744,-25.89828297336899,35.44540654153502,1.273020977146564,145.45675790360193,-0.469756626130696,-2.9524364245525554,-0.6047964258141576,0.29576981958365545,4.39493814657547,-0.048870845742821634,"[(-23.073306024372297, 36.071558268959286), (-23.106874449615304, 36.10627929132545), (-23.140306726824278, 36.140864161521556), (-23.17360285554103, 36.17531287904099), (-23.20676283531311, 36.20962544338284), (-23.23978666569379, 36.24380185405196), (-23.272674346242063, 36.27784211055889), (-23.305425876522666, 36.31174621241994), (-23.338041256106052, 36.345514159157126), (-23.370520484568413, 36.379145950298195), (-23.40286356149166, 36.41264158537662), (-23.435070486463434, 36.44600106393161), (-23.46714125907711, 36.47922438550811), (-23.499075878931784, 36.51231154965678), (-23.530874345632284, 36.54526255593401), (-23.56253665878917, 36.57807740390192), (-23.594062818018724, 36.610756093128366), (-23.625452822942957, 36.64329862318693), (-23.656706673189614, 36.675704993656915), (-23.68782436839216, 36.70797520412336), (-23.718805908189793, 36.74010925417703), (-23.74965129222744, 36.77210714341442), (-23.780360520155753, 36.80396887143776), (-23.810933591631112, 36.835694437855), (-23.841370506315627, 36.86728384227981), (-23.87167126387714, 36.89873708433161), (-23.90183586398921, 36.93005416363553), (-23.931864306331132, 36.961235079822444), (-23.96175659058793, 36.99227983252894), (-23.991512716450355, 37.02318842139735), (-24.021132683614876, 37.05396084607572), (-24.050616491783703, 37.08459710621782), (-24.07996414066477, 37.115097201483174), (-24.109175629971737, 37.14546113153701), (-24.138250959423992, 37.1756888960503), (-24.16719012874665, 37.20578049469974), (-24.19599313767056, 37.23573592716774), (-24.224659985932288, 37.265555193142454), (-24.253190673274137, 37.29523829231777), (-24.28158519944413, 37.32478522439328), (-24.309843564196026, 37.354195989074334), (-24.337965767289305, 37.38347058607199), (-24.365951808489175, 37.41260901510302), (-24.393801687566576, 37.44161127588997), (-24.421515404298177, 37.47047736816108)]",True
1784490647.0284169,0,-22.92632802806587,36.05324386636534,0.9979309412159618,141.06181975702646,-0.4208857803878744,-25.873522430797827,35.44271943896029,1.2203474920714918,145.45675790360193,-0.469756626130696,-2.947194402731956,-0.6105244274050534,0.22241655085553003,4.39493814657547,-0.048870845742821634,"[(-23.043414194368335, 36.073324421540526), (-23.071523980680464, 36.10529621159531), (-23.099497537288173, 36.13713175807907), (-23.127334863962396, 36.16883106060022), (-23.1550359604798, 36.2003941187729), (-23.182600826622792, 36.231820932217005), (-23.210029462179513, 36.26311150055816), (-23.237321866943844, 36.294265823427736), (-23.264478040715403, 36.32528390046284), (-23.29149798329955, 36.35616573130632), (-23.318381694507377, 36.38691131560676), (-23.345129174155716, 36.41752065301849), (-23.371740422067138, 36.44799374320157), (-23.398215438069943, 36.47833058582181), (-23.424554221998182, 36.50853118055075), (-23.45075677369164, 36.538595527065674), (-23.476823092995833, 36.56852362504961), (-23.502753179762014, 36.59831547419131), (-23.528547033847182, 36.627971074185275), (-23.554204655114066, 36.657490424731755), (-23.579726043431137, 36.68687352553672), (-23.6051111986726, 36.716120376311885), (-23.630360120718397, 36.74523097677472), (-23.65547280945421, 36.77420532664841), (-23.680449264771454, 36.8030434256619), (-23.70528948656729, 36.83174527354985), (-23.729993474744603, 36.860310870052686), (-23.754561229212026, 36.88874021491656), (-23.778992749883923, 36.917033307893355), (-23.8032880366804, 36.94519014874071), (-23.82744708952729, 36.97321073722198), (-23.851469908356176, 37.00109507310629), (-23.875356493104373, 37.02884315616848), (-23.899106843714925, 37.056454986189124), (-23.922720960136623, 37.083930562954556), (-23.946198842323994, 37.11126988625684), (-23.969540490237296, 37.138472955893775), (-23.992745903842525, 37.165539771668904), (-24.015815083111416, 37.1924703333915), (-24.03874802802144, 37.21926464087658), (-24.061544738555806, 37.245922693944905), (-24.084205214703452, 37.27244449242296), (-24.106729456459064, 37.29883003614299), (-24.129117463823057, 37.325079324942955), (-24.151369236801585, 37.35119235866657)]",True
1784490647.0772107,0,-22.789915861458972,36.06516810111655,1.1363717629136592,141.06181975702646,-0.4208857803878744,-25.69613254003996,35.42641140254786,1.3527806518011067,145.45675790360193,-0.469756626130696,-2.9062166785809893,-0.6387566985686846,0.21640888888744758,4.39493814657547,-0.048870845742821634,"[(-22.949791926115164, 36.08243107181083), (-22.965790965063917, 36.10984585028296), (-22.98165296176558, 36.13712354523653), (-22.997377916504426, 36.16426415646915), (-23.012965829570575, 36.1912676837843), (-23.028416701259985, 36.21813412699128), (-23.04373053187446, 36.24486348590527), (-23.058907321721644, 36.27145576034728), (-23.07394707111503, 36.29791095014417), (-23.088849780373952, 36.324229055128654), (-23.103615449823586, 36.35041007513929), (-23.118244079794955, 36.37645401002048), (-23.132735670624918, 36.40236085962249), (-23.147090222656182, 36.42813062380142), (-23.1613077362373, 36.453763302419226), (-23.175388211722666, 36.47925889534371), (-23.18933164947251, 36.504617402448524), (-23.203138049852917, 36.52983882361316), (-23.216807413235806, 36.55492315872297), (-23.23033973999894, 36.579870407669155), (-23.243735030525926, 36.60468057034875), (-23.256993285206214, 36.62935364666465), (-23.270114504435096, 36.65388963652559), (-23.283098688613705, 36.67828853984617), (-23.29594583814902, 36.70255035654682), (-23.308655953453865, 36.726675086553826), (-23.321229034946896, 36.750662729799316), (-23.33366508305262, 36.77451328622128), (-23.34596409820138, 36.79822675576354), (-23.358126080829372, 36.82180313837576), (-23.370151031378626, 36.845242434013485), (-23.382038950297012, 36.86854464263808), (-23.393789838038245, 36.89170976421676), (-23.40540369506188, 36.914737798722605), (-23.416880521833324, 36.937628746134514), (-23.428220318823808, 36.960382606437264), (-23.439423086510423, 36.98299937962146), (-23.45048882537609, 37.00547906568356), (-23.461417535909575, 37.02782166462587), (-23.472209218605485, 37.05002717645654), (-23.48286387396427, 37.072095601189574), (-23.49338150249222, 37.09402693884483), (-23.50376210470147, 37.115821189447985), (-23.514005681109992, 37.137478353030595), (-23.524112232241603, 37.158998429630046)]",True
1784490647.1553197,0,-22.766716540461793,36.06633945537574,1.1859132694982297,141.06181975702646,-0.4208857803878744,-25.669996689578838,35.4244180838842,1.2726519756681365,145.45675790360193,-0.469756626130696,-2.9032801491170446,-0.6419213714915415,0.08673870616990675,4.39493814657547,-0.048870845742821634,"[(-22.901836874666262, 36.08551592159687), (-22.912546816534924, 36.110846773321256), (-22.923123386411092, 36.13604420246198), (-22.933566584769874, 36.16110820891289), (-22.943876412091683, 36.18603879257315), (-22.954052868862224, 36.21083595334721), (-22.96409595557251, 36.23549969114484), (-22.97400567271886, 36.26003000588112), (-22.983782020802888, 36.284426897476436), (-22.993425000331516, 36.308690365856485), (-23.00293461181696, 36.332820410952266), (-23.01231085577675, 36.356817032700086), (-23.021553732733704, 36.38068023104156), (-23.03066324321595, 36.404410005923616), (-23.039639387756914, 36.42800635729849), (-23.048482166895326, 36.45146928512372), (-23.057191581175218, 36.47479878936216), (-23.06576763114592, 36.49799486998196), (-23.07421031736207, 36.52105752695658), (-23.082519640383598, 36.5439867602648), (-23.090695600775742, 36.56678256989069), (-23.09873819910904, 36.589444955823645), (-23.106647435959328, 36.611973918058354), (-23.114423311907746, 36.63436945659482), (-23.12206582754074, 36.656631571438346), (-23.12957498345005, 36.67876026259956), (-23.136950780232713, 36.700755530094376), (-23.144193218491072, 36.72261737394403), (-23.15130229883278, 36.74434579417506), (-23.15827802187077, 36.76594079081931), (-23.1651203882233, 36.78740236391393), (-23.17182939851391, 36.80873051350138), (-23.178405053371446, 36.82992523962943), (-23.184847353430058, 36.85098654235116), (-23.19115629932919, 36.87191442172494), (-23.197331891713592, 36.892708877814464), (-23.203374131233314, 36.91336991068873), (-23.209283018543708, 36.933897520422036), (-23.21505855430542, 36.954291707093994), (-23.220700739184394, 36.97455247078952), (-23.226209573851882, 36.99467981159883), (-23.231585058984436, 37.01467372961746), (-23.236827195263903, 37.03453422494625), (-23.241935983377434, 37.05426129769133), (-23.246911424017476, 37.07385494796417)]",True
1784490647.187589,0,-22.74257590848765,36.06759250725406,1.2308553922768493,141.06181975702646,-0.4208857803878744,-25.64513557783362,35.42303207421221,1.2201055097432147,145.45675790360193,-0.469756626130696,-2.902559669345969,-0.6445604330418533,-0.010749882533634514,4.39493814657547,-0.048870845742821634,"[(-22.875588115337756, 36.08541833332872), (-22.88289724708158, 36.10863661445857), (-22.890075926887487, 36.13172439042296), (-22.897124155332996, 36.15468166120072), (-22.904041933000542, 36.17750842677559), (-22.910829260477463, 36.20020468713623), (-22.91748613835601, 36.22277044227621), (-22.924012567233333, 36.24520569219401), (-22.9304085477115, 36.26751043689304), (-22.936674080397484, 36.28968467638161), (-22.942809165903164, 36.31172841067295), (-22.948813804845322, 36.33364163978519), (-22.95468799784566, 36.3554243637414), (-22.96043174553078, 36.377076582569536), (-22.966045048532198, 36.39859829630249), (-22.971527907486326, 36.41998950497805), (-22.976880323034493, 36.441250208638934), (-22.982102295822934, 36.46238040733276), (-22.987193826502786, 36.48338010111207), (-22.9921549157301, 36.504249290034316), (-22.996985564165833, 36.52498797416187), (-23.001685772475845, 36.545596153561995), (-23.006255541330912, 36.5660738283069), (-23.010694871406706, 36.58642099847368), (-23.015003763383817, 36.60663766414436), (-23.019182217947733, 36.62672382540587), (-23.02323023578886, 36.64667948235006), (-23.027147817602497, 36.666504635073686), (-23.030934964088864, 36.68619928367843), (-23.034591675953074, 36.70576342827086), (-23.038117953905157, 36.7251970689625), (-23.041513798660045, 36.74450020586975), (-23.04477921093758, 36.76367283911394), (-23.04791419146251, 36.7827149688213), (-23.050918740964484, 36.801626595123), (-23.053792860178064, 36.82040771815509), (-23.056536549842715, 36.83905833805856), (-23.059149810702813, 36.85757845497929), (-23.061632643507632, 36.875968069068094), (-23.06398504901136, 36.89422718048069), (-23.06620702797309, 36.912355789377706), (-23.068298581156817, 36.93035389592469), (-23.07025970933145, 36.94822150029209), (-23.072090413270793, 36.965958602655284), (-23.073790693753562, 36.98356520319455)]",True
1784490647.2254093,0,-22.638253130971254,36.073656502446006,1.3725971926608496,141.06181975702646,-0.4208857803878744,-25.551720633599345,35.41952267725303,1.1385131471058054,145.45675790360193,-0.469756626130696,-2.913467502628091,-0.6541338251929787,-0.23408404555504414,4.39493814657547,-0.048870845742821634,"[(-22.780894648847003, 36.08694579527109), (-22.779157951056998, 36.106379601853185), (-22.777290984993577, 36.12568306954483), (-22.77529375157087, 36.14485619846674), (-22.77316625170789, 36.16389898874455), (-22.770908486328523, 36.18281144050875), (-22.768520456361525, 36.20159355389473), (-22.76600216274055, 36.22024532904277), (-22.763353606404113, 36.23876676609803), (-22.760574788295624, 36.25715786521056), (-22.75766570936336, 36.27541862653529), (-22.754626370560477, 36.29354905023205), (-22.75145677284501, 36.311549136465544), (-22.748156917179877, 36.32941888540537), (-22.74472680453287, 36.347158297226), (-22.741166435876664, 36.36476737210681), (-22.737475812188805, 36.38224611023205), (-22.733654934451724, 36.39959451179086), (-22.729703803652722, 36.416812576977264), (-22.72562242078398, 36.43390030599018), (-22.72141078684257, 36.4508576990334), (-22.71706890283042, 36.467684756315606), (-22.712596769754352, 36.48438147805037), (-22.70799438862606, 36.50094786445616), (-22.70326176046211, 36.517383915756305), (-22.698398886283954, 36.53368963217904), (-22.69340576711792, 36.54986501395747), (-22.688282403995213, 36.5659100613296), (-22.683028797951916, 36.581824774538326), (-22.67764495002898, 36.59760915383141), (-22.672130861272247, 36.6132631994615), (-22.666486532732428, 36.62878691168615), (-22.66071196546511, 36.644180290767785), (-22.654807160530765, 36.65944333697372), (-22.648772118994728, 36.67457605057616), (-22.642606841927222, 36.689578431852176), (-22.63631133040335, 36.70445048108375), (-22.629885585503075, 36.71919219855773), (-22.623329608311256, 36.73380358456586), (-22.616643399917614, 36.74828463940477), (-22.609826961416754, 36.76263536337598), (-22.602880293908154, 36.77685575678587), (-22.59580339849617, 36.790945819945726), (-22.58859627629003, 36.80490555317172), (-22.581258928403845, 36.81873495678491)]",True
1784490647.2757254,0,-22.568061215621952,36.07754159730679,1.4368926261470314,141.06181975702646,-0.4208857803878744,-25.495177674736862,35.41773170704416,1.1264471729936925,145.45675790360193,-0.469756626130696,-2.9271164591149095,-0.659809890262629,-0.31044545315333893,4.39493814657547,-0.048870845742821634,"[(-22.780894648847003, 36.08694579527109), (-22.779157951056998, 36.106379601853185), (-22.777290984993577, 36.12568306954483), (-22.77529375157087, 36.14485619846674), (-22.77316625170789, 36.16389898874455), (-22.770908486328523, 36.18281144050875), (-22.768520456361525, 36.20159355389473), (-22.76600216274055, 36.22024532904277), (-22.763353606404113, 36.23876676609803), (-22.760574788295624, 36.25715786521056), (-22.75766570936336, 36.27541862653529), (-22.754626370560477, 36.29354905023205), (-22.75145677284501, 36.311549136465544), (-22.748156917179877, 36.32941888540537), (-22.74472680453287, 36.347158297226), (-22.741166435876664, 36.36476737210681), (-22.737475812188805, 36.38224611023205), (-22.733654934451724, 36.39959451179086), (-22.729703803652722, 36.416812576977264), (-22.72562242078398, 36.43390030599018), (-22.72141078684257, 36.4508576990334), (-22.71706890283042, 36.467684756315606), (-22.712596769754352, 36.48438147805037), (-22.70799438862606, 36.50094786445616), (-22.70326176046211, 36.517383915756305), (-22.698398886283954, 36.53368963217904), (-22.69340576711792, 36.54986501395747), (-22.688282403995213, 36.5659100613296), (-22.683028797951916, 36.581824774538326), (-22.67764495002898, 36.59760915383141), (-22.672130861272247, 36.6132631994615), (-22.666486532732428, 36.62878691168615), (-22.66071196546511, 36.644180290767785), (-22.654807160530765, 36.65944333697372), (-22.648772118994728, 36.67457605057616), (-22.642606841927222, 36.689578431852176), (-22.63631133040335, 36.70445048108375), (-22.629885585503075, 36.71919219855773), (-22.623329608311256, 36.73380358456586), (-22.616643399917614, 36.74828463940477), (-22.609826961416754, 36.76263536337598), (-22.602880293908154, 36.77685575678587), (-22.59580339849617, 36.790945819945726), (-22.58859627629003, 36.80490555317172), (-22.581258928403845, 36.81873495678491)]",True
1784490647.328099,0,-22.524524015405554,36.07973655427668,1.4685892796562974,141.06181975702646,-0.4208857803878744,-25.461435618730203,35.41738947974566,1.123423756931574,145.45675790360193,-0.469756626130696,-2.936911603324649,-0.66234707453102,-0.34516552272472345,4.39493814657547,-0.048870845742821634,"[(-22.780894648847003, 36.08694579527109), (-22.779157951056998, 36.106379601853185), (-22.777290984993577, 36.12568306954483), (-22.77529375157087, 36.14485619846674), (-22.77316625170789, 36.16389898874455), (-22.770908486328523, 36.18281144050875), (-22.768520456361525, 36.20159355389473), (-22.76600216274055, 36.22024532904277), (-22.763353606404113, 36.23876676609803), (-22.760574788295624, 36.25715786521056), (-22.75766570936336, 36.27541862653529), (-22.754626370560477, 36.29354905023205), (-22.75145677284501, 36.311549136465544), (-22.748156917179877, 36.32941888540537), (-22.74472680453287, 36.347158297226), (-22.741166435876664, 36.36476737210681), (-22.737475812188805, 36.38224611023205), (-22.733654934451724, 36.39959451179086), (-22.729703803652722, 36.416812576977264), (-22.72562242078398, 36.43390030599018), (-22.72141078684257, 36.4508576990334), (-22.71706890283042, 36.467684756315606), (-22.712596769754352, 36.48438147805037), (-22.70799438862606, 36.50094786445616), (-22.70326176046211, 36.517383915756305), (-22.698398886283954, 36.53368963217904), (-22.69340576711792, 36.54986501395747), (-22.688282403995213, 36.5659100613296), (-22.683028797951916, 36.581824774538326), (-22.67764495002898, 36.59760915383141), (-22.672130861272247, 36.6132631994615), (-22.666486532732428, 36.62878691168615), (-22.66071196546511, 36.644180290767785), (-22.654807160530765, 36.65944333697372), (-22.648772118994728, 36.67457605057616), (-22.642606841927222, 36.689578431852176), (-22.63631133040335, 36.70445048108375), (-22.629885585503075, 36.71919219855773), (-22.623329608311256, 36.73380358456586), (-22.616643399917614, 36.74828463940477), (-22.609826961416754, 36.76263536337598), (-22.602880293908154, 36.77685575678587), (-22.59580339849617, 36.790945819945726), (-22.58859627629003, 36.80490555317172), (-22.581258928403845, 36.81873495678491)]",True
1784490647.391301,0,-22.434910103912195,36.08408026910793,1.5196388180389588,141.06181975702646,-0.4208857803878744,-25.39411941126733,35.417362116966366,1.120965541842571,224.0938899830171,-0.1792423756527839,-2.9592093073551347,-0.6667181521415628,-0.3986732761963878,83.03207022599065,0.2416434047350905,"[(-22.728196324577524, 36.08757336391277), (-22.72207362610645, 36.105308958861016), (-22.715821412249497, 36.12291495962499), (-22.709439684068663, 36.1403913663862), (-22.702928442630725, 36.15773817933093), (-22.696287689007235, 36.174955398650255), (-22.689517424274523, 36.19204302454004), (-22.682617649513688, 36.20900105720093), (-22.675588365810604, 36.22582949683835), (-22.66842957425593, 36.242528343662514), (-22.66114127594509, 36.25909759788842), (-22.653723471978296, 36.27553725973584), (-22.646176163460517, 36.29184732942935), (-22.63849935150151, 36.3080278071983), (-22.630693037215803, 36.32407869327681), (-22.6227572217227, 36.33999998790381), (-22.61469190614628, 36.35579169132299), (-22.6064970916154, 36.371453803782835), (-22.59817277926368, 36.38698632553662), (-22.58971897022953, 36.40238925684238), (-22.581135665656124, 36.41766259796297), (-22.57242286669141, 36.432806349166), (-22.56358057448812, 36.44782051072387), (-22.55460879020375, 36.46270508291377), (-22.54550751500058, 36.47746006601767), (-22.53627675004565, 36.492085460322315), (-22.52691649651079, 36.50658126611925), (-22.517426755572593, 36.52094748370479), (-22.50780752841243, 36.53518411338003), (-22.49805881621645, 36.549291155450874), (-22.488180620175566, 36.56326861022797), (-22.47817294148547, 36.57711647802679), (-22.468035781346636, 36.59083475916756), (-22.457769140964295, 36.60442345397529), (-22.447373021548465, 36.617882562779805), (-22.43684742431393, 36.63121208591567), (-22.426192350480253, 36.64441202372226), (-22.41540780127176, 36.657482376543726), (-22.40449377791756, 36.670423144729), (-22.393450281651532, 36.683234328631805), (-22.38227731371233, 36.69591592861063), (-22.37097487534338, 36.708467945028765), (-22.35954296779288, 36.72089037825427), (-22.3479815923138, 36.733183228659996), (-22.336290750163887, 36.74534649662357)]",True
1784490647.4831085,0,-22.419697171641797,36.08484485050657,1.5267884902005817,141.06181975702646,-0.4208857803878744,-25.38291104802998,35.4174527071636,1.1207818966910583,224.0938899830171,-0.1792423756527839,-2.963213876388185,-0.6673921433429726,-0.4060065935095234,83.03207022599065,0.2416434047350905,"[(-22.717466827706886, 36.10344705480669), (-22.709448247737058, 36.12037727822671), (-22.70131311220378, 36.13719086368318), (-22.693061422155417, 36.153887811303726), (-22.684693178644626, 36.170468121220274), (-22.676208382728365, 36.18693179356907), (-22.667607035467892, 36.20327882849066), (-22.658889137928757, 36.21950922612989), (-22.65005469118081, 36.23562298663592), (-22.641103696298195, 36.25162011016221), (-22.63203615435936, 36.26750059686652), (-22.622852066447038, 36.283264446910934), (-22.61355143364827, 36.29891166046183), (-22.604134257054383, 36.3144422376899), (-22.59460053776101, 36.329856178770136), (-22.58495027686808, 36.34515348388182), (-22.57518347547981, 36.360334153208576), (-22.565300134704724, 36.3753981869383), (-22.55530025565563, 36.39034558526321), (-22.545183839449646, 36.40517634837983)]",True
1784490647.5334566,0,-22.373671578653894,36.087494810121065,1.5462615982582295,141.06181975702646,-0.4208857803878744,-25.349307230163117,35.41833487679863,1.1204152264700755,224.0938899830171,-0.1792423756527839,-2.975635651509222,-0.6691599333224332,-0.425846371788154,83.03207022599065,0.2416434047350905,"[(-22.473981507926936, 36.095966231861084), (-22.45035289241744, 36.10948301106614), (-22.42659715943662, 36.12287255832124), (-22.40271431055091, 36.13613487393536), (-22.378704347331023, 36.14926995822179), (-22.354567271351982, 36.1622778114981), (-22.330303084193098, 36.17515843408621), (-22.30591178743798, 36.18791182631231), (-22.281393382674537, 36.20053798850692), (-22.256747871494962, 36.213036921004864), (-22.231975255495758, 36.22540862414527), (-22.207075536277713, 36.23765309827156), (-22.182048715445916, 36.249770343731484), (-22.156894794609748, 36.26176036087709), (-22.13161377538289, 36.273623150064736), (-22.10620565938331, 36.285358711655086), (-22.08067044823328, 36.29696704601311), (-22.055008143559366, 36.30844815350808), (-22.02921874699242, 36.31980203451359), (-22.003302260167597, 36.33102868940753), (-21.977258684724347, 36.3421281185721), (-21.951088022306415, 36.3531003223938), (-21.924790274561836, 36.36394530126344), (-21.898365443142943, 36.37466305557615), (-21.871813529706362, 36.38525358573135), (-21.845134535913015, 36.395716892132775), (-21.818328463428116, 36.406052975188466), (-21.79139531392118, 36.41626183531076), (-21.764335089066, 36.42634347291632), (-21.737147790540686, 36.436297888426104), (-21.709833420027625, 36.44612508226538), (-21.682391979213502, 36.45582505486372), (-21.654823469789296, 36.465397806655005), (-21.627127893450282, 36.47484333807741), (-21.599305251896027, 36.484161649573444), (-21.571355546830393, 36.493352741589895), (-21.543278779961536, 36.50241661457787), (-21.5150749530019, 36.51135326899278), (-21.48674406766823, 36.52016270529434), (-21.458286125681553, 36.52884492394658), (-21.429701128767206, 36.53739992541782), (-21.400989078654806, 36.54582771018071), (-21.372149977078266, 36.55412827871218), (-21.343183825775792, 36.56230163149348), (-21.314090626489886, 36.570347769010176)]",True
1784490647.583311,0,-22.35821126364105,36.088485560657666,1.552145357220426,141.06181975702646,-0.4208857803878744,-25.338121539484636,35.41896819148557,1.1203362513024113,224.0938899830171,-0.1792423756527839,-2.9799102758435865,-0.6695173691720981,-0.4318091059180147,83.03207022599065,0.2416434047350905,"[(-22.440332523371346, 36.09486824058916), (-22.416057446282817, 36.10595056384341), (-22.39166074393085, 36.11691115646033), (-22.36714241778649, 36.127750018802324), (-22.34250246932459, 36.13846715123559), (-22.317740900023804, 36.14906255413015), (-22.2928577113666, 36.159536227859846), (-22.26785290483925, 36.16988817280234), (-22.24272648193183, 36.18011838933911), (-22.217478444138226, 36.19022687785544), (-22.192108792956134, 36.200213638740436), (-22.166617529887052, 36.21007867238703), (-22.141004656436287, 36.219821979191956), (-22.115270174112947, 36.229443559555776), (-22.089414084429954, 36.23894341388287), (-22.063436388904034, 36.24832154258142), (-22.037337089055715, 36.25757794606344), (-22.01111618640934, 36.266712624744756), (-21.984773682493046, 36.275725579045), (-21.95830957883879, 36.28461680938764), (-21.931723876982325, 36.29338631619994), (-21.905016578463215, 36.302034099913), (-21.878187684824823, 36.31056016096172), (-21.851237197614328, 36.31896449978482), (-21.824165118382705, 36.32724711682484), (-21.796971448684747, 36.33540801252814), (-21.769656190079044, 36.34344718734489), (-21.74221934412799, 36.35136464172908), (-21.714660912397783, 36.359160376138504), (-21.686980896458437, 36.366834391034786), (-21.65917929788376, 36.37438668688336), (-21.631256118251375, 36.38181726415348), (-21.603211359142705, 36.38912612331822), (-21.575045022142977, 36.396313264854456), (-21.546757108841224, 36.403378689242885), (-21.518347620830284, 36.41032239696803), (-21.489816559706803, 36.41714438851821), (-21.46116392707123, 36.423844664385584), (-21.432389724527816, 36.43042322506611), (-21.40349395368462, 36.43688007105956), (-21.374476616153505, 36.44321520286954), (-21.345337713550133, 36.44942862100345), (-21.316077247493983, 36.455520325972515), (-21.286695219608326, 36.46149031829178), (-21.257191631520246, 36.4673385984801)]",True
1784490647.8670835,0,-22.295838227932453,36.09270730469439,1.573012564864164,141.06181975702646,-0.4208857803878744,-25.293495519788728,35.422978283325804,1.1201446049725343,224.0938899830171,-0.1792423756527839,-2.9976572918562745,-0.6697290213685889,-0.45286795989162965,83.03207022599065,0.2416434047350905,"[(-22.34457174198299, 36.09550167182382), (-22.31748456062662, 36.1026495494702), (-22.290277991547498, 36.109677940389844), (-22.262952036231663, 36.11658684504564), (-22.235506696168738, 36.123376263904035), (-22.20794197285189, 36.13004619743506), (-22.180257867777858, 36.1365966461123), (-22.152454382446933, 36.14302761041293), (-22.12453151836298, 36.149339090817676), (-22.096489277033413, 36.15553108781084), (-22.06832765996922, 36.16160360188031), (-22.040046668684937, 36.16755663351752), (-22.011646304698665, 36.17339018321749), (-21.98312656953207, 36.179104251478805), (-21.954487464710382, 36.18469883880362), (-21.92572899176238, 36.19017394569766), (-21.896851152220414, 36.19552957267022), (-21.86785394762039, 36.20076572023416), (-21.838737379501776, 36.20588238890592), (-21.809501449407602, 36.21087957920551), (-21.78014615888446, 36.2157572916565), (-21.750671509482494, 36.22051552678603), (-21.72107750275542, 36.22515428512482), (-21.691364140260507, 36.22967356720716), (-21.661531423558582, 36.23407337357089), (-21.631579354214043, 36.238353704757436), (-21.601507933794835, 36.2425145613118), (-21.571317163872475, 36.24655594378254), (-21.541007046022035, 36.25047785272179), (-21.51057758182214, 36.25428028868524), (-21.480028772854986, 36.257963252232166), (-21.449360620706326, 36.261526743925415), (-21.41857312696547, 36.264970764331395), (-21.387666293225283, 36.26829531402009), (-21.356640121082204, 36.271500393565034), (-21.325494612136218, 36.274586003543355), (-21.294229767990878, 36.27755214453574), (-21.26284559025329, 36.280398817126446), (-21.23134208053412, 36.28312602190329), (-21.199719240447603, 36.28573375945768), (-21.16797707161152, 36.28822203038457), (-21.136115575647224, 36.29059083528249), (-21.10413475417961, 36.29284017475354), (-21.07203460883715, 36.29497004940341), (-21.039815141251864, 36.29698045984132)]",True
1784490647.878397,0,-22.079408566053605,36.113045024155134,1.1967166233794737,141.06181975702646,-0.4208857803878744,-25.126838780453976,35.444104641485005,1.120006111874858,224.0938899830171,-0.1792423756527839,-3.0474302144003715,-0.6689403826701295,-0.07671051150461561,83.03207022599065,0.2416434047350905,"[(-22.33023345124029, 36.09549960427598), (-22.303110152149976, 36.10180526882189), (-22.275866396562737, 36.10799037866528), (-22.248502186002405, 36.114054934306274), (-22.22101752199649, 36.11999893624871), (-22.193412406076188, 36.12582238500011), (-22.165686839776374, 36.13152528107169), (-22.137840824635607, 36.13710762497834), (-22.109874362196123, 36.14256941723867), (-22.081787454003845, 36.14791065837495), (-22.053580101608368, 36.153131348913156), (-22.025252306562983, 36.15823148938296), (-21.996804070424652, 36.16321108031772), (-21.968235394754025, 36.16807012225448), (-21.939546281115426, 36.17280861573397), (-21.910736731076867, 36.17742656130063), (-21.88180674621004, 36.18192395950257), (-21.852756328090308, 36.1863008108916), (-21.82358547829673, 36.19055711602322), (-21.794294198412047, 36.19469287545662), (-21.76488249002266, 36.198708089754675), (-21.73535035471867, 36.20260275948396), (-21.70569779409385, 36.20637688521473), (-21.675924809745663, 36.210030467520944), (-21.646031403275238, 36.213563506980236), (-21.616017576287398, 36.21697600417394), (-21.585883330390637, 36.220267959687064), (-21.55562866719714, 36.22343937410833), (-21.525253588322762, 36.22649024803014), (-21.494758095387045, 36.229420582048576), (-21.464142190013202, 36.232230376763425), (-21.43340587382814, 36.23491963277816), (-21.40254914846243, 36.237488350699934), (-21.37157201555034, 36.2399365311396), (-21.3404744767298, 36.24226417471169), (-21.30925653364244, 36.24447128203445), (-21.277918187933555, 36.24655785372979), (-21.246459441252124, 36.248523890423314), (-21.2148802952508, 36.250369392744325), (-21.18318075158593, 36.25209436132581), (-21.151360811917524, 36.25369879680444), (-21.119420477909284, 36.255182699820594), (-21.08735975122858, 36.25654607101832), (-21.05517863354647, 36.25778891104537), (-21.022877126537686, 36.258911220553166)]",True
1784490647.9329953,0,-22.055250069266215,36.116316749279136,1.2406557736141208,141.06181975702646,-0.4208857803878744,-25.104576279524213,35.446583565576155,1.1200040096624793,224.0938899830171,-0.1792423756527839,-3.0493262102579983,-0.6697331837029807,-0.12065176395164157,83.03207022599065,0.2416434047350905,"[(-22.199958311427544, 36.10471665566019), (-22.16545715710894, 36.10960830275932), (-22.1308422628403, 36.11438608501565), (-22.096113630522094, 36.11905000296561), (-22.061271262058717, 36.12360005714956), (-22.0263151593585, 36.128036248111805), (-21.99124532433369, 36.1323585764006), (-21.956061758900475, 36.13656704256813), (-21.920764464978966, 36.14066164717053), (-21.8853534444932, 36.14464239076787), (-21.84982869937115, 36.14850927392417), (-21.81419023154471, 36.15226229720738), (-21.778438042949706, 36.155901461189394), (-21.74257213552589, 36.15942676644605), (-21.706592511216943, 36.16283821355714), (-21.670499171970476, 36.16613580310637), (-21.634292119738024, 36.16931953568142), (-21.597971356475057, 36.17238941187387), (-21.56153688414096, 36.175345432279286), (-21.524988704699055, 36.178187597497136)]",True
1784490647.9903035,0,-22.04286419978619,36.1180648741095,1.2610710895381447,141.06181975702646,-0.4208857803878744,-25.093448048473206,35.447849725279,1.12000324793162,224.0938899830171,-0.1792423756527839,-3.0505838486870154,-0.6702151488305006,-0.14106784160652475,83.03207022599065,0.2416434047350905,"[(-22.06542352785774, 36.11467660771), (-22.02336746613245, 36.1192816526148), (-21.981169671655323, 36.123744804178486), (-21.938830147146565, 36.12806606315993), (-21.896348895332316, 36.13224543032398), (-21.85372591894466, 36.13628290644143), (-21.81096122072163, 36.14017849228906), (-21.768054803407193, 36.14393218864959), (-21.72500666975126, 36.14754399631172), (-21.681816822509685, 36.151013916070085), (-21.638485264444263, 36.15434194872531), (-21.595011998322732, 36.15752809508397), (-21.55139702691877, 36.1605723559586), (-21.507640353011997, 36.16347473216771), (-21.46374197938797, 36.16623522453575), (-21.41970190883819, 36.168853833893145), (-21.3755201441601, 36.17133056107628), (-21.331196688157082, 36.17366540692751), (-21.286731543638457, 36.17585837229514), (-21.24212471341949, 36.17790945803343), (-21.197376200321383, 36.17981866500262), (-21.152486007171277, 36.1815859940689), (-21.10745413680225, 36.18321144610441), (-21.06228059205333, 36.18469502198728), (-21.016965375769473, 36.18603672260158), (-20.971508490801583, 36.18723654883734), (-20.9259099400065, 36.18829450159056), (-20.880169726246994, 36.1892105817632), (-20.834287852391792, 36.189984790263175), (-20.78826432131555, 36.19061712800436), (-20.74209913589885, 36.1911075959066), (-20.695792299028238, 36.191456194895686), (-20.649343813596175, 36.19166292590339), (-20.60275368250107, 36.191727789867414), (-20.55602190864727, 36.19165078773145), (-20.50914849494506, 36.19143192044513), (-20.462133444310656, 36.19107118896407), (-20.414976759666224, 36.19056859424981), (-20.367678443939855, 36.189924137269884), (-20.320238500065585, 36.189137818997764), (-20.27265693098338, 36.18820964041289), (-20.224933739639145, 36.187139602500665), (-20.177068928984724, 36.18592770625244), (-20.12906250197789, 36.18457395266554), (-20.08091446158237, 36.18307834274324)]",True
1784490648.0306215,0,-21.953385545122313,36.13148964823502,1.1679547600122213,141.06181975702646,-0.4208857803878744,-25.014345192968214,35.456236855049006,1.2332645978782106,224.0938899830171,-0.1792423756527839,-3.060959647845902,-0.6752527931860115,0.06530983786598932,83.03207022599065,0.2416434047350905,"[(-22.06542352785774, 36.11467660771), (-22.02336746613245, 36.1192816526148), (-21.981169671655323, 36.123744804178486), (-21.938830147146565, 36.12806606315993), (-21.896348895332316, 36.13224543032398), (-21.85372591894466, 36.13628290644143), (-21.81096122072163, 36.14017849228906), (-21.768054803407193, 36.14393218864959), (-21.72500666975126, 36.14754399631172), (-21.681816822509685, 36.151013916070085), (-21.638485264444263, 36.15434194872531), (-21.595011998322732, 36.15752809508397), (-21.55139702691877, 36.1605723559586), (-21.507640353011997, 36.16347473216771), (-21.46374197938797, 36.16623522453575), (-21.41970190883819, 36.168853833893145), (-21.3755201441601, 36.17133056107628), (-21.331196688157082, 36.17366540692751), (-21.286731543638457, 36.17585837229514), (-21.24212471341949, 36.17790945803343), (-21.197376200321383, 36.17981866500262), (-21.152486007171277, 36.1815859940689), (-21.10745413680225, 36.18321144610441), (-21.06228059205333, 36.18469502198728), (-21.016965375769473, 36.18603672260158), (-20.971508490801583, 36.18723654883734), (-20.9259099400065, 36.18829450159056), (-20.880169726246994, 36.1892105817632), (-20.834287852391792, 36.189984790263175), (-20.78826432131555, 36.19061712800436), (-20.74209913589885, 36.1911075959066), (-20.695792299028238, 36.191456194895686), (-20.649343813596175, 36.19166292590339), (-20.60275368250107, 36.191727789867414), (-20.55602190864727, 36.19165078773145), (-20.50914849494506, 36.19143192044513), (-20.462133444310656, 36.19107118896407), (-20.414976759666224, 36.19056859424981), (-20.367678443939855, 36.189924137269884), (-20.320238500065585, 36.189137818997764), (-20.27265693098338, 36.18820964041289), (-20.224933739639145, 36.187139602500665), (-20.177068928984724, 36.18592770625244), (-20.12906250197789, 36.18457395266554), (-20.08091446158237, 36.18307834274324)]",True
1784490648.0756283,0,-21.941718394805708,36.13324798574323,1.1918270091330156,141.06181975702646,-0.4208857803878744,-25.00218320189735,35.457475602082695,1.2117216722687192,224.0938899830171,-0.1792423756527839,-3.060464807091641,-0.6757723836605365,0.01989466313570354,83.03207022599065,0.2416434047350905,"[(-22.06542352785774, 36.11467660771), (-22.02336746613245, 36.1192816526148), (-21.981169671655323, 36.123744804178486), (-21.938830147146565, 36.12806606315993), (-21.896348895332316, 36.13224543032398), (-21.85372591894466, 36.13628290644143), (-21.81096122072163, 36.14017849228906), (-21.768054803407193, 36.14393218864959), (-21.72500666975126, 36.14754399631172), (-21.681816822509685, 36.151013916070085), (-21.638485264444263, 36.15434194872531), (-21.595011998322732, 36.15752809508397), (-21.55139702691877, 36.1605723559586), (-21.507640353011997, 36.16347473216771), (-21.46374197938797, 36.16623522453575), (-21.41970190883819, 36.168853833893145), (-21.3755201441601, 36.17133056107628), (-21.331196688157082, 36.17366540692751), (-21.286731543638457, 36.17585837229514), (-21.24212471341949, 36.17790945803343), (-21.197376200321383, 36.17981866500262), (-21.152486007171277, 36.1815859940689), (-21.10745413680225, 36.18321144610441), (-21.06228059205333, 36.18469502198728), (-21.016965375769473, 36.18603672260158), (-20.971508490801583, 36.18723654883734), (-20.9259099400065, 36.18829450159056), (-20.880169726246994, 36.1892105817632), (-20.834287852391792, 36.189984790263175), (-20.78826432131555, 36.19061712800436), (-20.74209913589885, 36.1911075959066), (-20.695792299028238, 36.191456194895686), (-20.649343813596175, 36.19166292590339), (-20.60275368250107, 36.191727789867414), (-20.55602190864727, 36.19165078773145), (-20.50914849494506, 36.19143192044513), (-20.462133444310656, 36.19107118896407), (-20.414976759666224, 36.19056859424981), (-20.367678443939855, 36.189924137269884), (-20.320238500065585, 36.189137818997764), (-20.27265693098338, 36.18820964041289), (-20.224933739639145, 36.187139602500665), (-20.177068928984724, 36.18592770625244), (-20.12906250197789, 36.18457395266554), (-20.08091446158237, 36.18307834274324)]",True
1784490648.1255598,0,-21.846492600526222,36.14914724825802,0.9489504981349622,227.85016333906017,-0.17886462657057856,-24.898088574220154,35.466765757408815,1.133736372020458,224.0938899830171,-0.1792423756527839,-3.0515959736939315,-0.6823814908492025,0.18478587388549583,-3.7562733560430672,-0.00037774908220533643,"[(-21.992024292280245, 36.12064050785775), (-21.948953578133615, 36.124325830350855), (-21.90577422853329, 36.12790238509625), (-21.86248624535583, 36.13137017258746), (-21.819089630481, 36.13472919332122), (-21.77558438579177, 36.137979447797484), (-21.73197051317431, 36.14112093651943), (-21.688248014518006, 36.14415365999343), (-21.644416891715437, 36.14707761872909), (-21.60047714666239, 36.14989281323924), (-21.556428781257857, 36.152599244039905), (-21.512271797404036, 36.155196911650336), (-21.46800619700633, 36.157685816593), (-21.423631981973337, 36.160065959393584), (-21.37914915421687, 36.16233734058098), (-21.334557715651936, 36.16449996068731), (-21.289857668196756, 36.1665538202479), (-21.245049013772746, 36.168498919801294), (-21.200131754304532, 36.17033525988926), (-21.15510589171994, 36.172062841056764)]",True
1784490648.1755066,0,-21.82840501100419,36.15273034865114,0.8976781719264423,227.85016333906017,-0.17886462657057856,-24.875595619293588,35.46920589717093,1.1290079852889305,224.0938899830171,-0.1792423756527839,-3.047190608289398,-0.6835244514802099,0.23132981336248826,-3.7562733560430672,-0.00037774908220533643,"[(-21.992024292280245, 36.12064050785775), (-21.948953578133615, 36.124325830350855), (-21.90577422853329, 36.12790238509625), (-21.86248624535583, 36.13137017258746), (-21.819089630481, 36.13472919332122), (-21.77558438579177, 36.137979447797484), (-21.73197051317431, 36.14112093651943), (-21.688248014518006, 36.14415365999343), (-21.644416891715437, 36.14707761872909), (-21.60047714666239, 36.14989281323924), (-21.556428781257857, 36.152599244039905), (-21.512271797404036, 36.155196911650336), (-21.46800619700633, 36.157685816593), (-21.423631981973337, 36.160065959393584), (-21.37914915421687, 36.16233734058098), (-21.334557715651936, 36.16449996068731), (-21.289857668196756, 36.1665538202479), (-21.245049013772746, 36.168498919801294), (-21.200131754304532, 36.17033525988926), (-21.15510589171994, 36.172062841056764)]",True
1784490648.2257564,0,-21.80272654850319,36.15782473142582,0.8518717484614869,227.85016333906017,-0.17886462657057856,-24.841984465766807,35.47278289940225,1.1247836697380897,224.0938899830171,-0.1792423756527839,-3.0392579172636154,-0.6850418320235718,0.2729119212766028,-3.7562733560430672,-0.00037774908220533643,"[(-21.992024292280245, 36.12064050785775), (-21.948953578133615, 36.124325830350855), (-21.90577422853329, 36.12790238509625), (-21.86248624535583, 36.13137017258746), (-21.819089630481, 36.13472919332122), (-21.77558438579177, 36.137979447797484), (-21.73197051317431, 36.14112093651943), (-21.688248014518006, 36.14415365999343), (-21.644416891715437, 36.14707761872909), (-21.60047714666239, 36.14989281323924), (-21.556428781257857, 36.152599244039905), (-21.512271797404036, 36.155196911650336), (-21.46800619700633, 36.157685816593), (-21.423631981973337, 36.160065959393584), (-21.37914915421687, 36.16233734058098), (-21.334557715651936, 36.16449996068731), (-21.289857668196756, 36.1665538202479), (-21.245049013772746, 36.168498919801294), (-21.200131754304532, 36.17033525988926), (-21.15510589171994, 36.172062841056764)]",True
1784490648.2755644,0,-21.786196926369875,36.16109165208132,0.8340162538974194,227.85016333906017,-0.17886462657057856,-24.81963246364551,35.47516266655662,1.1231370176389,224.0938899830171,-0.1792423756527839,-3.0334355372756363,-0.685928985524697,0.28912076374148055,-3.7562733560430672,-0.00037774908220533643,"[(-21.992024292280245, 36.12064050785775), (-21.948953578133615, 36.124325830350855), (-21.90577422853329, 36.12790238509625), (-21.86248624535583, 36.13137017258746), (-21.819089630481, 36.13472919332122), (-21.77558438579177, 36.137979447797484), (-21.73197051317431, 36.14112093651943), (-21.688248014518006, 36.14415365999343), (-21.644416891715437, 36.14707761872909), (-21.60047714666239, 36.14989281323924), (-21.556428781257857, 36.152599244039905), (-21.512271797404036, 36.155196911650336), (-21.46800619700633, 36.157685816593), (-21.423631981973337, 36.160065959393584), (-21.37914915421687, 36.16233734058098), (-21.334557715651936, 36.16449996068731), (-21.289857668196756, 36.1665538202479), (-21.245049013772746, 36.168498919801294), (-21.200131754304532, 36.17033525988926), (-21.15510589171994, 36.172062841056764)]",True
1784490648.4430482,0,-21.778050883832286,36.16272309260529,0.827546364673491,227.85016333906017,-0.17886462657057856,-24.808468481930312,35.47636353076679,1.1225403577909254,224.0938899830171,-0.1792423756527839,-3.030417598098026,-0.6863595618385006,0.29499399311743446,-3.7562733560430672,-0.00037774908220533643,"[(-21.992024292280245, 36.12064050785775), (-21.948953578133615, 36.124325830350855), (-21.90577422853329, 36.12790238509625), (-21.86248624535583, 36.13137017258746), (-21.819089630481, 36.13472919332122), (-21.77558438579177, 36.137979447797484), (-21.73197051317431, 36.14112093651943), (-21.688248014518006, 36.14415365999343), (-21.644416891715437, 36.14707761872909), (-21.60047714666239, 36.14989281323924), (-21.556428781257857, 36.152599244039905), (-21.512271797404036, 36.155196911650336), (-21.46800619700633, 36.157685816593), (-21.423631981973337, 36.160065959393584), (-21.37914915421687, 36.16233734058098), (-21.334557715651936, 36.16449996068731), (-21.289857668196756, 36.1665538202479), (-21.245049013772746, 36.168498919801294), (-21.200131754304532, 36.17033525988926), (-21.15510589171994, 36.172062841056764)]",True
1784490648.4786217,0,-21.74591505229448,36.16901981620256,0.8118461064638426,227.85016333906017,-0.17886462657057856,-24.763859609123106,35.48118656263831,1.1210924638081532,224.0938899830171,-0.1792423756527839,-3.017944556828624,-0.68783325356425,0.3092463573443106,-3.7562733560430672,-0.00037774908220533643,"[(-21.76274230128684, 36.159214291183666), (-21.7098478301395, 36.16302297411528), (-21.656811231863877, 36.1666893382803), (-21.60363250958847, 36.17021338445919), (-21.550311666447627, 36.17359511343831), (-21.496848705581584, 36.17683452600992), (-21.443243630136436, 36.179931622972155), (-21.38949644326414, 36.18288640512905), (-21.335607148122527, 36.18569887329052), (-21.281575747875294, 36.18836902827239), (-21.227402245692005, 36.19089687089636), (-21.17308664474809, 36.193282401990025), (-21.118628948224842, 36.19552562238688), (-21.064029159309424, 36.1976265329263), (-21.009287281194865, 36.19958513445355), (-20.954403317080068, 36.20140142781979), (-20.899377270169783, 36.20307541388207), (-20.84420914367464, 36.20460709350333), (-20.788898940811134, 36.205996467552396), (-20.73344666480162, 36.207243536903995), (-20.677852318874315, 36.208348302438736), (-20.622115906263318, 36.20931076504312), (-20.566237430208574, 36.21013092560953), (-20.5102168939559, 36.210808785036264), (-20.454054300756976, 36.21134434422748), (-20.39774965386935, 36.21173760409323), (-20.341302956556436, 36.211988565549476), (-20.284714212087508, 36.21209722951805), (-20.227983423737697, 36.21206359692669), (-20.171110594788004, 36.211887668709004), (-20.1140957285253, 36.21156944580451), (-20.05693882824231, 36.21110892915859), (-19.99963989723762, 36.210506119722545), (-19.942198938815693, 36.20976101845355), (-19.88461595628684, 36.208873626314656), (-19.82689095296724, 36.20784394427483), (-19.769023932178936, 36.20667197330891), (-19.711014897249832, 36.20535771439762), (-19.652863851513693, 36.203901168527594), (-19.594570798310148, 36.20230233669133), (-19.536135740984683, 36.20056121988723), (-19.477558682888656, 36.198677819119574), (-19.41883962737927, 36.19665213539854), (-19.359978577819607, 36.194484169740186), (-19.300975537578598, 36.19217392316647)]",True
1784490648.5489397,0,-21.73002832763975,36.17215935492768,0.8077683968897464,227.85016333906017,-0.17886462657057856,-24.741575344443845,35.483630446389974,1.1207164132313416,224.0938899830171,-0.1792423756527839,-3.0115470168040943,-0.6885289085377053,0.3129480163415952,-3.7562733560430672,-0.00037774908220533643,"[(-21.741449141630273, 36.16346210059884), (-21.69064340588988, 36.16730545200455), (-21.63971912999447, 36.17103011433724), (-21.58867631599996, 36.174636088122845), (-21.53751496596557, 36.17812337389059), (-21.486235081953836, 36.18149197217305), (-21.4348366660306, 36.1847418835061), (-21.38331972026501, 36.187873108428946), (-21.331684246729534, 36.190885647484116), (-21.279930247499937, 36.193779501217456), (-21.2280577246553, 36.196554670178145), (-21.176066680278012, 36.19921115491867), (-21.123957116453774, 36.201748955994844), (-21.071729035271584, 36.2041680739658), (-21.01938243882376, 36.20646850939401), (-20.96691732920593, 36.208650262845225), (-20.91433370851702, 36.21071333488857), (-20.86163157885927, 36.212657726096445), (-20.808810942338233, 36.214483437044606), (-20.755871801062767, 36.216190468312114), (-20.70281415714503, 36.21777882048136), (-20.649638012700507, 36.219248494138036), (-20.59634336984797, 36.220599489871184), (-20.54293023070951, 36.221831808273144), (-20.489398597410528, 36.22294544993959), (-20.435748472079727, 36.22394041546951), (-20.381979856849124, 36.22481670546521), (-20.328092753854037, 36.22557432053233), (-20.274087165233095, 36.22621326127983), (-20.219963093128236, 36.226733528319976), (-20.165720539684703, 36.227135122268365), (-20.11135950705105, 36.22741804374392), (-20.05687999737913, 36.22758229336887), (-20.002282012824118, 36.22762787176878), (-19.94756555554448, 36.22755477957253), (-19.892730627701997, 36.227363017412316), (-19.837777231461757, 36.22705258592366), (-19.782705368992154, 36.22662348574541), (-19.72751504246489, 36.22607571751972), (-19.672206254054974, 36.22540928189208), (-19.616779005940717, 36.22462417951128), (-19.561233300303744, 36.22372041102946), (-19.50556913932898, 36.22269797710206), (-19.44978652520466, 36.221556878387844), (-19.39388546012233, 36.220297115548895)]",True
1784490648.578449,0,-21.706349594223727,36.17702185269704,0.8041253928497404,227.85016333906017,-0.17886462657057856,-24.708163884589485,35.48733276272429,1.1203804516466145,224.0938899830171,-0.1792423756527839,-3.0018142903657576,-0.6896890899727453,0.3162550587968741,-3.7562733560430672,-0.00037774908220533643,"[(-21.697193598725583, 36.17197768669035), (-21.65087297668033, 36.17476606055269), (-21.604436168241584, 36.177438112714206), (-21.557883175322633, 36.17999384372547), (-21.51121399983998, 36.18243325414028), (-21.464428643713337, 36.18475634451566), (-21.417527108865634, 36.18696311541188), (-21.370509397223017, 36.189053567392406), (-21.323375510714847, 36.191027701023955), (-21.2761254512737, 36.19288551687646), (-21.228759220835364, 36.194627015523075), (-21.18127682133885, 36.1962521975402), (-21.133678254726377, 36.19776106350743), (-21.085963522943377, 36.199153614007614), (-21.038132627938502, 36.200429849626815), (-20.990185571663616, 36.20158977095433), (-20.9421223560738, 36.20263337858267), (-20.893942983127346, 36.203560673107575), (-20.845647454785762, 36.20437165512802), (-20.79723577301377, 36.20506632524621), (-20.748707939779308, 36.20564468406755), (-20.700063957053526, 36.2061067322007), (-20.65130382681079, 36.20645247025753), (-20.602427551028676, 36.20668189885314), (-20.553435131687984, 36.20679501860585), (-20.504326570772715, 36.20679183013722), (-20.455101870270095, 36.20667233407202), (-20.405761032170552, 36.20643653103825), (-20.35630405846774, 36.20608442166714), (-20.306730951158517, 36.205616006593154), (-20.257041712242962, 36.205031286453966), (-20.207236343724365, 36.204330261890476), (-20.15731484760922, 36.20351293354682), (-20.107277225907254, 36.202579302070355), (-20.05712348063139, 36.201529368111665), (-20.00685361379777, 36.200363132324554), (-19.95646762742575, 36.199080595366055), (-19.905965523537898, 36.197681757896426), (-19.85534730416, 36.19616662057915), (-19.804612971321042, 36.19453518408094), (-19.75376252705324, 36.19278744907173), (-19.702795973392007, 36.19092341622468), (-19.65171331237598, 36.18894308621616), (-19.600514546047, 36.1868464597258), (-19.549199676450122, 36.184633537436426)]",True
1784490648.6278403,0,-21.664335384433944,36.18636164419203,0.8981350493167882,227.85016333906017,-0.17886462657057856,-24.65249146894884,35.49348502864086,1.120132494703366,224.0938899830171,-0.1792423756527839,-2.9881560845148947,-0.692876615551171,0.22199744538657773,-3.7562733560430672,-0.00037774908220533643,"[(-21.665609169379085, 36.178062315154214), (-21.62733139771963, 36.17896072045833), (-21.58893662848571, 36.1797420188017), (-21.550424863401343, 36.18040621079947), (-21.51179610419386, 36.180953297070104), (-21.473050352593887, 36.18138327823538), (-21.434187610335357, 36.18169615492038), (-21.395207879155507, 36.18189192775351), (-21.356111160794875, 36.18197059736649), (-21.316897456997307, 36.18193216439434), (-21.27756676950995, 36.1817766294754), (-21.238119100083253, 36.18150399325133), (-21.198554450470972, 36.181114256367096), (-21.158872822430165, 36.180607419470974), (-21.119074217721188, 36.179983483214556), (-21.079158638107714, 36.17924244825275), (-21.039126085356703, 36.17838431524377), (-20.998976561238425, 36.177409084849145), (-20.958710067526457, 36.176316757733716), (-20.91832660599767, 36.175107334565645), (-20.877826178432247, 36.1737808160164), (-20.83720878661367, 36.172337202760744), (-20.79647443232872, 36.17077649547679), (-20.755623117367488, 36.16909869484593), (-20.71465484352336, 36.16730380155289), (-20.67356961259303, 36.1653918162857), (-20.632367426376494, 36.16336273973569), (-20.591048286677047, 36.161216572597525), (-20.54961219530129, 36.15895331556917), (-20.508059154059122, 36.1565729693519), (-20.46638916476375, 36.15407553465031), (-20.424602229231677, 36.1514610121723), (-20.382698349282713, 36.14872940262909), (-20.340677526739967, 36.1458807067352), (-20.29853976342985, 36.142914925208466), (-20.25628506118208, 36.13983205877005), (-20.213913421829666, 36.136632108144404), (-20.17142484720893, 36.13331507405931), (-20.128819339159488, 36.12988095724586), (-20.086096899524257, 36.126329758438445), (-20.043257530149464, 36.12266147837477), (-20.00030123288463, 36.11887611779587), (-19.957228009582582, 36.114973677446066), (-19.91403786209944, 36.11095415807301), (-19.870730792294637, 36.10681756042765)]",True
1784490648.6785433,0,-21.638707158093183,36.19175326614581,0.8521143720287411,227.85016333906017,-0.17886462657057856,-24.61903582576017,35.496626921638715,1.120070363208804,224.0938899830171,-0.1792423756527839,-2.9803286676669885,-0.695126344507095,0.26795599118006297,-3.7562733560430672,-0.00037774908220533643,"[(-21.645173426238497, 36.18247306693365), (-21.610424176882194, 36.1825173662473), (-21.575557213402632, 36.18244385323318), (-21.540572537451222, 36.18225252854136), (-21.505470150682754, 36.18194339282531), (-21.4702500547554, 36.181516446741895), (-21.434912251330708, 36.18097169095135), (-21.399456742073614, 36.18030912611732), (-21.363883528652423, 36.179528752906826), (-21.32819261273883, 36.178630571990276), (-21.29238399600791, 36.17761458404147), (-21.256457680138112, 36.1764807897376), (-21.22041366681127, 36.17522918975925), (-21.184251957712597, 36.17385978479037), (-21.14797255453068, 36.17237257551834), (-21.11157545895749, 36.17076756263388), (-21.075060672688377, 36.169044746831126), (-21.038428197422075, 36.167204128807604), (-21.001678034860696, 36.16524570926422), (-20.964810186709723, 36.16316948890527), (-20.927824654678027, 36.16097546843843), (-20.890721440477854, 36.15866364857478), (-20.853500545824833, 36.156234030028784), (-20.81616197243797, 36.15368661351828), (-20.77870572203965, 36.15102139976452), (-20.741131796355635, 36.14823838949211), (-20.703440197115068, 36.14533758342907), (-20.665630926050476, 36.142318982306804), (-20.627703984897757, 36.1391825868601), (-20.58965937539619, 36.135928397827136), (-20.551497099288436, 36.132556415949466), (-20.513217158320526, 36.12906664197205), (-20.47481955424188, 36.125459076643224), (-20.43630428880529, 36.121733720714715), (-20.39767136376693, 36.11789057494164), (-20.358920780886347, 36.113929640082496), (-20.320052541926472, 36.10985091689918), (-20.281066648653614, 36.10565440615696), (-20.241963102837456, 36.101340108624505), (-20.20274190625106, 36.09690802507387), (-20.16340306067087, 36.0923581562805), (-20.1239465678767, 36.087690503023204), (-20.084372429651754, 36.08290506608421), (-20.044680647782602, 36.078001846249116), (-20.004871224059197, 36.07298084430691)]",True
1784490648.7347617,0,-21.630427946960058,36.19354816865462,0.8422022207362352,227.85016333906017,-0.17886462657057856,-24.607893652523813,35.49776966482155,1.1200569810334338,224.0938899830171,-0.1792423756527839,-2.9774657055637554,-0.6957785038330755,0.2778547602971986,-3.7562733560430672,-0.00037774908220533643,"[(-21.62955427631227, 36.18594057996452), (-21.596653336553587, 36.185524643850556), (-21.563634291064183, 36.18499050978328), (-21.530497141456703, 36.18433817843203), (-21.497241889347215, 36.18356765046955), (-21.463868536355207, 36.18267892657203), (-21.43037708410359, 36.181672007419095), (-21.3967675342187, 36.18054689369379), (-21.36303988833029, 36.17930358608258), (-21.329194148071547, 36.17794208527538), (-21.295230315079063, 36.176462391965536), (-21.261148390992865, 36.1748645068498), (-21.2269483774564, 36.17314843062838), (-21.192630276116525, 36.1713141640049), (-21.158194088623535, 36.16936170768642), (-21.123639816631144, 36.16729106238343), (-21.08896746179648, 36.165102228809836), (-21.054177025780092, 36.162795207683), (-21.01926851024596, 36.16036999972369), (-20.984241916861485, 36.157826605656126), (-20.94909724729748, 36.15516502620794), (-20.913834503228184, 36.152385262110194), (-20.87845368633126, 36.149487314097385), (-20.842954798287785, 36.14647118290745), (-20.80733784078227, 36.14333686928173), (-20.771602815502636, 36.140084373965024), (-20.73574972414023, 36.136713697705545), (-20.69977856838982, 36.133224841254936), (-20.663689349949593, 36.12961780536827), (-20.627482070521154, 36.12589259080405), (-20.591156731809534, 36.12204919832421), (-20.55471333552318, 36.11808762869413), (-20.518151883373964, 36.11400788268258), (-20.48147237707718, 36.109809961061785), (-20.444674818351537, 36.1054938646074), (-20.407759208919167, 36.10105959409851), (-20.370725550505625, 36.09650715031761), (-20.333573844839883, 36.09183653405066), (-20.296304093654328, 36.087047746087), (-20.25891629868478, 36.08214078721945), (-20.22141046167047, 36.077115658244225), (-20.18378658435405, 36.07197235996098), (-20.14604466848159, 36.0667108931728), (-20.108184715802587, 36.06133125868619), (-20.070206728069955, 36.055833457311095)]",True
1784490648.7764924,0,-21.630427946960058,36.19354816865462,0.8422022207362352,227.85016333906017,-0.17886462657057856,-24.607893652523813,35.49776966482155,1.1200569810334338,224.0938899830171,-0.1792423756527839,-2.9774657055637554,-0.6957785038330755,0.2778547602971986,-3.7562733560430672,-0.00037774908220533643,"[(-21.621762314632647, 36.18759147134679), (-21.589695902321758, 36.18696030700884), (-21.557511235912074, 36.18621079913224), (-21.525208316997432, 36.18534294839488), (-21.492787147175108, 36.18435675547809), (-21.46024772804581, 36.18325222106665), (-21.427590061213692, 36.18202934584879), (-21.39481414828634, 36.180688130516174), (-21.36191999087478, 36.17922857576393), (-21.328907590593484, 36.17765068229061), (-21.295776949060347, 36.17595445079824), (-21.262528067896717, 36.174139881992254), (-21.229160948727372, 36.17220697658157), (-21.19567559318053, 36.170155735278534), (-21.162072002887843, 36.16798615879894), (-21.12835017948441, 36.165698247862025), (-21.094510124608764, 36.16329200319048), (-21.06055183990287, 36.16076742551043), (-21.02647532701214, 36.15812451555146), (-20.992280587585412, 36.155363274046586), (-20.957967623274975, 36.15248370173229), (-20.923536435736548, 36.14948579934847), (-20.888987026629287, 36.146369567638494), (-20.854319397615786, 36.14313500734917), (-20.819533550362078, 36.13978211923075), (-20.784629486537632, 36.13631090403693), (-20.749607207815355, 36.132721362524855), (-20.714466715871588, 36.129013495455105), (-20.679208012386113, 36.12518730359172), (-20.64383109904215, 36.12124278770218), (-20.608335977526355, 36.1171799485574), (-20.572722649528814, 36.112998786931755), (-20.536991116743057, 36.10869930360306), (-20.50114138086605, 36.104281499352574), (-20.46517344359819, 36.099745374965), (-20.42908730664332, 36.0950909312285), (-20.392882971708715, 36.090318168934644), (-20.35656044050508, 36.08542708887849), (-20.320119714746568, 36.08041769185852), (-20.28356079615076, 36.075289978676665), (-20.246883686438675, 36.07004395013829), (-20.21008838733477, 36.06467960705223), (-20.173174900566938, 36.059196950230735), (-20.136143227866505, 36.053595980489526), (-20.098993370968234, 36.04787669864775)]",True
1784490648.920004,0,-21.630427946960058,36.19354816865462,0.8422022207362352,227.85016333906017,-0.17886462657057856,-24.607893652523813,35.49776966482155,1.1200569810334338,224.0938899830171,-0.1792423756527839,-2.9774657055637554,-0.6957785038330755,0.2778547602971986,-3.7562733560430672,-0.00037774908220533643,"[(-21.61406726557895, 36.18914107941497), (-21.582785886096076, 36.1883008573152), (-21.551386112727183, 36.18734215453707), (-21.51986794704829, 36.186264971766775), (-21.48823139063887, 36.18506930969396), (-21.456476445081847, 36.183755169011725), (-21.424603111963602, 36.18232255041665), (-21.39261139287397, 36.18077145460875), (-21.360501289406233, 36.17910188229153), (-21.328272803157134, 36.17731383417194), (-21.295925935726867, 36.17540731096039), (-21.263460688719075, 36.173382313370745), (-21.230877063740863, 36.17123884212035), (-21.198175062402782, 36.16897689793001), (-21.165354686318842, 36.16659648152397), (-21.132415937106504, 36.16409759362995), (-21.099358816386676, 36.16148023497912), (-21.06618332578373, 36.15874440630614), (-21.032889466925486, 36.1558901083491), (-20.99947724144321, 36.15291734184956), (-20.96594665097163, 36.14982610755255), (-20.93229769714893, 36.14661640620655), (-20.898530381616734, 36.1432882385635), (-20.864644706020126, 36.139841605378805), (-20.83064067200764, 36.13627650741134), (-20.796518281231265, 36.13259294542342), (-20.762277535346445, 36.12879092018083), (-20.72791843601207, 36.12487043245282), (-20.69344098489049, 36.120831483012104), (-20.658845183647493, 36.116674072634844), (-20.624131033952338, 36.112398202100664), (-20.58929853747772, 36.108003872192654), (-20.554347695899796, 36.103491083697364), (-20.519278510898175, 36.0988598374048), (-20.484090984155912, 36.09411013410843), (-20.448785117359517, 36.089241974605194), (-20.413360912198947, 36.08425535969547), (-20.37781837036762, 36.07915029018311), (-20.3421574935624, 36.07392676687542), (-20.3063782834836, 36.06858479058317), (-20.270480741834987, 36.06312436212059), (-20.234464870323784, 36.05754548230537), (-20.19833067066066, 36.05184815195866), (-20.162078144559736, 36.04603237190506), (-20.125707293738582, 36.040098142972646)]",True
1784490648.9490812,0,-21.622254659584616,36.19540636802966,0.834175360619564,227.85016333906017,-0.17886462657057856,-24.5967542263893,35.49893781582877,1.120046144147819,224.0938899830171,-0.1792423756527839,-2.9744995668046847,-0.6964685522008907,0.2858707835282549,-3.7562733560430672,-0.00037774908220533643,"[(-21.606458131764867, 36.19067597383268), (-21.575915128046844, 36.189638188204256), (-21.54525360175165, 36.188481795713194), (-21.51447355443833, 36.187206797053506), (-21.483574987669382, 36.18581319292267), (-21.452557903010785, 36.18430098402166), (-21.421422302031974, 36.18267017105491), (-21.39016818630586, 36.18092075473033), (-21.35879555740882, 36.17905273575931), (-21.32730441692069, 36.17706611485672), (-21.29569476642479, 36.17496089274089), (-21.2639666075079, 36.172737070133635), (-21.23211994176026, 36.17039464776025), (-21.200154770775583, 36.16793362634948), (-21.168071096151053, 36.16535400663358), (-21.135868919487315, 36.16265578934826), (-21.10354824238849, 36.159838975232695), (-21.071109066462157, 36.156903565029566), (-21.038551393319366, 36.153849559484996), (-21.00587522457463, 36.1506769593486), (-20.973080561845936, 36.14738576537347), (-20.940167406754735, 36.14397597831616), (-20.907135760925943, 36.14044759893672), (-20.873985625987945, 36.13680062799864), (-20.84071700357259, 36.13303506626891), (-20.807329895315192, 36.12915091451799), (-20.77382430285454, 36.125148173519825), (-20.74020022783288, 36.12102684405181), (-20.70645767189593, 36.11678692689483), (-20.672596636692873, 36.11242842283324), (-20.638617123876358, 36.10795133265487), (-20.6045191351025, 36.10335565715103), (-20.57030267203088, 36.098641397116495), (-20.535967736324547, 36.09380855334952), (-20.50151432965001, 36.08885712665183), (-20.46694245367725, 36.08378711782863), (-20.432252110079716, 36.078598527688584), (-20.397443300534317, 36.07329135704385), (-20.362516026721426, 36.06786560671005), (-20.32747029032489, 36.062321277506285), (-20.292306093032014, 36.05665837025512), (-20.257023436533572, 36.0508768857826), (-20.221622322523803, 36.04497682491824), (-20.18610275270041, 36.03895818849503), (-20.150464728764565, 36.032820977349445)]",True
1784490648.9805455,0,-21.598076739867864,36.20075290560846,0.8181487432624821,227.85016333906017,-0.17886462657057856,-24.563381903767905,35.50284774298963,1.1200245069675807,224.0938899830171,-0.1792423756527839,-2.965305163900041,-0.6979051626188308,0.3018757637050986,-3.7562733560430672,-0.00037774908220533643,"[(-21.584012568218206, 36.19561982055842), (-21.555426552022293, 36.19407779972296), (-21.52672167254874, 36.192416837962476), (-21.49789793131098, 36.19063693599133), (-21.46895532982596, 36.18873809452739), (-21.439893869614124, 36.186720314292046), (-21.41071355219942, 36.18458359601021), (-21.381414379109312, 36.182327940410275), (-21.35199635187476, 36.179953348224174), (-21.322459472030236, 36.17745982018734), (-21.292803741113705, 36.174847357038715), (-21.26302916066665, 36.17211595952077), (-21.233135732234054, 36.169265628379456), (-21.203123457364406, 36.16629636436428), (-21.172992337609696, 36.163208168228216), (-21.142742374525422, 36.160001040727785), (-21.112373569670588, 36.156674982623), (-21.081885924607697, 36.153229994677396), (-21.051279440902764, 36.149666077658004), (-21.020554120125304, 36.14598323233539), (-20.989709963848338, 36.14218145948361), (-20.95874697364839, 36.13826075988025), (-20.927665151105487, 36.13422113430638), (-20.896464497803166, 36.13006258354662), (-20.865145015328462, 36.12578510838907), (-20.833706705271922, 36.12138870962535), (-20.802149569227584, 36.11687338805061), (-20.770473608793, 36.11223914446348), (-20.738678825569227, 36.10748597966612), (-20.70676522116082, 36.102613894464206), (-20.674732797175835, 36.0976228896669), (-20.642581555225846, 36.09251296608691), (-20.610311496925917, 36.08728412454042), (-20.57792262389462, 36.08193636584715), (-20.54541493775403, 36.07646969083033), (-20.512788440129725, 36.07088410031668), (-20.480043132650792, 36.06517959513646), (-20.447179016949814, 36.05935617612342), (-20.414196094662877, 36.05341384411482), (-20.381094367429576, 36.047352599951445), (-20.347873836893005, 36.04117244447758), (-20.31453450469976, 36.03487337854103), (-20.28107637249995, 36.028455402993096), (-20.247499441947173, 36.0219185186886), (-20.21380371469854, 36.01526272648587)]",True
1784490649.0256326,0,-21.51178703715682,36.2215425620548,0.8017823979465314,227.85016333906017,-0.17886462657057856,-24.441217654755135,35.518792552802424,1.1200024111281686,224.0938899830171,-0.1792423756527839,-2.929430617598314,-0.7027500092523766,0.3182200131816372,-3.7562733560430672,-0.00037774908220533643,"[(-21.576575122320705, 36.197246478063605), (-21.548558974831277, 36.19555416622865), (-21.52042385808843, 36.19374280944237), (-21.492169773592384, 36.19181240842529), (-21.46379672284687, 36.18976296390149), (-21.435304707359137, 36.18759447659854), (-21.40669372863995, 36.185306947247575), (-21.3779637882036, 36.18290037658323), (-21.349114887567886, 36.18037476534366), (-21.320147028254116, 36.17773011427055), (-21.291060211787133, 36.17496642410912), (-21.261854439695288, 36.1720836956081), (-21.23252971351045, 36.16908192951974), (-21.203086034768, 36.165961126599825), (-21.17352340500684, 36.16272128760765), (-21.14384182576939, 36.15936241330605), (-21.11404129860158, 36.15588450446137), (-21.08412182505286, 36.15228756184348), (-21.054083406676202, 36.14857158622578), (-21.023926045028084, 36.144736578385185), (-20.993649741668506, 36.14078253910215), (-20.963254498160982, 36.13670946916063), (-20.932740316072543, 36.132517369348115), (-20.902107196973734, 36.12820624045561), (-20.871355142438624, 36.12377608327766), (-20.840484154044788, 36.11922689861232), (-20.809494233373314, 36.114558687261166), (-20.77838538200882, 36.10977145002931), (-20.74715760153943, 36.104865187725366), (-20.71581089355678, 36.09983990116149), (-20.684345259656034, 36.09469559115335), (-20.65276070143586, 36.08943225852014), (-20.621057220498443, 36.08404990408458), (-20.589234818449487, 36.07854852867291), (-20.557293496898208, 36.07292813311489), (-20.52523325745734, 36.067188718243806), (-20.493054101743134, 36.06133028489646), (-20.46075603137535, 36.055352833913176), (-20.428339047977264, 36.04925636613781), (-20.39580315317567, 36.04304088241774), (-20.363148348600877, 36.036706383603864), (-20.330374635886706, 36.03025287055059), (-20.29748201667049, 36.02368034411587), (-20.264470492593084, 36.016988805161155), (-20.231340065298852, 36.010178254551434)]",True
1784490649.076025,0,-21.480937635616655,36.23022570876083,0.800766513154719,227.85016333906017,-0.17886462657057856,-24.396779967781455,35.524478739421774,1.120001039604668,225.35367151270978,-0.3465702609722072,-2.9158423321648,-0.705746969339053,0.319234526449949,-2.4964918263503932,-0.16770563440162867,"[(-21.537634497254455, 36.19535035383105), (-21.508408342853127, 36.192766855957075), (-21.479075039190764, 36.1900761320949), (-21.44963458773971, 36.18727818292598), (-21.420086989975484, 36.18437300913492), (-21.390432247376786, 36.181360611409545), (-21.360670361425484, 36.178240990440834), (-21.33080133360662, 36.17501414692295), (-21.300825165408412, 36.17168008155324), (-21.270741858322253, 36.16823879503224), (-21.240551413842713, 36.16469028806365), (-21.210253833467522, 36.16103456135437), (-21.1798491186976, 36.15727161561446), (-21.14933727103703, 36.15340145155719), (-21.118718291993073, 36.14942406989897), (-21.087992183076167, 36.14533947135942), (-21.057158945799912, 36.14114765666133), (-21.026218581681096, 36.13684862653068), (-20.99517109223967, 36.13244238169662), (-20.96401647899876, 36.127928922891485)]",True
1784490649.1255333,0,-21.450123155287308,36.238928787191895,0.8003296398090309,227.85016333906017,-0.17886462657057856,-24.3634126933467,35.52842586502229,1.1200005543155347,225.35367151270978,-0.3465702609722072,-2.9132895380593915,-0.7105029221696029,0.31967091450650376,-2.4964918263503932,-0.16770563440162867,"[(-21.513072854180983, 36.21133655740062), (-21.484723014698755, 36.2094399835393), (-21.456252072077586, 36.20742223079496), (-21.427660027847708, 36.205283299903876), (-21.39894688354297, 36.20302319160594), (-21.370112640700853, 36.2006419066447), (-21.34115730086247, 36.19813944576731), (-21.312080865572554, 36.19551580972459), (-21.282883336379474, 36.19277099927098), (-21.253564714835225, 36.18990501516454), (-21.224125002495423, 36.18691785816699), (-21.19456420091932, 36.18380952904368), (-21.164882311669796, 36.180580028563575), (-21.135079336313353, 36.1772293574993), (-21.10515527642012, 36.1737575166271), (-21.075110133563857, 36.17016450672685), (-21.04494390932195, 36.166450328582066), (-21.014656605275412, 36.1626149829799), (-20.984248223008887, 36.158658470711146), (-20.953718764110636, 36.154580792570215), (-20.92306823017256, 36.15038194935516), (-20.89229662279018, 36.146061941867664), (-20.861403943562642, 36.14162077091306), (-20.830390194092722, 36.13705843730029), (-20.79925537598682, 36.13237494184195), (-20.767999490854972, 36.12757028535427), (-20.73662254031083, 36.122644468657086), (-20.70512452597167, 36.11759749257391), (-20.67350544945841, 36.11242935793185), (-20.641765312395577, 36.10714006556168), (-20.60990411641134, 36.10172961629778), (-20.57792186313748, 36.09619801097818), (-20.545818554209415, 36.090545250444535), (-20.513594191266183, 36.08477133554214), (-20.48124877595045, 36.078876267119924), (-20.448782309908513, 36.07286004603044), (-20.416194794790282, 36.066722673129895), (-20.383486232249304, 36.060464149278104), (-20.350656623942747, 36.05408447533853), (-20.317705971531414, 36.04758365217826), (-20.284634276679714, 36.040961680668026), (-20.2514415410557, 36.03421856168219), (-20.21812776633105, 36.02735429609874), (-20.184692954181056, 36.02036888479931), (-20.15113710628464, 36.01326232866915)]",True
1784490649.1786618,0,-21.426937925926456,36.245157469957896,0.8001750599661325,227.85016333906017,-0.17886462657057856,-24.318896407759972,35.533459323047175,1.1200002410968506,225.35367151270978,-0.3465702609722072,-2.891958481833516,-0.7116981469107202,0.3198251811307181,-2.4964918263503932,-0.16770563440162867,"[(-21.513528168135092, 36.21129772805459), (-21.486308043295224, 36.20919885069584), (-21.45896868874285, 36.20698067158903), (-21.43151010595361, 36.204643191466246), (-21.403932296406673, 36.2021864110631), (-21.37623526158473, 36.19961033111874), (-21.348419002973987, 36.196914952375835), (-21.320483522064176, 36.19410027558058), (-21.292428820348555, 36.19116630148272), (-21.264254899323902, 36.188113030835495), (-21.235961760490515, 36.1849404643957), (-21.207549405352218, 36.18164860292366), (-21.179017835416353, 36.17823744718321), (-21.150367052193793, 36.17470699794172), (-21.121597057198922, 36.1710572559701), (-21.09270785194965, 36.16728822204278), (-21.06369943796741, 36.16339989693771), (-21.03457181677716, 36.159392281436396), (-21.005324989907372, 36.15526537632384), (-20.975958958890043, 36.15101918238859), (-20.946473725260695, 36.14665370042271), (-20.91686929055837, 36.14216893122181), (-20.88714565632563, 36.13756487558502), (-20.857302824108555, 36.13284153431499), (-20.827340795456756, 36.12799890821791), (-20.79725957192336, 36.123036998103494), (-20.767059155065013, 36.117955804784984), (-20.736739546441886, 36.11275532907914), (-20.706300747617668, 36.10743557180628), (-20.67574276015957, 36.10199653379021), (-20.645065585638328, 36.096438215858285), (-20.614269225628192, 36.090760618841394), (-20.58335368170694, 36.084963743573944), (-20.552318955455863, 36.07904759089387), (-20.521165048459775, 36.07301216164264), (-20.48989196230702, 36.06685745666523), (-20.45849969858945, 36.06058347681018), (-20.42698825890244, 36.05419022292953), (-20.395357644844896, 36.04767769587885), (-20.363607858019233, 36.041045896517254), (-20.331738900031386, 36.034294825707356), (-20.299750772490817, 36.027424484315326), (-20.26764347701051, 36.02043487321084), (-20.235417015206956, 36.01332599326711), (-20.20307138870018, 36.00609784536088)]",True
1784490649.2352757,0,-21.403753954943507,36.25137744888941,0.8000929707367197,227.85016333906017,-0.17886462657057856,-24.28552860057613,35.53740101005478,1.120000130270005,225.35367151270978,-0.3465702609722072,-2.881774645632621,-0.7139764388346279,0.3199071595332852,-2.4964918263503932,-0.16770563440162867,"[(-21.443012262760238, 36.230681123852385), (-21.41434965911508, 36.229048529599694), (-21.38556820391174, 36.22729700621573), (-21.35666789866511, 36.22542655441715), (-21.32764874489358, 36.22343717492411), (-21.298510744119056, 36.22132886846029), (-21.26925389786694, 36.219101635752885), (-21.239878207666138, 36.21675547753259), (-21.21038367504906, 36.2142903945336), (-21.180770301551615, 36.211706387493635), (-21.151038088713218, 36.209003457153926), (-21.121187038076787, 36.20618160425921), (-21.09121715118874, 36.20324082955772), (-21.061128429599005, 36.20018113380122), (-21.030920874861007, 36.19700251774498), (-21.000594488531664, 36.19370498214776), (-20.97014927217142, 36.19028852777185), (-20.9395852273442, 36.186753155383045), (-20.908902355617442, 36.183098865750644), (-20.878100658562087, 36.17932565964746), (-20.847180137752567, 36.17543353784982), (-20.81614079476683, 36.17142250113755), (-20.784982631186317, 36.167292550293986), (-20.753705648595975, 36.163043686105986), (-20.722309848584253, 36.15867590936391), (-20.6907952327431, 36.15418922086161), (-20.659161802667967, 36.149583621396474), (-20.627409559957812, 36.144859111769385), (-20.595538506215085, 36.14001569278474), (-20.563548643045745, 36.13505336525045), (-20.53143997205925, 36.129972129977915), (-20.499212494868562, 36.12477198778206), (-20.46686621309014, 36.11945293948132), (-20.434401128343946, 36.11401498589763), (-20.401817242253447, 36.108458127856444), (-20.369114556445606, 36.102782366186716), (-20.33629307255089, 36.096987701720906), (-20.30335279220327, 36.091074135294996), (-20.27029371704021, 36.08504166774846), (-20.237115848702683, 36.0788902999243), (-20.203819188835155, 36.072620032669015), (-20.1704037390856, 36.066230866832605), (-20.136869501105487, 36.05972280326859), (-20.10321647654979, 36.053095842834), (-20.069444667076986, 36.04634998638936)]",True
1784490649.2756956,0,-21.372773425140988,36.259400058267836,0.8000399881359418,227.85016333906017,-0.17886462657057856,-24.239958036941772,35.54326139685884,1.2332636479674706,225.35367151270978,-0.3465702609722072,-2.867184611800784,-0.7161386614089977,0.4332236598315288,-2.4964918263503932,-0.16770563440162867,"[(-21.428857321104076, 36.23482926336061), (-21.40135929143239, 36.23297564317855), (-21.37374223894817, 36.23100292637661), (-21.346006165138196, 36.22891111368106), (-21.318151071492757, 36.226700205821665), (-21.290176959505672, 36.22437020353175), (-21.26208383067429, 36.22192110754815), (-21.233871686499473, 36.219352918611236), (-21.20554052848561, 36.216665637464914), (-21.177090358140614, 36.21385926485661), (-21.14852117697592, 36.21093380153729), (-21.119832986506484, 36.20788924826144), (-21.091025788250786, 36.204725605787075), (-21.06209958373083, 36.20144287487575), (-21.033054374472144, 36.19804105629254), (-21.003890162003774, 36.19452015080605), (-20.974606947858295, 36.19088015918842), (-20.945204733571796, 36.18712108221531), (-20.915683520683896, 36.183242920665926), (-20.886043310737733, 36.17924567532298), (-20.85628410527997, 36.17512934697274), (-20.82640590586078, 36.17089393640497), (-20.79640871403388, 36.166539444413004), (-20.76629253135649, 36.162065871793665), (-20.736057359389363, 36.15747321934733), (-20.705703199696767, 36.152761487877896), (-20.675230053846498, 36.147930678192786), (-20.64463792340987, 36.142980791102964), (-20.613926809961722, 36.137911827422904), (-20.58309671508041, 36.13272378797063), (-20.552147640347815, 36.12741667356769), (-20.521079587349337, 36.121990485039134), (-20.489892557673905, 36.116445223213574), (-20.458586552913957, 36.11078088892314), (-20.427161574665462, 36.10499748300349), (-20.395617624527905, 36.0990950062938), (-20.363954704104295, 36.09307345963679), (-20.33217281500116, 36.08693284387871), (-20.30027195882856, 36.08067315986931), (-20.268252137200058, 36.07429440846191), (-20.236113351732747, 36.067796590513325), (-20.20385560404725, 36.06117970688391), (-20.171478895767688, 36.05444375843756), (-20.138983228521727, 36.04758874604167), (-20.10636860394054, 36.04061467056719)]",True
1784490649.355208,0,-21.35735700642296,36.26368309416314,0.8000262273649043,227.85016333906017,-0.17886462657057856,-24.214526772381298,35.547004035334936,1.3360119334185425,225.35367151270978,-0.3465702609722072,-2.8571697659583393,-0.7166790588282055,0.5359857060536383,-2.4964918263503932,-0.16770563440162867,"[(-21.40725163474554, 36.24074815335363), (-21.381196566525762, 36.23858693509227), (-21.355022197892502, 36.23630634736941), (-21.32872853029883, 36.233906390925036), (-21.302315565201372, 36.231387066502734), (-21.275783304060305, 36.22874837484964), (-21.24913174833936, 36.225990316716434), (-21.222360899505823, 36.22311289285738), (-21.195470759030535, 36.22011610403028), (-21.16846132838789, 36.21699995099651), (-21.141332609055837, 36.213764434520996), (-21.11408460251587, 36.21040955537224), (-21.08671731025305, 36.20693531432228), (-21.059230733755978, 36.20334171214673), (-21.03162487451682, 36.199628749624765), (-21.003899734031286, 36.195796427539115), (-20.976055313798643, 36.19184474667606), (-20.948091615321715, 36.187773707825464), (-20.920008640106875, 36.18358331178072), (-20.891806389664048, 36.17927355933881), (-20.86348486550671, 36.174844451300245), (-20.8350440691519, 36.17029598846912), (-20.806484002120197, 36.16562817165308), (-20.77780466593574, 36.160841001663336), (-20.74900606212622, 36.155934479314645), (-20.720088192222885, 36.150908605425336), (-20.69105105776053, 36.145763380817286), (-20.661894660277497, 36.14049880631594), (-20.632619001315692, 36.1351148827503), (-20.603224082420567, 36.12961161095293), (-20.573709905141126, 36.12398899175994), (-20.544076471029925, 36.118247026011005), (-20.514323781643075, 36.11238571454937), (-20.48445183854024, 36.106405058221824), (-20.454460643284637, 36.10030505787872), (-20.424350197443026, 36.09408571437398), (-20.394120502585725, 36.08774702856507), (-20.363771560286608, 36.08128900131302), (-20.33330337212309, 36.074711633482416), (-20.302715939676148, 36.068014925941405), (-20.272009264530308, 36.0611988795617), (-20.241183348273644, 36.05426349521856), (-20.210238192497783, 36.0472087737908), (-20.17917379879791, 36.04003471616081), (-20.147990168772747, 36.03274132321453)]",True
1784490649.4125235,0,-21.334324294301492,36.27042959713987,0.8000139335652668,227.85016333906017,-0.17886462657057856,-24.176502477700513,35.552499288650075,1.234712585880946,225.35367151270978,-0.3465702609722072,-2.842178183399021,-0.717930308489791,0.43469865231567917,-2.4964918263503932,-0.16770563440162867,"[(-21.385328851474796, 36.246704726304785), (-21.360426691091476, 36.24428808482814), (-21.335405015471377, 36.24175186293219), (-21.310263826040075, 36.23909606136821), (-21.285003124226716, 36.23632068089106), (-21.259622911464028, 36.2334257222592), (-21.23412318918832, 36.230411186234655), (-21.208503958839476, 36.22727707358304), (-21.182765221860954, 36.22402338507355), (-21.156906979699794, 36.22065012147897), (-21.130929233806615, 36.21715728357566), (-21.104831985635613, 36.21354487214357), (-21.078615236644552, 36.209812887966244), (-21.052278988294784, 36.205961331830785), (-21.025823242051235, 36.20199020452789), (-20.999247999382405, 36.19789950685184), (-20.97255326176038, 36.19368923960051), (-20.945739030660814, 36.18935940357534), (-20.91880530756294, 36.184909999581365), (-20.89175209394957, 36.18034102842719), (-20.86457939130709, 36.175652490925025), (-20.837287201125466, 36.17084438789064), (-20.809875524898242, 36.1659167201434), (-20.782344364122533, 36.16086948850625), (-20.754693720299038, 36.15570269380572), (-20.72692359493202, 36.15041633687192), (-20.699033989529333, 36.14501041853854), (-20.6710249056024, 36.13948493964286), (-20.64289634466622, 36.133839901025745), (-20.61464830823937, 36.128075303531624), (-20.586280797844005, 36.122191148008525), (-20.557793815005848, 36.116187435308056), (-20.52918736125421, 36.110064166285404), (-20.500461438121967, 36.103821341799346), (-20.47161604714558, 36.09745896271223), (-20.442651189865085, 36.09097702988999), (-20.413566867824084, 36.08437554420215), (-20.384363082569767, 36.07765450652181), (-20.35503983565289, 36.070813917725644), (-20.32559712862779, 36.063853778693925), (-20.296034963052378, 36.0567740903105), (-20.26635334048814, 36.04957485346279), (-20.23655226250014, 36.042256069041805), (-20.206631730657012, 36.03481773794215), (-20.176591746530974, 36.027259861061985)]",True
1784490649.4596436,0,-21.32666259242431,36.27273180931981,0.8000112856685138,227.85016333906017,-0.17886462657057856,-24.16440210340273,35.55432940527178,1.2128942529533344,225.35367151270978,-0.3465702609722072,-2.8377395109784196,-0.7184024040480281,0.41288296728482066,-2.4964918263503932,-0.16770563440162867,"[(-21.377958641575727, 36.24868544796491), (-21.35338649044219, 36.24619285956453), (-21.328694761017527, 36.24358062880848), (-21.303883454719426, 36.2408487564514), (-21.278952572969168, 36.237997243251506), (-21.253902117191615, 36.23502608997061), (-21.228732088815214, 36.23193529737412), (-21.203442489271993, 36.22872486623103), (-21.17803331999757, 36.225394797313925), (-21.152504582431146, 36.22194509139898), (-21.126856278015506, 36.21837574926596), (-21.101088408197015, 36.21468677169822), (-21.07520097442563, 36.21087815948271), (-21.049193978154893, 36.206949913409964), (-21.023067420841915, 36.20290203427411), (-20.996821303947414, 36.19873452287286), (-20.970455628935674, 36.194447380007524), (-20.943970397274576, 36.190040606483), (-20.91736561043557, 36.18551420310778), (-20.89064126989371, 36.18086817069393), (-20.86379737712761, 36.17610251005712), (-20.83683393361949, 36.17121722201661), (-20.809750940855142, 36.16621230739524), (-20.782548400323943, 36.16108776701945), (-20.755226313518857, 36.155843601719276), (-20.727784681936427, 36.15047981232832), (-20.70022350707678, 36.14499639968379), (-20.672542790443632, 36.139393364626486), (-20.644742533544274, 36.133670708000786), (-20.616822737889592, 36.12782843065466), (-20.58878340499404, 36.12186653343968), (-20.560624536375666, 36.115785017210996), (-20.5323461335561, 36.10958388282735), (-20.50394819806055, 36.103263131151074), (-20.475430731417813, 36.09682276304808), (-20.446793735160263, 36.09026277938789), (-20.41803721082386, 36.0835831810436), (-20.389161159948152, 36.076783968891895), (-20.360165584076263, 36.06986514381305), (-20.331050484754897, 36.06282670669093), (-20.301815863534348, 36.055668658413), (-20.272461721968487, 36.04839099987029), (-20.242988061614774, 36.04099373195745), (-20.213394884034244, 36.03347685557269), (-20.18368219079152, 36.02584037161782)]",True
1784490649.5159738,0,-21.31900212266343,36.27503804097826,0.8000091414017231,227.85016333906017,-0.17886462657057856,-24.152513740085364,35.556237824884434,1.1952257669485544,225.35367151270978,-0.3465702609722072,-2.8335116174219337,-0.7188002160938254,0.39521662554683135,-2.4964918263503932,-0.16770563440162867,"[(-21.370549113747433, 36.25062009669265), (-21.346282231685922, 36.248052926771926), (-21.321895711920618, 36.24536605613069), (-21.297389555861926, 36.24255948552684), (-21.272763764923845, 36.23963321572185), (-21.24801834052397, 36.236587247480806), (-21.223153284083484, 36.23342158157238), (-21.198168597027163, 36.23013621876885), (-21.173064280783368, 36.22673115984609), (-21.147840336784064, 36.22320640558357), (-21.122496766464796, 36.219561956764345), (-21.097033571264706, 36.21579781417509), (-21.071450752626525, 36.211913978606056), (-21.04574831199657, 36.2079104508511), (-21.019926250824756, 36.20378723170768), (-20.99398457056459, 36.19954432197684), (-20.967923272673158, 36.195181722463225), (-20.94174235861115, 36.190699433975084), (-20.915441829842848, 36.18609745732425), (-20.88902168783611, 36.18137579332616), (-20.862481934062394, 36.17653444279984), (-20.83582256999675, 36.17157340656793), (-20.80904359711781, 36.166492685456646), (-20.782145016907805, 36.16129228029581), (-20.755126830852554, 36.15597219191884), (-20.727989040441468, 36.15053242116275), (-20.70073164716754, 36.14497296886815), (-20.67335465252736, 36.13929383587924), (-20.64585805802111, 36.133495023043835), (-20.618241865152548, 36.12757653121332), (-20.590506075429044, 36.12153836124269), (-20.56265069036154, 36.11538051399054), (-20.534675711464576, 36.109102990319045), (-20.506581140256277, 36.102705791093996), (-20.47836697825836, 36.09618891718477), (-20.450033226996137, 36.089552369464336), (-20.4215798879985, 36.082796148809265), (-20.393006962797937, 36.07592025609972), (-20.36431445293052, 36.06892469221946), (-20.33550235993591, 36.06180945805585), (-20.306570685357364, 36.05457455449982), (-20.277519430741727, 36.04721998244594), (-20.248348597639424, 36.039745742792334), (-20.219058187604478, 36.03215183644075), (-20.1896482021945, 36.024438264296506)]",True
1784490649.5993762,0,-21.280624511393196,36.28631043117836,0.8000031912460493,227.85016333906017,-0.17886462657057856,-24.09488254587092,35.56525248521144,1.1461972399439992,225.35367151270978,-0.3465702609722072,-2.8142580344777244,-0.7210579459669191,0.3461940486979499,-2.4964918263503932,-0.16770563440162867,"[(-21.355650236088, 36.25446484909132), (-21.331929086933275, 36.2517597637112), (-21.308088198232795, 36.248934877663686), (-21.28412757138376, 36.24599019171256), (-21.260047207786965, 36.24292570662521), (-21.235847108846816, 36.23974142317264), (-21.211527275971314, 36.23643734212946), (-21.18708771057207, 36.233013464273895), (-21.162528414064287, 36.22946979038776), (-21.137849387866783, 36.225806321256485), (-21.113050633401976, 36.22202305766912), (-21.088132152095877, 36.21812000041831), (-21.06309394537811, 36.21409715030032), (-21.037936014681897, 36.209954508115004), (-21.01265836144406, 36.20569207466585), (-20.987260987105028, 36.20130985075993), (-20.96174389310883, 36.19680783720793), (-20.9361070809031, 36.192186034824154), (-20.910350551939064, 36.187444444426504), (-20.88447430767156, 36.18258306683649), (-20.85847834955903, 36.17760190287924), (-20.832362679063507, 36.17250095338348), (-20.80612729765063, 36.167280219181535), (-20.779772206789648, 36.161939701109354), (-20.7532974079534, 36.15647940000649), (-20.72670290261833, 36.1508993167161), (-20.699988692264494, 36.145199452084945), (-20.67315477837553, 36.139379806963404), (-20.64620116243869, 36.13344038220545), (-20.619127845944828, 36.12738117866867), (-20.591934830388396, 36.12120219721427), (-20.564622117267444, 36.11490343870703), (-20.537189708083627, 36.10848490401538), (-20.509637604342206, 36.10194659401132), (-20.481965807552033, 36.09528850957048), (-20.45417431922557, 36.088510651572086), (-20.42626314087887, 36.08161302089898), (-20.398232274031596, 36.0745956184376), (-20.370081720207004, 36.067458445077996), (-20.34181148093196, 36.06020150171383), (-20.31342155773692, 36.05282478924235), (-20.284911952155948, 36.04532830856444), (-20.256282665726705, 36.03771206058458), (-20.227533699990452, 36.02997604621084), (-20.198665056492057, 36.02212026635492)]",True
1784490649.7406151,0,-21.25003044838396,36.295687837293436,0.8000013791649447,227.85016333906017,-0.17886462657057856,-24.049844848589057,35.57179097929086,1.1312659218006933,225.35367151270978,-0.3465702609722072,-2.799814400205097,-0.7238968580025755,0.33126454263574856,-2.4964918263503932,-0.16770563440162867,"[(-21.301309960698322, 36.269976383760884), (-21.277148129534314, 36.26744563836888), (-21.25286666298353, 36.2647951947745), (-21.228465562453145, 36.26202505373449), (-21.203944829353933, 36.2591352160092), (-21.179304465100255, 36.25612568236257), (-21.154544471110064, 36.25299645356216), (-21.129664848804907, 36.2497475303791), (-21.104665599609916, 36.24637891358813), (-21.07954672495382, 36.24289060396758), (-21.05430822626893, 36.23928260229938), (-21.02895010499116, 36.23555490936907), (-21.003472362560014, 36.23170752596576), (-20.977875000418575, 36.22774045288217), (-20.952158020013524, 36.223653690914624), (-20.92632142279513, 36.219447240863026), (-20.90036521021726, 36.21512110353089), (-20.874289383737363, 36.21067527972532), (-20.84809394481648, 36.20610977025702), (-20.82177889491925, 36.201424575940294), (-20.795344235513895, 36.19661969759303), (-20.76878996807222, 36.191695136036714), (-20.742116094069637, 36.18665089209644), (-20.715322614985137, 36.18148696660088), (-20.6884095323013, 36.176203360382324), (-20.661376847504307, 36.17080007427664), (-20.634224562083915, 36.1652771091233), (-20.60695267753348, 36.15963446576537), (-20.579561195349946, 36.15387214504951), (-20.552050117033843, 36.147990147825986), (-20.524419444089297, 36.14198847494864), (-20.496669178024018, 36.13586712727493), (-20.468799320349305, 36.12962610566589), (-20.440809872580054, 36.12326541098618), (-20.412700836234745, 36.11678504410402), (-20.38447221283544, 36.110185005891246), (-20.356124003907805, 36.10346529722328), (-20.327656210981086, 36.09662591897915), (-20.29906883558812, 36.08966687204148), (-20.270361879265334, 36.08258815729646), (-20.24153534355274, 36.07538977563393), (-20.21258922999395, 36.06807172794727), (-20.183523540136147, 36.06063401513349), (-20.154338275530115, 36.053076638093174), (-20.125033437730227, 36.04539959773052)]",True
1784490649.7945242,0,-21.164552909269688,36.32655039583618,0.8957977971738329,229.0135025514559,-0.30548162265143597,-23.92744664956798,35.589493767705996,1.121106429934192,225.35367151270978,-0.3465702609722072,-2.762893740298292,-0.7370566281301834,0.22530863276035906,-3.6598310387461197,-0.041088638320771254,"[(-21.21882400112393, 36.29515820591222), (-21.196256212986953, 36.29237064343272), (-21.173568500828058, 36.28946309924955), (-21.150760866015347, 36.286435574132184), (-21.127833309920533, 36.28328806885369), (-21.10478583391896, 36.2800205841908), (-21.081618439389594, 36.27663312092385), (-21.058331127715025, 36.27312567983681), (-21.034923900281463, 36.26949826171729), (-21.011396758478746, 36.26575086735651), (-20.98774970370033, 36.261883497549334), (-20.963982737343304, 36.25789615309425), (-20.940095860808366, 36.253788834793376), (-20.91608907549985, 36.24956154345245), (-20.891962382825707, 36.24521427988085), (-20.867715784197504, 36.24074704489157), (-20.843349281030445, 36.236159839301244), (-20.818862874743346, 36.23145266393013), (-20.794256566758648, 36.2266255196021), (-20.769530358502422, 36.22167840714469), (-20.744684251404355, 36.21661132738902), (-20.719718246897752, 36.21142428116986), (-20.694632346419553, 36.206117269325624), (-20.66942655141031, 36.200690292698326), (-20.6441008633142, 36.19514335213362), (-20.618655283579024, 36.18947644848078), (-20.593089813656203, 36.18368958259273), (-20.567404455000784, 36.17778275532599), (-20.541599209071432, 36.17175596754074), (-20.515674077330434, 36.16560922010076), (-20.489629061243704, 36.159342513873476), (-20.46346416228077, 36.152955849729935), (-20.437179381914788, 36.1464492285448), (-20.410774721622538, 36.13982265119639), (-20.38425018288441, 36.13307611856662), (-20.35760576718443, 36.12620963154105), (-20.33084147601024, 36.11922319100887), (-20.303957310853093, 36.11211679786289), (-20.276953273207884, 36.10489045299954), (-20.24982936457311, 36.09754415731889), (-20.2225855864509, 36.09007791172464), (-20.195221940347004, 36.08249171712411), (-20.16773842777079, 36.07478557442823), (-20.140135050235248, 36.06695948455159), (-20.112411809256987, 36.05901344841238)]",True
1784490649.8357692,0,-21.15617985239043,36.329468089159654,0.8775770584187306,229.0135025514559,-0.30548162265143597,-23.90542734454262,35.59370238302117,1.1207255718821696,225.35367151270978,-0.3465702609722072,-2.7492474921521897,-0.735765706138487,0.24314851346343902,-3.6598310387461197,-0.041088638320771254,"[(-21.204090327942183, 36.30041962568808), (-21.181863112280777, 36.297606870625565), (-21.15951592596963, 36.294674088255135), (-21.137048770368065, 36.291621279347886), (-21.114461646839032, 36.288448444678544), (-21.091754556749112, 36.28515558502547), (-21.06892750146851, 36.28174270117066), (-21.045980482371068, 36.278209793899734), (-21.022913500834246, 36.27455686400196), (-20.999726558239143, 36.27078391227023), (-20.976419655970478, 36.26689093950108), (-20.95299279541661, 36.26287794649467), (-20.929445977969518, 36.258744934054796), (-20.90577920502481, 36.254491902988896), (-20.88199247798173, 36.25011885410803), (-20.85808579824314, 36.2456257882269), (-20.834059167215532, 36.24101270616384), (-20.809912586309036, 36.23627960874082), (-20.785646056937402, 36.23142649678344), (-20.76125958051801, 36.22645337112093), (-20.73675315847187, 36.22136023258616), (-20.712126792223614, 36.216147082015624), (-20.687380483201512, 36.210813920249464), (-20.66251423283745, 36.20536074813145), (-20.637528042566952, 36.199787566508974), (-20.612421913829166, 36.194094376233075), (-20.58719584806687, 36.18828117815843), (-20.56184984672646, 36.18234797314332), (-20.53638391125798, 36.1762947620497), (-20.510798043115074, 36.17012154574312), (-20.485092243755037, 36.163828325092794), (-20.459266514638784, 36.15741510097155), (-20.433320857230854, 36.15088187425585), (-20.407255272999414, 36.1442286458258), (-20.381069763416264, 36.137455416565125), (-20.354764329956822, 36.13056218736119), (-20.32833897410014, 36.123548959105), (-20.3017936973289, 36.11641573269118), (-20.2751285011294, 36.109162509018), (-20.248343386991575, 36.10178928898735), (-20.221438356408978, 36.09429607350476), (-20.1944134108788, 36.08668286347938), (-20.16726855190185, 36.07894965982402), (-20.140003780982564, 36.0710964634551), (-20.11261909962901, 36.063123275292675)]",True
1784490649.885163,0,-21.123830406544183,36.340259075891204,0.833361416801925,229.0135025514559,-0.30548162265143597,-23.872597357600352,35.60091850812647,1.1203853153246648,225.35367151270978,-0.3465702609722072,-2.7487669510561688,-0.7393405677647351,0.2870238985227398,-3.6598310387461197,-0.041088638320771254,"[(-21.18267056144891, 36.308495833702175), (-21.161466333833086, 36.30550829406413), (-21.14014195909957, 36.30240055400604), (-21.118697438582036, 36.29917261430742), (-21.097132773617822, 36.29582447575146), (-21.075447965547912, 36.292356139124976), (-21.05364301571694, 36.28876760521847), (-21.031717925473185, 36.28505887482607), (-21.00967269616858, 36.281229948745576), (-20.987507329158703, 36.27728082777843), (-20.965221825802782, 36.273211512729745), (-20.9428161874637, 36.269022004408264), (-20.920290415507978, 36.264712303626396), (-20.897644511305796, 36.260282411200215), (-20.874878476230972, 36.25573232794943), (-20.851992311660982, 36.251062054697414), (-20.82898601897695, 36.246271592271185), (-20.80585959956364, 36.241360941501426), (-20.782613054809474, 36.236330103222464), (-20.75924638610652, 36.231179078272284), (-20.73575959485049, 36.22590786749252), (-20.712152682440745, 36.22051647172847), (-20.6884256502803, 36.215004891829075), (-20.664578499775814, 36.20937312864693), (-20.640611232337594, 36.20362118303829), (-20.616523849379593, 36.19774905586305), (-20.59231635231942, 36.191756747984776), (-20.56798874257832, 36.18564426027067), (-20.54354102158119, 36.1794115935916), (-20.518973190756586, 36.173058748822086), (-20.4942852515367, 36.16658572684029), (-20.46947720535737, 36.159992528528036), (-20.444549053658093, 36.15327915477079), (-20.419500797881998, 36.146445606457696), (-20.39433243947587, 36.13949188448152), (-20.369043979890147, 36.1324179897387), (-20.343635420578902, 36.12522392312932), (-20.318106762999864, 36.117909685557116), (-20.292458008614407, 36.11047527792948), (-20.26668915888755, 36.10292070115746), (-20.240800215287965, 36.095245956155736), (-20.21479117928796, 36.08745104384267), (-20.1886620523635, 36.07953596514026), (-20.162412835994196, 36.07150072097415), (-20.136043531663297, 36.063345312273654)]",True
1784490649.9445107,0,-21.10026820109455,36.34781551992785,0.8177165004841066,229.0135025514559,-0.30548162265143597,-23.840064012309572,35.609341699696024,1.120204622951814,225.35367151270978,-0.3465702609722072,-2.7397958112150214,-0.7384738202318246,0.3024881224677075,-3.6598310387461197,-0.041088638320771254,"[(-21.117472495466938, 36.332054815746694), (-21.096002029185343, 36.32931507427842), (-21.074411395438386, 36.326455110529146), (-21.052700595568307, 36.32347492527113), (-21.030869630921, 36.320374519280264), (-21.008918502846004, 36.31715389333611), (-20.986847212696514, 36.313813048221895), (-20.96465576182937, 36.310351984724484), (-20.94234415160507, 36.3067707036344), (-20.919912383387757, 36.303069205745835), (-20.89736045854523, 36.299247491856626), (-20.874688378448937, 36.29530556276826), (-20.851896144473976, 36.291243419285905), (-20.828983757999094, 36.287061062218356), (-20.80595122040669, 36.28275849237808), (-20.78279853308281, 36.27833571058119), (-20.75952569741716, 36.27379271764746), (-20.736132714803087, 36.26912951440032), (-20.712619586637594, 36.26434610166685), (-20.688986314321326, 36.259442480277805), (-20.665232899258587, 36.25441865106757), (-20.641359342857328, 36.24927461487419), (-20.617365646529148, 36.24401037253937), (-20.593251811689296, 36.23862592490848), (-20.569017839756675, 36.23312127283053), (-20.544663732153833, 36.22749641715819), (-20.520189490306972, 36.221751358747795), (-20.49559511564594, 36.215886098459315), (-20.47088060960424, 36.20990063715639), (-20.446045973619018, 36.20379497570631), (-20.421091209131074, 36.19756911498002), (-20.396016317584852, 36.19122305585213), (-20.37082130042845, 36.18475679920088), (-20.345506159113615, 36.17817034590819), (-20.320070895095743, 36.171463696859625), (-20.29451550983388, 36.1646368529444), (-20.268840004790714, 36.157689815055384), (-20.243044381432597, 36.15062258408912), (-20.21712864122951, 36.14343516094578), (-20.191092785655105, 36.1361275465292), (-20.16493681618666, 36.128699741746885), (-20.138660734305123, 36.12115174750997), (-20.112264541495076, 36.11348356473326), (-20.085748239244754, 36.1056951943352), (-20.059111829046042, 36.0977866372379)]",True
1784490649.9769688,0,-21.08477608943674,36.352851650375854,0.8116180606335949,229.0135025514559,-0.30548162265143597,-23.818645301769504,35.615904899710344,1.1201341884704215,225.35367151270978,-0.3465702609722072,-2.7338692123327633,-0.7369467506655099,0.3085161278368266,-3.6598310387461197,-0.041088638320771254,"[(-21.093727117786862, 36.33969440049694), (-21.072442782528533, 36.336887465834714), (-21.05103826176463, 36.33396029157693), (-21.02951355683231, 36.33091287849822), (-21.007868669072376, 36.327745227376866), (-20.98610359982929, 36.32445733899481), (-20.96421835045116, 36.32104921413766), (-20.94221292228975, 36.31752085359467), (-20.920087316700485, 36.31387225815877), (-20.89784153504243, 36.31010342862652), (-20.875475578678316, 36.306214365798155), (-20.852989448974515, 36.30220507047758), (-20.830383147301056, 36.29807554347232), (-20.807656675031623, 36.293825785593604), (-20.78481003354355, 36.28945579765629), (-20.761843224217827, 36.2849655804789), (-20.738756248439095, 36.280355134883614), (-20.715549107595645, 36.27562446169627), (-20.692221803079423, 36.27077356174636), (-20.668774336286024, 36.26580243586704), (-20.6452067086147, 36.260711084895114), (-20.621518921468358, 36.255499509671054), (-20.597710976253545, 36.25016771103898), (-20.573782874380466, 36.244715689846686), (-20.549734617262985, 36.2391434469456), (-20.525566206318608, 36.233450983190814), (-20.5012776429685, 36.22763829944109), (-20.476868928637472, 36.22170539655884), (-20.45234006475399, 36.21565227541013), (-20.427691052750177, 36.20947893686468), (-20.402921894061794, 36.20318538179587), (-20.378032590128267, 36.19677161108074), (-20.353023142392665, 36.19023762559999), (-20.327893552301713, 36.18358342623797), (-20.30264382130579, 36.176809013882696), (-20.277273950858916, 36.16991438942582), (-20.251783942418772, 36.16289955376267), (-20.226173797446684, 36.15576450779222), (-20.20044351740763, 36.148509252417114), (-20.17459310377025, 36.14113378854364), (-20.148622558006814, 36.133638117081745), (-20.122531881593265, 36.12602223894503), (-20.09632107600918, 36.11828615505077), (-20.069990142737794, 36.11042986631987), (-20.043539083265994, 36.1024533736769)]",True
1784490650.027201,0,-21.061827103589284,36.36071291264509,0.806169746914962,229.0135025514559,-0.30548162265143597,-23.787090495924804,35.627443641270176,1.120071262679458,225.35367151270978,-0.3465702609722072,-2.7252633923355205,-0.7332692713749154,0.313901515764496,-3.6598310387461197,-0.041088638320771254,"[(-21.07820316033974, 36.34469245703257), (-21.05704295194847, 36.341842171333504), (-21.035762550074065, 36.3388716385445), (-21.014361956050152, 36.33578085944165), (-20.99284117121402, 36.33256983480472), (-20.971200196906608, 36.32923856541713), (-20.94943903447251, 36.32578705206594), (-20.92755768525997, 36.322215295541895), (-20.905556150620896, 36.318523296639384), (-20.883434431910842, 36.31471105615646), (-20.861192530489024, 36.31077857489483), (-20.838830447718298, 36.30672585365987), (-20.816348184965186, 36.3025528932606), (-20.793745743599857, 36.2982596945097), (-20.771023124996134, 36.29384625822353), (-20.7481803305315, 36.289312585222085), (-20.725217361587084, 36.28465867632903), (-20.70213421954767, 36.27988453237168), (-20.6789309058017, 36.27499015418102), (-20.655607421741266, 36.26997554259169), (-20.632163768762112, 36.26484069844197), (-20.608599948263638, 36.25958562257384), (-20.584915961648893, 36.254210315832886), (-20.561111810324586, 36.24871477906839), (-20.53718749570107, 36.24309901313329), (-20.51314301919236, 36.23736301888415), (-20.488978382216114, 36.23150679718124), (-20.464693586193654, 36.22553034888844), (-20.440288632549944, 36.21943367487333), (-20.41576352271361, 36.213216776007116), (-20.391118258116926, 36.20687965316468), (-20.366352840195816, 36.20042230722455), (-20.34146727038986, 36.19384473906893), (-20.316461550142293, 36.187146949583656), (-20.291335680899998, 36.180328939658246), (-20.266089664113508, 36.17339071018586), (-20.24072350123701, 36.16633226206333), (-20.21523719372835, 36.159153596191125), (-20.18963074304902, 36.151854713473384), (-20.163904150664163, 36.14443561481791), (-20.138057418042578, 36.13689630113615), (-20.112090546656713, 36.12923677334321), (-20.086003537982666, 36.12145703235787), (-20.059796393500196, 36.11355707910254), (-20.0334691146927, 36.10553691450331)]",True
1784490650.07875,0,-21.023724214544895,36.37348402182891,0.8021486109370858,229.0135025514559,-0.30548162265143597,-23.736268657601478,35.650896647395044,1.1200248202066039,225.35367151270978,-0.3465702609722072,-2.712544443056583,-0.7225873744338642,0.3178762092695181,-3.6598310387461197,-0.041088638320771254,"[(-21.04760348510634, 36.35481166045024), (-21.026673999554557, 36.351897890752525), (-21.0056243032408, 36.34886385753268), (-20.98445439749223, 36.34570956156905), (-20.963164283639653, 36.34243500364366), (-20.941753963017536, 36.33904018454217), (-20.920223436964005, 36.335525105053925), (-20.898572706820836, 36.33188976597192), (-20.876801773933465, 36.32813416809282), (-20.85491063965098, 36.32425831221693), (-20.832899305326134, 36.32026219914823), (-20.810767772315327, 36.31614582969437), (-20.788516041978614, 36.31190920466664), (-20.766144115679715, 36.30755232488001), (-20.743651994786, 36.30307519115309), (-20.72103968066849, 36.29847780430818), (-20.69830717470187, 36.29376016517121), (-20.675454478264477, 36.28892227457178), (-20.6524815927383, 36.28396413334317), (-20.629388519508996, 36.27888574232229), (-20.60617525996586, 36.273687102349726), (-20.58284181550185, 36.26836821426973), (-20.559388187513584, 36.2629290789302), (-20.535814377401326, 36.2573696971827), (-20.512120386569002, 36.251690069882464), (-20.48830621642419, 36.24589019788837), (-20.464371868378123, 36.23997008206297), (-20.440317343845695, 36.23392972327246), (-20.416142644245443, 36.22776912238672), (-20.39184777099957, 36.22148828027926), (-20.36743272553392, 36.21508719782727), (-20.34289750927801, 36.2085658759116), (-20.318242123664998, 36.20192431541676), (-20.293466570131702, 36.195162517230905), (-20.26857085011859, 36.18828048224586), (-20.243554965069787, 36.18127821135711), (-20.218418916433077, 36.1741557054638), (-20.19316270565989, 36.166912965468725), (-20.167786334205317, 36.15954999227836), (-20.142289803528094, 36.15206678680282), (-20.116673115090624, 36.14446334995589), (-20.090936270358956, 36.13673968265501), (-20.065079270802787, 36.12889578582128), (-20.039102117895485, 36.120931660379455), (-20.013004813114055, 36.11284730725796)]",True
1784490650.141847,0,-20.99321290169372,36.38331549139656,0.8009240002002063,229.0135025514559,-0.30548162265143597,-23.69737197884674,35.673110731564975,1.1200106764543862,225.35367151270978,-0.3465702609722072,-2.704159077153019,-0.7102047598315835,0.31908667625417997,-3.6598310387461197,-0.041088638320771254,"[(-21.017418562552646, 36.3654251020253), (-20.99668913205621, 36.36248957362507), (-20.975839460543895, 36.359433752074615), (-20.954869549337673, 36.356257638153494), (-20.933779399763182, 36.35296123264493), (-20.91256901314972, 36.349544536335806), (-20.89123839083025, 36.34600755001668), (-20.869787534141388, 36.34235027448176), (-20.848216444423414, 36.33857271052893), (-20.826525123020264, 36.33467485895974), (-20.80471357127953, 36.330656720579384), (-20.782781790552473, 36.326518296196745), (-20.760729782194005, 36.32225958662436), (-20.7385575475627, 36.317880592678435), (-20.716265088020794, 36.31338131517882), (-20.69385240493418, 36.30876175494906), (-20.67131949967241, 36.30402191281634), (-20.64866637360869, 36.29916178961152), (-20.625893028119897, 36.294181386169114), (-20.602999464586553, 36.289080703327315), (-20.57998568439285, 36.28385974192797), (-20.55685168892663, 36.27851850281659), (-20.5335974795794, 36.27305698684235), (-20.510223057746323, 36.267475194858086), (-20.48672842482622, 36.2617731277203), (-20.463113582221578, 36.255950786289176), (-20.439378531338527, 36.250008171428526), (-20.415523273586867, 36.243945284005854), (-20.39154781038006, 36.237762124892306), (-20.367452143135214, 36.23145869496271), (-20.3432362732731, 36.225034995095555), (-20.318900202218153, 36.21849102617298), (-20.294443931398455, 36.211826789080796), (-20.26986746224576, 36.205042284708476), (-20.245170796195467, 36.19813751394916), (-20.22035393468664, 36.19111247769965), (-20.195416879161993, 36.1839671768604), (-20.17035963106791, 36.17670161233554), (-20.145182191854428, 36.169315785032865), (-20.119884562975233, 36.161809695863816), (-20.09446674588768, 36.15418334574351), (-20.068928742052773, 36.146436735590726), (-20.04327055293518, 36.138569866327906), (-20.017492180003224, 36.130582738881145), (-19.991593624728885, 36.12247535418021)]",True
1784490650.1771514,0,-20.96305575860904,36.394089192329716,0.800397365886849,229.0135025514559,-0.30548162265143597,-23.659896402324193,35.69764778448266,1.1200045940438594,225.35367151270978,-0.3465702609722072,-2.696840643715152,-0.696441407847054,0.3196072281570105,-3.6598310387461197,-0.041088638320771254,"[(-20.98694952203369, 36.374953808210535), (-20.966353882411084, 36.37193729103531), (-20.945637978192227, 36.36880045774172), (-20.924801810695705, 36.365543309112205), (-20.90384538124376, 36.36216584593286), (-20.8827686911623, 36.358668068993445), (-20.861571741780903, 36.355049979087404), (-20.840254534432795, 36.351311577011835), (-20.818817070454873, 36.347452863567504), (-20.797259351187698, 36.34347383955885), (-20.775581377975485, 36.33937450579397), (-20.75378315216612, 36.33515486308463), (-20.73186467511114, 36.330814912246275), (-20.709825948165758, 36.326354654098), (-20.687666972688838, 36.32177408946257), (-20.66538775004291, 36.31707321916643), (-20.642988281594164, 36.312252044039674), (-20.620468568712454, 36.307310564916065), (-20.597828612771295, 36.30224878263305), (-20.575068415147857, 36.29706669803172), (-20.552187977222985, 36.29176431195685), (-20.52918730038117, 36.28634162525686), (-20.506066386010577, 36.280798638783864), (-20.48282523550302, 36.27513535339362), (-20.459463850253993, 36.269351769945565), (-20.435982231662628, 36.263447889302796), (-20.412380381131737, 36.25742371233208), (-20.38865830006778, 36.25127923990384), (-20.36481598988089, 36.24501447289217), (-20.340853451984845, 36.238629412174845), (-20.316770687797103, 36.23212405863329), (-20.292567698738765, 36.22549841315259), (-20.268244486234604, 36.21875247662152), (-20.24380105171305, 36.21188624993248), (-20.21923739660619, 36.20489973398159), (-20.19455352234978, 36.197792929668594), (-20.16974943038323, 36.19056583789691), (-20.144825122149612, 36.18321845957363), (-20.11978059909566, 36.17575079560951), (-20.094615862671763, 36.16816284691897), (-20.069330914331974, 36.16045461442009), (-20.04392575553401, 36.15262609903462), (-20.018400387739238, 36.14467730168798), (-19.992754812412695, 36.136608223309246), (-19.966989031023072, 36.12841886483116)]",True
1784490650.2343268,0,-20.917885002923345,36.41035892746935,0.8001120702614243,229.0135025514559,-0.30548162265143597,-23.606524341109843,35.73844517862391,1.1200012989962878,225.35367151270978,-0.3465702609722072,-2.6886393381864977,-0.6719137488454408,0.3198892287348635,-3.6598310387461197,-0.041088638320771254,"[(-20.926962014979747, 36.39618125966545), (-20.90498538636839, 36.39363874167911), (-20.88288713323195, 36.39097454116113), (-20.860667256971418, 36.38818865890224), (-20.838325758991612, 36.38528109569701), (-20.81586264070115, 36.382251852343835), (-20.79327790351248, 36.37910092964492), (-20.770571548841843, 36.37582832840629), (-20.747743578109308, 36.37243404943779), (-20.72479399273875, 36.36891809355308), (-20.701722794157853, 36.365280461569625), (-20.678529983798125, 36.36152115430874), (-20.655215563094877, 36.35764017259554), (-20.631779533487236, 36.353637517258946), (-20.608221896418144, 36.34951318913172), (-20.584542653334346, 36.345267189050425), (-20.56074180568641, 36.340899517855455), (-20.536819354928703, 36.336410176391006), (-20.512775302519422, 36.3317991655051), (-20.488609649920562, 36.327066486049596), (-20.464322398597936, 36.32221213888013), (-20.439913550021167, 36.317236124856194), (-20.415383105663693, 36.31213844484107), (-20.390731067002758, 36.30691909970187), (-20.36595743551942, 36.301578090309526), (-20.341062212698553, 36.29611541753878), (-20.316045400028834, 36.290531082268195), (-20.29090699900276, 36.284825085380156), (-20.265647011116638, 36.278997427760864), (-20.240265437870583, 36.27304811030032), (-20.21476228076852, 36.266977133892375), (-20.189137541318193, 36.26078449943466), (-20.163391221031144, 36.25447020782865), (-20.137523321422737, 36.24803425997963), (-20.111533844012147, 36.2414766567967), (-20.085422790322355, 36.23479739919277), (-20.059190161880153, 36.22799648808458), (-20.032835960216147, 36.22107392439268), (-20.006360186864754, 36.214029709041434), (-19.979762843364195, 36.20686384295903), (-19.953043931256513, 36.199576327077466), (-19.926203452087552, 36.19216716233256), (-19.899241407406972, 36.18463634966395), (-19.87215779876824, 36.17698389001508), (-19.844952627728627, 36.169209784333226)]",True
1784490650.3987806,0,-20.887695653279938,36.42097830293631,0.8000482017378443,229.0135025514559,-0.30548162265143597,-23.57300220921954,35.768156239537355,1.120000561341011,225.35367151270978,-0.3465702609722072,-2.6853065559396008,-0.6528220633989577,0.3199523596031666,-3.6598310387461197,-0.041088638320771254,"[(-20.926962014979747, 36.39618125966545), (-20.90498538636839, 36.39363874167911), (-20.88288713323195, 36.39097454116113), (-20.860667256971418, 36.38818865890224), (-20.838325758991612, 36.38528109569701), (-20.81586264070115, 36.382251852343835), (-20.79327790351248, 36.37910092964492), (-20.770571548841843, 36.37582832840629), (-20.747743578109308, 36.37243404943779), (-20.72479399273875, 36.36891809355308), (-20.701722794157853, 36.365280461569625), (-20.678529983798125, 36.36152115430874), (-20.655215563094877, 36.35764017259554), (-20.631779533487236, 36.353637517258946), (-20.608221896418144, 36.34951318913172), (-20.584542653334346, 36.345267189050425), (-20.56074180568641, 36.340899517855455), (-20.536819354928703, 36.336410176391006), (-20.512775302519422, 36.3317991655051), (-20.488609649920562, 36.327066486049596), (-20.464322398597936, 36.32221213888013), (-20.439913550021167, 36.317236124856194), (-20.415383105663693, 36.31213844484107), (-20.390731067002758, 36.30691909970187), (-20.36595743551942, 36.301578090309526), (-20.341062212698553, 36.29611541753878), (-20.316045400028834, 36.290531082268195), (-20.29090699900276, 36.284825085380156), (-20.265647011116638, 36.278997427760864), (-20.240265437870583, 36.27304811030032), (-20.21476228076852, 36.266977133892375), (-20.189137541318193, 36.26078449943466), (-20.163391221031144, 36.25447020782865), (-20.137523321422737, 36.24803425997963), (-20.111533844012147, 36.2414766567967), (-20.085422790322355, 36.23479739919277), (-20.059190161880153, 36.22799648808458), (-20.032835960216147, 36.22107392439268), (-20.006360186864754, 36.214029709041434), (-19.979762843364195, 36.20686384295903), (-19.953043931256513, 36.199576327077466), (-19.926203452087552, 36.19216716233256), (-19.899241407406972, 36.18463634966395), (-19.87215779876824, 36.17698389001508), (-19.844952627728627, 36.169209784333226)]",True
1784490650.4290388,0,-20.872665236890494,36.42646557164885,0.800031613648234,229.0135025514559,-0.30548162265143597,-23.55690135387526,35.78372825630361,1.1200003697553729,225.35367151270978,-0.3465702609722072,-2.684236116984767,-0.6427373153452365,0.3199687561071388,-3.6598310387461197,-0.041088638320771254,"[(-20.91030748212911, 36.40219983472878), (-20.88787912226763, 36.39984577779292), (-20.865330203818502, 36.39737110325698), (-20.842660728163693, 36.39477581188735), (-20.819870696688863, 36.392059904454115), (-20.796960110783356, 36.38922338173105), (-20.773928971840217, 36.38626624449563), (-20.750777281256173, 36.383188493529026), (-20.727505040431645, 36.379990129616104), (-20.70411225077075, 36.37667115354543), (-20.680598913681287, 36.37323156610926), (-20.65696503057475, 36.369671368103546), (-20.633210602866324, 36.365990560327944), (-20.609335631974883, 36.362189143585795), (-20.58534011932299, 36.35826711868415), (-20.5612240663369, 36.354224486433736), (-20.536987474446562, 36.350061247648995), (-20.512630345085608, 36.345777403148055), (-20.488152679691364, 36.341372953752746), (-20.463554479704847, 36.33684790028859), (-20.438835746570764, 36.332202243584796), (-20.413996481737506, 36.327435984474285), (-20.38903668665716, 36.322549123793664), (-20.36395636278551, 36.317541662383235), (-20.338755511582008, 36.312413601087), (-20.313434134509816, 36.307164940752656), (-20.287992233035776, 36.301795682231585), (-20.262429808630426, 36.296305826378884), (-20.236746862767987, 36.29069537405333), (-20.21094339692637, 36.28496432611739), (-20.18501941258718, 36.27911268343725), (-20.15897491123571, 36.27314044688276), (-20.132809894360935, 36.2670476173275), (-20.10652436345553, 36.26083419564871), (-20.08011832001585, 36.254500182727355), (-20.053591765541945, 36.248045579448075), (-20.026944701537552, 36.24147038669921), (-20.0001771295101, 36.234774605372806), (-19.973289050970696, 36.227958236364586), (-19.946280467434146, 36.22102128057397), (-19.919151380418946, 36.21396373890409), (-19.89190179144727, 36.20678561226176), (-19.864531702044992, 36.199486901557485), (-19.83704111374167, 36.192067607705475), (-19.809430028070548, 36.184527731623625)]",True
1784490650.4792316,0,-20.85015564771748,36.43479323152517,0.8000167939372251,229.0135025514559,-0.30548162265143597,-23.533245789711067,35.80832174171329,1.1719901061824602,225.35367151270978,-0.3465702609722072,-2.6830901419935884,-0.6264714898118768,0.3719733122452351,-3.6598310387461197,-0.041088638320771254,"[(-20.89469609229254, 36.40766636533849), (-20.87188731722331, 36.40544494694357), (-20.848958095468554, 36.40310302141447), (-20.82590842841899, 36.40064058951194), (-20.802738317469036, 36.39805765200037), (-20.779447764016776, 36.39535420964786), (-20.756036769463982, 36.392530263226206), (-20.732505335216096, 36.38958581351086), (-20.708853462682246, 36.38652086128099), (-20.68508115327524, 36.38333540731943), (-20.661188408411565, 36.38002945241269), (-20.63717522951138, 36.376602997351), (-20.61304161799854, 36.37305604292824), (-20.58878757530056, 36.36938858994199), (-20.564413102848654, 36.36560063919352), (-20.539918202077693, 36.36169219148776), (-20.515302874426244, 36.35766324763337), (-20.490567121336547, 36.35351380844265), (-20.46571094425452, 36.349243874731606), (-20.440734344629767, 36.34485344731993), (-20.41563732391556, 36.340342527030984), (-20.39041988356886, 36.335711114691826), (-20.365082025050295, 36.330959211133205), (-20.339623749824188, 36.32608681718954), (-20.314045059358524, 36.32109393369894), (-20.288345955124974, 36.3159805615032), (-20.262526438598886, 36.310746701447805), (-20.236586511259294, 36.30539235438191), (-20.210526174588896, 36.29991752115836), (-20.18434543007408, 36.294322202633694), (-20.158044279204912, 36.288606399668126), (-20.13162272347512, 36.28277011312555), (-20.105080764382134, 36.276813343873556), (-20.078418403427047, 36.2707360927834), (-20.051635642114633, 36.26453836073005), (-20.024732481953343, 36.25822014859213), (-19.99770892445531, 36.251781457251965), (-19.970564971136337, 36.24522228759555), (-19.943300623515913, 36.238542640512584), (-19.915915883117197, 36.231742516896425), (-19.88841075146703, 36.224821917644135), (-19.86078523009593, 36.21778084365645), (-19.833039320538095, 36.21061929583779), (-19.805173024331395, 36.20333727509626), (-19.77718634301738, 36.19593478234365)]",True
1784490650.950682,0,-20.835161174421327,36.44037651628831,0.8000110171651189,229.0135025514559,-0.30548162265143597,-23.51721061781103,35.82606686373028,1.2191532305749628,225.35367151270978,-0.3465702609722072,-2.6820494433897046,-0.6143096525580276,0.4191422134098439,-3.6598310387461197,-0.041088638320771254,"[(-20.871717769421846, 36.41565375479646), (-20.848047017296917, 36.413703820233295), (-20.824255436812965, 36.41163299320385), (-20.800343029398856, 36.4094412744668), (-20.776309796487176, 36.40712866478454), (-20.752155739514233, 36.4046951649232), (-20.727880859920056, 36.40214077565263), (-20.703485159148396, 36.39946549774642), (-20.67896863864673, 36.396669331981876), (-20.65433129986625, 36.39375227914004), (-20.629573144261872, 36.39071434000567), (-20.60469417329224, 36.38755551536727), (-20.579694388419707, 36.38427580601705), (-20.554573791110354, 36.380875212750965), (-20.529332382833985, 36.37735373636869), (-20.503970165064125, 36.37371137767362), (-20.478487139278013, 36.369948137472896), (-20.45288330695662, 36.36606401657737), (-20.427158669584628, 36.36205901580162), (-20.40131322865045, 36.35793313596396), (-20.375346985646214, 36.35368637788643), (-20.34925994206776, 36.3493187423948), (-20.323052099414667, 36.34483023031856), (-20.296723459190225, 36.34022084249092), (-20.270274022901443, 36.33549057974884), (-20.24370379205905, 36.33063944293299), (-20.217012768177504, 36.32566743288776), (-20.190200952774973, 36.32057455046129), (-20.16326834737335, 36.315360796505416), (-20.13621495349825, 36.310026171875734), (-20.109040772679005, 36.30457067743154), (-20.081745806448673, 36.29899431403587), (-20.05433005634402, 36.29329708255549), (-20.026793523905546, 36.28747898386087), (-19.999136210677463, 36.281540018826234), (-19.971358118207707, 36.27548018832952), (-19.94345924804793, 36.26929949325239), (-19.915439601753498, 36.26299793448024), (-19.88729918088351, 36.25657551290218), (-19.859037987000775, 36.25003222941106), (-19.830656021671828, 36.243368084903445), (-19.802153286466922, 36.23658308027963), (-19.773529782960022, 36.22967721644364), (-19.74478551272882, 36.222650494303224), (-19.71592047735473, 36.21550291476985)]",True
1784490651.0727239,0,-20.53547369288149,36.55800496505766,0.8808845441370903,229.0135025514559,-0.30548162265143597,-23.052779369251315,36.24953841667586,1.9733003878627438,225.35367151270978,-0.3465702609722072,-2.5173056763698263,-0.30846654838180143,1.0924158437256535,-3.6598310387461197,-0.041088638320771254,"[(-20.68547558140992, 36.486420215443495), (-20.663807913408807, 36.484172379059444), (-20.64202022715491, 36.48180446769846), (-20.62011252399229, 36.479316482115465), (-20.59808480526864, 36.47670842306902), (-20.57593707233529, 36.47398029132134), (-20.553669326547197, 36.47113208763827), (-20.53128156926296, 36.46816381278929), (-20.50877380184481, 36.465075467547535), (-20.48614602565862, 36.46186705268977), (-20.463398242073886, 36.458538568996396), (-20.440530452463747, 36.45509001725147), (-20.417542658204976, 36.451521398242676), (-20.39443486067798, 36.44783271276134), (-20.371207061266794, 36.444023961602426), (-20.347859261359098, 36.44009514556454), (-20.324391462346203, 36.43604626544994), (-20.300803665623054, 36.431877322064494), (-20.27709587258823, 36.427588316217744), (-20.25326808464394, 36.423179248722846), (-20.229320303196033, 36.41865012039661), (-20.205252529653993, 36.41400093205949), (-20.18106476543094, 36.409231684535555), (-20.15675701194362, 36.40434237865254), (-20.132329270612413, 36.399333015241794), (-20.107781542861346, 36.394203595138336), (-20.083113830118062, 36.3889541191808), (-20.05832613381385, 36.38358458821148), (-20.033418455383632, 36.378095003076275), (-20.00839079626596, 36.372485364624765), (-19.98324315790302, 36.36675567371014), (-19.95797554174063, 36.36090593118924), (-19.932587949228246, 36.35493613792254), (-19.907080381818957, 36.34884629477417), (-19.88145284096948, 36.342636402611866), (-19.85570532814017, 36.336306462307036), (-19.82983784479502, 36.329856474734704), (-19.80385039240164, 36.32328644077355), (-19.77774297243129, 36.31659636130588), (-19.751515586358856, 36.30978623721765), (-19.725168235662856, 36.302856069398445), (-19.69870092182544, 36.295805858741495), (-19.6721136463324, 36.288635606143664), (-19.645406410673147, 36.28134531250545), (-19.618579216340734, 36.273934978731006)]",True
1784490651.103884,0,-20.51928482259827,36.56417447961589,0.8530421501548957,229.0135025514559,-0.30548162265143597,-23.0193765059253,36.2711973371507,2.0073444042687703,225.35367151270978,-0.3465702609722072,-2.5000916833270317,-0.29297714246519035,1.1543022541138745,-3.6598310387461197,-0.041088638320771254,"[(-20.648425922930755, 36.50016725160027), (-20.624836728422217, 36.49852678622814), (-20.601125670765352, 36.49676439199556), (-20.57729275141906, 36.49488006966877), (-20.553337971846073, 36.492873820017856), (-20.529261333512974, 36.490745643816766), (-20.505062837890176, 36.48849554184328), (-20.480742486451934, 36.48612351487902), (-20.45630028067634, 36.483629563709464), (-20.431736222045338, 36.481013689123934), (-20.40705031204469, 36.47827589191559), (-20.382242552164005, 36.47541617288144), (-20.35731294389674, 36.47243453282234), (-20.33226148874018, 36.46933097254299), (-20.307088188195454, 36.46610549285193), (-20.28179304376752, 36.46275809456156), (-20.25637605696519, 36.459288778488094), (-20.230837229301105, 36.45569754545163), (-20.20517656229174, 36.45198439627608), (-20.17939405745742, 36.44814933178922), (-20.153489716322298, 36.444192352822654), (-20.12746354041437, 36.44011346021185), (-20.101315531265477, 36.4359126547961), (-20.07504569041128, 36.43158993741856), (-20.048654019391293, 36.427145308926214), (-20.022140519748863, 36.4225787701699), (-19.99550519303117, 36.4178903220043), (-19.968748040789247, 36.41307996528793), (-19.941869064577944, 36.40814770088316), (-19.914868265955963, 36.40309352965622), (-19.887745646485836, 36.397917452477145), (-19.86050120773394, 36.39261947021985), (-19.833134951270484, 36.387199583762076), (-19.805646878669517, 36.38165779398541), (-19.778036991508916, 36.37599410177529), (-19.75030529137041, 36.37020850802099), (-19.722451779839556, 36.36430101361562), (-19.69447645850575, 36.35827161945617), (-19.666379328962222, 36.352120326443426), (-19.638160392806043, 36.34584713548205), (-19.60981965163812, 36.33945204748055), (-19.58135710706319, 36.33293506335124), (-19.55277276068984, 36.326296184010324), (-19.524066614130483, 36.319535410377824), (-19.49523866900137, 36.312652743377605)]",True
1784490651.130214,0,-20.48809429024665,36.57622605277746,0.8228103705162032,229.0135025514559,-0.30548162265143597,-22.932373578418797,36.32487789398821,2.0792611204837663,226.2811535075015,-0.3599400458875303,-2.4442792881721473,-0.25134815878924854,1.2564507499675632,-2.7323490439544003,-0.054458423236094344,"[(-20.63150182499924, 36.50695415109218), (-20.608310598958116, 36.50526385144394), (-20.584999607597187, 36.50345372391677), (-20.561568852298546, 36.50152376924433), (-20.538018334447898, 36.49947398816389), (-20.51434805543456, 36.49730438141635), (-20.49055801665144, 36.4950149497462), (-20.46664821949507, 36.492605693901545), (-20.442618665365572, 36.49007661463412), (-20.418469355666687, 36.487427712699244), (-20.39420029180575, 36.48465898885587), (-20.36981147519371, 36.48177044386655), (-20.345302907245117, 36.47876207849746), (-20.320674589378125, 36.47563389351837), (-20.2959265230145, 36.47238588970267), (-20.271058709579606, 36.46901806782736), (-20.246071150502416, 36.46553042867306), (-20.220963847215508, 36.46192297302399), (-20.19573680115507, 36.458195701667975), (-20.170390013760887, 36.45434861539647), (-20.14492348647635, 36.450381715004525), (-20.119337220748463, 36.44629500129081), (-20.093631218027824, 36.442088475057595), (-20.06780547976864, 36.43776213711078), (-20.04186000742873, 36.43331598825986), (-20.015794802469507, 36.42875002931794), (-19.989609866355995, 36.42406426110175), (-19.96330520055682, 36.41925868443161), (-19.936880806544217, 36.41433330013147), (-19.910336685794018, 36.40928810902888), (-19.883672839785664, 36.404123111955), (-19.8568892700022, 36.398838309744605), (-19.82998597793027, 36.39343370323608), (-19.802962965060136, 36.38790929327141), (-19.77582023288565, 36.382265080696214), (-19.74855778290427, 36.3765010663597), (-19.721175616617067, 36.370617251114695), (-19.69367373552871, 36.364613635817626), (-19.666052141147468, 36.358490221328545), (-19.638310834985223, 36.35224700851111), (-19.61044981855745, 36.34588399823257), (-19.582469093383235, 36.33940119136382), (-19.55436866098527, 36.33279858877933), (-19.526148522889837, 36.32607619135721), (-19.497808680626843, 36.31923399997915)]",True
1784490651.1954536,0,-20.450271153866552,36.5912755968132,0.807943677910374,229.0135025514559,-0.30548162265143597,-22.860059501317185,36.367856138535714,2.1254272485337697,226.2811535075015,-0.3599400458875303,-2.4097883474506325,-0.22341945827748333,1.3174835706233958,-2.7323490439544003,-0.054458423236094344,"[(-20.518094854329284, 36.55356285536351), (-20.49219285682585, 36.5530281188046), (-20.466170256065737, 36.55237270433271), (-20.44002705353976, 36.55159661265956), (-20.413763250742445, 36.55069984450055), (-20.387378849172002, 36.54968240057482), (-20.360873850330346, 36.548544281605174), (-20.33424825572309, 36.54728548831816), (-20.307502066859538, 36.545906021444004), (-20.280635285252696, 36.54440588171664), (-20.25364791241927, 36.542785069873716), (-20.22653994987966, 36.54104358665657), (-20.199311399157953, 36.53918143281026), (-20.171962261781953, 36.53719860908353), (-20.144492539283142, 36.535095116228845), (-20.11690223319671, 36.532870955002366), (-20.089191345061547, 36.530526126163956), (-20.061359876420227, 36.52806063047718), (-20.03340782881903, 36.52547446870931), (-20.005335203807928, 36.52276764163133), (-19.977142002940592, 36.519940150017916), (-19.94882822777439, 36.516991994647455), (-19.92039387987038, 36.51392317630203), (-19.89183896079333, 36.51073369576743), (-19.863163472111687, 36.50742355383315), (-19.834367415397608, 36.50399275129239), (-19.805450792226935, 36.50044128894204), (-19.776413604179215, 36.49676916758272), (-19.747255852837686, 36.49297638801873), (-19.71797753978929, 36.48906295105809), (-19.688578666624647, 36.485028857512496), (-19.659059234938095, 36.480874108197376), (-19.62941924632765, 36.47659870393185), (-19.599658702395033, 36.47220264553874), (-19.569777604745653, 36.467685933844564), (-19.539775954988624, 36.463048569679565), (-19.50965375473675, 36.45829055387767), (-19.47941100560653, 36.4534118872765), (-19.449047709218156, 36.448412570717416), (-19.41856386719552, 36.44329260504544), (-19.387959481166206, 36.438051991109326), (-19.357234552761497, 36.43269072976152), (-19.32638908361637, 36.42720882185816), (-19.295423075369488, 36.421606268259104), (-19.26433652966322, 36.415883069827906)]",True
1784490651.2945223,0,-20.435303416746347,36.59728759370878,0.8052092777465699,229.0135025514559,-0.30548162265143597,-22.823195059025352,36.38942394939973,2.145347959702276,226.2811535075015,-0.3599400458875303,-2.387891642279005,-0.20786364430905024,1.3401386819557062,-2.7323490439544003,-0.054458423236094344,"[(-20.50873464064717, 36.557212952745424), (-20.483134216003492, 36.55660199662132), (-20.457414323130468, 36.55587149990476), (-20.43157496347253, 36.55502146329188), (-20.40561613847768, 36.55405188748237), (-20.379537849597487, 36.55296277317952), (-20.3533400982871, 36.55175412109019), (-20.327022886005228, 36.55042593192482), (-20.30058621421416, 36.548978206397415), (-20.274030084379753, 36.54741094522557), (-20.247354497971436, 36.54572414913046), (-20.220559456462205, 36.543917818836825), (-20.19364496132863, 36.54199195507299), (-20.16661101405085, 36.539946558570854), (-20.139457616112576, 36.5377816300659), (-20.11218476900109, 36.535497170297184), (-20.08479247420724, 36.53309318000733), (-20.05728073322545, 36.53056965994255), (-20.029649547553714, 36.52792661085264), (-20.00189891869359, 36.52516403349095), (-19.974028848150216, 36.52228192861443), (-19.946039337432293, 36.519280296983595), (-19.917930388052092, 36.51615913936254), (-19.889702001525457, 36.51291845651894), (-19.8613541793718, 36.509558249224035), (-19.832886923114106, 36.50607851825265), (-19.804300234278923, 36.50247926438319), (-19.775594114396377, 36.498760488397636), (-19.746768565000156, 36.494922191081535), (-19.71782358762752, 36.490964373224024), (-19.688759183819304, 36.48688703561781), (-19.659575355119905, 36.482690179059176), (-19.6302721030773, 36.47837380434798), (-19.60084942924302, 36.47393791228767), (-19.571307335172175, 36.469382503685246), (-19.541645822423444, 36.464707579351305), (-19.511864892559075, 36.459913140100014), (-19.48196454714488, 36.454999186749106), (-19.45194478775025, 36.44996572011991), (-19.42180561594813, 36.44481274103732), (-19.39154703331505, 36.4395402503298), (-19.361169041431097, 36.434148248829395), (-19.33067164187993, 36.42863673737174), (-19.300054836248787, 36.42300571679602), (-19.269318626128452, 36.41725518794502)]",True
1784490651.325514,0,-20.37663913616064,36.62335714381079,0.8009633943016268,229.0135025514559,-0.30548162265143597,-22.67195983027101,36.476067221627495,2.208175376196653,226.2811535075015,-0.3599400458875303,-2.2953206941103694,-0.1472899221832975,1.4072119818950264,-2.7323490439544003,-0.054458423236094344,"[(-20.468658422410957, 36.57251659180706), (-20.442165005876642, 36.57220732606145), (-20.415551781612756, 36.57177817641091), (-20.38881875110142, 36.57122914354765), (-20.361965915828378, 36.57056022816751), (-20.334993277282962, 36.56977143096993), (-20.307900836958126, 36.56886275265798), (-20.28068859635043, 36.56783419393833), (-20.253356556960036, 36.56668575552128), (-20.225904720290718, 36.565417438120726), (-20.198333087849857, 36.5640292424542), (-20.17064166114844, 36.56252116924282), (-20.142830441701065, 36.56089321921135), (-20.11489943102593, 36.55914539308815), (-20.086848630644845, 36.557277691605194), (-20.058678042083226, 36.555290115498074), (-20.030387666870098, 36.553182665506), (-20.001977506538093, 36.550955342371786), (-19.97344756262345, 36.54860814684187), (-19.944797836666005, 36.5461410796663), (-19.91602833020922, 36.54355414159873), (-19.887139044800143, 36.54084733339645), (-19.858129981989443, 36.53802065582033), (-19.82900114333139, 36.53507410963489), (-19.79975253038386, 36.53200769560824), (-19.77038414470834, 36.528821414512116), (-19.74089598786992, 36.525515267121854), (-19.711288061437294, 36.52208925421642), (-19.681560366982765, 36.51854337657838), (-19.651712906082242, 36.514877634993915), (-19.621745680315243, 36.51109203025284), (-19.591658691264886, 36.50718656314855), (-19.5614519405179, 36.503161234478085), (-19.53112542966462, 36.499016045042076), (-19.50067916029898, 36.49475099564478), (-19.470113134018526, 36.49036608709406), (-19.43942735242441, 36.485861320201394), (-19.408621817121386, 36.481236695781874), (-19.377696529717817, 36.47649221465421), (-19.346651491825668, 36.471627877640714), (-19.31548670506051, 36.46664368556732), (-19.284202171041525, 36.46153963926358), (-19.252797891391495, 36.45631573956264), (-19.221273867736805, 36.45097198730128), (-19.189630101707454, 36.445508383319876)]",True
1784490651.375939,0,-20.34044322125575,36.64045200572708,0.8003355080868667,229.0135025514559,-0.30548162265143597,-22.575327508089483,36.53098440446846,2.2366744919647554,226.2811535075015,-0.3599400458875303,-2.234884286833733,-0.10946760125861488,1.4363389838778886,-2.7323490439544003,-0.054458423236094344,"[(-20.41695697551686, 36.593198439643615), (-20.392434013585884, 36.5922542289658), (-20.36779158521146, 36.591190483497385), (-20.343029691807118, 36.59000720394516), (-20.318148334789957, 36.5887043910195), (-20.293147515580657, 36.58728204543434), (-20.26802723560347, 36.585740167907225), (-20.24278749628622, 36.584078759159254), (-20.21742829906031, 36.58229781991513), (-20.19194964536071, 36.58039735090312), (-20.166351536625978, 36.57837735285508), (-20.140633974298233, 36.57623782650644), (-20.114796959823178, 36.57397877259623), (-20.08884049465008, 36.57160019186702), (-20.062764580231786, 36.569102085065005), (-20.03656921802472, 36.56648445293993), (-20.010254409488876, 36.56374729624514), (-19.983820156087823, 36.56089061573754), (-19.957266459288704, 36.55791441217764), (-19.93059332056223, 36.554818686329504), (-19.9038007413827, 36.5516034389608), (-19.87688872322797, 36.54826867084275), (-19.849857267579484, 36.54481438275019), (-19.822706375922248, 36.54124057546151), (-19.795436049744847, 36.53754724975868), (-19.76804629053944, 36.533734406427264), (-19.74053709980176, 36.5298020462564), (-19.712908479031107, 36.525750170038805), (-19.685160429730363, 36.52157877857077), (-19.657292953405978, 36.517287872652176), (-19.629306051567976, 36.51287745308648), (-19.601199725729956, 36.508347520680715), (-19.572973977409088, 36.5036980762455), (-19.544628808126117, 36.49892912059502), (-19.516164219405354, 36.494040654547064), (-19.487580212774688, 36.489032678922975), (-19.458876789765586, 36.483905194547695), (-19.430053951913077, 36.47865820224973), (-19.40111170075577, 36.47329170286118), (-19.372050037835844, 36.46780569721771), (-19.342868964699054, 36.462200186158576), (-19.31356848289472, 36.4564751705266), (-19.284148593975736, 36.4506306511682), (-19.254609299498576, 36.444666628933355), (-19.224950601023277, 36.438583104675644)]",True
1784490651.4290426,0,-20.297119670842726,36.66114368597082,0.8000946256578536,229.0135025514559,-0.30548162265143597,-22.46030214392826,36.601678243891044,2.262863347362516,226.2811535075015,-0.3599400458875303,-2.1631824730855342,-0.059465442079776665,1.4627687217046623,-2.7323490439544003,-0.054458423236094344,"[(-20.403589966418625, 36.59877427676105), (-20.380474562479794, 36.597338892522515), (-20.357239454216124, 36.59578374089702), (-20.33388464300634, 36.59410882260997), (-20.31041013023277, 36.59231413839037), (-20.28681591728135, 36.59039968897084), (-20.263102005541597, 36.588365475087606), (-20.239268396406647, 36.586211497480505), (-20.215315091273236, 36.583937756892965), (-20.191242091541692, 36.581544254072035), (-20.167049398615955, 36.57903098976837), (-20.142737013903552, 36.57639796473623), (-20.118304938815623, 36.573645179733475), (-20.093753174766906, 36.570772635521585), (-20.069081723175735, 36.56778033286563), (-20.04429058546405, 36.5646682725343), (-20.019379763057394, 36.561436455299884), (-19.994349257384904, 36.558084881938285), (-19.96919906987932, 36.554613553229004), (-19.94392920197698, 36.55102246995515), (-19.918539655117826, 36.547311632903444), (-19.8930304307454, 36.54348104286421), (-19.867401530306847, 36.539530700631374), (-19.8416529552529, 36.53546060700248), (-19.815784707037906, 36.53127076277866), (-19.78979678711981, 36.52696116876467), (-19.763689196960147, 36.52253182576886), (-19.737461938024065, 36.51798273460319), (-19.7111150117803, 36.513313896083226), (-19.684648419701197, 36.508525311028144), (-19.658062163262695, 36.503616980260716), (-19.631356243944335, 36.49858890460733), (-19.604530663229262, 36.49344108489798), (-19.57758542260421, 36.48817352196625), (-19.55052052355952, 36.48278621664936), (-19.52333596758913, 36.4772791697881), (-19.496031756190582, 36.47165238222688), (-19.468607890865012, 36.46590585481373), (-19.441064373117158, 36.460039588400264), (-19.41340120445535, 36.45405358384172), (-19.38561838639153, 36.44794784199693), (-19.357715920441226, 36.441722363728324), (-19.329693808123576, 36.43537714990196), (-19.301552050961313, 36.428912201387476), (-19.27329065048076, 36.422327519058136)]",True
1784490651.4778595,0,-20.26120623331691,36.67876308805194,0.8000329609831281,229.0135025514559,-0.30548162265143597,-22.365595885947904,36.66436599973651,2.279539483544664,226.2811535075015,-0.3599400458875303,-2.1043896526309958,-0.014397088315426743,1.479506522561536,-2.7323490439544003,-0.054458423236094344,"[(-20.32922974636794, 36.6327262498819), (-20.30421245811078, 36.63224919395526), (-20.279075254091264, 36.63165215072507), (-20.25381813575118, 36.630935120890626), (-20.22844110453594, 36.63009810515489), (-20.202944161894568, 36.62914110422444), (-20.177327309279722, 36.62806411880946), (-20.151590548147677, 36.6268671496238), (-20.125733879958325, 36.625550197384904), (-20.09975730617519, 36.624113262813864), (-20.0736608282654, 36.6225563466354), (-20.04744444769973, 36.62087944957784), (-20.02110816595255, 36.61908257237317), (-19.99465198450187, 36.61716571575698), (-19.96807590482931, 36.615128880468504), (-19.941379928420115, 36.61297206725059), (-19.914564056763155, 36.61069527684971), (-19.887628291350914, 36.60829851001599), (-19.860572633679503, 36.60578176750316), (-19.83339708524865, 36.60314505006858), (-19.8061016475617, 36.60038835847325), (-19.77868632212563, 36.59751169348179), (-19.75115111045103, 36.59451505586244), (-19.72349601405211, 36.591398446387075), (-19.695721034446706, 36.588161865831204), (-19.667826173156268, 36.58480531497395), (-19.63981143170587, 36.58132879459807), (-19.611676811624207, 36.57773230548995), (-19.58342231444359, 36.57401584843961), (-19.555047941699957, 36.57017942424067), (-19.52655369493286, 36.566223033690406), (-19.497939575685475, 36.56214667758971), (-19.469205585504593, 36.5579503567431), (-19.440351725940634, 36.55363407195872), (-19.41137799854763, 36.54919782404835), (-19.38228440488323, 36.54464161382739), (-19.353070946508712, 36.539965442114855), (-19.32373762498897, 36.53516930973341), (-19.29428444189251, 36.53025321750933), (-19.264711398791473, 36.52521716627253), (-19.23501849726161, 36.52006115685654), (-19.20520573888229, 36.51478519009852), (-19.175273125236505, 36.50938926683926), (-19.145220657910862, 36.503873387923164), (-19.11504833849559, 36.49823755419828)]",True
1784490651.5310023,0,-20.210994963433542,36.70356067971695,0.800007536591047,229.0135025514559,-0.30548162265143597,-22.24821018063419,36.74539278062227,1.7118143770208665,226.2811535075015,-0.3599400458875303,-2.0372152172006466,0.041832100905317304,0.9118068404298195,-2.7323490439544003,-0.054458423236094344,"[(-20.242413853863017, 36.674807665121406), (-20.217742736324713, 36.67453812365415), (-20.192952166274228, 36.674149058963096), (-20.168042145128965, 36.67364047173452), (-20.143012674309897, 36.673012362658305), (-20.11786375524157, 36.67226473242789), (-20.0925953893521, 36.67139758174031), (-20.067207578073177, 36.670410911296166), (-20.041700322840068, 36.66930472179965), (-20.01607362509161, 36.66807901395852), (-19.990327486270214, 36.66673378848412), (-19.96446190782186, 36.66526904609138), (-19.9384768911961, 36.6636847874988), (-19.912372437846066, 36.66198101342846), (-19.88614854922845, 36.660157724606016), (-19.85980522680353, 36.65821492176071), (-19.83334247203514, 36.65615260562536), (-19.806760286390706, 36.653970776936355), (-19.78005867134121, 36.65166943643367), (-19.75323762836121, 36.649248584860864), (-19.726297158928837, 36.64670822296506), (-19.699237264525795, 36.64404835149697), (-19.67205794663736, 36.641268971210884), (-19.64475920675238, 36.63837008286467), (-19.61734104636327, 36.63535168721977), (-19.589803466966018, 36.6322137850412), (-19.56214647006019, 36.62895637709757), (-19.534370057148912, 36.62557946416106), (-19.506474229738892, 36.62208304700742), (-19.478458989340403, 36.61846712641599), (-19.450324337467293, 36.61473170316969), (-19.42207027563698, 36.610876778055), (-19.393696805370453, 36.606902351862), (-19.365203928192273, 36.602808425384325), (-19.336591645630566, 36.59859499941921), (-19.30785995921704, 36.59426207476746), (-19.27900887048696, 36.58980965223345), (-19.250038380979177, 36.58523773262514), (-19.220948492236097, 36.58054631675407), (-19.19173920580371, 36.575735405435346), (-19.16241052323157, 36.57080499948767), (-19.132962446072806, 36.56575509973331), (-19.103394975884108, 36.56058570699811), (-19.073708114225745, 36.5552968221115), (-19.043901862661553, 36.549888445906475)]",True
1784490651.5842888,0,-20.196637232543967,36.71062173971636,0.8000049464193012,229.0135025514559,-0.30548162265143597,-22.22159246973431,36.76375590904926,1.522239303418442,226.2811535075015,-0.3599400458875303,-2.024955237190344,0.05313416933289972,0.7222343569991408,-2.7323490439544003,-0.054458423236094344,"[(-20.214391382482706, 36.68892027377722), (-20.190244126860232, 36.688540465825454), (-20.165977287219214, 36.68804100486902), (-20.14159086496512, 36.68742189159938), (-20.11708486150701, 36.68668312671157), (-20.09245927825753, 36.685824710904235), (-20.06771411663291, 36.68484664487959), (-20.04284937805297, 36.68374892934347), (-20.017865063941112, 36.682531565005284), (-19.992761175724326, 36.681194552578035), (-19.967537714833185, 36.67973789277832), (-19.942194682701853, 36.67816158632633), (-19.91673208076808, 36.67646563394586), (-19.891149910473203, 36.67465003636427), (-19.865448173262134, 36.67271479431254), (-19.839626870583388, 36.670659908525224), (-19.81368600388905, 36.668485379740474), (-19.7876255746348, 36.666191208700035), (-19.761445584279898, 36.66377739614924), (-19.735146034287194, 36.661243942837025), (-19.70872692612312, 36.6585908495159), (-19.682188261257703, 36.655818116941994), (-19.655530041164543, 36.652925745874995), (-19.628752267320827, 36.6499137370782), (-19.601854941207336, 36.64678209131851), (-19.574838064308423, 36.64353080936639), (-19.54770163811204, 36.640159891995914), (-19.520445664109722, 36.63666933998475), (-19.493070143796576, 36.63305915411415), (-19.465575078671304, 36.62932933516896), (-19.437960470236195, 36.62547988393762), (-19.41022631999712, 36.62151080121216), (-19.382372629463532, 36.6174220877882), (-19.354399400148473, 36.61321374446495), (-19.326306633568564, 36.60888577204521), (-19.298094331244013, 36.60443817133538), (-19.269762494698615, 36.59987094314545), (-19.24131112545975, 36.59518408828899), (-19.212740225058376, 36.590377607583164), (-19.184049795029043, 36.585451501848745), (-19.155239836909878, 36.58040577191007), (-19.1263103522426, 36.575240418595094), (-19.09726134257251, 36.56995544273534), (-19.068092809448483, 36.56455084516594), (-19.03880475442299, 36.559026626725604)]",True
1784490651.6309874,0,-20.160806994372333,36.72840369779052,0.800001730351033,229.0135025514559,-0.30548162265143597,-22.164773946414527,36.80195757110074,1.2600791106254259,226.2811535075015,-0.3599400458875303,-2.0039669520421945,0.07355387331022456,0.46007738027439293,-2.7323490439544003,-0.054458423236094344,"[(-20.18685912186879, 36.70259120660377), (-20.163854821793738, 36.70180002573709), (-20.140730767367227, 36.70088902586844), (-20.117486959965994, 36.69985820770451), (-20.094123400970386, 36.698707571955595), (-20.070640091764346, 36.69743711933561), (-20.047037033735435, 36.696046850562084), (-20.023314228274813, 36.69453676635616), (-19.999471676777247, 36.69290686744258), (-19.975509380641117, 36.691157154549714), (-19.9514273412684, 36.68928762840953), (-19.92722556006468, 36.68729828975762), (-19.90290403843916, 36.68518913933318), (-19.878462777804632, 36.682960177879025), (-19.8539017795775, 36.68061140614157), (-19.829221045177775, 36.67814282487086), (-19.804420576029074, 36.67555443482053), (-19.77950037355862, 36.672846236747844), (-19.754460439197235, 36.670018231413664), (-19.72930077437936, 36.66707041958247), (-19.70402138054303, 36.66400280202236), (-19.678622259129884, 36.66081537950504), (-19.653103411585178, 36.65750815280582), (-19.627464839357764, 36.65408112270362), (-19.6017065439001, 36.65053428998099), (-19.575828526668253, 36.646867655424074), (-19.54983078912189, 36.64308121982263), (-19.52371333272429, 36.63917498397004), (-19.49747615894233, 36.63514894866327), (-19.471119269246497, 36.63100311470293), (-19.444642665110877, 36.62673748289321), (-19.418046348013167, 36.62235205404195), (-19.391330319434662, 36.61784682896055), (-19.364494580860267, 36.61322180846407), (-19.337539133778492, 36.60847699337114), (-19.31046397968145, 36.60361238450404), (-19.28326912006486, 36.598627982688626), (-19.255954556428033, 36.59352378875439), (-19.228520290273906, 36.58829980353441), (-19.200966323109004, 36.58295602786541), (-19.17329265644346, 36.577492462587685), (-19.14549929179102, 36.57190910854517), (-19.117586230669016, 36.5662059665854), (-19.089553474598397, 36.56038303755951), (-19.061401025103713, 36.55444032232227)]",True
1784490651.6809068,0,-20.13221909558939,36.74278186229379,0.8000007509184166,229.0135025514559,-0.30548162265143597,-22.12294117088283,36.826681701228964,1.1802399336756615,226.2811535075015,-0.3599400458875303,-1.9907220752934371,0.08389983893517439,0.3802391827572449,-2.7323490439544003,-0.054458423236094344,"[(-20.145577054809575, 36.72309550545946), (-20.12307817849072, 36.72214283960335), (-20.100458508807495, 36.72106931676883), (-20.077718047152658, 36.71987493768383), (-20.054856794922678, 36.71855970307999), (-20.03187475351775, 36.7171236136927), (-20.00877192434179, 36.71556667026106), (-19.98554830880243, 36.71388887352791), (-19.96220390831102, 36.7120902242398), (-19.93873872428265, 36.71017072314703), (-19.915152758136113, 36.708130371003605), (-19.891446011293922, 36.705969168567265), (-19.86761848518232, 36.703687116599475), (-19.843670181231268, 36.701284215865435), (-19.81960110087444, 36.69876046713406), (-19.795411245549243, 36.696115871177994), (-19.771100616696796, 36.69335042877361), (-19.74666921576194, 36.69046414070102), (-19.722117044193237, 36.68745700774403), (-19.69744410344297, 36.68432903069021), (-19.67265039496714, 36.68108021033082), (-19.647735920225468, 36.677710547460876), (-19.6227006806814, 36.67422004287911), (-19.597544677802095, 36.67060869738797), (-19.572267913058436, 36.666876511793646), (-19.546870387925026, 36.66302348690605), (-19.521352103880183, 36.65904962353881), (-19.495713062405954, 36.65495492250929), (-19.469953264988096, 36.65073938463858), (-19.444072713116086, 36.64640301075148), (-19.41807140828313, 36.641945801676535), (-19.391949351986142, 36.637367758246015), (-19.365706545725764, 36.632668881295906), (-19.339342991006355, 36.62784917166592), (-19.312858689335986, 36.622908630199504), (-19.28625364222646, 36.617847257743826), (-19.25952785119329, 36.61266505514977), (-19.23268131775571, 36.60736202327196), (-19.20571404343667, 36.601938162968736), (-19.178626029762846, 36.59639347510217), (-19.151417278264628, 36.590727960538054), (-19.124087790476125, 36.584941620145905), (-19.096637567935165, 36.57903445479897), (-19.069066612183295, 36.57300646537422), (-19.04137492476578, 36.56685765275235)]",True
1784490651.7367687,0,-20.089462740323835,36.764596620826204,0.8000002203266307,229.0135025514559,-0.30548162265143597,-22.060885069361365,36.85737514968232,1.1369883502836413,226.2811535075015,-0.3599400458875303,-1.9714223290375301,0.09277852885611537,0.33698812995701066,-2.7323490439544003,-0.054458423236094344,"[(-20.116536161828535, 36.73777814831939), (-20.094692422163455, 36.73661708154197), (-20.072728710663597, 36.73533598255415), (-20.05064502867702, 36.73393485207716), (-20.02844137755543, 36.73241369083589), (-20.00611775865415, 36.73077249955885), (-19.98367417333213, 36.72901127897819), (-19.961110622951963, 36.727130029829695), (-19.938427108879864, 36.72512875285278), (-19.915623632485676, 36.72300744879051), (-19.89270019514288, 36.72076611838957), (-19.869656798228576, 36.71840476240029), (-19.846493443123503, 36.71592338157663), (-19.823210131212026, 36.71332197667619), (-19.79980686388214, 36.7106005484602), (-19.77628364252547, 36.70775909769353), (-19.75264046853727, 36.704797625144685), (-19.72887734331642, 36.7017161315858), (-19.704994268265434, 36.69851461779264), (-19.68099124479046, 36.69519308454463), (-19.65686827430126, 36.69175153262479), (-19.63262535821124, 36.68818996281982), (-19.608262497937424, 36.684508375920025), (-19.58377969490048, 36.68070677271935), (-19.559176950524687, 36.67678515401538), (-19.53445426623797, 36.67274352060932), (-19.509611643471864, 36.668581873306046), (-19.48464908366155, 36.66430021291403), (-19.459566588245835, 36.65989854024539), (-19.43436415866714, 36.65537685611589), (-19.409041796371532, 36.65073516134492), (-19.3835995028087, 36.64597345675549), (-19.358037279431954, 36.64109174317428), (-19.332355127698246, 36.63609002143156), (-19.30655304906815, 36.63096829236128), (-19.28063104500587, 36.62572655680099), (-19.254589116979233, 36.62036481559189), (-19.228427266459697, 36.61488306957881), (-19.20214549492235, 36.60928131961021), (-19.175743803845908, 36.603559566538195), (-19.149222194712713, 36.597717811218494), (-19.122580669008734, 36.591756054510476), (-19.09581922822357, 36.585674297277144), (-19.068937873850448, 36.579472540385126), (-19.041936607386226, 36.573150784704694)]",True
1784490651.7775276,0,-20.053641049857557,36.78238666517261,0.8000000844978364,229.0135025514559,-0.30548162265143597,-22.00838312276993,36.87830176464221,1.125916165267249,226.2811535075015,-0.3599400458875303,-1.9547420729123743,0.0959150994696003,0.3259160807694125,-2.7323490439544003,-0.054458423236094344,"[(-20.0884217979107, 36.75202420077177), (-20.0659147582491, 36.7511866945153), (-20.043286932855423, 36.75022833855711), (-20.0205383231224, 36.74914913362144), (-19.99766893044648, 36.747949080436236), (-19.974678756227842, 36.74662817973319), (-19.951567801870375, 36.74518643224772), (-19.928336068781693, 36.74362383871895), (-19.904983558373132, 36.74194039988975), (-19.881510272059742, 36.74013611650669), (-19.857916211260296, 36.738210989320095), (-19.834201377397285, 36.736165019084005), (-19.810365771896922, 36.73399820655618), (-19.786409396189143, 36.73171055249811), (-19.76233225170759, 36.72930205767501), (-19.738134339889644, 36.72677272285582), (-19.71381566217639, 36.72412254881321), (-19.689376220012637, 36.72135153632358), (-19.664816014846917, 36.71845968616704), (-19.640135048131476, 36.71544699912742), (-19.615333321322282, 36.71231347599231), (-19.590410835879023, 36.70905911755299), (-19.5653675932651, 36.705683924604486), (-19.540203594947645, 36.702187897945535), (-19.514918842397496, 36.69857103837861), (-19.489513337089214, 36.694833346709906), (-19.463987080501084, 36.69097482374934), (-19.438340074115104, 36.68699547031056), (-19.41257231941699, 36.68289528721094), (-19.38668381789619, 36.67867427527157), (-19.36067457104585, 36.67433243531726), (-19.33454458036284, 36.66986976817657), (-19.308293847347763, 36.665286274681755), (-19.281922373504923, 36.66058195566882), (-19.255430160342353, 36.65575681197747), (-19.228817209371798, 36.65081084445116), (-19.202083522108726, 36.64574405393705), (-19.175229100072315, 36.640556441286044), (-19.148253944785473, 36.63524800735275), (-19.121158057774814, 36.629818752995504), (-19.093941440570674, 36.62426867907638), (-19.066604094707113, 36.618597786461166), (-19.0391460217219, 36.612806076019375), (-19.011567223156526, 36.60689354862425), (-18.9838677005562, 36.60086020515275)]",True
1784490651.825591,0,-20.002746970737963,36.805741551833556,0.8000000284955217,229.0135025514559,-0.30548162265143597,-21.933938166913553,36.90356040630382,1.1213510950012184,226.2811535075015,-0.3599400458875303,-1.9311911961755897,0.09781885447026184,0.3213510665056968,-2.7323490439544003,-0.054458423236094344,"[(-20.0512706619337, 36.77115213542693), (-20.02837944051591, 36.770587559215755), (-20.00536840883516, 36.76990310772464), (-19.982237568266154, 36.76909878165414), (-19.95898692018722, 36.76817458170843), (-19.935616465980285, 36.767130508595315), (-19.912126207030898, 36.765966563026204), (-19.888516144728218, 36.76468274571614), (-19.864786280465008, 36.76327905738375), (-19.84093661563765, 36.76175549875131), (-19.816967151646132, 36.76011207054471), (-19.792877889894065, 36.75834877349344), (-19.768668831788652, 36.75646560833062), (-19.744339978740726, 36.75446257579299), (-19.719891332164718, 36.7523396766209), (-19.695322893478675, 36.750096911558316), (-19.67063466410426, 36.74773428135283), (-19.645826645466737, 36.74525178675563), (-19.620898838994993, 36.74264942852155), (-19.595851246121512, 36.73992720740903), (-19.570683868282398, 36.73708512418012), (-19.545396706917366, 36.73412317960049), (-19.519989763469734, 36.73104137443942), (-19.494463039386442, 36.727839709469826), (-19.46881653611803, 36.72451818546823), (-19.443050255118656, 36.721076803214764), (-19.417164197846084, 36.71751556349319), (-19.39115836576169, 36.71383446709087), (-19.36503276033046, 36.710033514798795), (-19.33878738302099, 36.70611270741158), (-19.31242223530548, 36.70207204572743), (-19.285937318659755, 36.69791153054819), (-19.25933263456324, 36.69363116267932), (-19.232608184498968, 36.689230942929875), (-19.205763969953587, 36.684710872112554), (-19.17879999241735, 36.68007095104366), (-19.151716253384127, 36.67531118054311), (-19.12451275435139, 36.67043156143444), (-19.097189496820228, 36.6654320945448), (-19.069746482295333, 36.66031278070495), (-19.04218371228501, 36.655073620749285), (-19.01450118830117, 36.6497146155158), (-18.986698911859342, 36.644235765846105), (-18.958776884478652, 36.63863707258544), (-18.930735107681844, 36.63291853658265)]",True
1784490651.8775146,0,-19.99537190711443,36.80884119430103,0.8000000253430342,229.0135025514559,-0.30548162265143597,-21.923326684590396,36.907181206669826,1.1210941176389309,226.2811535075015,-0.3599400458875303,-1.9279547774759678,0.0983400123687943,0.3210940922958967,-2.7323490439544003,-0.054458423236094344,"[(-20.021922654083212, 36.785267323526014), (-19.998510612296823, 36.78492908978539), (-19.97497880631923, 36.78447102472015), (-19.951327237539143, 36.78389312902314), (-19.92755590734888, 36.78319540339085), (-19.903664817144357, 36.78237784852335), (-19.8796539683251, 36.781440465124355), (-19.855523362294246, 36.780383253901164), (-19.831273000458527, 36.779206215564706), (-19.80690288422829, 36.7779093508295), (-19.78241301501748, 36.77649266041371), (-19.757803394243652, 36.77495614503908), (-19.733074023327966, 36.77329980543098), (-19.708224903695186, 36.77152364231839), (-19.683256036773678, 36.769627656433904), (-19.65816742399542, 36.76761184851372), (-19.632959066795987, 36.765476219297646), (-19.60763096661457, 36.76322076952912), (-19.582183124893955, 36.76084549995517), (-19.55661554308054, 36.75835041132644), (-19.530928222624322, 36.755735504397194), (-19.505121164978906, 36.7530007799253), (-19.479194371601498, 36.750146238672244), (-19.453147843952912, 36.74717188140311), (-19.42698158349757, 36.74407770888661), (-19.400695591703496, 36.74086372189504), (-19.374289870042315, 36.737529921204334), (-19.347764419989254, 36.73407630759403), (-19.321119243023155, 36.73050288184727), (-19.29435434062645, 36.726809644750816), (-19.267469714285195, 36.72299659709503), (-19.240465365489033, 36.7190637396739), (-19.213341295731215, 36.715011073285), (-19.1860975065086, 36.71083859872954), (-19.158733999321644, 36.70654631681232), (-19.131250775674413, 36.70213422834178), (-19.103647837074575, 36.697602334129925), (-19.075925185033405, 36.692950634992414), (-19.048082821065776, 36.6881791317485), (-19.02012074669017, 36.683287825221036), (-18.992038963428666, 36.678276716236496), (-18.96383747280695, 36.67314580562497), (-18.935516276354313, 36.66789509422014), (-18.907075375603647, 36.66252458285932), (-18.878514772091446, 36.65703427238341)]",True
1784490651.9261067,0,-19.936484549530356,36.83389174506363,0.8000000144031635,230.16684911573068,-0.3815536897516125,-21.826406403393484,36.940233078410465,1.260519972980759,226.2811535075015,-0.3599400458875303,-1.8899218538631288,0.10634133334683327,0.46051995857759553,-3.8856956082291845,0.02161364386408221,"[(-19.970209648878853, 36.808557067353085), (-19.94563171934813, 36.80862885316917), (-19.92093372753539, 36.80858050468926), (-19.89611567487388, 36.80841202259835), (-19.871177562800458, 36.80812340758505), (-19.846119392755636, 36.80771466034164), (-19.820941166183562, 36.80718578156403), (-19.795642884532015, 36.80653677195178), (-19.77022454925242, 36.80576763220809), (-19.74468616179983, 36.80487836303981), (-19.719027723632948, 36.80386896515744), (-19.69324923621411, 36.802739439275115), (-19.66735070100929, 36.801489786110615), (-19.641332119488098, 36.80012000638536), (-19.61519349312378, 36.79863010082443), (-19.588934823393224, 36.79702007015654), (-19.562556111776953, 36.79528991511405), (-19.53605735975913, 36.79343963643295), (-19.509438568827555, 36.7914692348529), (-19.482699740473663, 36.78937871111719), (-19.45584087619253, 36.78716806597275), (-19.428861977482857, 36.784837300170175), (-19.401763045847, 36.78238641446368), (-19.374544082790948, 36.77981540961113), (-19.347205089824314, 36.77712428637405), (-19.31974606846036, 36.77431304551758), (-19.292167020215985, 36.771381687810525), (-19.264467946611717, 36.76833021402533), (-19.23664884917173, 36.76515862493809), (-19.208709729423823, 36.761866921328526), (-19.18065058889945, 36.75845510398002), (-19.152471429133684, 36.754923173679586), (-19.12417225166524, 36.75127113121789), (-19.095753058036472, 36.747498977389235), (-19.06721384979337, 36.74360671299157), (-19.038554628485553, 36.73959433882649), (-19.00977539566629, 36.735461855699235), (-18.980876152892474, 36.73120926441867), (-18.951856901724636, 36.726836565797335), (-18.92271764372695, 36.722343760651384), (-18.893458380467223, 36.71773084980063), (-18.86407911351689, 36.71299783406853), (-18.834579844451035, 36.70814471428218), (-18.804960574848362, 36.70317149127231), (-18.77522130629123, 36.698078165873305)]",True
1784490651.9804285,0,-19.90728473662557,36.846982517295395,0.8000000129883945,230.16684911573068,-0.3815536897516125,-21.780713303856103,36.95681827139771,1.1804295230992996,226.2811535075015,-0.3599400458875303,-1.8734285672305333,0.10983575410231339,0.3804295101109051,-3.8856956082291845,0.02161364386408221,"[(-19.941958130461984, 36.820009120335925), (-19.919234337327964, 36.819156133604864), (-19.896390735858926, 36.81818327482935), (-19.873427327424924, 36.817090544718866), (-19.850344113399622, 36.8158779439865), (-19.827141095160293, 36.81454547334897), (-19.80381827408783, 36.81309313352661), (-19.780375651566743, 36.81152092524336), (-19.756813228985138, 36.80982884922678), (-19.733131007734745, 36.80801690620808), (-19.7093289892109, 36.80608509692205), (-19.68540717481256, 36.80403342210711), (-19.66136556594229, 36.80186188250531), (-19.637204164006263, 36.79957047886229), (-19.61292297041427, 36.79715921192735), (-19.588521986579718, 36.79462808245337), (-19.56400121391961, 36.79197709119687), (-19.539360653854576, 36.78920623891798), (-19.514600307808855, 36.78631552638044), (-19.489720177210295, 36.78330495435163), (-19.464720263490356, 36.780174523602525), (-19.439600568084114, 36.77692423490773), (-19.414361092430244, 36.77355408904546), (-19.38900183797105, 36.77006408679756), (-19.363522806152442, 36.766454228949485), (-19.337923998423932, 36.7627245162903), (-19.312205416238655, 36.7588749496127), (-19.28636706105335, 36.75490552971299), (-19.26040893432837, 36.7508162573911), (-19.234331037527685, 36.746607133450574), (-19.208133372118862, 36.74227815869857), (-19.18181593957309, 36.73782933394586), (-19.15537874136517, 36.73326066000684), (-19.128821778973506, 36.72857213769953), (-19.102145053880122, 36.723763767845554), (-19.075348567570646, 36.71883555127015), (-19.048432321534317, 36.7137874888022), (-19.021396317263992, 36.708619581274164), (-18.99424055625613, 36.703331829522156), (-18.966965040010805, 36.69792423438588), (-18.9395697700317, 36.69239679670867), (-18.912054747826108, 36.68674951733748), (-18.884419974904937, 36.680982397122875), (-18.856665452782696, 36.67509543691903), (-18.828791182977515, 36.66908863758374)]",True
1784490652.025745,0,-19.878162547371932,36.86024400098746,0.8000000123799842,230.16684911573068,-0.3815536897516125,-21.73729983608071,36.97330472832662,1.1459872486609164,226.2811535075015,-0.3599400458875303,-1.8591372887087765,0.1130607273391604,0.3459872362809322,-3.8856956082291845,0.02161364386408221,"[(-19.934965411333145, 36.8229796148552), (-19.91313594202417, 36.82172991026125), (-19.89118701327717, 36.820360686566374), (-19.86911862642498, 36.818871944486546), (-19.846930782803998, 36.817263684741306), (-19.8246234837542, 36.81553590805378), (-19.802196730619137, 36.813688615150674), (-19.77965052474594, 36.81172180676227), (-19.756984867485308, 36.809635483622436), (-19.73419976019152, 36.80742964646861), (-19.711295204222424, 36.805104296041826), (-19.68827120093945, 36.80265943308668), (-19.6651277517076, 36.80009505835136), (-19.64186485789545, 36.79741117258764), (-19.618482520875144, 36.79460777655085), (-19.59498074202241, 36.79168487099992), (-19.57135952271655, 36.78864245669737), (-19.547618864340432, 36.78548053440927), (-19.52375876828051, 36.78219910490529), (-19.4997792359268, 36.77879816895867), (-19.475680268672896, 36.77527772734624), (-19.451461867915974, 36.77163778084841), (-19.427124035056778, 36.76787833024915), (-19.40266677149962, 36.763999376336024), (-19.3780900786524, 36.760000919900186), (-19.353393957926574, 36.755882961736354), (-19.328578410737187, 36.75164550264282), (-19.303643438502853, 36.74728854342148), (-19.278589042645756, 36.74281208487779), (-19.253415224591656, 36.738216127820785), (-19.22812198576989, 36.73350067306309), (-19.20270932761336, 36.7286657214209), (-19.17717725155855, 36.723711273713995), (-19.151525759045512, 36.71863733076573), (-19.125754851517872, 36.71344389340304), (-19.099864530422835, 36.70813096245644), (-19.07385479721117, 36.702698538760025), (-19.047725653337228, 36.69714662315147), (-19.021477100258924, 36.69147521647202), (-18.995109139437755, 36.68568431956651), (-18.968621772338782, 36.67977393328336), (-18.942015000430647, 36.67374405847454), (-18.915288825185556, 36.667594695995625), (-18.888443248079298, 36.661325846705765), (-18.861478270591228, 36.65493751146768)]",True
1784490652.080265,0,-19.84229678836973,36.87794724634258,0.8000000120807941,230.16684911573068,-0.3815536897516125,-21.68466516496295,36.99466148975247,1.1290500152978593,226.2811535075015,-0.3599400458875303,-1.842368376593221,0.11671424340988779,0.32905000321706523,-3.8856956082291845,0.02161364386408221,"[(-19.934965411333145, 36.8229796148552), (-19.91313594202417, 36.82172991026125), (-19.89118701327717, 36.820360686566374), (-19.86911862642498, 36.818871944486546), (-19.846930782803998, 36.817263684741306), (-19.8246234837542, 36.81553590805378), (-19.802196730619137, 36.813688615150674), (-19.77965052474594, 36.81172180676227), (-19.756984867485308, 36.809635483622436), (-19.73419976019152, 36.80742964646861), (-19.711295204222424, 36.805104296041826), (-19.68827120093945, 36.80265943308668), (-19.6651277517076, 36.80009505835136), (-19.64186485789545, 36.79741117258764), (-19.618482520875144, 36.79460777655085), (-19.59498074202241, 36.79168487099992), (-19.57135952271655, 36.78864245669737), (-19.547618864340432, 36.78548053440927), (-19.52375876828051, 36.78219910490529), (-19.4997792359268, 36.77879816895867), (-19.475680268672896, 36.77527772734624), (-19.451461867915974, 36.77163778084841), (-19.427124035056778, 36.76787833024915), (-19.40266677149962, 36.763999376336024), (-19.3780900786524, 36.760000919900186), (-19.353393957926574, 36.755882961736354), (-19.328578410737187, 36.75164550264282), (-19.303643438502853, 36.74728854342148), (-19.278589042645756, 36.74281208487779), (-19.253415224591656, 36.738216127820785), (-19.22812198576989, 36.73350067306309), (-19.20270932761336, 36.7286657214209), (-19.17717725155855, 36.723711273713995), (-19.151525759045512, 36.71863733076573), (-19.125754851517872, 36.71344389340304), (-19.099864530422835, 36.70813096245644), (-19.07385479721117, 36.702698538760025), (-19.047725653337228, 36.69714662315147), (-19.021477100258924, 36.69147521647202), (-18.995109139437755, 36.68568431956651), (-18.968621772338782, 36.67977393328336), (-18.942015000430647, 36.67374405847454), (-18.915288825185556, 36.667594695995625), (-18.888443248079298, 36.661325846705765), (-18.861478270591228, 36.65493751146768)]",True
1784490652.1271973,0,-19.820826555451344,36.88867103790138,0.8000000120058249,230.16684911573068,-0.3815536897516125,-21.6535990224234,37.007982714975974,1.1248059896666167,226.2811535075015,-0.3599400458875303,-1.832772466972056,0.11931167707459167,0.3248059776607918,-3.8856956082291845,0.02161364386408221,"[(-19.934965411333145, 36.8229796148552), (-19.91313594202417, 36.82172991026125), (-19.89118701327717, 36.820360686566374), (-19.86911862642498, 36.818871944486546), (-19.846930782803998, 36.817263684741306), (-19.8246234837542, 36.81553590805378), (-19.802196730619137, 36.813688615150674), (-19.77965052474594, 36.81172180676227), (-19.756984867485308, 36.809635483622436), (-19.73419976019152, 36.80742964646861), (-19.711295204222424, 36.805104296041826), (-19.68827120093945, 36.80265943308668), (-19.6651277517076, 36.80009505835136), (-19.64186485789545, 36.79741117258764), (-19.618482520875144, 36.79460777655085), (-19.59498074202241, 36.79168487099992), (-19.57135952271655, 36.78864245669737), (-19.547618864340432, 36.78548053440927), (-19.52375876828051, 36.78219910490529), (-19.4997792359268, 36.77879816895867), (-19.475680268672896, 36.77527772734624), (-19.451461867915974, 36.77163778084841), (-19.427124035056778, 36.76787833024915), (-19.40266677149962, 36.763999376336024), (-19.3780900786524, 36.760000919900186), (-19.353393957926574, 36.755882961736354), (-19.328578410737187, 36.75164550264282), (-19.303643438502853, 36.74728854342148), (-19.278589042645756, 36.74281208487779), (-19.253415224591656, 36.738216127820785), (-19.22812198576989, 36.73350067306309), (-19.20270932761336, 36.7286657214209), (-19.17717725155855, 36.723711273713995), (-19.151525759045512, 36.71863733076573), (-19.125754851517872, 36.71344389340304), (-19.099864530422835, 36.70813096245644), (-19.07385479721117, 36.702698538760025), (-19.047725653337228, 36.69714662315147), (-19.021477100258924, 36.69147521647202), (-18.995109139437755, 36.68568431956651), (-18.968621772338782, 36.67977393328336), (-18.942015000430647, 36.67374405847454), (-18.915288825185556, 36.667594695995625), (-18.888443248079298, 36.661325846705765), (-18.861478270591228, 36.65493751146768)]",True
1784490652.1865737,0,-19.792178112798947,36.902927587213604,0.8000000119574379,230.16684911573068,-0.3815536897516125,-21.61237104573643,37.02584260420558,1.12206678115753,226.2811535075015,-0.3599400458875303,-1.8201929329374842,0.12291501699197482,0.32206676920009214,-3.8856956082291845,0.02161364386408221,"[(-19.934965411333145, 36.8229796148552), (-19.91313594202417, 36.82172991026125), (-19.89118701327717, 36.820360686566374), (-19.86911862642498, 36.818871944486546), (-19.846930782803998, 36.817263684741306), (-19.8246234837542, 36.81553590805378), (-19.802196730619137, 36.813688615150674), (-19.77965052474594, 36.81172180676227), (-19.756984867485308, 36.809635483622436), (-19.73419976019152, 36.80742964646861), (-19.711295204222424, 36.805104296041826), (-19.68827120093945, 36.80265943308668), (-19.6651277517076, 36.80009505835136), (-19.64186485789545, 36.79741117258764), (-19.618482520875144, 36.79460777655085), (-19.59498074202241, 36.79168487099992), (-19.57135952271655, 36.78864245669737), (-19.547618864340432, 36.78548053440927), (-19.52375876828051, 36.78219910490529), (-19.4997792359268, 36.77879816895867), (-19.475680268672896, 36.77527772734624), (-19.451461867915974, 36.77163778084841), (-19.427124035056778, 36.76787833024915), (-19.40266677149962, 36.763999376336024), (-19.3780900786524, 36.760000919900186), (-19.353393957926574, 36.755882961736354), (-19.328578410737187, 36.75164550264282), (-19.303643438502853, 36.74728854342148), (-19.278589042645756, 36.74281208487779), (-19.253415224591656, 36.738216127820785), (-19.22812198576989, 36.73350067306309), (-19.20270932761336, 36.7286657214209), (-19.17717725155855, 36.723711273713995), (-19.151525759045512, 36.71863733076573), (-19.125754851517872, 36.71344389340304), (-19.099864530422835, 36.70813096245644), (-19.07385479721117, 36.702698538760025), (-19.047725653337228, 36.69714662315147), (-19.021477100258924, 36.69147521647202), (-18.995109139437755, 36.68568431956651), (-18.968621772338782, 36.67977393328336), (-18.942015000430647, 36.67374405847454), (-18.915288825185556, 36.667594695995625), (-18.888443248079298, 36.661325846705765), (-18.861478270591228, 36.65493751146768)]",True
1784490652.2271864,0,-19.763572872915336,36.917270297131836,0.8000000119366293,230.16684911573068,-0.3815536897516125,-21.571166055436695,37.04356856590448,1.120888805863927,226.2811535075015,-0.3599400458875303,-1.8075931825213587,0.1262982687726435,0.32088879392729774,-3.8856956082291845,0.02161364386408221,"[(-19.934965411333145, 36.8229796148552), (-19.91313594202417, 36.82172991026125), (-19.89118701327717, 36.820360686566374), (-19.86911862642498, 36.818871944486546), (-19.846930782803998, 36.817263684741306), (-19.8246234837542, 36.81553590805378), (-19.802196730619137, 36.813688615150674), (-19.77965052474594, 36.81172180676227), (-19.756984867485308, 36.809635483622436), (-19.73419976019152, 36.80742964646861), (-19.711295204222424, 36.805104296041826), (-19.68827120093945, 36.80265943308668), (-19.6651277517076, 36.80009505835136), (-19.64186485789545, 36.79741117258764), (-19.618482520875144, 36.79460777655085), (-19.59498074202241, 36.79168487099992), (-19.57135952271655, 36.78864245669737), (-19.547618864340432, 36.78548053440927), (-19.52375876828051, 36.78219910490529), (-19.4997792359268, 36.77879816895867), (-19.475680268672896, 36.77527772734624), (-19.451461867915974, 36.77163778084841), (-19.427124035056778, 36.76787833024915), (-19.40266677149962, 36.763999376336024), (-19.3780900786524, 36.760000919900186), (-19.353393957926574, 36.755882961736354), (-19.328578410737187, 36.75164550264282), (-19.303643438502853, 36.74728854342148), (-19.278589042645756, 36.74281208487779), (-19.253415224591656, 36.738216127820785), (-19.22812198576989, 36.73350067306309), (-19.20270932761336, 36.7286657214209), (-19.17717725155855, 36.723711273713995), (-19.151525759045512, 36.71863733076573), (-19.125754851517872, 36.71344389340304), (-19.099864530422835, 36.70813096245644), (-19.07385479721117, 36.702698538760025), (-19.047725653337228, 36.69714662315147), (-19.021477100258924, 36.69147521647202), (-18.995109139437755, 36.68568431956651), (-18.968621772338782, 36.67977393328336), (-18.942015000430647, 36.67374405847454), (-18.915288825185556, 36.667594695995625), (-18.888443248079298, 36.661325846705765), (-18.861478270591228, 36.65493751146768)]",True
1784490652.2798684,0,-19.763572872915336,36.917270297131836,0.8000000119366293,230.16684911573068,-0.3815536897516125,-21.571166055436695,37.04356856590448,1.120888805863927,226.2811535075015,-0.3599400458875303,-1.8075931825213587,0.1262982687726435,0.32088879392729774,-3.8856956082291845,0.02161364386408221,"[(-19.934965411333145, 36.8229796148552), (-19.91313594202417, 36.82172991026125), (-19.89118701327717, 36.820360686566374), (-19.86911862642498, 36.818871944486546), (-19.846930782803998, 36.817263684741306), (-19.8246234837542, 36.81553590805378), (-19.802196730619137, 36.813688615150674), (-19.77965052474594, 36.81172180676227), (-19.756984867485308, 36.809635483622436), (-19.73419976019152, 36.80742964646861), (-19.711295204222424, 36.805104296041826), (-19.68827120093945, 36.80265943308668), (-19.6651277517076, 36.80009505835136), (-19.64186485789545, 36.79741117258764), (-19.618482520875144, 36.79460777655085), (-19.59498074202241, 36.79168487099992), (-19.57135952271655, 36.78864245669737), (-19.547618864340432, 36.78548053440927), (-19.52375876828051, 36.78219910490529), (-19.4997792359268, 36.77879816895867), (-19.475680268672896, 36.77527772734624), (-19.451461867915974, 36.77163778084841), (-19.427124035056778, 36.76787833024915), (-19.40266677149962, 36.763999376336024), (-19.3780900786524, 36.760000919900186), (-19.353393957926574, 36.755882961736354), (-19.328578410737187, 36.75164550264282), (-19.303643438502853, 36.74728854342148), (-19.278589042645756, 36.74281208487779), (-19.253415224591656, 36.738216127820785), (-19.22812198576989, 36.73350067306309), (-19.20270932761336, 36.7286657214209), (-19.17717725155855, 36.723711273713995), (-19.151525759045512, 36.71863733076573), (-19.125754851517872, 36.71344389340304), (-19.099864530422835, 36.70813096245644), (-19.07385479721117, 36.702698538760025), (-19.047725653337228, 36.69714662315147), (-19.021477100258924, 36.69147521647202), (-18.995109139437755, 36.68568431956651), (-18.968621772338782, 36.67977393328336), (-18.942015000430647, 36.67374405847454), (-18.915288825185556, 36.667594695995625), (-18.888443248079298, 36.661325846705765), (-18.861478270591228, 36.65493751146768)]",True
1784490652.3289378,0,-19.763572872915336,36.917270297131836,0.8000000119366293,230.16684911573068,-0.3815536897516125,-21.571166055436695,37.04356856590448,1.120888805863927,226.2811535075015,-0.3599400458875303,-1.8075931825213587,0.1262982687726435,0.32088879392729774,-3.8856956082291845,0.02161364386408221,"[(-19.928390213227665, 36.825848876418874), (-19.906730128186798, 36.8244998498407), (-19.88495009646159, 36.82303081728031), (-19.86305011939442, 36.821441779464585), (-19.84103019833129, 36.81973273712402), (-19.818890334621834, 36.817903690992765), (-19.796630529619314, 36.81595464180859), (-19.774250784680625, 36.8138855903129), (-19.75175110116628, 36.81169653725075), (-19.729131480440437, 36.809387483370806), (-19.706391923870864, 36.80695842942539), (-19.683532432828972, 36.80440937617045), (-19.6605530086898, 36.801740324365554), (-19.637453652832008, 36.79895127477393), (-19.614234366637888, 36.79604222816241), (-19.590895151493363, 36.793013185301504), (-19.56743600878798, 36.78986414696531), (-19.54385693991492, 36.786595113931575), (-19.520157946270988, 36.78320608698169), (-19.496339029256617, 36.77969706690068), (-19.47240019027587, 36.77606805447719), (-19.448341430736438, 36.77231905050351), (-19.42416275204964, 36.76845005577556), (-19.39986415563042, 36.76446107109289), (-19.375445642897358, 36.76035209725868), (-19.350907215272652, 36.75612313507976), (-19.326248874182134, 36.751774185366585), (-19.301470621055262, 36.74730524893324), (-19.27657245732512, 36.74271632659744), (-19.25155438442842, 36.73800741918055), (-19.22641640380551, 36.73317852750755), (-19.20115851690035, 36.728229652407066), (-19.17578072516054, 36.723160794711355), (-19.150283030037304, 36.717971955256296), (-19.124665432985488, 36.71266313488141), (-19.09892793546357, 36.707234334429856), (-19.07307053893366, 36.70168555474842), (-19.047093244861482, 36.69601679668752), (-19.020996054716406, 36.690228061101216), (-18.994778969971406, 36.68431934884718), (-18.968441992103102, 36.67829066078674), (-18.941985122591728, 36.67214199778485), (-18.915408362921156, 36.66587336071009), (-18.888711714578875, 36.65948475043467), (-18.861895179056006, 36.65297616783445)]",True
1784490652.3851564,0,-19.691658911115667,36.95231722289958,0.800000011922833,230.16684911573068,-0.3815536897516125,-21.46735080699804,37.085641693728896,1.120107795719872,226.2811535075015,-0.3599400458875303,-1.7756918958823746,0.1333244708293151,0.32010778379703897,-3.8856956082291845,0.02161364386408221,"[(-19.787064249994422, 36.891382008878104), (-19.756566793847437, 36.89305201771977), (-19.725928943115584, 36.89458152250648), (-19.695150699987387, 36.89597052410235), (-19.66423206665714, 36.89721902337729), (-19.633173045324906, 36.89832702120695), (-19.60197363819652, 36.899294518472814), (-19.570633847483577, 36.90012151606211), (-19.539153675403455, 36.900808014867856), (-19.50753312417929, 36.90135401578886), (-19.475772196039987, 36.901759519729715), (-19.443870893220218, 36.90202452760078), (-19.41182921796043, 36.902149040318214), (-19.379647172506832, 36.90213305880394), (-19.3473247591114, 36.90197658398568), (-19.314861980031885, 36.901679616796926), (-19.2822588375318, 36.90124215817695), (-19.249515333880417, 36.90066420907081), (-19.21663147135279, 36.899945770429355), (-19.183607252229734, 36.8990868432092), (-19.15044267879783, 36.89808742837273), (-19.117137753349425, 36.896947526888155), (-19.083692478182638, 36.89566713972942), (-19.050106855601346, 36.89424626787628), (-19.0163808879152, 36.892684912314245), (-18.982514577439616, 36.89098307403464), (-18.948507926495772, 36.88914075403453), (-18.914360937410617, 36.887157953316795), (-18.880073612516863, 36.885034672890086), (-18.84564595415299, 36.88277091376882), (-18.811077964663237, 36.88036667697322), (-18.776369646397615, 36.87782196352926), (-18.741521001711902, 36.87513677446871), (-18.706532032967637, 36.87231111082912), (-18.671402742532123, 36.86934497365383), (-18.636133132778433, 36.86623836399194), (-18.600723206085398, 36.862991282898335), (-18.565172964837622, 36.85960373143369), (-18.529482411425466, 36.85607571066444), (-18.493651548245058, 36.85240722166283), (-18.457680377698296, 36.84859826550686), (-18.42156890219283, 36.84464884328031), (-18.385317124142084, 36.840558956072755), (-18.34892504596524, 36.836328604979535), (-18.312392670087252, 36.83195779110178)]",True
1784490652.4342332,0,-19.691658911115667,36.95231722289958,0.800000011922833,230.16684911573068,-0.3815536897516125,-21.46735080699804,37.085641693728896,1.120107795719872,226.2811535075015,-0.3599400458875303,-1.7756918958823746,0.1333244708293151,0.32010778379703897,-3.8856956082291845,0.02161364386408221,"[(-19.72621146951643, 36.9219891739218), (-19.693419639691676, 36.92534059893841), (-19.660504222709566, 36.928568330189385), (-19.627465220318115, 36.93167236828293), (-19.594302634269223, 36.93465271383118), (-19.561016466318687, 36.93750936745014), (-19.527606718226192, 36.940242329759734), (-19.494073391755308, 36.94285160138377), (-19.4604164886735, 36.94533718294997), (-19.42663601075211, 36.94769907508995), (-19.392731959766387, 36.949937278439215), (-19.358704337495453, 36.95205179363719), (-19.32455314572233, 36.954042621327176), (-19.290278386233922, 36.95590976215639), (-19.255880060821024, 36.95765321677593), (-19.221358171278318, 36.95927298584082), (-19.186712719404373, 36.96076907000996), (-19.151943707001653, 36.962141469946154), (-19.117051135876505, 36.96339018631611), (-19.082035007839167, 36.964515219790435), (-19.04689532470376, 36.96551657104363), (-19.011632088288298, 36.96639424075409), (-18.976245300414682, 36.96714822960412), (-18.9407349629087, 36.967778538279916), (-18.905101077600026, 36.96828516747157), (-18.86934364632223, 36.96866811787308), (-18.833462670912755, 36.96892739018234), (-18.79745815321295, 36.96906298510114), (-18.761330095068036, 36.96907490333517), (-18.72507849832713, 36.968963145594024), (-18.688703364843228, 36.96872771259118), (-18.652204696473223, 36.96836860504403), (-18.61558249507789, 36.967885823673846), (-18.578836762521895, 36.96727936920582), (-18.541967500673785, 36.96654924236903), (-18.504974711405996, 36.96569544389644), (-18.467858396594856, 36.964717974524945), (-18.43061855812057, 36.9636168349953), (-18.39325519786724, 36.96239202605218), (-18.35576831772285, 36.96104354844415), (-18.318157919579264, 36.95957140292369), (-18.280424005332247, 36.95797559024716), (-18.24256657688144, 36.95625611117481), (-18.20458563613037, 36.954412966470805), (-18.166481184986456, 36.9524461569032)]",True
1784490652.475546,0,-19.691658911115667,36.95231722289958,0.800000011922833,230.16684911573068,-0.3815536897516125,-21.46735080699804,37.085641693728896,1.120107795719872,228.89760255145592,0.4331432429872138,-1.7756918958823746,0.1333244708293151,0.32010778379703897,-1.2692465642747663,0.8146969327388263,"[(-19.701862019225675, 36.93412572817331), (-19.670246701584986, 36.9371963204413), (-19.638512535273385, 36.94014796458388), (-19.606659521891597, 36.94298066117831), (-19.574687663043846, 36.94569441080538), (-19.542596960337857, 36.94828921404937), (-19.510387415384855, 36.95076507149807), (-19.478059029799567, 36.95312198374279), (-19.445611805200212, 36.95535995137834), (-19.413045743208517, 36.95747897500304), (-19.3803608454497, 36.959479055218715), (-19.347557113552487, 36.9613601926307), (-19.314634549149094, 36.96312238784784), (-19.281593153875242, 36.96476564148249), (-19.24843292937015, 36.9662899541505), (-19.215153877276535, 36.967695326471244), (-19.181755999240618, 36.968981759067596), (-19.14823929691211, 36.97014925256594), (-19.114603771944225, 36.97119780759617), (-19.08084942599368, 36.97212742479168), (-19.046976260720683, 36.972938104789385), (-19.012984277788945, 36.97362984822969), (-18.978873478865676, 36.97420265575653), (-18.944643865621583, 36.97465652801732), (-18.91029543973087, 36.97499146566301), (-18.87582820287124, 36.97520746934804), (-18.841242156723894, 36.97530453973037), (-18.806537302973535, 36.97528267747145), (-18.77171364330836, 36.975141883236255), (-18.736771179420067, 36.97488215769326), (-18.701709913003846, 36.97450350151445), (-18.666529845758394, 36.97400591537531), (-18.631230979385897, 36.97338939995484), (-18.595813315592046, 36.97265395593554), (-18.560276856086023, 36.971799584003435), (-18.524621602580513, 36.97082628484803), (-18.488847556791697, 36.96973405916236), (-18.45295472043925, 36.968522907642964), (-18.41694309524635, 36.96719283098987), (-18.38081268293967, 36.965743829906636), (-18.344563485249378, 36.96417590510031), (-18.30819550390914, 36.96248905728146), (-18.27170874065612, 36.960683287164144), (-18.235103197230984, 36.95875859546595), (-18.198378875377884, 36.95671498290796)]",True
1784490652.5286386,0,-19.684443877522302,36.95577308856908,0.8000000119224708,230.16684911573068,-0.3815536897516125,-21.456863516238098,37.08957595659837,1.1200872938808966,228.89760255145592,0.4331432429872138,-1.772419638715796,0.1338028680292851,0.32008728195842573,-1.2692465642747663,0.8146969327388263,"[(-19.69500869470069, 36.93758506673698), (-19.664231218168165, 36.94034360300578), (-19.633335286910366, 36.942983588794064), (-19.602320902491602, 36.94550502468396), (-19.571188066479646, 36.94790791126105), (-19.53993678044574, 36.95019224911439), (-19.50856704596458, 36.95235803883651), (-19.477078864614327, 36.95440528102341), (-19.445472237976606, 36.956333976274564), (-19.413747167636505, 36.95814412519291), (-19.38190365518257, 36.95983572838485), (-19.34994170220681, 36.96140878646028), (-19.317861310304696, 36.962863300032545), (-19.285662481075164, 36.96419926971846), (-19.253345216120607, 36.965416696138334), (-19.220909517046884, 36.966515579915914), (-19.188355385463314, 36.96749592167844), (-19.155682822982676, 36.968357722056616), (-19.122891831221214, 36.96910098168461), (-19.089982411798626, 36.969725701200076), (-19.05695456633808, 36.97023188124412), (-19.023808296466207, 36.97061952246133), (-18.990543603813084, 36.970888625499754), (-18.957160490012264, 36.971039191010924), (-18.923658956700756, 36.97107121964983), (-18.890039005519032, 36.97098471207493), (-18.856300638111023, 36.97077966894817), (-18.822443856124117, 36.97045609093494), (-18.78846866120917, 36.970013978704124), (-18.754375055020496, 36.96945333292806), (-18.720163039215873, 36.96877415428256), (-18.68583261545653, 36.967976443446915), (-18.651383785407162, 36.96706020110387), (-18.616816550735933, 36.96602542793965), (-18.582130913114455, 36.96487212464394), (-18.547326874217802, 36.963600291909906), (-18.512404435724516, 36.962209930434184), (-18.47736359931659, 36.96070104091687), (-18.442204366679483, 36.959073624061524), (-18.406926739502115, 36.9573276805752), (-18.371530719476862, 36.95546321116839), (-18.336016308299563, 36.95348021655509), (-18.300383507669515, 36.95137869745274), (-18.264632319289476, 36.94915865458225), (-18.22876274486566, 36.946820088668005)]",True
1784490652.5757594,0,-19.648300933387112,36.97291013209665,0.800000011921466,230.16684911573068,-0.3815536897516125,-21.400998542054253,37.111586910114895,1.2543862796863,228.89760255145592,0.4331432429872138,-1.752697608667141,0.13867677801824385,0.45438626776483393,-1.2692465642747663,0.8146969327388263,"[(-19.68864058242539, 36.94077674208596), (-19.658658384152265, 36.94321823114166), (-19.628557628137948, 36.94554106970666), (-19.59833831592756, 36.94774525837394), (-19.5680004490697, 36.94983079773997), (-19.537544029116443, 36.951797688404696), (-19.50696905762334, 36.95364593097155), (-19.476275536149412, 36.95537552604743), (-19.44546346625716, 36.956986474242754), (-19.414532849512554, 36.95847877617138), (-19.383483687485043, 36.95985243245068), (-19.352315981747548, 36.9611074437015), (-19.321029733876465, 36.96224381054816), (-19.289624945451664, 36.963261533618464), (-19.25810161805649, 36.96416061354371), (-19.22645975327776, 36.96494105095867), (-19.19469935270576, 36.9656028465016), (-19.16282041793427, 36.96614600081424), (-19.130822950560518, 36.96657051454181), (-19.098706952185218, 36.966876388333), (-19.066472424412563, 36.96706362284001), (-19.03411936885021, 36.9671322187185), (-19.001647787109295, 36.96708217662762), (-18.969057680804426, 36.96691349723), (-18.936349051553684, 36.966626181191764), (-18.903521900978625, 36.96622022918249), (-18.870576230704277, 36.965695641875264), (-18.83751204235914, 36.965052419946645), (-18.80432933757519, 36.96429056407668), (-18.77102811798788, 36.96341007494888), (-18.73760838523612, 36.96241095325026), (-18.70407014096231, 36.9612931996713), (-18.670413386812314, 36.960056814905975), (-18.636638124435475, 36.95870179965173), (-18.602744355484603, 36.957228154609496), (-18.568732081615984, 36.95563588048369), (-18.534601304489378, 36.953924977982204), (-18.500352025768013, 36.95209544781642), (-18.46598424711859, 36.95014729070119), (-18.431497970211286, 36.94808050735485), (-18.39689319671975, 36.945895098499236), (-18.3621699283211, 36.94359106485964), (-18.32732816669593, 36.941168407164845), (-18.292367913528306, 36.938627126147125), (-18.257289170505757, 36.93596722254222)]",True
1784490652.625781,0,-19.63395838767853,36.98000110531355,0.8000000119212811,230.16684911573068,-0.3815536897516125,-21.378403400331088,37.12131452910763,1.208127303964402,228.89760255145592,0.4331432429872138,-1.7444450126525588,0.14131342379408096,0.4081272920431209,-1.2692465642747663,0.8146969327388263,"[(-19.675151436347374, 36.947438676915944), (-19.645422589298242, 36.94979169334222), (-19.615574675522886, 36.952025550609655), (-19.585607696576517, 36.95414024932063), (-19.555521654017866, 36.95613579008107), (-19.5253165494092, 36.95801217350043), (-19.494992384316312, 36.959769400191696), (-19.464549160308525, 36.96140747077141), (-19.433986878958695, 36.962926385859646), (-19.4033055418432, 36.964326146080005), (-19.372505150541954, 36.96560675205963), (-19.341585706638398, 36.9667682044292), (-19.310547211719495, 36.967810503822946), (-19.27938966737575, 36.96873365087861), (-19.248113075201186, 36.9695376462375), (-19.216717436793353, 36.97022249054443), (-19.18520275375334, 36.970788184447784), (-19.15356902768576, 36.971234728599455), (-19.12181626019875, 36.97156212365489), (-19.089944452903982, 36.97177037027306), (-19.05795360741665, 36.971859469116495), (-19.025843725355486, 36.971829420851236), (-18.993614808342738, 36.97168022614687), (-18.96126685800419, 36.97141188567654), (-18.928799875969155, 36.97102440011689), (-18.896213863870464, 36.97051777014812), (-18.86350882334449, 36.969891996453974), (-18.830684756031122, 36.96914707972173), (-18.797741663573785, 36.96828302064218), (-18.764679547619426, 36.96729981990969), (-18.731498409818524, 36.96619747822213), (-18.698198251825087, 36.96497599628092), (-18.66477907529664, 36.96363537479102), (-18.631240881894243, 36.96217561446092), (-18.59758367328249, 36.96059671600264), (-18.56380745112949, 36.95889868013176), (-18.52991221710689, 36.957081507567366), (-18.495897972889853, 36.9551451990321), (-18.461764720157074, 36.953089755252144), (-18.42751246059078, 36.950915176957196), (-18.39314119587672, 36.9486214648805), (-18.35865092770417, 36.94620861975885), (-18.32404165776593, 36.943676642332555), (-18.28931338775834, 36.94102553334547), (-18.25446611938125, 36.93825529354498)]",True
1784490652.675958,0,-19.605160286867253,36.99394841692268,0.8000000119210804,230.16684911573068,-0.3815536897516125,-21.335330096981874,37.14059010645468,1.1578984636847054,228.89760255145592,0.4331432429872138,-1.7301698101146208,0.14664168953200374,0.357898451763625,-1.2692465642747663,0.8146969327388263,"[(-19.661064318848016, 36.95439212217782), (-19.63154479961261, 36.95668413223424), (-19.60190614584766, 36.95885691604099), (-19.57214835910414, 36.960910474203054), (-19.542271440936545, 36.962844807328935), (-19.512275392902914, 36.96465991603068), (-19.482160216564814, 36.96635580092391), (-19.451925913487354, 36.967932462627736), (-19.421572485239174, 36.96938990176486), (-19.391099933392454, 36.97072811896152), (-19.360508259522906, 36.971947114847474), (-19.32979746520978, 36.97304689005605), (-19.29896755203586, 36.974027445224095), (-19.26801852158747, 36.974888780992025), (-19.236950375454466, 36.975630898003786), (-19.20576311523023, 36.97625379690687), (-19.174456742511694, 36.976757478352305), (-19.143031258899317, 36.977141942994685), (-19.11148666599709, 36.97740719149212), (-19.079822965412557, 36.97755322450628), (-19.04804015875677, 36.97758004270237), (-19.016138247644335, 36.977487646749154), (-18.98411723369339, 36.977276037318916), (-18.951977118525598, 36.9769452150875), (-18.919717903766166, 36.97649518073428), (-18.887339591043833, 36.9759259349422), (-18.854842181990875, 36.97523747839771), (-18.822225678243097, 36.974429811790834), (-18.789490081439844, 36.97350293581512), (-18.756635393223988, 36.97245685116767), (-18.723661615241944, 36.971291558549126), (-18.690568749143655, 36.97000705866367), (-18.6573567965826, 36.96860335221903), (-18.62402575921579, 36.96708043992647), (-18.590575638703775, 36.96543832250081), (-18.557006436710637, 36.963677000660404), (-18.523318154903986, 36.961796475127144), (-18.48951079495497, 36.95979674662648), (-18.45558435853827, 36.957677815887386), (-18.42153884733211, 36.955439683642396), (-18.387374263018227, 36.953082350627575), (-18.35309060728191, 36.950605817582534), (-18.31868788181197, 36.94801008525043), (-18.284166088300765, 36.94529515437796), (-18.24952522844417, 36.94246102571536)]",True
1784490652.7261221,0,-19.568810434879413,37.01064175683293,0.8000000119209817,230.16684911573068,-0.3815536897516125,-21.282844967502495,37.16326672742162,1.1331980743159686,228.89760255145592,0.4331432429872138,-1.7140345326230815,0.15262497058868973,0.33319806239498695,-1.2692465642747663,0.8146969327388263,"[(-19.62486021061214, 36.97163010527242), (-19.59521715104063, 36.9740037717141), (-19.56545492347744, 36.97625817783898), (-19.53557352947787, 36.97839332424984), (-19.50557297060075, 36.98040921155303), (-19.475453248408456, 36.98230584035843), (-19.4452143644669, 36.98408321127947), (-19.414856320345525, 36.98574132493314), (-19.38437911761732, 36.98728018193995), (-19.353782757858813, 36.98869978292399), (-19.323067242650062, 36.99000012851286), (-19.29223257357467, 36.99118121933773), (-19.261278752219773, 36.992243056033324), (-19.230205780176053, 36.993185639237886), (-19.199013659037718, 36.99400896959322), (-19.16770239040252, 36.994713047744675), (-19.136271975871754, 36.99529787434115), (-19.104722417050244, 36.99576345003508), (-19.073053715546354, 36.99610977548245), (-19.041265872971984, 36.99633685134281), (-19.009358890942575, 36.996444678279225), (-18.977332771077105, 36.99643325695832), (-18.945187514998086, 36.99630258805027), (-18.912923124331567, 36.99605267222879), (-18.880539600707138, 36.99568351017115), (-18.848036945757926, 36.99519510255815), (-18.81541516112059, 36.99458745007414), (-18.78267424843533, 36.99386055340703), (-18.749814209345885, 36.99301441324826), (-18.71683504549952, 36.99204903029282), (-18.683736758547045, 36.99096440523925), (-18.650519350142808, 36.989760538789625), (-18.61718282194469, 36.98843743164958), (-18.583727175614115, 36.98699508452828), (-18.550152412816033, 36.98543349813845), (-18.516458535218938, 36.98375267319635), (-18.482645544494854, 36.981952610421786), (-18.448713442319345, 36.98003331053812), (-18.414662230371512, 36.97799477427224), (-18.380491910333994, 36.975837002354595), (-18.346202483892956, 36.973559995519174), (-18.31179395273811, 36.971163754503515), (-18.2772663185627, 36.9686482800487), (-18.2426195830635, 36.96601357289934), (-18.20785374794083, 36.96325963380362)]",True
1784490652.7771463,0,-19.532549824275833,37.027528562016656,0.8000000119209474,230.16684911573068,-0.3815536897516125,-21.2312019508484,37.18595965210498,1.1245962085392889,228.89760255145592,0.4331432429872138,-1.6986521265725685,0.158431090088321,0.3245961966183415,-1.2692465642747663,0.8146969327388263,"[(-19.596498036059334, 36.985615435446164), (-19.567239461321627, 36.987874700906936), (-19.5378617101976, 36.990014699058015), (-19.508364784231826, 36.99203543050588), (-19.478748684972416, 36.99393689586055), (-19.449013413971024, 36.99571909573561), (-19.419158972782835, 36.99738203074817), (-19.389185362966586, 36.998925701518914), (-19.35909258608455, 37.00035010867205), (-19.32888064370254, 37.001655252835356), (-19.298549537389903, 37.002841134640136), (-19.268099268719535, 37.00390775472126), (-19.237529839267864, 37.00485511371714), (-19.206841250614865, 37.00568321226974), (-19.176033504344048, 37.00639205102456), (-19.14510660204246, 37.00698163063066), (-19.114060545300696, 37.00745195174065), (-19.082895335712884, 37.007803015010666), (-19.051610974876695, 37.00803482110042), (-19.020207464393334, 37.00814737067316), (-18.988684805867553, 37.00814066439567), (-18.95704300090764, 37.0080147029383), (-18.925282051125418, 37.00776948697494), (-18.893401958136252, 37.007405017183025), (-18.86140272355905, 37.00692129424355), (-18.829284349016252, 37.00631831884104), (-18.797046836133845, 37.00559609166358), (-18.764690186541344, 37.00475461340279), (-18.732214401871815, 37.00379388475385), (-18.699619483761854, 37.00271390641548), (-18.666905433851593, 37.00151467908996), (-18.634072253784716, 37.0001962034831), (-18.60111994520843, 36.99875848030427), (-18.568048509773494, 36.99720151026637), (-18.534857949134196, 36.99552529408587), (-18.50154826494837, 36.99372983248278), (-18.468119458877375, 36.99181512618064), (-18.434571532586123, 36.989781175906565), (-18.400904487743055, 36.987627982391196), (-18.367118326020154, 36.98535554636872), (-18.33321304909294, 36.982963868576896), (-18.299188658640468, 36.980452949757), (-18.265045156345337, 36.97782279065387), (-18.230782543893678, 36.97507339201589), (-18.19640082297516, 36.972204754594976)]",True
1784490652.8268268,0,-19.503522546645513,37.04099758931458,0.8000000119209368,230.16684911573068,-0.3815536897516125,-21.190026342603737,37.20392543334823,1.1219765664169448,228.89760255145592,0.4331432429872138,-1.6865037959582239,0.16292784403365346,0.3219765544960079,-1.2692465642747663,0.8146969327388263,"[(-19.538057109587818, 37.0128468263593), (-19.50716521540218, 37.015785185480816), (-19.47615332804505, 37.01860345279371), (-19.445021449137432, 37.02130162889452), (-19.413769580303942, 37.02387971438339), (-19.38239772317283, 37.02633770986412), (-19.35090587937597, 37.02867561594415), (-19.319294050548855, 37.03089343323454), (-19.287562238330622, 37.03299116234999), (-19.255710444364016, 37.034968803908825), (-19.223738670295422, 37.036826358533034), (-19.191646917774836, 37.03856382684821), (-19.159435188455895, 37.040181209483606), (-19.127103483995853, 37.04167850707209), (-19.09465180605559, 37.04305572025017), (-19.062080156299615, 37.044312849658006), (-19.02938853639606, 37.04544989593936), (-18.99657694801668, 37.04646685974166), (-18.96364539283687, 37.047363741715955), (-18.93059387253563, 37.048140542516926), (-18.897422388795597, 37.04879726280289), (-18.864130943303035, 37.049333903235805), (-18.830719537747825, 37.04975046448126), (-18.79718817382348, 37.05004694720847), (-18.76353685322713, 37.050223352090306), (-18.729765577659542, 37.05027967980325), (-18.6958743488251, 37.05021593102744), (-18.661863168431815, 37.05003210644662), (-18.627732038191315, 37.0497282067482), (-18.593480959818866, 37.0493042326232), (-18.55910993503335, 37.04876018476629), (-18.524618965557277, 37.04809606387576), (-18.49000805311678, 37.04731187065355), (-18.455277199441614, 37.04640760580522), (-18.420426406265165, 37.04538327003998), (-18.385455675324433, 37.04423886407065), (-18.350365008360054, 37.04297438861371), (-18.315154407116278, 37.04158984438926), (-18.279823873340987, 37.04008523212103), (-18.24437340878568, 37.03846055253639), (-18.208803015205486, 37.03671580636636), (-18.173112694359155, 37.03485099434556), (-18.13730244800906, 37.03286611721227), (-18.101372277921197, 37.03076117570839), (-18.06532218586519, 37.028536170579464)]",True
1784490652.8865862,0,-19.46720684776801,37.05776557999126,0.8000000119209316,230.16684911573068,-0.3815536897516125,-21.138538800987803,37.22610417369395,1.120688338775846,228.89760255145592,0.4331432429872138,-1.6713319532197914,0.16833859370268556,0.32068832685491433,-1.2692465642747663,0.8146969327388263,"[(-19.50892193398165, 37.026500484892836), (-19.47972834350208, 37.02874394658302), (-19.450416056283675, 37.03086862143061), (-19.420985073853096, 37.032874510036265), (-19.391435397740494, 37.034761613004115), (-19.361767029479516, 37.03652993094181), (-19.331979970607293, 37.0381794644605), (-19.30207422266444, 37.03971021417481), (-19.272049787195076, 37.04112218070289), (-19.241906665746797, 37.04241536466637), (-19.211644859870695, 37.043589766690374), (-19.181264371121344, 37.044645387403534), (-19.15076520105682, 37.045582227437976), (-19.120147351238675, 37.04640028742932), (-19.089410823231955, 37.04709956801669), (-19.058555618605194, 37.047680069842706), (-19.02758173893042, 37.04814179355348), (-18.996489185783144, 37.04848473979861), (-18.96527796074237, 37.04870890923122), (-18.933948065390585, 37.048814302507914), (-18.902499501313766, 37.048800920288784), (-18.870932270101385, 37.04866876323744), (-18.839246373346395, 37.04841783202097), (-18.80744181264524, 37.04804812730996), (-18.77551858959786, 37.04755964977851), (-18.743476705807666, 37.04695240010421), (-18.711316162881573, 37.046226378968136), (-18.67903696242998, 37.04538158705487), (-18.64663910606677, 37.04441802505249), (-18.61412259540932, 37.04333569365256), (-18.58148743207849, 37.04213459355015), (-18.548733617698627, 37.04081472544384), (-18.51586115389757, 37.039376090035674), (-18.482870042306647, 37.03781868803122), (-18.449760284560668, 37.036142520139535), (-18.41653188229794, 37.034347587073164), (-18.38318483716024, 37.03243388954816), (-18.34971915079285, 37.03040142828406), (-18.316134824844536, 37.02825020400391), (-18.282431860967545, 37.025980217434245), (-18.248610260817614, 37.023591469305096), (-18.21467002605397, 37.02108396034999), (-18.18061115833932, 37.018457691305954), (-18.14643365933987, 37.01571266291351), (-18.112137530725303, 37.01284887591667)]",True
1784490653.2871447,0,-19.45994324477111,37.061118184341495,0.8000000119209311,230.16684911573068,-0.3815536897516125,-21.128241049499753,37.230524102230056,1.1205574176476243,228.89760255145592,0.4331432429872138,-1.6682978047286419,0.16940591788856096,0.3205574057266932,-1.2692465642747663,0.8146969327388263,"[(-19.473728980040164, 37.04280213354813), (-19.444374587175233, 37.045078225485696), (-19.414900528262073, 37.04723455949784), (-19.385306804864992, 37.049271136197156), (-19.35559341855189, 37.05118795619986), (-19.325760370894255, 37.05298502012576), (-19.29580766346718, 37.05466232859826), (-19.26573529784934, 37.05621988224438), (-19.23554327562301, 37.057657681694714), (-19.205231598374056, 37.058975727583494), (-19.17480026769194, 37.06017402054853), (-19.144249285169714, 37.06125256123124), (-19.113578652404023, 37.06221135027665), (-19.082788370995107, 37.06305038833337), (-19.0518784425468, 37.06376967605363), (-19.020848868666523, 37.064369214093254), (-18.989699650965296, 37.06484900311166), (-18.95843079105773, 37.06520904377188), (-18.927042290562024, 37.065449336740535), (-18.895534151099977, 37.06556988268786), (-18.863906374296977, 37.06557068228768), (-18.832158961782003, 37.065451736217426), (-18.80029191518763, 37.06521304515813), (-18.768305236150017, 37.06485460979443), (-18.73619892630893, 37.064376430814555), (-18.703972987307715, 37.06377850891034), (-18.671627420793314, 37.06306084477722), (-18.63916222841626, 37.06222343911423), (-18.60657741183068, 37.061266292624005), (-18.573872972694293, 37.06018940601279), (-18.541048912668405, 37.05899277999042), (-18.508105233417915, 37.057676415270336), (-18.47504193661132, 37.05624031256958), (-18.4418590239207, 37.054684472608784), (-18.408556497021735, 37.053008896112196), (-18.375134357593694, 37.05121358380766), (-18.341592607319434, 37.04929853642661), (-18.307931247885403, 37.047263754704105), (-18.27415028098164, 37.045109239378775), (-18.240249708301786, 37.04283499119286), (-18.20622953154306, 37.040441010892216), (-18.172089752406272, 37.037927299226276), (-18.137830372595836, 37.03529385694809), (-18.103451393819743, 37.0325406848143), (-18.06895281778958, 37.029667783585154)]",True
1784490653.326439,0,-19.26539353804141,37.154929074249225,0.8000000119209292,230.16684911573068,-0.3815536897516125,-20.848667780612654,37.345748411294814,1.1200018770744822,228.89760255145592,0.4331432429872138,-1.583274242571246,0.19081933704558907,0.320001865153553,-1.2692465642747663,0.8146969327388263,"[(-19.306312501377807, 37.12331657898364), (-19.283403482859057, 37.12278831512877), (-19.26037476011468, 37.122140281924636), (-19.237226334517654, 37.12137248006954), (-19.213958207444566, 37.120484910265404), (-19.19057038027561, 37.119477573217765), (-19.16706285439458, 37.11835046963576), (-19.14343563118887, 37.11710360023212), (-19.119688712049474, 37.115736965723215), (-19.095822098370995, 37.114250566829), (-19.07183579155163, 37.11264440427305), (-19.047729792993195, 37.11091847878254), (-19.023504104101086, 37.10907279108825), (-18.999158726284314, 37.107107341924596), (-18.97469366095549, 37.10502213202956), (-18.95010890953083, 37.10281716214477), (-18.92540447343014, 37.100492433015425), (-18.900580354076848, 37.09804794539037), (-18.875636552897962, 37.09548370002203), (-18.850573071324106, 37.09279969766645), (-18.825389910789504, 37.08999593908329), (-18.800087072731973, 37.08707242503579), (-18.774664558592942, 37.08402915629083), (-18.74912236981744, 37.080866133618876), (-18.72346050785409, 37.07758335779401), (-18.697678974155117, 37.07418082959393), (-18.671777770176362, 37.07065854979992), (-18.64575689737725, 37.0670165191969), (-18.619616357220817, 37.06325473857336), (-18.59335615117369, 37.05937320872143), (-18.566976280706108, 37.05537193043684), (-18.540476747291905, 37.051250904518916), (-18.513857552408524, 37.047010131770605), (-18.487118697537, 37.042649612998446), (-18.460260184161967, 37.0381693490126), (-18.433282013771663, 37.033569340626826), (-18.40618418785793, 37.0288495886585), (-18.37896670791621, 37.024010093928595), (-18.351629575445543, 37.019050857261696), (-18.32417279194857, 37.013971879485986), (-18.29659635893153, 37.00877316143327), (-18.26890027790427, 37.00345470393895), (-18.241084550380222, 36.99801650784204), (-18.213149177876435, 36.99245857398515), (-18.185094161913554, 36.98678090321451)]",True
1784490653.518037,0,-19.24394727205784,37.16570168535281,0.8000000119209292,230.16684911573068,-0.3815536897516125,-20.818016636937024,37.359512539667946,1.1200009990517332,228.89760255145592,0.4331432429872138,-1.5740693648791826,0.19381085431513867,0.32000098713080405,-1.2692465642747663,0.8146969327388263,"[(-19.292503125068215, 37.12979889220537), (-19.27072431375748, 37.128749544354285), (-19.248826058438436, 37.12758069239998), (-19.226808360442174, 37.126292337052305), (-19.204671221103364, 37.12488447902467), (-19.18241464176025, 37.12335711903409), (-19.160038623754645, 37.12171025780113), (-19.13754316843194, 37.119943896049975), (-19.114928277141104, 37.118058034508344), (-19.09219395123467, 37.11605267390757), (-19.069340192068754, 37.11392781498254), (-19.046367001003038, 37.11168345847173), (-19.02327437940078, 37.10931960511721), (-19.000062328628815, 37.106836255664604), (-18.97673085005755, 37.10423341086313), (-18.95327994506096, 37.10151107146559), (-18.929709615016602, 37.09866923822835), (-18.906019861305598, 37.095707911911354), (-18.88221068531265, 37.09262709327814), (-18.85828208842603, 37.08942678309582), (-18.834234072037585, 37.08610698213507), (-18.810066637542732, 37.082667691170165), (-18.785779786340463, 37.07910891097895), (-18.761373519833338, 37.07543064234285), (-18.7368478394275, 37.071632886046864), (-18.712202746532657, 37.06771564287957), (-18.687438242562095, 37.06367891363313), (-18.662554328932664, 37.05952269910328), (-18.637551007064797, 37.055247000089345), (-18.612428278382488, 37.050851817394204), (-18.587186144313318, 37.04633715182434), (-18.561824606288425, 37.0417030041898), (-18.536343665742535, 37.03694937530422), (-18.510743324113935, 37.03207626598479), (-18.485023582844484, 37.02708367705232), (-18.45918444337962, 37.02197160933115), (-18.43322590716835, 37.01674006364924), (-18.40714797566325, 37.0113890408381), (-18.380950650320475, 37.00591854173282), (-18.354633932599747, 37.00032856717208), (-18.32819782396436, 36.99461911799815), (-18.301642325881176, 36.98879019505684), (-18.274967439820635, 36.98284179919757), (-18.24817316725675, 36.97677393127332), (-18.221259509667096, 36.970586592140656)]",True
1784490653.642265,0,-19.132498506046726,37.225734588130194,0.8818032212630076,230.16684911573068,-0.3815536897516125,-20.67412514598054,37.421810488226576,1.1200000566243682,228.89760255145592,0.4331432429872138,-1.5416266399338134,0.19607590009638187,0.2381968353613606,-1.2692465642747663,0.8146969327388263,"[(-19.285998300416384, 37.13281236057759), (-19.26439231618992, 37.13166115041916), (-19.24266641206939, 37.13038996066114), (-19.220820589394968, 37.12899879202409), (-19.198854849510457, 37.12748764523223), (-19.176769193763285, 37.12585652101339), (-19.1545636235045, 37.12410542009904), (-19.132238140088788, 37.12223434322429), (-19.109792744874454, 37.12024329112787), (-19.087227439223433, 37.11813226455215), (-19.064542224501285, 37.11590126424313), (-19.041737102077192, 37.113550290950435), (-19.018812073323975, 37.111079345427335), (-18.99576713961807, 37.108488428430725), (-18.972602302339546, 37.10577754072113), (-18.949317562872086, 37.102946683062704), (-18.925912922603015, 37.099995856223245), (-18.902388382923274, 37.09692506097417), (-18.878743945227438, 37.09373429809054), (-18.854979610913695, 37.09042356835103), (-18.831095381383875, 37.086992872537955), (-18.80709125804342, 37.08344221143727), (-18.782967242301403, 37.07977158583856), (-18.758723335570526, 37.075980996535016), (-18.734359539267114, 37.072070444323494), (-18.709875854811113, 37.06803993000447), (-18.685272283626098, 37.063889454382036), (-18.660548827139273, 37.05961901826394), (-18.635705486781465, 37.05522862246154), (-18.610742263987124, 37.05071826778984), (-18.585659160194325, 37.04608795506746), (-18.560456176844774, 37.04133768511667), (-18.535133315383796, 37.03646745876336), (-18.509690577260344, 37.03147727683705), (-18.484127963926994, 37.0263671401709), (-18.458445476839948, 37.02113704960168), (-18.432643117459033, 37.015787005969806), (-18.4067208872477, 37.01031701011933), (-18.38067878767303, 37.00472706289793), (-18.35451682020572, 36.9990171651569), (-18.328234986320094, 36.99318731775119), (-18.301833287494105, 36.98723752153937), (-18.275311725209328, 36.981167777383625), (-18.248670300950955, 36.97497808614979), (-18.221909016207814, 36.96866844870733)]",True
1784490653.773746,0,-19.087139182711567,37.248593655681276,0.8230694479207612,230.16684911573068,-0.3815536897516125,-20.602197374959655,37.45300063558659,1.1200000166108715,228.89760255145592,0.4331432429872138,-1.5150581922480875,0.20440697990531476,0.29693056869011025,-1.2692465642747663,0.8146969327388263,"[(-19.264727618463127, 37.14273965707511), (-19.243501858844663, 37.14138356340438), (-19.222156092003175, 37.139907404453986), (-19.200690319269597, 37.138311180951945), (-19.179104541978507, 37.13659489362994), (-19.157398761468116, 37.134758543223285), (-19.135572979080266, 37.13280213047093), (-19.11362719616044, 37.130725656115466), (-19.09156141405775, 37.12852912090313), (-19.069375634124953, 37.1262125255838), (-19.047069857718434, 37.123775870911), (-19.024644086198215, 37.121219157641875), (-19.002098320927956, 37.118542386537236), (-18.979432563274955, 37.11574555836151), (-18.95664681461013, 37.11282867388279), (-18.933741076308053, 37.10979173387278), (-18.91071534974692, 37.10663473910686), (-18.88756963630856, 37.103357690364014), (-18.86430393737845, 37.09996058842689), (-18.840918254345684, 37.09644343408176), (-18.81741258860301, 37.09280622811857), (-18.79378694154679, 37.08904897133086), (-18.770041314577043, 37.08517166451584), (-18.7461757090974, 37.08117430847435), (-18.722190126515144, 37.07705690401088), (-18.69808456824119, 37.07281945193355), (-18.673859035690075, 37.06846195305411), (-18.649513530279982, 37.06398440818798), (-18.625048053432728, 37.059386818154195), (-18.60046260657376, 37.05466918377544), (-18.57575719113216, 37.04983150587803), (-18.550931808540643, 37.04487378529194), (-18.52598646023556, 37.039796022850766), (-18.5009211476569, 37.03459821939175), (-18.47573587224828, 37.02928037575577), (-18.450430635456947, 37.02384249278735), (-18.425005438733788, 37.018284571334654), (-18.39946028353333, 37.01260661224948), (-18.37379517131372, 37.00680861638726), (-18.348010103536748, 37.000890584607085), (-18.322105081667836, 36.99485251777166), (-18.296080107176035, 36.98869441674736), (-18.26993518153403, 36.98241628240416), (-18.243670306218146, 36.976018115615716), (-18.217285482708334, 36.96949991725929)]",True
1784490654.293626,0,-18.753568860762606,37.42426956461336,0.8000011516254771,231.12231271474408,-0.3501746702136426,-20.039158978550503,37.70944662041629,1.2208164728405897,228.89760255145592,0.4331432429872138,-1.2855901177878977,0.28517705580292585,0.42081532121511256,-2.224710163288165,0.7833179132008564,"[(-18.803849005004253, 37.381254829192066), (-18.771838667400957, 37.38550726275711), (-18.73970965467157, 37.389640917319454), (-18.707461968424656, 37.3936557934202), (-18.67509561027225, 37.39755189160396), (-18.64261058182988, 37.40132921241884), (-18.61000688471656, 37.40498775641641), (-18.57728452055479, 37.40852752415178), (-18.544443490970554, 37.41194851618353), (-18.511483797593325, 37.415250733073734), (-18.478405442056058, 37.41843417538797), (-18.4452084259952, 37.42149884369531), (-18.411892751050676, 37.42444473856832), (-18.378458418865904, 37.42727186058305), (-18.34490543108778, 37.42998021031906), (-18.311233789366696, 37.4325697883594), (-18.27744349535652, 37.435040595290616), (-18.243534550714603, 37.43739263170274), (-18.209506957101794, 37.43962589818931), (-18.175360716182418, 37.44174039534736), (-18.141095829624287, 37.443736123777406), (-18.106712299098696, 37.44561308408347), (-18.07221012628043, 37.44737127687306), (-18.037589312847757, 37.44901070275719), (-18.002849860482428, 37.45053136235036), (-17.96799177086968, 37.451933256270564), (-17.933015045698234, 37.45321638513929), (-17.897919686660295, 37.45438074958153), (-17.862705695451556, 37.455426350225764), (-17.827373073771195, 37.45635318770396), (-17.791921823321868, 37.45716126265159), (-17.756351945809723, 37.45785057570762), (-17.720663442944385, 37.4584211275145), (-17.68485631643897, 37.458872918718185), (-17.648930568010076, 37.45920594996812), (-17.612886199377783, 37.45942022191725), (-17.576723212265655, 37.459515735222), (-17.540441608400744, 37.4594924905423), (-17.504041389513585, 37.45935048854158), (-17.467522557338192, 37.45908972988675), (-17.430885113612067, 37.45871021524822), (-17.394129060076192, 37.45821194529989), (-17.35725439847504, 37.45759492071916), (-17.32026113055656, 37.45685914218693), (-17.28314925807219, 37.45600461038757)]",True
1784490654.3255572,0,-18.74652631799545,37.42806460307714,0.8000009348536721,231.12231271474408,-0.3501746702136426,-20.02804936734712,37.714271956476324,1.2016411806132539,228.89760255145592,0.4331432429872138,-1.2815230493516694,0.2862073533991847,0.4016402457595818,-2.224710163288165,0.7833179132008564,"[(-18.77658448235505, 37.396756374537524), (-18.74403765495274, 37.401357422556664), (-18.71137134810319, 37.405838883514875), (-18.67858556345991, 37.410200757952566), (-18.645680302680002, 37.41444304641373), (-18.612655567424127, 37.41856574944594), (-18.57951135935652, 37.42256886760035), (-18.546247680144997, 37.426452401431696), (-18.512864531460938, 37.430216351498295), (-18.4793619149793, 37.433860718362055), (-18.44573983237861, 37.437385502588455), (-18.411998285340967, 37.44079070474656), (-18.378137275552042, 37.44407632540902), (-18.344156804701083, 37.447242365152064), (-18.3100568744809, 37.4502888245555), (-18.275837486587882, 37.45321570420273), (-18.241498642721993, 37.456023004680716), (-18.207040344586762, 37.45871072658002), (-18.172462593889293, 37.46127887049479), (-18.13776539234026, 37.463727437022726), (-18.102948741653908, 37.46605642676515), (-18.06801264354806, 37.468265840326936), (-18.032957099744102, 37.470355678316544), (-17.997782111966995, 37.47232594134603), (-17.962487681945273, 37.47417663003102), (-17.927073811411038, 37.475907744990714), (-17.89154050209996, 37.477519286847915), (-17.855887755751294, 37.479011256228986), (-17.82011557410785, 37.48038365376389), (-17.784223958916016, 37.48163648008615), (-17.74821291192575, 37.48276973583289), (-17.712082434890586, 37.4837834216448), (-17.675832529567618, 37.484677538166174), (-17.639463197717518, 37.48545208604486), (-17.60297444110453, 37.486107065932295), (-17.56636626149646, 37.48664247848351), (-17.52963866066469, 37.4870583243571), (-17.49279164038418, 37.487354604215255), (-17.45582520243345, 37.48753131872374), (-17.41873934859459, 37.4875884685519), (-17.381534080653257, 37.48752605437265), (-17.344209400398693, 37.48734407686251), (-17.3067653096237, 37.48704253670157), (-17.269201810124645, 37.48662143457349), (-17.231518903701478, 37.486080771165526)]",True
1784490654.414297,0,-18.732404670381786,37.43558642654141,0.8000006171581084,231.12231271474408,-0.3501746702136426,-20.005987192569133,37.723906605141124,1.2409803503589005,228.89760255145592,0.4331432429872138,-1.273582522187347,0.2883201785997116,0.4409797332007921,-2.224710163288165,0.7833179132008564,"[(-18.769635550158196, 37.40095537465167), (-18.739289830555023, 37.404592291343874), (-18.708826037034708, 37.40811103756802), (-18.678244171136406, 37.411511613875994), (-18.647544234402694, 37.41479402082313), (-18.616726228379584, 37.417958258968184), (-18.585790154616493, 37.42100432887334), (-18.554736014666275, 37.42393223110422), (-18.523563810085204, 37.426741966229876), (-18.49227354243298, 37.4294335348228), (-18.460865213272715, 37.432006937458894), (-18.429338824170955, 37.43446217471752), (-18.39769437669767, 37.43679924718144), (-18.36593187242625, 37.43901815543688), (-18.334051312933497, 37.44111890007347), (-18.302052699799653, 37.443101481684295), (-18.269936034608378, 37.44496590086585), (-18.237701318946748, 37.44671215821808), (-18.205348554405266, 37.448340254344345), (-18.172877742577864, 37.449850189851446), (-18.14028888506188, 37.45124196534962), (-18.107581983458093, 37.452515581452516), (-18.074757039370695, 37.45367103877724), (-18.0418140544073, 37.454708337944304), (-18.008753030178944, 37.45562747957767), (-17.97557396830009, 37.45642846430473), (-17.942276870388618, 37.45711129275629), (-17.908861738065838, 37.4576759655666), (-17.87532857295647, 37.45812248337335), (-17.841677376688665, 37.45845084681764), (-17.80790815089399, 37.45866105654402), (-17.774020897207443, 37.45875311320045), (-17.74001561726743, 37.45872701743835), (-17.705892312715797, 37.45858276991254), (-17.671650985197793, 37.45832037128129), (-17.6372916363621, 37.45793982220629), (-17.60281426786082, 37.45744112335268), (-17.568218881349466, 37.456824275389), (-17.53350547848699, 37.45608927898725), (-17.49867406093575, 37.45523613482284), (-17.463724630361533, 37.45426484357463), (-17.428657188433547, 37.45317540592489), (-17.39347173682442, 37.451967822559325), (-17.3581682772102, 37.45064209416709), (-17.32274681127036, 37.44919822144074)]",True
1784490654.833311,0,-18.68286805774999,37.46170369141157,0.800000150140648,231.12231271474408,-0.3501746702136426,-19.926142738898065,37.762656098960825,1.197663605752929,228.89760255145592,0.4331432429872138,-1.2432746811480762,0.30095240754925356,0.3976634556122811,-2.224710163288165,0.7833179132008564,"[(-18.745434457304086, 37.41493055012368), (-18.717978033834843, 37.41724265575401), (-18.69040266976406, 37.419435735103704), (-18.66270836657631, 37.421509788775076), (-18.634895125759673, 37.423464817373976), (-18.606962948805748, 37.425300821509765), (-18.578911837209652, 37.42701780179534), (-18.550741792470028, 37.42861575884712), (-18.52245281608903, 37.43009469328506), (-18.49404490957233, 37.43145460573262), (-18.465518074429127, 37.432695496816805), (-18.436872312172127, 37.43381736716814), (-18.40810762431756, 37.43482021742067), (-18.379224012385166, 37.43570404821198), (-18.35022147789822, 37.43646886018317), (-18.321100022383497, 37.43711465397886), (-18.291859647371304, 37.437641430247204), (-18.262500354395453, 37.438049189639884), (-18.233022144993285, 37.438337932812104), (-18.20342502070565, 37.438507660422594), (-18.173708983076924, 37.43855837313361), (-18.14387403365499, 37.43849007161093), (-18.113920173991254, 37.43830275652385), (-18.083847405640643, 37.437996428545226), (-18.053655730161598, 37.43757108835139), (-18.023345149116075, 37.43702673662224), (-17.99291566406955, 37.43636337404117), (-17.962367276591014, 37.43558100129513), (-17.931699988252976, 37.43467961907456), (-17.900913800631464, 37.43365922807345), (-17.870008715306017, 37.432519828989314), (-17.8389847338597, 37.43126142252317), (-17.807841857879087, 37.42988400937959), (-17.77658008895427, 37.42838759026665), (-17.74519942867886, 37.42677216589596), (-17.713699878649987, 37.42503773698265), (-17.68208144046829, 37.42318430424538), (-17.650344115737933, 37.42121186840633), (-17.61848790606659, 37.41912043019121), (-17.58651281306545, 37.416909990329245), (-17.554418838349225, 37.4145805495532), (-17.522205983536136, 37.41213210859935), (-17.489874250247926, 37.40956466820751), (-17.45742364010985, 37.406878229121), (-17.424854154750687, 37.40407279208668)]",True
1784490655.2861052,0,-18.426367217181717,37.60980196878573,0.8413685093796877,231.12231271474408,-0.3501746702136426,-19.545365310211082,37.94866003542232,1.1370062824263343,230.38872720879286,0.44226418271911205,-1.118998093029365,0.3388580666365897,0.2956377730466466,-0.7335855059512255,0.7924388529327546,"[(-18.560862342785978, 37.51729212378121), (-18.53692114147679, 37.518039049029554), (-18.51285997829885, 37.518665940318236), (-18.488678854664187, 37.51917279831086), (-18.46437777198847, 37.519559623674674), (-18.43995673169099, 37.51982641708055), (-18.415415735194667, 37.51997317920301), (-18.390754783926052, 37.5199999107202), (-18.365973879315334, 37.519906612313925), (-18.341073022796323, 37.5196932846696), (-18.31605221580647, 37.51935992847629), (-18.29091145978684, 37.518906544426706), (-18.265650756182147, 37.518333133217176), (-18.240270106440718, 37.51763969554768), (-18.21476951201452, 37.51682623212183), (-18.189148974359146, 37.515892743646866), (-18.163408494933822, 37.51483923083368), (-18.1375480752014, 37.51366569439679), (-18.111567716628368, 37.512372135054356), (-18.085467420684836, 37.51095855352817), (-18.059247188844544, 37.50942495054366), (-18.032907022584872, 37.507771326829904), (-18.006446923386815, 37.50599768311959), (-17.979866892735004, 37.504104020149065), (-17.953166932117703, 37.502090338658306), (-17.9263470430268, 37.499956639390916), (-17.899407226957816, 37.49770292309415), (-17.872347485409897, 37.495329190518895), (-17.845167819885823, 37.49283544241966), (-17.817868231891993, 37.49022167955461), (-17.790448722938446, 37.48748790268553), (-17.762909294538847, 37.48463411257785), (-17.735249948210488, 37.48166031000064), (-17.707470685474288, 37.4785664957266), (-17.6795715078548, 37.475352670532054), (-17.6515524168802, 37.47201883519698), (-17.623413414082297, 37.46856499050498), (-17.59515450099652, 37.4649911372433), (-17.566775679161942, 37.46129727620283), (-17.53827695012125, 37.457483408178064), (-17.50965831542077, 37.453549533967156), (-17.48091977661044, 37.449495654371894), (-17.45206133524384, 37.4453217701977), (-17.423082992878182, 37.44102788225363), (-17.393984751074292, 37.43661399135237)]",True
1784490655.3364043,0,-18.121743122442922,37.78835773935044,0.800089838763513,232.46362033734246,-0.3670150169846451,-19.125444748545288,38.162397784367364,1.1200024173149539,230.38872720879286,0.44226418271911205,-1.003701626102366,0.3740400450169261,0.31991257855144084,-2.074893128549604,0.8092791997037572,"[(-18.15336834265326, 37.753618452381346), (-18.130860584192373, 37.75392793995701), (-18.108232196820797, 37.75411673136509), (-18.085483181927444, 37.75418482729252), (-18.062613540904927, 37.75413222842995), (-18.039623275149562, 37.75395893547176), (-18.016512386061375, 37.75366494911601), (-17.993280875044093, 37.75325027006449), (-17.96992874350515, 37.7527148990227), (-17.946455992855686, 37.752058836699845), (-17.922862624510547, 37.75128208380885), (-17.899148639888278, 37.75038464106635), (-17.875314040411133, 37.74936650919267), (-17.85135882750507, 37.748227688911875), (-17.82728300259975, 37.746968180951725), (-17.80308656712854, 37.745587986043695), (-17.778769522528506, 37.74408710492297), (-17.75433187024043, 37.742465538328446), (-17.72977361170879, 37.74072328700273), (-17.705094748381764, 37.73886035169214), (-17.680295281711246, 37.736876733146694), (-17.655375213152823, 37.73477243212014), (-17.630334544165795, 37.732547449369925), (-17.605173276213158, 37.73020178565721), (-17.57989141076162, 37.72773544174685), (-17.55448894928158, 37.72514841840744), (-17.528965893247154, 37.72244071641127), (-17.503322244136157, 37.71961233653433), (-17.477558003430108, 37.71666327955634), (-17.45167317261423, 37.71359354626072), (-17.425667753177443, 37.71040313743459), (-17.39954174661238, 37.7070920538688), (-17.373295154415366, 37.7036602963579), (-17.346927978086445, 37.700107865700154), (-17.320440219129352, 37.69643476269753), (-17.293831879051528, 37.6926409881557), (-17.267102959364117, 37.68872654288407), (-17.24025346158196, 37.68469142769573), (-17.21328338722362, 37.680535643407495), (-17.186192737811343, 37.676259190839886), (-17.158981514871087, 37.67186207081713), (-17.131649719932508, 37.667344284167164), (-17.104197354528967, 37.662705831721645), (-17.07662442019753, 37.657946714315926), (-17.048930918478966, 37.65306693278907)]",True
1784490655.3940935,0,-18.094728473784308,37.80551470188788,0.8000386412552477,232.46362033734246,-0.3670150169846451,-19.085901132417074,38.18345342873825,1.1200010422652467,230.38872720879286,0.44226418271911205,-0.9911726586327667,0.3779387268503669,0.31996240100999895,-2.074893128549604,0.8092791997037572,"[(-18.132774851842683, 37.76688695964843), (-18.111536250922548, 37.76659267833316), (-18.0901780760347, 37.766178762189995), (-18.068700328498505, 37.76564521190847), (-18.047103009636906, 37.76499202818174), (-18.02538612077645, 37.76421921170653), (-18.00354966324726, 37.76332676318319), (-17.981593638383057, 37.76231468331564), (-17.959518047521154, 37.7611829728114), (-17.937322892002452, 37.759931632381594), (-17.915008173171433, 37.75856066274094), (-17.89257389237618, 37.757070064607746), (-17.870020050968368, 37.75545983870392), (-17.847346650303244, 37.753729985754966), (-17.824553691739666, 37.75188050648997), (-17.801641176640064, 37.749911401641626), (-17.778609106370467, 37.747822671946224), (-17.755457482300493, 37.745614318143645), (-17.732186305803346, 37.74328634097736), (-17.70879557825582, 37.74083874119445), (-17.6852853010383, 37.73827151954558), (-17.661655475534758, 37.735584676785), (-17.637906103132757, 37.73277821367058), (-17.61403718522345, 37.72985213096376), (-17.590048723201573, 37.72680642942958), (-17.56594071846546, 37.72364110983669), (-17.541713172417023, 37.720356172957324), (-17.51736608646177, 37.71695161956731), (-17.492899462008797, 37.713427450446076), (-17.46831330047079, 37.70978366637663), (-17.443607603264017, 37.70602026814559), (-17.41878237180834, 37.70213725654317), (-17.39383760752721, 37.69813463236316), (-17.36877331184766, 37.694012396402954), (-17.343589486200322, 37.68977054946355), (-17.31828613201941, 37.68540909234954), (-17.292863250742723, 37.680928025869086), (-17.267320843811653, 37.67632735083397), (-17.241658912671177, 37.67160706805956), (-17.21587745876986, 37.66676717836481), (-17.18997648355986, 37.66180768257228), (-17.163955988496916, 37.65672858150812), (-17.137815975040358, 37.651529876002066), (-17.111556444653104, 37.64621156688746), (-17.085177398801665, 37.64077365500123)]",True
1784490655.4360914,0,-18.081250776616947,37.81413858805634,0.8000253441128163,232.46362033734246,-0.3670150169846451,-19.066174792430385,38.19406624074213,1.120000685133964,230.38872720879286,0.44226418271911205,-0.9849240158134371,0.37992765268579376,0.31997534102114755,-2.074893128549604,0.8092791997037572,"[(-18.12671171107558, 37.77072403760331), (-18.105645219575617, 37.77033517009786), (-18.084458747191416, 37.769826261270964), (-18.06315229524922, 37.76919731182139), (-18.041725865078917, 37.768448322451526), (-18.020179458014017, 37.76757929386741), (-17.998513075391674, 37.76659022677873), (-17.976726718552673, 37.7654811218988), (-17.954820388841433, 37.76425197994458), (-17.932794087606016, 37.76290280163668), (-17.91064781619811, 37.76143358769932), (-17.888381575973042, 37.759844338860404), (-17.865995368289774, 37.75813505585145), (-17.843489194510905, 37.75630573940761), (-17.820863056002665, 37.754356390267695), (-17.79811695413492, 37.75228700917415), (-17.775250890281168, 37.750097596873054), (-17.75226486581855, 37.74778815411414), (-17.72915888212783, 37.745358681650764), (-17.705932940593414, 37.74280918023993), (-17.68258704260334, 37.74013965064229), (-17.659121189549282, 37.737350093622126), (-17.635535382826546, 37.734440509947355), (-17.611829623834076, 37.73141090038955), (-17.588003913974443, 37.728261265723916), (-17.56405825465386, 37.7249916067293), (-17.539992647282173, 37.72160192418818), (-17.515807093272855, 37.71809221888668), (-17.491501594043015, 37.71446249161457), (-17.467076151013405, 37.710712743165246), (-17.442530765608403, 37.70684297433576), (-17.41786543925602, 37.70285318592679), (-17.3930801733879, 37.69874337874266), (-17.368174969439327, 37.69451355359134), (-17.343149828849214, 37.69016371128443), (-17.31800475306011, 37.68569385263716), (-17.292739743518187, 37.681103978468414), (-17.267354801673267, 37.67639408960072), (-17.241849928978795, 37.67156418686023), (-17.21622512689185, 37.666614271076746), (-17.190480396873145, 37.661544343083705), (-17.164615740387024, 37.65635440371818), (-17.13863115890147, 37.6510444538209), (-17.112526653888096, 37.64561449423621), (-17.086302226822145, 37.64006452581211)]",True
1784490655.4946856,0,-18.061011130045696,37.82703713443193,0.8000134645165092,232.46362033734246,-0.3670150169846451,-19.036818404629557,38.21040878410458,1.1200003660747757,230.38872720879286,0.44226418271911205,-0.9758072745838611,0.3833716496726467,0.3199869015582665,-2.074893128549604,0.8092791997037572,"[(-18.120719581451546, 37.77456720100369), (-18.10036424427588, 37.773787485886444), (-18.079888815099014, 37.77288762145976), (-18.05929329522886, 37.77186760843602), (-18.038577685976975, 37.770727447531264), (-18.017741988658578, 37.7694671394652), (-17.996786204592528, 37.76808668496117), (-17.975710335101326, 37.76658608474618), (-17.954514381511128, 37.76496533955088), (-17.93319834515174, 37.7632244501096), (-17.911762227356608, 37.761363417160275), (-17.890206029462828, 37.759382241444534), (-17.86852975281115, 37.75728092370764), (-17.846733398745958, 37.75505946469851), (-17.824816968615295, 37.75271786516972), (-17.802780463770844, 37.7502561258775), (-17.780623885567945, 37.74767424758172), (-17.758347235365573, 37.744972231045914), (-17.735950514526355, 37.74215007703726), (-17.713433724416568, 37.739207786326595), (-17.69079686640613, 37.73614535968841), (-17.668039941868614, 37.73296279790084), (-17.645162952181234, 37.72966010174568), (-17.622165898724855, 37.726237272008376), (-17.59904878288398, 37.72269430947802), (-17.575811606046766, 37.719031214947364), (-17.55245436960502, 37.715247989212806), (-17.52897707495418, 37.7113446330744), (-17.50537972349335, 37.70732114733585), (-17.481662316625265, 37.70317753280451), (-17.457824855756318, 37.6989137902914), (-17.433867342296537, 37.694529920611174), (-17.409789777659608, 37.690025924582145), (-17.385592163262853, 37.685401803026274), (-17.361274500527244, 37.68065755676918), (-17.336836790877403, 37.67579318664013), (-17.312279035741593, 37.67080869347204), (-17.28760123655172, 37.66570407810149), (-17.26280339474334, 37.6604793413687), (-17.23788551175566, 37.65513448411754), (-17.212847589031522, 37.64966950719554), (-17.18768962801742, 37.644084411453875), (-17.162411630163493, 37.63837919774737), (-17.137013596923527, 37.63255386693451), (-17.111495529754944, 37.62660841987742)]",True
1784490655.5404236,0,-18.040678026056227,37.83978772514142,0.8000071558873355,232.46362033734246,-0.3670150169846451,-19.007827854450586,38.22739359311182,1.1200001966392115,230.38872720879286,0.44226418271911205,-0.9671498283943585,0.3876058679704002,0.31999304075187596,-2.074893128549604,0.8092791997037572,"[(-18.066276995427646, 37.80895013900796), (-18.043371526455147, 37.80967598716337), (-18.020344604731154, 37.81028031216818), (-17.99719623168116, 37.81076311470828), (-17.973926408734453, 37.811124395473335), (-17.95053513732412, 37.81136415515682), (-17.927022418887038, 37.81148239445599), (-17.90338825486388, 37.81147911407195), (-17.879632646699115, 37.81135431470956), (-17.855755595841007, 37.8111079970775), (-17.83175710374161, 37.810740161888255), (-17.807637171856776, 37.810250809858104), (-17.783395801646154, 37.809639941707125), (-17.759032994573186, 37.808907558159206), (-17.734548752105106, 37.80805365994203), (-17.709943075712943, 37.80707824778709), (-17.68521596687152, 37.805981322429666), (-17.66036742705946, 37.80476288460885), (-17.635397457759172, 37.80342293506752), (-17.610306060456864, 37.801961474552385), (-17.585093236642535, 37.800378503813924), (-17.559758987809982, 37.79867402360643), (-17.53430331545679, 37.796848034688), (-17.508726221084345, 37.79490053782052), (-17.48302770619782, 37.792831533769686), (-17.457207772306187, 37.79064102330499), (-17.431266420922206, 37.78832900719974), (-17.405203653562435, 37.78589548623102), (-17.379019471747224, 37.783340461179726), (-17.352713877000717, 37.780663932830564), (-17.32628687085085, 37.77786590197202), (-17.299738454829356, 37.7749463693964), (-17.27306863047175, 37.7719053358998), (-17.246277399317357, 37.76874280228212), (-17.219364762909283, 37.76545876934705), (-17.19233072279443, 37.762053237902094), (-17.165175280523492, 37.75852620875855), (-17.13789843765096, 37.754877682731525), (-17.110500195735117, 37.75110766063991), (-17.08298055633803, 37.7472161433064), (-17.055339521025566, 37.74320313155751), (-17.027577091367387, 37.73906862622351), (-16.99969326893694, 37.73481262813853), (-16.97168805531147, 37.73043513814045), (-16.943561452072014, 37.725936157070976)]",True
1784490655.601042,0,-18.02711632828537,37.84827791953514,0.800004696762929,232.46362033734246,-0.3670150169846451,-18.98861805884205,38.2389150110159,1.1200001305926712,230.38872720879286,0.44226418271911205,-0.9615017305566802,0.3906370914807553,0.31999543382974227,-2.074893128549604,0.8092791997037572,"[(-18.036529984389134, 37.82800702406256), (-18.013143618618685, 37.82912102758868), (-17.989637518255833, 37.83011522522491), (-17.96601168468843, 37.83098961762028), (-17.94226611930794, 37.831744205427434), (-17.91840082350943, 37.83237898930262), (-17.894415798691565, 37.832893969905705), (-17.870311046256624, 37.83328914790017), (-17.846086567610485, 37.83356452395309), (-17.82174236416263, 37.83372009873517), (-17.797278437326153, 37.83375587292072), (-17.77269478851774, 37.83367184718765), (-17.74799141915769, 37.833468022217495), (-17.7231683306699, 37.833144398695396), (-17.698225524481877, 37.8327009773101), (-17.673163002024733, 37.832137758753966), (-17.64798076473318, 37.83145474372298), (-17.622678814045535, 37.83065193291671), (-17.597257151403717, 37.82972932703836), (-17.571715778253253, 37.828686926794724), (-17.54605469604327, 37.82752473289622), (-17.5202739062265, 37.826242746056884), (-17.494373410259275, 37.82484096699434), (-17.46835320960154, 37.82331939642983), (-17.442213305716834, 37.82167803508822), (-17.415953700072308, 37.81991688369797), (-17.3895743941387, 37.81803594299116), (-17.363075389390374, 37.81603521370347), (-17.336456687305283, 37.8139146965742), (-17.309718289364987, 37.81167439234626), (-17.282860197054642, 37.809314301766165), (-17.25588241186302, 37.806834425584036), (-17.228784935282487, 37.80423476455361), (-17.201567768809014, 37.80151531943225), (-17.17423091394218, 37.79867609098089), (-17.14677437218515, 37.795717079964106), (-17.119198145044713, 37.792638287150076), (-17.091502234031246, 37.789439713310585), (-17.063686640658737, 37.78612135922103), (-17.035751366444774, 37.782683225660406), (-17.007696412910544, 37.77912531341134), (-16.97952178158084, 37.77544762326005), (-16.951227473984055, 37.77165015599637), (-16.92281349165219, 37.76773291241374), (-16.894279836120834, 37.76369589330922)]",True
1784490655.628518,0,-18.006843537232893,37.86112317526232,0.8000024997942667,232.46362033734246,-0.3670150169846451,-18.959582912711838,38.25582237803363,1.1200000715870433,230.38872720879286,0.44226418271911205,-0.952739375478945,0.39469920277130655,0.31999757179277655,-2.074893128549604,0.8092791997037572,"[(-18.023491717377716, 37.836240065461), (-18.00067932581605, 37.83704245343209), (-17.97774718212648, 37.83772502049242), (-17.95469528768096, 37.83828776730109), (-17.93152364385507, 37.83873069452083), (-17.908232252027986, 37.83905380281797), (-17.8848211135825, 37.83925709286248), (-17.861290229905016, 37.83934056532793), (-17.837639602385536, 37.8393042208915), (-17.813869232417677, 37.83914806023399), (-17.789979121398666, 37.838872084039814), (-17.765969270729336, 37.83847629299701), (-17.74183968181413, 37.837960687797214), (-17.717590356061102, 37.8373252691357), (-17.69322129488191, 37.836570037711326), (-17.668732499691817, 37.83569499422659), (-17.644123971909703, 37.8347001393876), (-17.619395712958056, 37.83358547390407), (-17.594547724262963, 37.83235099848934), (-17.569580007254128, 37.83099671386035), (-17.544492563364862, 37.82952262073768), (-17.51928539403208, 37.82792871984549), (-17.49395850069631, 37.82621501191158), (-17.46851188480168, 37.82438149766735), (-17.442945547795933, 37.82242817784783), (-17.41725949113042, 37.820355053191655), (-17.39145371626009, 37.818162124441066), (-17.365528224643516, 37.81584939234194), (-17.339483017742864, 37.813416857643745), (-17.313318097023917, 37.810864521099575), (-17.287033463956057, 37.80819238346614), (-17.26062912001228, 37.805400445503764), (-17.234105066669184, 37.80248870797637), (-17.20746130540698, 37.79945717165152), (-17.180697837709484, 37.796305837300366), (-17.153814665064118, 37.79303470569769), (-17.126811788961913, 37.78964377762188), (-17.099689210897505, 37.78613305385495), (-17.072446932369136, 37.7825025351825), (-17.045084954878657, 37.77875222239378), (-17.017603279931524, 37.774882116281624), (-16.990001909036803, 37.7708922176425), (-16.962280843707166, 37.76678252727647), (-16.93444008545889, 37.762553045987225), (-16.906479635811856, 37.75820377458207)]",True
1784490655.67958,0,-17.986606934909823,37.87402581794547,0.800001333099689,232.46362033734246,-0.3670150169846451,-18.930293398561542,38.27228681585397,1.120000040252256,230.38872720879286,0.44226418271911205,-0.9436864636517193,0.3982609979084941,0.31999870715256706,-2.074893128549604,0.8092791997037572,"[(-18.010473488691996, 37.84442618808737), (-17.988160446669266, 37.844950293620485), (-17.965727575473174, 37.845354503387156), (-17.943174876462976, 37.84563881805606), (-17.92050235100154, 37.845803238299496), (-17.897710000455366, 37.84584776479339), (-17.87479782619456, 37.84577239821729), (-17.851765829592846, 37.84557713925437), (-17.828614012027572, 37.84526198859141), (-17.805342374879697, 37.84482694691884), (-17.781950919533802, 37.84427201493071), (-17.758439647378086, 37.843597193324676), (-17.73480855980436, 37.84280248280203), (-17.711057658208055, 37.84188788406768), (-17.68718694398822, 37.840853397830166), (-17.66319641854752, 37.83969902480165), (-17.63908608329224, 37.8384247656979), (-17.614855939632278, 37.837030621238334), (-17.59050598898115, 37.83551659214598), (-17.566036232755987, 37.833882679147486), (-17.541446672377543, 37.83212888297313), (-17.516737309270184, 37.83025520435681), (-17.49190814486189, 37.82826164403605), (-17.46695918058426, 37.82614820275198), (-17.441890417872518, 37.82391488124938), (-17.416701858165492, 37.82156168027664), (-17.391393502905633, 37.81908860058576), (-17.365965353539004, 37.81649564293239), (-17.34041741151529, 37.81378280807578), (-17.314749678287786, 37.81095009677881), (-17.288962155313406, 37.80799750980798), (-17.263054844052686, 37.80492504793343), (-17.23702774596977, 37.80173271192889), (-17.210880862532417, 37.798420502571744), (-17.184614195212006, 37.79498842064298), (-17.158227745483533, 37.791436466927216), (-17.131721514825607, 37.787764642212686), (-17.105095504720456, 37.783972947291254), (-17.07834971665392, 37.7800613829584), (-17.051484152115457, 37.77602995001324), (-17.024498812598132, 37.77187864925849), (-16.99739369959864, 37.7676074815005), (-16.97016881461728, 37.76321644754924), (-16.942824159157972, 37.75870554821831), (-16.91535973472825, 37.75407478432492)]",True
1784490655.728962,0,-17.973025657995713,37.882484217326564,0.8000008783183044,232.46362033734246,-0.3670150169846451,-18.910660628614966,38.28307136964031,1.1200000280378528,230.38872720879286,0.44226418271911205,-0.9376349706192535,0.4005871523137472,0.31999914971954846,-2.074893128549604,0.8092791997037572,"[(-17.99017957032981, 37.85719003129066), (-17.967849932888996, 37.857739795715325), (-17.94540044571506, 37.85816964368491), (-17.922831110168108, 37.85847957586749), (-17.900141927611866, 37.85866959293476), (-17.877332899413673, 37.858739695562036), (-17.85440402694449, 37.85868988442827), (-17.831355311578893, 37.85852016021604), (-17.80818675469508, 37.85823052361153), (-17.784898357674873, 37.85782097530457), (-17.761490121903705, 37.8572915159886), (-17.737962048770637, 37.85664214636069), (-17.714314139668335, 37.85587286712155), (-17.6905463959931, 37.854983678975486), (-17.66665881914484, 37.85397458263046), (-17.642651410527083, 37.852845578798025), (-17.618524171546984, 37.85159666819339), (-17.594277103615305, 37.850227851535365), (-17.569910208146435, 37.84873912954641), (-17.545423486558377, 37.84713050295259), (-17.52081694027276, 37.84540197248359), (-17.496090570714813, 37.84355353887274), (-17.4712443793134, 37.841585202856976), (-17.446278367501, 37.83949696517687), (-17.42119253671371, 37.83728882657662), (-17.395986888391242, 37.834960787804036), (-17.370661423976927, 37.832512849610566), (-17.345216144917707, 37.82994501275127), (-17.319651052664156, 37.827257277984835), (-17.29396614867046, 37.82444964607358), (-17.26816143439442, 37.82152211778345), (-17.24223691129745, 37.818474693884), (-17.216192580844595, 37.815307375148414), (-17.190028444504506, 37.81202016235351), (-17.163744503749456, 37.808613056279725), (-17.137340760055338, 37.80508605771111), (-17.110817214901655, 37.80143916743535), (-17.084173869771533, 37.797672386243754), (-17.057410726151712, 37.79378571493125), (-17.03052778553255, 37.7897791542964), (-17.00352504940802, 37.785652705141366), (-16.97640251927572, 37.78140636827196), (-16.949160196636857, 37.777040144497605), (-16.921798082996254, 37.772554034631355), (-16.89431617986236, 37.76794803948988)]",True
1784490655.7894888,0,-17.952670808698084,37.89519937024436,0.8000004720190347,232.46362033734246,-0.3670150169846451,-18.88124573956334,38.29930988496673,1.12000001712557,230.38872720879286,0.44226418271911205,-0.9285749308652562,0.4041105147223689,0.3199995451065353,-2.074893128549604,0.8092791997037572,"[(-17.97714769986642, 37.8656119563793), (-17.955256098667498, 37.86592891861033), (-17.933244607340395, 37.866125925895076), (-17.911113227233482, 37.866202978909406), (-17.888861959698755, 37.866160078332825), (-17.86649080609183, 37.86599722484847), (-17.843999767771948, 37.86571441914311), (-17.821388846101982, 37.865311661907135), (-17.79865804244842, 37.86478895383457), (-17.77580735818138, 37.86414629562307), (-17.7528367946746, 37.86338368797393), (-17.72974635330545, 37.862501131592055), (-17.70653603545492, 37.861498627185995), (-17.68320584250762, 37.86037617546793), (-17.659755775851785, 37.85913377715365), (-17.636185836879278, 37.857771432962615), (-17.61249602698559, 37.85628914361788), (-17.588686347569823, 37.85468690984614), (-17.56475680003471, 37.85296473237772), (-17.540707385786614, 37.851122611946586), (-17.51653810623551, 37.84916054929032), (-17.49224896279501, 37.847078545150126), (-17.467839956882333, 37.844876600270865), (-17.443311089918332, 37.84255471540101), (-17.41866236332748, 37.840112891292655), (-17.39389377853788, 37.83755112870154), (-17.36900533698125, 37.83486942838704), (-17.343997040092933, 37.83206779111213), (-17.3188688893119, 37.82914621764345), (-17.293620886080742, 37.82610470875124), (-17.26825303184567, 37.82294326520938), (-17.24276532805652, 37.81966188779539), (-17.217157776166754, 37.81626057729041), (-17.191430377633452, 37.812739334479204), (-17.16558313391732, 37.80909816015018), (-17.13961604648269, 37.80533705509536), (-17.11352911679751, 37.80145602011039), (-17.087322346333348, 37.797455055994575), (-17.060995736565406, 37.793334163550824), (-17.034549288972503, 37.78909334358568), (-17.007983005037076, 37.78473259690931), (-16.98129688624519, 37.78025192433552), (-16.95449093408653, 37.77565132668175), (-16.927565150054402, 37.77093080476905), (-16.900519535645735, 37.76609035942211)]",True
1784490655.8342745,0,-17.932386349431088,37.90802666711528,0.8000002562548489,232.46362033734246,-0.3670150169846451,-18.852110371375517,38.31604438359334,1.12000001133063,230.38872720879286,0.44226418271911205,-0.9197240219444289,0.4080177164780636,0.31999975507578116,-2.074893128549604,0.8092791997037572,"[(-17.970609725401214, 37.869786183400755), (-17.948913682345374, 37.86999481627906), (-17.92709771605229, 37.87008346195788), (-17.90516182786542, 37.87005212111688), (-17.883106019131844, 37.86990079443935), (-17.860930291202276, 37.86962948261223), (-17.83863464543105, 37.869238186326086), (-17.816219083176136, 37.868726906275114), (-17.793683605799128, 37.86809564315715), (-17.77102821466525, 37.867344397673655), (-17.74825291114335, 37.866473170529744), (-17.72535769660591, 37.865481962434146), (-17.702342572429043, 37.86437077409923), (-17.679207539992476, 37.86313960624099), (-17.655952600679573, 37.86178845957908), (-17.63257775587733, 37.860317334836765), (-17.60908300697636, 37.85872623274095), (-17.58546835537091, 37.857015154022164), (-17.561733802458857, 37.85518409941459), (-17.5378793496417, 37.853233069656035), (-17.51390499832457, 37.85116206548793), (-17.489810749916217, 37.84897108765534), (-17.465596605829028, 37.84666013690699), (-17.441262567479015, 37.844229213995206), (-17.41680863628581, 37.84167831967596), (-17.392234813672687, 37.839007454708856), (-17.367541101066532, 37.83621661985714), (-17.342727499897865, 37.833305815887684), (-17.31779401160083, 37.830275043570985), (-17.292740637613203, 37.82712430368119), (-17.267567379376377, 37.82385359699606), (-17.242274238335384, 37.820462924297004), (-17.216861215938874, 37.816952286369066), (-17.191328313639126, 37.813321684000904), (-17.16567553289205, 37.80957111798483), (-17.13990287515717, 37.805700589116775), (-17.11401034189765, 37.80171009819631), (-17.08799793458028, 37.79759964602663), (-17.061865654675465, 37.79336923341458), (-17.035613503657242, 37.78901886117062), (-17.009241483003276, 37.78454853010885), (-16.98274959419486, 37.779958241047), (-16.956137838716906, 37.775247994806435), (-16.929406218057956, 37.77041779221215), (-16.90255473371018, 37.76546763409278)]",True
1784490655.9271832,0,-17.892199221148456,37.9342703760143,0.800000080825875,232.46362033734246,-0.3670150169846451,-18.77484566660639,38.361412931426194,1.1200000059819715,230.38872720879286,0.44226418271911205,-0.882646445457933,0.4271425554118977,0.31999992515609643,-2.074893128549604,0.8092791997037572,"[(-17.95082840636586, 37.882224318159956), (-17.929633936262395, 37.88214102091393), (-17.9083194575814, 37.88193765336938), (-17.886884971653657, 37.881614216216136), (-17.865330479813604, 37.881170710147664), (-17.8436559833993, 37.880607135861084), (-17.821861483752453, 37.87992349405715), (-17.799946982218405, 37.87911978544027), (-17.777912480146135, 37.878196010718476), (-17.755757978888262, 37.877152170603466), (-17.733483479801038, 37.87598826581056), (-17.71108898424436, 37.87470429705875), (-17.68857449358175, 37.87330026507063), (-17.66594000918039, 37.87177617057248), (-17.643185532411074, 37.8701320142942), (-17.620311064648245, 37.86836779696933), (-17.597316607269985, 37.86648351933507), (-17.57420216165801, 37.86447918213224), (-17.550967729197676, 37.86235478610533), (-17.527613311277975, 37.86011033200245), (-17.50413890929153, 37.85774582057537), (-17.480544524634613, 37.85526125257948), (-17.45683015870712, 37.85265662877384), (-17.43299581291259, 37.84993194992114), (-17.409041488658204, 37.847087216787706), (-17.384967187354768, 37.844122430143514), (-17.360772910416735, 37.841037590762184), (-17.33645865926219, 37.83783269942098), (-17.31202443531285, 37.8345077569008), (-17.28747023999408, 37.831062763986196), (-17.262796074734872, 37.82749772146535), (-17.23800194096786, 37.82381263013009), (-17.213087840129308, 37.8200074907759), (-17.18805377365912, 37.816082304201885), (-17.16289974300084, 37.81203707121081), (-17.13762574960164, 37.80787179260907), (-17.11223179491233, 37.80358646920671), (-17.086717880387358, 37.7991811018174), (-17.061084007484812, 37.794655691258484), (-17.035330177666406, 37.79001023835092), (-17.0094563923975, 37.78524474391933), (-16.983462653147082, 37.78035920879195), (-16.95734896138778, 37.77535363380068), (-16.931115318595854, 37.77022801978105), (-16.904761726251202, 37.76498236757225)]",True
1784490655.9836454,0,-17.83932393492902,37.97032804042414,0.8000000246639551,232.46362033734246,-0.3670150169846451,-18.717181055720342,38.39591626930756,1.1200000051106205,230.38872720879286,0.44226418271911205,-0.8778571207913224,0.42558822888342007,0.31999998044666533,-2.074893128549604,0.8092791997037572,"[(-17.93754838006498, 37.890501229690265), (-17.916630153458154, 37.8902517399527), (-17.895591879834058, 37.88988214273658), (-17.87443356051624, 37.88939243873738), (-17.85315519683189, 37.88878262865422), (-17.831756790111836, 37.888052713189865), (-17.810238341690553, 37.88720269305074), (-17.788599852906156, 37.88623256894691), (-17.7668413251004, 37.885142341592086), (-17.744962759618687, 37.88393201170363), (-17.72296415781005, 37.88260158000254), (-17.70084552102718, 37.881151047213486), (-17.6786068506264, 37.87958041406476), (-17.65624814796768, 37.87788968128832), (-17.633769414414623, 37.876078849619766), (-17.611170651334483, 37.87414791979833), (-17.58845186009815, 37.87209689256692), (-17.565613042080155, 37.86992576867207), (-17.542654198658678, 37.86763454886396), (-17.51957533121553, 37.86522323389643), (-17.496376441136174, 37.86269182452696), (-17.473057529809708, 37.86004032151668), (-17.44961859862887, 37.85726872563036), (-17.42605964899004, 37.85437703763643), (-17.402380682293245, 37.851365258306956), (-17.378581699942146, 37.84823338841765), (-17.354662703344047, 37.84498142874787), (-17.330623693909892, 37.84160938008064), (-17.306464673054272, 37.83811724320261), (-17.28218564219541, 37.83450501890408), (-17.25778660275518, 37.83077270797901), (-17.23326755615908, 37.82692031122498), (-17.20862850383627, 37.82294782944325), (-17.183869447219536, 37.8188552634387), (-17.158990387745302, 37.81464261401987), (-17.133991326853646, 37.81030988199893), (-17.10887226598828, 37.80585706819173), (-17.083633206596545, 37.80128417341773), (-17.058274150129442, 37.79659119850005), (-17.032795098041603, 37.79177814426547), (-17.007196051791297, 37.7868450115444), (-16.981477012840436, 37.7817918011709), (-16.95563798265457, 37.77661851398267), (-16.929678962702887, 37.77132515082106), (-16.903599954458226, 37.765911712531086)]",True
1784490656.0284095,0,-17.80587172844934,37.99225687326263,0.8000000163586648,232.46362033734246,-0.3670150169846451,-18.66987346503752,38.425882471782664,1.1200000048875591,230.38872720879286,0.44226418271911205,-0.8640017365881789,0.433625598520031,0.31999998852889433,-2.074893128549604,0.8092791997037572,"[(-17.883279858401323, 37.924999108935985), (-17.86048912098991, 37.925861329102624), (-17.83757736520868, 37.926602460821414), (-17.814544592466838, 37.927222504767855), (-17.791390804177333, 37.9277214616212), (-17.768116001756862, 37.92809933206447), (-17.744720186625873, 37.92835611678442), (-17.72120336020856, 37.92849181647157), (-17.69756552393286, 37.928506431820196), (-17.673806679230463, 37.92839996352833), (-17.649926827536806, 37.92817241229774), (-17.625925970291075, 37.927823778833975), (-17.601804108936197, 37.927354063846316), (-17.57756124491885, 37.92676326804781), (-17.553197379689458, 37.926051392155244), (-17.528712514702196, 37.92521843688918), (-17.504106651414983, 37.92426440297392), (-17.479379791289485, 37.92318929113752), (-17.454531935791113, 37.921993102111784), (-17.42956308638903, 37.92067583663229), (-17.404473244556137, 37.91923749543835), (-17.37926241176909, 37.91767807927304), (-17.35393058950829, 37.91599758888318), (-17.328477779257888, 37.91419602501935), (-17.302903982505768, 37.912273388435885), (-17.277209200743574, 37.91022967989087), (-17.251393435466692, 37.908064900146144), (-17.22545668817425, 37.9057790499673), (-17.199398960369134, 37.903372130123685), (-17.17322025355796, 37.9008441413884), (-17.146920569251105, 37.89819508453829), (-17.12049990896268, 37.89542496035396), (-17.093958274210554, 37.89253376961977), (-17.067295666516326, 37.889521513123825), (-17.040512087405357, 37.886388191658), (-17.01360753840675, 37.8831338060179), (-16.98658202105334, 37.879758357002906), (-16.959435536881728, 37.87626184541613), (-16.932168087432245, 37.872644272064456), (-16.904779674248974, 37.8689056377585), (-16.877270298879743, 37.86504594331265), (-16.849639962876125, 37.861065189545045), (-16.82188866779344, 37.85696337727756), (-16.79401641519075, 37.85274050733583), (-16.766023206630862, 37.848396580549256)]",True
1784490656.0808792,0,-17.80587172844934,37.99225687326263,0.8000000163586648,232.46362033734246,-0.3670150169846451,-18.66987346503752,38.425882471782664,1.1200000048875591,230.38872720879286,0.44226418271911205,-0.8640017365881789,0.433625598520031,0.31999998852889433,-2.074893128549604,0.8092791997037572,"[(-17.835993796682093, 37.956994817175584), (-17.810724316316172, 37.959452340166614), (-17.78533294429648, 37.96178788846235), (-17.75981968213589, 37.96400146270011), (-17.734184531351115, 37.96609306352107), (-17.708427493462715, 37.96806269157026), (-17.682548569995085, 37.96991034749655), (-17.656547762476468, 37.97163603195267), (-17.63042507243895, 37.97323974559519), (-17.60418050141846, 37.97472148908453), (-17.57781405095476, 37.97608126308497), (-17.551325722591464, 37.977319068264634), (-17.524715517876025, 37.978434905295494), (-17.497983438359732, 37.97942877485337), (-17.47112948559772, 37.98030067761793), (-17.444153661148967, 37.98105061427271), (-17.41705596657629, 37.98167858550507), (-17.389836403446346, 37.98218459200624), (-17.36249497332964, 37.982568634471285), (-17.335031677800508, 37.98283071359912), (-17.30744651843714, 37.982970830092526), (-17.279739496821552, 37.982988984658114), (-17.251910614539614, 37.982885178006356), (-17.22395987318103, 37.98265941085157), (-17.19588727433935, 37.98231168391192), (-17.167692819611954, 37.98184199790941), (-17.139376510600076, 37.981250353569926), (-17.110938348908785, 37.98053675162317), (-17.082378336146988, 37.97970119280271), (-17.053696473927438, 37.97874367784595), (-17.02489276386672, 37.97766420749415), (-16.99596720758527, 37.97646278249243), (-16.966919806707356, 37.97513940358974), (-16.93775056286109, 37.973694071538894), (-16.908459477678427, 37.97212678709654), (-16.879046552795156, 37.97043755102319), (-16.849511789850908, 37.968626364083185), (-16.81985519048915, 37.96669322704474), (-16.7900767563572, 37.9646381406799), (-16.760176489106207, 37.96246110576457), (-16.730154390391164, 37.96016212307848), (-16.700010461870896, 37.95774119340524), (-16.66974470520808, 37.95519831753229), (-16.639357122069214, 37.95253349625092), (-16.608847714124657, 37.949746730356274)]",True
1784490656.1436234,0,-17.77212975774175,38.01373880722005,0.8000000134663624,232.46362033734246,-0.3670150169846451,-18.631697156908857,38.449324919865305,1.1200000048196272,230.38872720879286,0.44226418271911205,-0.8595673991671049,0.4355861126452538,0.31999999135326485,-2.074893128549604,0.8092791997037572,"[(-17.826517805520755, 37.9635573138205), (-17.80154417495736, 37.965943581277706), (-17.77645095356683, 37.968210178514106), (-17.751238142779215, 37.970357106137946), (-17.725905744028157, 37.972384364761076), (-17.700453758750882, 37.974291954998925), (-17.674882188388203, 37.97607987747052), (-17.64919103438451, 37.977748132798475), (-17.623380298187797, 37.97929672160901), (-17.59744998124963, 37.98072564453193), (-17.571400085025157, 37.98203490220063), (-17.545230610973125, 37.98322449525211), (-17.518941560555856, 37.98429442432695), (-17.49253293523926, 37.98524469006932), (-17.466004736492835, 37.986075293127), (-17.439356965789663, 37.986786234151346), (-17.412589624606408, 37.98737751379731), (-17.385702714423328, 37.98784913272345), (-17.358696236724253, 37.98820109159189), (-17.331570192996608, 37.98843339106838), (-17.304324584731397, 37.98854603182223), (-17.276959413423217, 37.98853901452637), (-17.24947468057024, 37.98841233985729), (-17.22187038767423, 37.98816600849511), (-17.194146536240535, 37.98780002112351), (-17.166303127778082, 37.98731437842979), (-17.138340163799388, 37.98670908110481), (-17.11025764582055, 37.98598412984306), (-17.082055575361256, 37.985139525342596), (-17.053733953944775, 37.984175268305066), (-17.025292783097957, 37.98309135943572), (-16.99673206435124, 37.98188779944339), (-16.96805179923864, 37.98056458904052), (-16.939251989297773, 37.97912172894312), (-16.910332636069818, 37.97755921987081), (-16.881293741099554, 37.9758770625468), (-16.852135305935338, 37.974075257697876), (-16.82285733212911, 37.97215380605443), (-16.793459821236397, 37.97011270835045), (-16.763942774816304, 37.9679519653235), (-16.734306194431525, 37.96567157771475), (-16.704550081648335, 37.96327154626895), (-16.674674438036593, 37.96075187173445), (-16.644679265169742, 37.95811255486319), (-16.614564564624807, 37.955353596410696)]",True
1784490656.1752942,0,-17.752045021350632,38.0268749573759,0.8000000127416275,232.46362033734246,-0.3670150169846451,-18.593548232135973,38.47281255412412,1.1200000047904137,230.38872720879286,0.44226418271911205,-0.8415032107853406,0.445937596748216,0.31999999204878626,-2.074893128549604,0.8092791997037572,"[(-17.786205546932155, 37.99048849574512), (-17.761162118779556, 37.99300958843435), (-17.73599924405268, 37.995411154615844), (-17.71071692418102, 37.99769319489268), (-17.68531516059765, 37.999855709871525), (-17.659793954739207, 38.00189870016261), (-17.634153308045914, 38.00382216637977), (-17.608393221961563, 38.0056261091404), (-17.582513697933525, 38.00731052906549), (-17.55651473741274, 38.00887542677961), (-17.530396341853734, 38.010320802910904), (-17.504158512714596, 38.01164665809111), (-17.477801251456988, 38.01285299295554), (-17.451324559546155, 38.013939808143085), (-17.424728438450916, 38.014907104296235), (-17.39801288964366, 38.01575488206104), (-17.37117791460035, 38.01648314208715), (-17.344223514800525, 38.017091885027774), (-17.317149691727302, 38.01758111153973), (-17.28995644686736, 38.01795082228339), (-17.262643781710967, 38.01820101792273), (-17.235211697751954, 38.01833169912529), (-17.20766019648773, 38.01834286656221), (-17.17998927941928, 38.018234520908194), (-17.152198948051158, 38.018006662841536), (-17.124289203891493, 38.01765929304411), (-17.09626004845199, 38.017192412201375), (-17.06811148324793, 38.01660602100236), (-17.039843509798153, 38.01590012013968), (-17.011456129625092, 38.01507471030955), (-16.982949344254738, 38.01412979221173), (-16.954323155216667, 38.0130653665496), (-16.925577564044016, 38.01188143403008), (-16.896712572273504, 38.010577995363704), (-16.867728181445422, 38.00915505126457), (-16.838624393103633, 38.007612602450365), (-16.809401208795574, 38.00595064964236), (-16.78005863007225, 38.00416919356539), (-16.75059665848825, 38.002268234947884), (-16.721015295601717, 38.00024777452185), (-16.691314542974382, 37.998107813022884), (-16.66149440217155, 37.99584835119015), (-16.63155487476208, 37.99346938976639), (-16.60149596231843, 37.990970929497934), (-16.57131766641661, 37.988352971134695)]",True
1784490656.2258835,0,-17.71860051669239,38.04881590658322,0.8000000122067358,232.46362033734246,-0.3670150169846451,-18.546182050380235,38.50268483356919,1.1200000047760477,230.38872720879286,0.44226418271911205,-0.8275815336878445,0.4538689269859688,0.3199999925693119,-2.074893128549604,0.8092791997037572,"[(-17.747327229847173, 38.01533699317373), (-17.723749603057794, 38.01696350150381), (-17.700052317241326, 38.01847027748274), (-17.676235373790128, 38.01985732174354), (-17.652298774100164, 38.0211246349228), (-17.62824251957099, 38.022272217660735), (-17.604066611605766, 38.02330007060117), (-17.579771051611246, 38.02420819439152), (-17.55535584099779, 38.02499658968282), (-17.53082098117935, 38.02566525712971), (-17.50616647357348, 38.02621419739042), (-17.481392319601333, 38.02664341112681), (-17.456498520687656, 38.02695289900432), (-17.431485078260803, 38.02714266169201), (-17.406351993752722, 38.02721269986254), (-17.38109926859896, 38.027163014192176), (-17.355726904238658, 38.02699360536079), (-17.330234902114565, 38.026704474051876), (-17.30462326367302, 38.026295620952496), (-17.27889199036396, 38.025767046753344), (-17.253041083640927, 38.025118752148714), (-17.227070544961055, 38.02435073783651), (-17.20098037578508, 38.02346300451822), (-17.17477057757733, 38.02245555289897), (-17.14844115180574, 38.02132838368746), (-17.121992099941842, 38.02008149759602), (-17.095423423460755, 38.01871489534056), (-17.0687351238412, 38.01722857764061), (-17.041927202565507, 38.0156225452193), (-17.014999661119585, 38.01389679880338), (-16.987952500992957, 38.012051339123175), (-16.960785723678736, 38.01008616691264), (-16.93349933067363, 38.008001282909326), (-16.90609332347795, 38.005796687854385), (-16.8785677035956, 38.003472382492575), (-16.850922472534087, 38.00102836757227), (-16.82315763180451, 37.99846464384542), (-16.795273182921562, 37.99578121206762), (-16.767269127403537, 37.99297807299803), (-16.73914546677233, 37.99005522739944), (-16.71090220255343, 37.987012676038226), (-16.682539336275916, 37.98385041968439), (-16.654056869472473, 37.98056845911152), (-16.625454803679375, 37.977166795096814), (-16.596733140436502, 37.97364542842107)]",True
1784490656.2833347,0,-17.68553875605907,38.07132481107721,0.8000000120204607,232.46362033734246,-0.3670150169846451,-18.49977151679166,38.53401303280632,1.1200000047710446,230.38872720879286,0.44226418271911205,-0.8142327607325903,0.4626882217291097,0.3199999927505839,-2.074893128549604,0.8092791997037572,"[(-17.69450822250259, 38.04996668183696), (-17.670986090576967, 38.05158126415951), (-17.64734384769158, 38.05307566196499), (-17.62358149525042, 38.05444987589284), (-17.59969903466112, 38.05570390658615), (-17.575696467334968, 38.05683775469166), (-17.551573794686888, 38.05785142085974), (-17.527331018135456, 38.058744905744454), (-17.502968139102897, 38.059518210003496), (-17.478485159015086, 38.06017133429822), (-17.453882079301536, 38.060704279293624), (-17.429158901395418, 38.06111704565838), (-17.40431562673354, 38.061409634064795), (-17.379352256756352, 38.061582045188835), (-17.35426879290797, 38.06163427971013), (-17.32906523663614, 38.06156633831194), (-17.30374158939226, 38.0613782216812), (-17.278297852631376, 38.061069930508495), (-17.252734027812178, 38.06064146548805), (-17.227050116397, 38.06009282731775), (-17.201246119851827, 38.05942401669915), (-17.17532203964629, 38.05863503433743), (-17.14927787725366, 38.05772588094144), (-17.12311363415086, 38.05669655722368), (-17.09682931181846, 38.055547063900306), (-17.070424911740673, 38.054277401691124), (-17.043900435405355, 38.05288757131959), (-17.01725588430401, 38.051377573512816), (-16.99049125993179, 38.04974740900157), (-16.963606563787497, 38.04799707852026), (-16.936601797373566, 38.04612658280697), (-16.909476962196084, 38.04413592260342), (-16.882232059764785, 38.042025098654975), (-16.854867091593047, 38.03979411171067), (-16.827382059197895, 38.03744296252319), (-16.799776964099994, 38.03497165184886), (-16.77205180782366, 38.03238018044768), (-16.744206591896855, 38.029668549083276), (-16.716241317851182, 38.02683675852294), (-16.688155987221887, 38.02388480953762), (-16.659950601547866, 38.020812702901914), (-16.631625162371655, 38.017620439394065), (-16.603179671239438, 38.014308019795976), (-16.574614129701043, 38.010875444893195), (-16.545928539309944, 38.007322715474935)]",True
1784490656.3288727,0,-17.633442264715303,38.1084988665522,0.800000011939336,232.46362033734246,-0.3670150169846451,-18.42523126518251,38.58371789381233,1.1200000047688659,230.38872720879286,0.44226418271911205,-0.7917890004672081,0.475219027260124,0.31999999282952984,-2.074893128549604,0.8092791997037572,"[(-17.65463514341292, 38.077416299864964), (-17.631408961891342, 38.07896446385829), (-17.60806306142975, 38.08039283678691), (-17.584597443411553, 38.08170141928695), (-17.561012109223768, 38.08289021199813), (-17.53730706025702, 38.08395921556378), (-17.513482297905533, 38.08490843063087), (-17.489537823567144, 38.085737857849956), (-17.46547363864329, 38.08644749787521), (-17.44128974453901, 38.08703735136443), (-17.416986142662957, 38.087507418979), (-17.392562834427377, 38.08785770138394), (-17.36801982124813, 38.08808819924787), (-17.343357104544676, 38.08819891324302), (-17.31857468574009, 38.08818984404524), (-17.293672566261034, 38.08806099233398), (-17.26865074753779, 38.087812358792306), (-17.243509231004236, 38.087443944106894), (-17.218248018097857, 38.08695574896804), (-17.19286711025974, 38.08634777406964), (-17.16736650893458, 38.085620020109204), (-17.14174621557068, 38.08477248778785), (-17.116006231619934, 38.083805177810326), (-17.09014655853785, 38.08271809088497), (-17.06416719778354, 38.08151122772372), (-17.03806815081972, 38.08018458904217), (-17.0118494191127, 38.07873817555948), (-16.98551100413241, 38.07717198799844), (-16.95905290735237, 38.075486027085454), (-16.932475130249713, 38.073680293550524), (-16.90577767430517, 38.07175478812727), (-16.878960541003078, 38.06970951155293), (-16.852023731831377, 38.067544464568336), (-16.824967248281613, 38.06525964791795), (-16.797791091848932, 38.062855062349826), (-16.770495264032082, 38.06033070861564), (-16.743079766333416, 38.05768658747067), (-16.71554460025889, 38.05492269967382), (-16.68788976731807, 38.052039045987584), (-16.66011526902411, 38.04903562717808), (-16.632221106893784, 38.04591244401503), (-16.604207282447454, 38.042669497271774), (-16.576073797209098, 38.03930678772525), (-16.54782065270629, 38.03582431615602), (-16.5194478504702, 38.03222208334824)]",True
1784490656.376068,0,-17.613877807309866,38.122399556890166,0.800000011930704,232.46362033734246,-0.3670150169846451,-18.396674374304954,38.60142132877105,1.120000004768634,230.38872720879286,0.44226418271911205,-0.7827965669950885,0.47902177188088757,0.31999999283793,-2.074893128549604,0.8092791997037572,"[(-17.635811226603106, 38.09102988419542), (-17.612744969956886, 38.092548376162036), (-17.5895586235938, 38.0939467064546), (-17.566252188904, 38.09522487571549), (-17.54282566728129, 38.09638288459072), (-17.519279060123118, 38.09742073372996), (-17.495612368830574, 38.098338423786544), (-17.471825594808408, 38.09913595541745), (-17.447918739465003, 38.099813329283315), (-17.423891804212392, 38.100370546048424), (-17.39974479046626, 38.10080760638072), (-17.37547769964593, 38.10112451095179), (-17.351090533174375, 38.10132126043688), (-17.32658329247822, 38.1013978555149), (-17.301955978987724, 38.10135429686839), (-17.277208594136802, 38.10119058518355), (-17.25234113936301, 38.10090672115025), (-17.227353616107557, 38.100502705462), (-17.20224602581529, 38.09997853881595), (-17.177018369934697, 38.09933422191292), (-17.151670649917925, 38.09856975545738), (-17.126202867220766, 38.09768514015746), (-17.100615023302645, 38.09668037672492), (-17.074907119626644, 38.09555546587519), (-17.049079157659484, 38.09431040832734), (-17.023131138871534, 38.0929452048041), (-16.99706306473681, 38.09145985603187), (-16.970874936732972, 38.08985436274067), (-16.944566756341324, 38.088128725664184), (-16.918138525046814, 38.086282945539764), (-16.89159024433804, 38.0843170231084), (-16.864921915707242, 38.082230959114725), (-16.838133540650304, 38.08002475430704), (-16.811225120666755, 38.077698409437296), (-16.784196657259773, 38.075251925261085), (-16.757048151936175, 38.072685302537664), (-16.729779606206428, 38.069998542029936), (-16.70239102158464, 38.067191644504454), (-16.674882399588558, 38.06426461073143), (-16.64725374173959, 38.061217441484715), (-16.619505049562775, 38.05805013754183), (-16.591636324586798, 38.05476269968393), (-16.563647568343992, 38.051355128695825), (-16.53553878237033, 38.04782742536599), (-16.507309968205433, 38.044179590486536)]",True
1784490656.443548,0,-17.59406399282296,38.13594180226931,0.80000001192612,232.46362033734246,-0.3670150169846451,-18.367837920847638,38.61866682977184,1.120000004768511,232.26573737208108,0.427717928050896,-0.7737739280246778,0.4827250275025321,0.319999992842391,-0.19788296526138538,0.7947329450355411,"[(-17.59774931455453, 38.11833025786902), (-17.57615845363511, 38.1190303626432), (-17.55444764011465, 38.11961044968439), (-17.53261687533459, 38.12007051965793), (-17.51066616064, 38.120410573232824), (-17.48859549737958, 38.120630611081694), (-17.46640488690568, 38.12073063388081), (-17.444094330574252, 38.12071064231008), (-17.421663829744908, 38.12057063705305), (-17.39911338578088, 38.12031061879689), (-17.376443000049026, 38.11993058823244), (-17.35365267391985, 38.11943054605415), (-17.33074240876748, 38.11881049296011), (-17.307712205969676, 38.118070429652064), (-17.28456206690783, 38.11721035683538), (-17.26129199296697, 38.11623027521907), (-17.237901985535753, 38.11513018551578), (-17.214392046006463, 38.113910088441806), (-17.19076217577502, 38.11256998471706), (-17.16701237624098, 38.11110987506511), (-17.143142648807522, 38.10952976021316), (-17.11915299488146, 38.10782964089203), (-17.095043415873246, 38.106009517836206), (-17.07081391319695, 38.1040693917838), (-17.046464488270285, 38.10200926347657), (-17.021995142514587, 38.09982913365989), (-16.997405877354833, 38.097529003082784), (-16.972696694219618, 38.09510887249792), (-16.947867594541172, 38.09256874266159), (-16.92291857975537, 38.089908614333744), (-16.897849651301694, 38.08712848827795), (-16.872660810623277, 38.08422836526141), (-16.847352059166873, 38.08120824605498), (-16.821923398382868, 38.07806813143314), (-16.796374829725284, 38.07480802217402), (-16.770706354651765, 38.071427919059374), (-16.744917974623586, 38.0679278228746), (-16.71900969110566, 38.06430773440873), (-16.692981505566525, 38.06056765445443), (-16.66683341947835, 38.05670758380802), (-16.640565434316937, 38.05272752326943), (-16.61417755156171, 38.04862747364225), (-16.587669772695737, 38.04440743573369), (-16.5610420992057, 38.0400674103546), (-16.534294532581924, 38.035607398319485)]",True
1784490656.486712,0,-17.587417565697383,38.14039431144769,0.8000000119251327,232.46362033734246,-0.3670150169846451,-18.358195009362355,38.62436367894205,1.1200000047684846,232.26573737208108,0.427717928050896,-0.7707774436649721,0.48396936749436037,0.3199999928433519,-0.19788296526138538,0.7947329450355411,"[(-17.591431401110086, 38.12283476909029), (-17.570032145950453, 38.12342369746549), (-17.548512906322465, 38.123892577095454), (-17.52687368356271, 38.12424140864938), (-17.505114479011397, 38.124470192800125), (-17.48323529401238, 38.12457893022417), (-17.461236129913157, 38.12456762160164), (-17.43911698806485, 38.12443626761632), (-17.416877869822223, 38.12418486895561), (-17.39451877654367, 38.12381342631057), (-17.372039709591224, 38.12332194037589), (-17.349440670330555, 38.122710411849916), (-17.32672166013097, 38.12197884143462), (-17.303882680365408, 38.12112722983563), (-17.28092373241044, 38.1201555777622), (-17.257844817646284, 38.11906388592724), (-17.23464593745678, 38.11785215504729), (-17.21132709322941, 38.116520385842534), (-17.187888286355296, 38.11506857903681), (-17.164329518229188, 38.11349673535758), (-17.14065079024947, 38.11180485553595), (-17.116852103818164, 38.10999294030668), (-17.09293346034093, 38.10806099040816), (-17.068894861227058, 38.10600900658242), (-17.044736307889476, 38.10383698957513), (-17.020457801744747, 38.10154494013561), (-16.996059344213062, 38.09913285901682), (-16.971540936718256, 38.09660074697535), (-16.94690258068779, 38.09394860477144), (-16.92214427755277, 38.09117643316897), (-16.89726602874793, 38.08828423293546), (-16.872267835711632, 38.08527200484206), (-16.847149699885886, 38.08213974966358), (-16.82191162271633, 38.078887468178465), (-16.796553605652225, 38.07551516116879), (-16.77107565014649, 38.07202282942028), (-16.745477757655657, 38.068410473722295), (-16.7197599296399, 38.064678094867844), (-16.69392216756303, 38.06082569365357), (-16.66796447289249, 38.05685327087975), (-16.641886847099347, 38.05276082735031), (-16.615689291658317, 38.048548363872825), (-16.589371808047744, 38.04421588125849), (-16.5629343977496, 38.03976338032215), (-16.536377062249496, 38.03519086188229)]",True
1784490656.5254047,0,-17.57411463063996,38.149284249081425,0.8000000119236856,232.46362033734246,-0.3670150169846451,-18.338872009825426,38.635694205969415,1.1200000047684457,232.26573737208108,0.427717928050896,-0.7647573791854647,0.4864099568879894,0.3199999928447601,-0.19788296526138538,0.7947329450355411,"[(-17.592162954880717, 38.122408454865926), (-17.57197674327976, 38.12222275887605), (-17.55167075727924, 38.12191723017271), (-17.531244998173293, 38.12149186944562), (-17.510699467259656, 38.120946677388105), (-17.490034165839685, 38.1202816546971), (-17.46924909521835, 38.119496802073186), (-17.448344256704235, 38.118592120220534), (-17.427319651609537, 38.11756760984695), (-17.406175281250068, 38.116423271663855), (-17.384911146945253, 38.115159106386294), (-17.363527250018134, 38.113775114732924), (-17.34202359179536, 38.11227129742602), (-17.3204001736072, 38.110647655191485), (-17.298656996787532, 38.10890418875884), (-17.27679406267385, 38.10704089886122), (-17.254811372607264, 38.105057786235385), (-17.232708927932492, 38.102954851621696), (-17.21048672999787, 38.10073209576416), (-17.188144780155344, 38.09838951941038), (-17.165683079760477, 38.0959271233116), (-17.14310163017244, 38.09334490822265), (-17.120400432754018, 38.09064287490201), (-17.097579488871613, 38.08782102411176), (-17.07463879989524, 38.08487935661761), (-17.051578367198527, 38.08181787318889), (-17.02839819215871, 38.078636574598534), (-17.00509827615664, 38.075335461623105), (-16.98167862057678, 38.07191453504279), (-16.958139226807212, 38.06837379564137), (-16.93448009623962, 38.064713244206274), (-16.910701230269314, 38.06093288152853), (-16.8868026302952, 38.057032708402794), (-16.86278429771981, 38.05301272562733), (-16.838646233949284, 38.048872934004045), (-16.814388440393373, 38.04461333433843), (-16.79001091846544, 38.04023392743961), (-16.765513669582464, 38.03573471412033), (-16.740896695165034, 38.03111569519695), (-16.716159996637348, 38.026376871489454), (-16.69130357542722, 38.02151824382143), (-16.666327432966078, 38.01653981302011), (-16.64123157068895, 38.01144157991631), (-16.61601599003449, 38.00622354534448), (-16.590680692444955, 38.0008857101427)]",True
1784490656.5954542,0,-17.56746171667049,38.15372706609736,0.8000000119231613,232.46362033734246,-0.3670150169846451,-18.329247372436566,38.64142183167729,1.1200000047684315,232.26573737208108,0.427717928050896,-0.7617856557660758,0.4876947655799313,0.31999999284527025,-0.19788296526138538,0.7947329450355411,"[(-17.58626417876868, 38.12650038864905), (-17.56619341396987, 38.12622956605854), (-17.546002488112318, 38.12583852436877), (-17.525691402497685, 38.125327264277935), (-17.505260158431298, 38.124695786487905), (-17.484708757222137, 38.12394409170421), (-17.464037200182837, 38.123072180636036), (-17.44324548862969, 38.12208005399624), (-17.422333623882647, 38.12096771250133), (-17.401301607265317, 38.119735156871485), (-17.380149440104958, 38.11838238783054), (-17.358877123732494, 38.116909406106), (-17.3374846594825, 38.115316212429015), (-17.3159720486932, 38.11360280753441), (-17.294339292706493, 38.11176919216068), (-17.272586392867918, 38.109815367049954), (-17.250713350526674, 38.10774133294805), (-17.228720167035622, 38.10554709060444), (-17.20660684375127, 38.10323264077224), (-17.184373382033787, 38.10079798420825), (-17.162019783246993, 38.09824312167292), (-17.139546048758376, 38.09556805393037), (-17.11695217993907, 38.09277278174837), (-17.094238178163863, 38.08985730589836), (-17.071404044811203, 38.08682162715544), (-17.04844978126319, 38.08366574629836), (-17.025375388905587, 38.080389664109546), (-17.002180869127802, 38.076993381375075), (-16.978866223322903, 38.07347689888469), (-16.955431452887616, 38.0698402174318), (-16.931876559222317, 38.06608333781347), (-16.908201543731046, 38.062206260830415), (-16.88440640782149, 38.05820898728703), (-16.86049115290499, 38.05409151799136), (-16.836455780396548, 38.0498538537551), (-16.812300291714816, 38.04549599539364), (-16.788024688282103, 38.04101794372598), (-16.763628971524376, 38.036419699574836), (-16.73911314287125, 38.03170126376654), (-16.714477203756, 38.02686263713112), (-16.68972115561555, 38.021903820502224), (-16.664844999890484, 38.0168248147172), (-16.639848738025037, 38.01162562061703), (-16.614732371467102, 38.006306239046374), (-16.589495901668226, 38.00086667085354)]",True
1784490656.650714,0,-17.533878074489586,38.17545464518433,0.8000000119217063,232.46362033734246,-0.3670150169846451,-18.272369743179524,38.67720506719373,1.1200000047683885,232.26573737208108,0.427717928050896,-0.7384916686899388,0.5017504220094011,0.3199999928466821,-0.19788296526138538,0.7947329450355411,"[(-17.57324327198973, 38.13535472803067), (-17.553833693067094, 38.13465133618477), (-17.534304202913372, 38.13382797847013), (-17.51465480280288, 38.13288465559415), (-17.494885494013566, 38.131821368267836), (-17.474996277827007, 38.130638117205855), (-17.454987155528407, 38.1293349031265), (-17.434858128406603, 38.12791172675168), (-17.414609197754054, 38.126368588806955), (-17.394240364866857, 38.12470549002151), (-17.373751631044726, 38.12292243112818), (-17.353142997591014, 38.12101941286341), (-17.332414465812697, 38.1189964359673), (-17.31156603702038, 38.116853501183556), (-17.2905977125283, 38.11459060925955), (-17.269509493654315, 38.11220776094627), (-17.248301381719916, 38.10970495699833), (-17.22697337805022, 38.10708219817399), (-17.20552548397398, 38.104339485235144), (-17.18395770082356, 38.10147681894731), (-17.162270029934966, 38.09849420007964), (-17.140462472647833, 38.09539162940493), (-17.118535030305416, 38.0921691076996), (-17.0964877042546, 38.0888266357437), (-17.074320495845896, 38.085364214320926), (-17.05203340643345, 38.08178184421859), (-17.029626437375022, 38.07807952622765), (-17.007099590032016, 38.074257261142684), (-16.984452865769455, 38.07031504976192), (-16.961686265955986, 38.06625289288721), (-16.93879979196389, 38.06207079132404), (-16.915793445169072, 38.05776874588152), (-16.892667226951062, 38.053346757372395), (-16.86942113869302, 38.04880482661306), (-16.846055181781733, 38.04414295442351), (-16.822569357607613, 38.03936114162742), (-16.798963667564703, 38.034459389052046), (-16.775238113050673, 38.02943769752831), (-16.751392695466816, 38.024296067890745), (-16.727427416218053, 38.01903450097754), (-16.703342276712927, 38.013652997630494), (-16.67913727836362, 38.008151558695054), (-16.654812422585923, 38.00253018502029), (-16.63036771079927, 37.996788877458904), (-16.605803144426716, 37.990927636867234)]",True
1784490656.685922,0,-17.5070291735383,38.19286312070335,0.8000000119212634,232.46362033734246,-0.3670150169846451,-18.244153831321235,38.69544839969321,1.1200000047683805,232.26573737208108,0.427717928050896,-0.7371246577829353,0.5025852789898622,0.3199999928471171,-0.19788296526138538,0.7947329450355411,"[(-17.55396073391918, 38.148209119833446), (-17.53465171148313, 38.14739752623722), (-17.51522237877285, 38.14646556804073), (-17.495672737070763, 38.14541324596089), (-17.476002787662953, 38.14424056071828), (-17.456212531839178, 38.142947513037164), (-17.43630197089288, 38.141534103645476), (-17.416271106121165, 38.14000033327484), (-17.396119938824814, 38.13834620266055), (-17.37584847030828, 38.136571712541574), (-17.35545670187969, 38.13467686366056), (-17.334944634850835, 38.13266165676384), (-17.314312270537194, 38.130526092601414), (-17.2935596102579, 38.128270171926964), (-17.27268665533578, 38.12589389549785), (-17.25169340709731, 38.123397264075116), (-17.230579866872652, 38.12078027842347), (-17.209346035995637, 38.118042939311295), (-17.187991915803767, 38.11518524751067), (-17.166517507638222, 38.112207203797325), (-17.144922812843845, 38.109108808950694), (-17.12320783276915, 38.105890063753876), (-17.101372568766333, 38.10255096899364), (-17.079417022191254, 38.099091525460445), (-17.05734119440345, 38.09551173394842), (-17.03514508676612, 38.09181159525537), (-17.012828700646146, 38.08799111018278), (-16.99039203741407, 38.0840502795358), (-16.967835098444112, 38.079989104123285), (-16.945157885114167, 38.07580758475773), (-16.922360398805797, 38.07150572225534), (-16.89944264090423, 38.06708351743597), (-16.876404612798375, 38.06254097112317), (-16.853246315880803, 38.05787808414416), (-16.82996775154776, 38.053094857329825), (-16.806568921199165, 38.04819129151475), (-16.783049826238607, 38.043167387537174), (-16.75941046807334, 38.03802314623903), (-16.7356508481143, 38.03275856846591), (-16.711770967776083, 38.027373655067095), (-16.687770828476957, 38.02186840689554), (-16.663650431638867, 38.016242824807875), (-16.639409778687426, 38.010496909664404), (-16.61504887105191, 38.004630662329106), (-16.590567710165278, 37.99864408366964)]",True
1784490656.7287512,0,-17.487211986869738,38.20639970398325,0.8000000119211065,232.46362033734246,-0.3670150169846451,-18.216015640577886,38.71381139887591,1.1200000047683762,232.26573737208108,0.427717928050896,-0.7288036537081481,0.5074116948926601,0.31999999284726977,-0.19788296526138538,0.7947329450355411,"[(-17.533982424665435, 38.16134477595278), (-17.51472452444401, 38.16046178534402), (-17.495346301007167, 38.159458417543675), (-17.47584775563613, 38.158334673271035), (-17.456228889615797, 38.157090553249084), (-17.436489704234738, 38.15572605820447), (-17.416630200785196, 38.15424118886754), (-17.396650380563095, 38.15263594597229), (-17.376550244868024, 38.15091033025642), (-17.356329795003255, 38.1490643424613), (-17.335989032275727, 38.14709798333198), (-17.315527957996053, 38.14501125361719), (-17.294946573478526, 38.14280415406934), (-17.27424488004111, 38.140476685444504), (-17.253422879005438, 38.13802884850246), (-17.232480571696826, 38.13546064400664), (-17.21141795944425, 38.13277207272418), (-17.190235043580376, 38.12996313542587), (-17.16893182544153, 38.12703383288619), (-17.147508306367712, 38.1239841658833), (-17.125964487702607, 38.12081413519904), (-17.104300370793563, 38.117523741618925), (-17.082515956991603, 38.11411298593214), (-17.060611247651423, 38.11058186893156), (-17.038586244131395, 38.10693039141374), (-17.016440947793562, 38.103158554178904), (-16.99417536000364, 38.09926635803096), (-16.97178948213102, 38.09525380377749), (-16.949283315548758, 38.09112089222976), (-16.926656861633592, 38.08686762420271), (-16.90391012176593, 38.082494000514956), (-16.88104309732985, 38.07800002198879), (-16.858055789713106, 38.0733856894502), (-16.83494820030712, 38.068651003728824), (-16.811720330506994, 38.063795965658), (-16.788372181711495, 38.05882057607474), (-16.76490375532306, 38.053724835819715), (-16.74131505274781, 38.0485087457373), (-16.71760607539553, 38.04317230667554), (-16.693776824679677, 38.03771551948614), (-16.66982730201738, 38.03213838502451), (-16.645757508829448, 38.026440904149716), (-16.621567446540347, 38.02062307772451), (-16.59725711657823, 38.01468490661532), (-16.572826520374914, 38.00862639169225)]",True
1784490656.7763593,0,-17.454892641530424,38.22996666355623,0.8000000119209908,232.46362033734246,-0.3670150169846451,-18.169039208513997,38.74429200968579,1.1200000047683731,232.26573737208108,0.427717928050896,-0.7141465669835725,0.51432534612956,0.31999999284738234,-0.19788296526138538,0.7947329450355411,"[(-17.500345911119382, 38.182784969258655), (-17.481134234406802, 38.181784883328284), (-17.461802229418247, 38.18066441562094), (-17.442349897433676, 38.17942356685959), (-17.422777239736735, 38.17806233777089), (-17.40308425761475, 38.17658072908516), (-17.38327095235871, 38.174978741536414), (-17.36333732526328, 38.17325637586234), (-17.343283377626808, 38.17141363280429), (-17.323109110751307, 38.16945051310732), (-17.302814525942477, 38.16736701752016), (-17.28239962450968, 38.1651631467952), (-17.261864407765955, 38.16283890168854), (-17.241208877028022, 38.16039428295993), (-17.22043303361627, 38.15782929137282), (-17.199536878854765, 38.15514392769433), (-17.17852041407124, 38.15233819269527), (-17.15738364059711, 38.149412087150104), (-17.136126559767465, 38.146365611837005), (-17.11474917292106, 38.143198767537804), (-17.09325148140033, 38.13991155503802), (-17.071633486551388, 38.13650397512685), (-17.049895189724012, 38.13297602859717), (-17.028036592271658, 38.129327716245534), (-17.00605769555146, 38.125559038872176), (-16.983958500924217, 38.12166999728101), (-16.961739009754407, 38.11766059227963), (-16.93939922341018, 38.113530824679295), (-16.91693914326336, 38.10928069529496), (-16.89435877068944, 38.104910204945256), (-16.871658107067596, 38.10041935445248), (-16.84883715378067, 38.09580814464262), (-16.825895912215177, 38.09107657634534), (-16.802834383761308, 38.08622465039397), (-16.779652569812928, 38.08125236762555), (-16.75635047176757, 38.07615972888077), (-16.732928091026444, 38.070946735004), (-16.70938542899443, 38.065613386843296), (-16.68572248708009, 38.06015968525039), (-16.66193926669564, 38.0545856310807), (-16.638035769256987, 38.04889122519331), (-16.614011996183702, 38.043076468450984), (-16.589867948899027, 38.037141361720174), (-16.565603628829887, 38.031085905870995), (-16.54121903740687, 38.02491010177726)]",True
1784490656.8316784,0,-17.410139830340093,38.26362862635849,0.800000011920943,232.46362033734246,-0.3670150169846451,-18.12172296298772,38.77424468325281,1.120000004768372,232.26573737208108,0.427717928050896,-0.711583132647629,0.510616056894321,0.31999999284742897,-0.19788296526138538,0.7947329450355411,"[(-17.47372133997211, 38.20056784076303), (-17.45501837684841, 38.199255231985155), (-17.43619540746598, 38.19782256608092), (-17.417252433080467, 38.19626984377778), (-17.39818945495117, 38.19459706580681), (-17.37900647434102, 38.19280423290276), (-17.359703492516594, 38.190891345804005), (-17.340280510748112, 38.18885840525257), (-17.320737530309422, 38.18670541199412), (-17.30107455247802, 38.184432366777976), (-17.28129157853504, 38.182039270357095), (-17.261388609765252, 38.179526123488074), (-17.241365647457073, 38.17689292693116), (-17.22122269290255, 38.17413968145024), (-17.200959747397373, 38.17126638781286), (-17.180576812240876, 38.168273046790176), (-17.160073888736026, 38.16515965915703), (-17.13945097818943, 38.16192622569187), (-17.118708081911336, 38.15857274717682), (-17.09784520121563, 38.155099224397624), (-17.076862337419836, 38.15150565814368), (-17.055759491845123, 38.14779204920802), (-17.034536665816287, 38.14395839838735), (-17.013193860661772, 38.140004706481974), (-16.991731077713656, 38.135930974295874), (-16.970148318307658, 38.131737202636664), (-16.948445583783137, 38.127423392315606), (-16.92662287548309, 38.12298954414759), (-16.90468019475415, 38.11843565895117), (-16.882617542946583, 38.11376173754853), (-16.860434921414306, 38.108967780765504), (-16.838132331514867, 38.10405378943156), (-16.81570977460945, 38.099019764379825), (-16.79316725206288, 38.093865706447055), (-16.770504765243622, 38.08859161647365), (-16.747722315523777, 38.083197495303665), (-16.724819904279084, 38.077683343784784), (-16.701797532888918, 38.072049162768344), (-16.678655202736294, 38.06629495310931), (-16.655392915207866, 38.06042071566632), (-16.632010671693923, 38.054426451301616), (-16.608508473588387, 38.04831216088111), (-16.58488632228883, 38.04207784527435), (-16.561144219196454, 38.03572350535452), (-16.537282165716093, 38.029249141998456)]",True
1784490656.8767927,0,-17.37811669340262,38.28759495654803,0.8000000119209338,232.46362033734246,-0.3670150169846451,-18.055278897764385,38.81585516483317,1.120000004768372,232.26573737208108,0.427717928050896,-0.677162204361764,0.5282602082851398,0.3199999928474382,-0.19788296526138538,0.7947329450355411,"[(-17.428579718571434, 38.23347138988928), (-17.409534242909142, 38.23251726838403), (-17.390368443895674, 38.23144277037749), (-17.37108232280592, 38.23024789659122), (-17.35167588091843, 38.22893264775047), (-17.33214911951545, 38.22749702458415), (-17.312502039882883, 38.225941027824874), (-17.29273464331031, 38.22426465820891), (-17.272846931091, 38.22246791647622), (-17.252838904521877, 38.22055080337044), (-17.232710564903556, 38.2185133196389), (-17.212461913540317, 38.21635546603259), (-17.19209295174011, 38.21407724330618), (-17.171603680814574, 38.21167865221803), (-17.15099410207901, 38.20915969353018), (-17.130264216852396, 38.20652036800834), (-17.109414026457387, 38.20376067642191), (-17.08844353222031, 38.20088061954395), (-17.067352735471164, 38.19788019815122), (-17.046141637543627, 38.194759413024144), (-17.024810239775046, 38.191518264946836), (-17.003358543506444, 38.18815675470708), (-16.981786550082514, 38.18467488309635), (-16.960094260851626, 38.18107265090978), (-16.93828167716583, 38.17735005894621), (-16.916348800380835, 38.173507108008124), (-16.894295631856036, 38.169543798901714), (-16.87212217295449, 38.16546013243684), (-16.84982842504294, 38.16125610942704), (-16.827414389491796, 38.15693173068953), (-16.80488006767514, 38.1524869970452), (-16.782225460970725, 38.14792190931863), (-16.759450570759988, 38.143236468338074), (-16.736555398428024, 38.13843067493546), (-16.71353994536361, 38.13350452994639), (-16.690404212959198, 38.12845803421017), (-16.667148202610907, 38.123291188569745), (-16.643771915718528, 38.11800399387177), (-16.62027535368553, 38.11259645096656), (-16.596658517919053, 38.10706856070811), (-16.57292140982991, 38.1014203239541), (-16.54906403083258, 38.095651741565895), (-16.525086382345222, 38.08976281440852), (-16.500988465789664, 38.08375354335069), (-16.476770282591414, 38.07762392926479)]",True
1784490656.9282913,0,-17.345558989498947,38.31082925245819,0.8000000119209306,232.46362033734246,-0.3670150169846451,-18.008565345235017,38.84673680312214,1.120000004768372,232.26573737208108,0.427717928050896,-0.6630063557360693,0.5359075506639499,0.3199999928474414,-0.19788296526138538,0.7947329450355411,"[(-17.38366389487956, 38.26756699167145), (-17.3644442615935, 38.26689908664677), (-17.34510433943564, 38.26611083826402), (-17.325644129685454, 38.26520224723561), (-17.306063633626085, 38.264173314277606), (-17.286362852544357, 38.26302404010976), (-17.26654178773076, 38.2617544254555), (-17.246600440479448, 38.260364471041925), (-17.226538812088258, 38.258854177599815), (-17.206356903858694, 38.257223545863624), (-17.18605471709593, 38.25547257657149), (-17.165632253108814, 38.25360127046522), (-17.145089513209857, 38.25160962829029), (-17.124426498715252, 38.24949765079587), (-17.103643210944856, 38.247265338734785), (-17.082739651222198, 38.24491269286355), (-17.06171582087448, 38.24243971394236), (-17.040571721232574, 38.239846402735076), (-17.01930735363102, 38.23713276000924), (-16.997922719408038, 38.23429878653606), (-16.976417819905507, 38.23134448309043), (-16.954792656468978, 38.22826985045093), (-16.933047230447677, 38.22507488939979), (-16.911181543194502, 38.22175960072293), (-16.889195596066017, 38.218323985209956), (-16.867089390422457, 38.214768043654125), (-16.84486292762773, 38.21109177685239), (-16.822516209049414, 38.20729518560537), (-16.80004923605875, 38.20337827071736), (-16.77746201003066, 38.19934103299633), (-16.754754532343725, 38.195183473253934), (-16.7319268043802, 38.19090559230549), (-16.708978827526018, 38.18650739097), (-16.685910603170772, 38.181988870070136), (-16.662722132707724, 38.177350030432244), (-16.639413417533813, 38.17259087288635), (-16.615984459049642, 38.16771139826616), (-16.592435258659492, 38.16271160740903), (-16.5687658177713, 38.15759150115603), (-16.54497613779668, 38.15235108035186), (-16.521066220150917, 38.14699034584494), (-16.49703606625296, 38.141509298487335), (-16.472885677525433, 38.13590793913479), (-16.448615055394626, 38.13018626864673), (-16.4242242012905, 38.12434428788626)]",True
1784490656.9874308,0,-17.31905587029105,38.32876166819181,0.8000000119209296,232.46362033734246,-0.3670150169846451,-17.971455467062153,38.87183337000393,1.120000004768372,232.26573737208108,0.427717928050896,-0.6523995967711045,0.5430717018121172,0.3199999928474424,-0.19788296526138538,0.7947329450355411,"[(-17.358170341051213, 38.28661309605184), (-17.339068317328106, 38.28591133094023), (-17.31984595294413, 38.285089171094015), (-17.300503249176465, 38.28414661722734), (-17.281040207305956, 38.28308367005806), (-17.261456828617135, 38.281900330307685), (-17.241753114398207, 38.28059659870142), (-17.221929065941058, 38.27917247596815), (-17.20198468454124, 38.27762796284044), (-17.181919971497994, 38.275963060054536), (-17.161734928114228, 38.27417776835037), (-17.141429555696536, 38.272272088471546), (-17.121003855555177, 38.27024602116536), (-17.100457829004096, 38.268099567182794), (-17.079791477360914, 38.265832727278486), (-17.05900480194692, 38.263445502210786), (-17.038097804087084, 38.2609378927417), (-17.01707048511005, 38.258309899636934), (-16.995922846348147, 38.25556152366587), (-16.974654889137373, 38.25269276560156), (-16.953266614817398, 38.24970362622075), (-16.93175802473157, 38.24659410630387), (-16.910129120226923, 38.243364206635015), (-16.888379902654155, 38.24001392800197), (-16.866510373367642, 38.236543271196204), (-16.844520533725436, 38.23295223701287), (-16.822410385089267, 38.22924082625078), (-16.80017992882454, 38.22540903971246), (-16.777829166300336, 38.22145687820409), (-16.755358098889406, 38.21738434253553), (-16.732766727968183, 38.21319143352035), (-16.710055054916772, 38.208878151975775), (-16.687223081118955, 38.20444449872271), (-16.664270807962183, 38.19989047458575), (-16.64119823683759, 38.19521608039317), (-16.61800536913998, 38.19042131697693), (-16.594692206267837, 38.18550618517265), (-16.57125874962331, 38.18047068581965), (-16.54770500061224, 38.17531481976092), (-16.524030960644126, 38.170038587843145), (-16.500236631132147, 38.16464199091667), (-16.47632201349316, 38.15912502983553), (-16.45228710914769, 38.153487705457444), (-16.428131919519945, 38.147730018643806), (-16.4038564460378, 38.14185197025969)]",True
1784490657.031451,0,-17.2991141985858,38.3421155784672,0.8000000119209293,232.46362033734246,-0.3670150169846451,-17.943382591518503,38.890296010976144,1.120000004768372,232.26573737208108,0.427717928050896,-0.6442683929327018,0.5481804325089428,0.31999999284744274,-0.19788296526138538,0.7947329450355411,"[(-17.338801557554874, 38.3006658174288), (-17.3197544814915, 38.29993014205321), (-17.30058705076561, 38.29907405819123), (-17.281299266653107, 38.29809756655828), (-17.261891130433572, 38.297000667873476), (-17.242362643390265, 38.2957833628596), (-17.222713806810127, 38.294445652243134), (-17.20294462198377, 38.29298753675423), (-17.183055090205492, 38.29140901712674), (-17.163045212773266, 38.289710094098176), (-17.142914990988743, 38.287890768409746), (-17.122664426157254, 38.285951040806346), (-17.102293519587803, 38.283890912036554), (-17.08180227259308, 38.281710382852616), (-17.06119068648945, 38.27940945401048), (-17.04045876259695, 38.276988126269764), (-17.019606502239295, 38.27444640039378), (-16.99863390674389, 38.27178427714951), (-16.97754097744181, 38.26900175730762), (-16.9563277156678, 38.266098841642474), (-16.934994122760298, 38.263075530932106), (-16.913540200061405, 38.25993182595823), (-16.89196594891691, 38.25666772750626), (-16.87027137067627, 38.25328323636527), (-16.848456466692628, 38.24977835332803), (-16.8265212383228, 38.24615307919099), (-16.80446568692728, 38.24240741475428), (-16.78228981387024, 38.23854136082172), (-16.759993620519523, 38.2345549182008), (-16.73757710824666, 38.2304480877027), (-16.715040278426855, 38.22622087014228), (-16.692383132438977, 38.22187326633808), (-16.669605671665586, 38.217405277112334), (-16.646707897492913, 38.21281690329094), (-16.62368981131087, 38.2081081457035), (-16.600551414513046, 38.203279005183276), (-16.577292708496696, 38.198329482567225), (-16.55391369466276, 38.19325957869598), (-16.530414374415855, 38.188069294413864), (-16.506794749164275, 38.18275863056887), (-16.483054820319982, 38.17732758801268), (-16.459194589298622, 38.17177616760066), (-16.435214057519516, 38.16610437019185), (-16.41111322640566, 38.16031219664898), (-16.386892097383726, 38.15439964783846)]",True
1784490657.0807564,0,-17.266350937390822,38.36506135621754,0.8000000119209292,232.46362033734246,-0.3670150169846451,-17.89655278968384,38.92100319174228,1.120000004768372,232.26573737208108,0.427717928050896,-0.6302018522930197,0.5559418355247416,0.31999999284744285,-0.19788296526138538,0.7947329450355411,"[(-17.272449854209782, 38.34556246998185), (-17.25165543743555, 38.345810141442215), (-17.230739697683454, 38.34593642728629), (-17.20970263631041, 38.34594132821361), (-17.188544254677105, 38.34582484492751), (-17.167264554148012, 38.34558697813511), (-17.145863536091397, 38.345227728547314), (-17.124341201879304, 38.34474709687882), (-17.102697552887562, 38.34414508384812), (-17.080932590495788, 38.34342169017749), (-17.05904631608737, 38.34257691659302), (-17.037038731049496, 38.34161076382454), (-17.01490983677313, 38.34052323260572), (-16.99265963465302, 38.33931432367399), (-16.970288126087695, 38.337984037770575), (-16.947795312479474, 38.3365323756405), (-16.92518119523446, 38.334959338032576), (-16.902445775762537, 38.333264925699396), (-16.879589055477368, 38.33144913939735), (-16.856611035796405, 38.32951197988661), (-16.83351171814088, 38.32745344793114), (-16.810291103935807, 38.3252735442987), (-16.786949194609992, 38.32297226976084), (-16.763485991596017, 38.32054962509289), (-16.739901496330248, 38.31800561107397), (-16.716195710252833, 38.315340228486995), (-16.692368634807707, 38.31255347811867), (-16.668420271442585, 38.30964536075949), (-16.644350621608968, 38.306615877203726), (-16.62015968676213, 38.30346502824945), (-16.59584746836114, 38.30019281469852), (-16.571413967868843, 38.29679923735659), (-16.54685918675187, 38.29328429703309), (-16.52218312648063, 38.28964799454125), (-16.497385788529318, 38.285890330698074), (-16.472467174375907, 38.28201130632438), (-16.447427285502155, 38.278010922244746), (-16.422266123393605, 38.27388917928756), (-16.39698368953958, 38.269646078284985), (-16.37157998543319, 38.26528162007298), (-16.346055012571313, 38.2607958054913), (-16.320408772454623, 38.25618863538347), (-16.29464126658757, 38.25146011059682), (-16.26875249647838, 38.24661023198245), (-16.24274246363908, 38.241639000395274)]",True
1784490657.131237,0,-17.207416269721477,38.40641981691074,0.8000000119209292,232.46362033734246,-0.3670150169846451,-17.81315162651577,38.977613400677285,1.120000004768372,232.26573737208108,0.427717928050896,-0.6057353567942911,0.5711935837665436,0.31999999284744285,-0.19788296526138538,0.7947329450355411,"[(-17.24447618205787, 38.36524385106688), (-17.22355724859264, 38.36563013617152), (-17.202518209984497, 38.36589625374328), (-17.181359067559047, 38.36604220445937), (-17.160079822645546, 38.36606798900063), (-17.138680476576898, 38.36597360805158), (-17.11716103068966, 38.365759062300384), (-17.095521486324042, 38.36542435243885), (-17.073761844823892, 38.36496947916246), (-17.05188210753672, 38.36439444317035), (-17.029882275813673, 38.36369924516529), (-17.007762351009557, 38.36288388585374), (-16.985522334482823, 38.361948365945786), (-16.96316222759558, 38.360892686155175), (-16.940682031713564, 38.359716847199316), (-16.918081748206184, 38.358420849799266), (-16.895361378446484, 38.357004694679745), (-16.872520923811166, 38.355468382569114), (-16.849560385680572, 38.353811914199404), (-16.826479765438698, 38.35203529030629), (-16.803279064473184, 38.35013851162911), (-16.77995828417533, 38.34812157891085), (-16.75651742594007, 38.345984492898154), (-16.732956491165996, 38.34372725434132), (-16.709275481255347, 38.34134986399429), (-16.685474397614005, 38.338852322614684), (-16.66155324165151, 38.33623463096376), (-16.63751201478104, 38.333496789806425), (-16.613350718419433, 38.330638799911256), (-16.58906935398716, 38.32766066205048), (-16.564667922908352, 38.32456237699996), (-16.540146426610786, 38.32134394553924), (-16.515504866525884, 38.3180053684515), (-16.490743244088716, 38.31454664652359), (-16.465861560738002, 38.310967780545994), (-16.44085981791611, 38.30726877131286), (-16.415738017069053, 38.30344961962201), (-16.390496159646496, 38.29951032627488), (-16.365134247101743, 38.29545089207658), (-16.33965228089176, 38.29127131783588), (-16.314050262477146, 38.2869716043652), (-16.28832819332215, 38.28255175248061), (-16.262486074894678, 38.27801176300183), (-16.236523908666275, 38.27335163675224), (-16.21044169611213, 38.268571374558874)]",True
1784490657.1842906,0,-17.18787958152973,38.420359555422735,0.8000000119209292,232.46362033734246,-0.3670150169846451,-17.785499173826384,38.99670003249573,1.120000004768372,232.26573737208108,0.427717928050896,-0.5976195922966525,0.5763404770729963,0.31999999284744285,-0.19788296526138538,0.7947329450355411,"[(-17.22513495268946, 38.3786613836779), (-17.20461153526505, 38.37878551326972), (-17.183967970510324, 38.37878943501671), (-17.163204259740372, 38.378673149604836), (-17.14232040427395, 38.378436657723746), (-17.121316405433465, 38.378079960066735), (-17.10019226454499, 38.37760305733077), (-17.07894798293824, 38.37700595021645), (-17.05758356194659, 38.376288639428076), (-17.036099002907072, 38.37545112567358), (-17.014494307160373, 38.37449340966456), (-16.99276947605083, 38.37341549211629), (-16.970924510926444, 38.372217373747674), (-16.94895941313886, 38.37089905528131), (-16.92687418404338, 38.36946053744344), (-16.90466882499897, 38.36790182096396), (-16.88234333736824, 38.36622290657643), (-16.859897722517456, 38.364423795018084), (-16.83733198181654, 38.3625044870298), (-16.814646116639075, 38.36046498335613), (-16.79184012836229, 38.35830528474527), (-16.768914018367067, 38.35602539194908), (-16.74586778803795, 38.35362530572309), (-16.722701438763128, 38.35110502682649), (-16.699414971934456, 38.348464556022115), (-16.67600838894743, 38.34570389407647), (-16.65248169120121, 38.34282304175972), (-16.628834880098605, 38.33982199984569), (-16.60506795704608, 38.336700769111864), (-16.58118092345375, 38.33345935033938), (-16.557173780735386, 38.33009774431304), (-16.533046530308415, 38.32661595182132), (-16.50879917359391, 38.32301397365632), (-16.48443171201661, 38.31929181061384), (-16.459944147004897, 38.31544946349331), (-16.43533647999081, 38.31148693309783), (-16.410608712410042, 38.30740422023417), (-16.385760845701938, 38.303201325712735), (-16.360792881309493, 38.29887825034761), (-16.335704820679364, 38.29443499495653), (-16.31049666526185, 38.28987156036089), (-16.285168416510913, 38.28518794738576), (-16.259720075884164, 38.28038415685983), (-16.23415164484286, 38.275460189615494), (-16.208463124851924, 38.270416046488776)]",True
1784490657.2400405,0,-17.1748676408021,38.42967023870685,0.8000000119209292,232.46362033734246,-0.3670150169846451,-17.767096205927068,39.00947068786086,1.120000004768372,232.26573737208108,0.427717928050896,-0.5922285651249695,0.5798004491540141,0.31999999284744285,-0.19788296526138538,0.7947329450355411,"[(-17.205835722165215, 38.39220851803262), (-17.185637322938977, 38.39212490472077), (-17.16531873431834, 38.39192104302483), (-17.144879957609746, 38.391596933637764), (-17.12432099412329, 38.391152577256214), (-17.103641845172742, 38.39058797458047), (-17.082842512075516, 38.3899031263145), (-17.0619229961527, 38.38909803316593), (-17.040883298729028, 38.38817269584606), (-17.019723421132902, 38.387127115069845), (-16.99844336469638, 38.38596129155591), (-16.977043130755185, 38.384675226026545), (-16.9555227206487, 38.38326891920771), (-16.933882135719955, 38.38174237182902), (-16.912121377315653, 38.38009558462377), (-16.890240446786155, 38.378328558328896), (-16.868239345485474, 38.37644129368502), (-16.84611807477129, 38.374433791436424), (-16.823876636004936, 38.372306052331055), (-16.80151503055141, 38.37005807712052), (-16.779033259779364, 38.367689866560085), (-16.756431325061115, 38.3652014214087), (-16.733709227772632, 38.362592742428966), (-16.710866969293548, 38.359863830387155), (-16.687904551007154, 38.3570146860532), (-16.6648219743004, 38.35404531020069), (-16.641619240563887, 38.35095570360689), (-16.61829635119189, 38.34774586705274), (-16.59485330758233, 38.34441580132281), (-16.57129011113679, 38.340965507205375), (-16.547606763260518, 38.337394985492345), (-16.523803265362407, 38.33370423697931), (-16.499879618855022, 38.329893262465504), (-16.47583582515458, 38.32596206275385), (-16.451671885680952, 38.32191063865093), (-16.42738780185768, 38.31773899096697), (-16.40298357511195, 38.313447120515896), (-16.378459206874613, 38.30903502811526), (-16.353814698580177, 38.3045027145863), (-16.32905005166681, 38.29985018075391), (-16.30416526757633, 38.29507742744665), (-16.279160347754228, 38.29018445549675), (-16.254035293649636, 38.28517126574009), (-16.22879010671536, 38.280037859016225), (-16.203424788407844, 38.27478423616838)]",True
1784490657.3066463,0,-17.161933333847692,38.43908821791988,0.8000000119209292,232.46362033734246,-0.3670150169846451,-17.74864649513323,39.022173595679334,1.120000004768372,232.26573737208108,0.427717928050896,-0.5867131612855374,0.5830853777594527,0.31999999284744285,-0.19788296526138538,0.7947329450355411,"[(-17.192992038117755, 38.40135252253712), (-17.172977704890197, 38.40115802927804), (-17.152843155504257, 38.40084326171287), (-17.132588391261553, 38.400408220538395), (-17.112213413467362, 38.399852906455045), (-17.09171822343063, 38.399177320166935), (-17.07110282246396, 38.39838146238184), (-17.05036721188362, 38.39746533381122), (-17.02951139300955, 38.39642893517017), (-17.008535367165333, 38.39527226717749), (-16.987439135678233, 38.39399533055562), (-16.96622269987917, 38.39259812603068), (-16.944886061102732, 38.391080654332455), (-16.92342922068716, 38.38944291619441), (-16.901852179974366, 38.38768491235367), (-16.880154940309914, 38.385806643551014), (-16.858337503043042, 38.38380811053091), (-16.836399869526648, 38.38168931404148), (-16.814342041117285, 38.37945025483452), (-16.792164019175175, 38.37709093366551), (-16.769865805064203, 38.37461135129355), (-16.747447400151913, 38.372011508481464), (-16.72490880580951, 38.3692914059957), (-16.702250023411864, 38.36645104460641), (-16.679471054337508, 38.36349042508738), (-16.656571899968633, 38.36040954821608), (-16.63355256169109, 38.35720841477366), (-16.610413040894404, 38.35388702554491), (-16.587153338971746, 38.3504453813183), (-16.563773457319957, 38.34688348288598), (-16.54027339733954, 38.343201331043744), (-16.516653160434657, 38.33939892659107), (-16.492912748013133, 38.33547627033111), (-16.46905216148645, 38.33143336307065), (-16.445071402269757, 38.32727020562018), (-16.420970471781864, 38.32298679879384), (-16.39674937144524, 38.318583143409434), (-16.372408102686013, 38.31405924028844), (-16.347946666933975, 38.309415090255996), (-16.323365065622582, 38.30465069414092), (-16.298663300188945, 38.29976605277568), (-16.27384137207384, 38.29476116699642), (-16.248899282721702, 38.289636037642964), (-16.223837033580626, 38.284390665558774), (-16.198654626102368, 38.27902505159099)]",True
1784490657.3297853,0,-17.1554947486795,38.44383632165902,0.8000000119209292,233.63112795994087,-0.37036143574826386,-17.7393980524726,39.02849073051232,1.120000004768372,232.26573737208108,0.427717928050896,-0.5839033037930967,0.5846544088532966,0.31999999284744285,-1.3653905878597925,0.7980793637991599,"[(-17.186569985531058, 38.405944979634796), (-17.166638758015928, 38.405701520671215), (-17.146587302752014, 38.405337776188716), (-17.12641562103874, 38.40485374688575), (-17.106123714179187, 38.404249433464436), (-17.085711583480112, 38.40352483663057), (-17.06517923025193, 38.4026799570936), (-17.044526655808713, 38.401714795566676), (-17.023753861468215, 38.400629352766586), (-17.00286084855184, 38.399423629413796), (-16.981847618384663, 38.39809762623245), (-16.960714172295418, 38.39665134395035), (-16.93946051161651, 38.395084783298984), (-16.918086637684, 38.39339794501349), (-16.896592551837617, 38.39159082983268), (-16.874978255420757, 38.38966343849905), (-16.85324374978047, 38.387615771758746), (-16.83138903626748, 38.3854478303616), (-16.809414116236173, 38.383159615061096), (-16.78731899104459, 38.380751126614406), (-16.765103662054447, 38.37822236578236), (-16.742768130631113, 38.37557333332944), (-16.720312398143633, 38.372804030023836), (-16.697736465964706, 38.36991445663738), (-16.67504033547069, 38.36690461394558), (-16.65222400804162, 38.3637745027276), (-16.629287485061187, 38.360524123766304), (-16.606230767916742, 38.357153477848186), (-16.5830538579993, 38.35366256576344), (-16.559756756703546, 38.350051388305914), (-16.53633946542782, 38.34631994627313), (-16.512801985574125, 38.34246824046626), (-16.489144318548135, 38.33849627169018), (-16.465366465759175, 38.334404040753405), (-16.441468428620244, 38.33019154846813), (-16.417450208547997, 38.32585879565021), (-16.393311806962753, 38.32140578311919), (-16.36905322528849, 38.31683251169825), (-16.344674464952856, 38.31213898221427), (-16.320175527387157, 38.30732519549778), (-16.295556414026358, 38.30239115238298), (-16.27081712630909, 38.29733685370775), (-16.24595766567765, 38.29216230031361), (-16.22097803357799, 38.28686749304579), (-16.195878231459726, 38.28145243275315)]",True
1784490657.38384,0,-17.13625695027689,38.458185692163475,0.8000000119209292,233.63112795994087,-0.37036143574826386,-17.7115799531579,39.04733502746914,1.120000004768372,232.26573737208108,0.427717928050896,-0.5753230028810101,0.5891493353056632,0.31999999284744285,-1.3653905878597925,0.7980793637991599,"[(-17.16083321761956, 38.424364064118734), (-17.141180312254882, 38.4239564568603), (-17.121407136224686, 38.42342852242875), (-17.101513690821164, 38.422780261528224), (-17.081499977340165, 38.422011674866546), (-17.061365997081214, 38.42112276315522), (-17.041111751347504, 38.42011352710941), (-17.020737241445893, 38.418983967447964), (-17.000242468686917, 38.417734084893404), (-16.979627434384774, 38.41636388017193), (-16.958892139857333, 38.4148733540134), (-16.938036586426133, 38.41326250715137), (-16.91706077541638, 38.41153134032305), (-16.89596470815695, 38.409679854269335), (-16.874748385980386, 38.407708049734794), (-16.853411810222905, 38.405615927467665), (-16.831954982224385, 38.40340348821986), (-16.810377903328384, 38.401070732746966), (-16.788680574882118, 38.39861766180825), (-16.766862998236473, 38.39604427616665), (-16.744925174746008, 38.393350576588766), (-16.722867105768948, 38.39053656384489), (-16.700688792667183, 38.38760223870898), (-16.67839023680628, 38.384547601958666), (-16.655971439555465, 38.38137265437525), (-16.633432402287635, 38.37807739674371), (-16.61077312637936, 38.374661829852705), (-16.58799361321087, 38.37112595449455), (-16.56509386416607, 38.36746977146526), (-16.542073880632525, 38.363693281564494), (-16.51893366400148, 38.3597964855956), (-16.495673215667836, 38.355779384365604), (-16.472292537030167, 38.351641978685194), (-16.448791629490714, 38.34738426936874), (-16.425170494455386, 38.34300625723427), (-16.40142913333376, 38.33850794310351), (-16.377567547539076, 38.333889327801835), (-16.35358573848825, 38.32915041215831), (-16.329483707601852, 38.32429119700567), (-16.305261456304134, 38.31931168318032), (-16.280918986023007, 38.314211871522325), (-16.25645629819005, 38.30899176287544), (-16.23187339424051, 38.3036513580871), (-16.2071702756133, 38.298190658008394), (-16.182346943751003, 38.29260966349409)]",True
1784490657.5366588,0,-17.11714478724197,38.472701263144096,0.8000000119209292,233.63112795994087,-0.37036143574826386,-17.683609528946615,39.065952509357864,1.120000004768372,232.26573737208108,0.427717928050896,-0.566464741704646,0.593251246213768,0.31999999284744285,-1.3653905878597925,0.7980793637991599,"[(-17.141567833864816, 38.43833012481744), (-17.122082334053676, 38.437834055196966), (-17.10247654312161, 38.43721763868174), (-17.082750462356305, 38.436480875978944), (-17.062904093049102, 38.43562376779945), (-17.042937436495034, 38.434646314857794), (-17.02285049399279, 38.433548517872204), (-17.002643266844743, 38.43233037756457), (-16.98231575635693, 38.43099189466046), (-16.96186796383906, 38.42953306988912), (-16.94129989060452, 38.42795390398348), (-16.920611537970355, 38.42625439768014), (-16.899802907257296, 38.42443455171938), (-16.878873999789736, 38.42249436684515), (-16.857824816895743, 38.420433843805085), (-16.836655359907056, 38.41825298335049), (-16.815365630159082, 38.415951786236356), (-16.793955628990908, 38.41353025322133), (-16.772425357745277, 38.41098838506776), (-16.750774817768615, 38.40832618254165), (-16.729004010411018, 38.40554364641269), (-16.707112937026245, 38.402640777454245), (-16.685101598971734, 38.39961757644336), (-16.662969997608588, 38.396474044160755), (-16.640718134301586, 38.39321018139081), (-16.61834601041917, 38.38982598892161), (-16.59585362733346, 38.38632146754488), (-16.57324098642025, 38.38269661805606), (-16.550508089058987, 38.37895144125423), (-16.527654936632803, 38.375085937942174), (-16.5046815305285, 38.371100108926335), (-16.481587872136544, 38.36699395501684), (-16.458373962851073, 38.36276747702749), (-16.435039804069895, 38.358420675775754), (-16.411585397194486, 38.353953552082785), (-16.388010743629998, 38.34936610677341), (-16.364315844785253, 38.344658340676126), (-16.340500702072735, 38.339830254623116), (-16.3165653169086, 38.334881849450234), (-16.29250969071268, 38.329813125997), (-16.26833382490847, 38.32462408510662), (-16.24403772092314, 38.31931472762597), (-16.21962138018752, 38.31388505440561), (-16.195084804136116, 38.30833506629976), (-16.170427994207106, 38.30266476416633)]",True
1784490657.580466,0,-17.05372448959724,38.52145990027407,0.8000000119209292,233.63112795994087,-0.37036143574826386,-17.580461216466286,39.133318325638044,1.120000004768372,232.26573737208108,0.427717928050896,-0.5267367268690464,0.6118584253639767,0.31999999284744285,-1.3653905878597925,0.7980793637991599,"[(-17.065665046156195, 38.496296339725475), (-17.046653947737713, 38.49568210528647), (-17.027522486852938, 38.49494745428776), (-17.00827066477718, 38.49409238744135), (-16.988898482789423, 38.4931169054629), (-16.96940594217235, 38.49202100907178), (-16.949793044212306, 38.490804698991035), (-16.930059790199323, 38.489467975947406), (-16.91020618142711, 38.48801084067131), (-16.890232219193066, 38.48643329389684), (-16.870137904798256, 38.48473533636179), (-16.84992323954743, 38.48291696880763), (-16.82958822474902, 38.48097819197952), (-16.80913286171514, 38.47891900662629), (-16.788557151761573, 38.47673941350048), (-16.7678610962078, 38.4744394133583), (-16.747044696376957, 38.47201900695964), (-16.726107953595882, 38.469478195068085), (-16.70505086919508, 38.46681697845089), (-16.683873444508738, 38.46403535787902), (-16.662575680874724, 38.4611333341271), (-16.641157579634584, 38.45811090797344), (-16.619619142133537, 38.45496808020006), (-16.597960369720496, 38.45170485159264), (-16.576181263748037, 38.44832122294054), (-16.554281825572428, 38.44481719503683), (-16.532262056553606, 38.44119276867825), (-16.51012195805519, 38.43744794466521), (-16.48786153144448, 38.43358272380183), (-16.465480778092452, 38.42959710689589), (-16.442979699373765, 38.425491094758875), (-16.42035829666675, 38.421264688205945), (-16.39761657135342, 38.416917888055934), (-16.37475452481947, 38.412450695131376), (-16.351772158454263, 38.40786311025848), (-16.32866947365085, 38.40315513426715), (-16.30544647180596, 38.39832676799095), (-16.282103154319998, 38.393378012267156), (-16.258639522597043, 38.3883088679367), (-16.235055578044854, 38.38311933584422), (-16.211351322074876, 38.377809416838026), (-16.187526756102223, 38.372379111770115), (-16.163581881545685, 38.36682842149617), (-16.139516699827738, 38.36115734687556), (-16.11533121237453, 38.35536588877131)]",True
1784490657.6258917,0,-17.02150719297048,38.545166767746146,0.8000000119209292,233.63112795994087,-0.37036143574826386,-17.543053232522066,39.1579680954111,1.120000004768372,232.26573737208108,0.427717928050896,-0.5215460395515876,0.612801327664954,0.31999999284744285,-1.3653905878597925,0.7980793637991599,"[(-17.02788367070683, 38.525017408913435), (-17.00929114226882, 38.52413862663081), (-16.99057816504854, 38.52313934341652), (-16.971744740310918, 38.522019559992046), (-16.95279086932457, 38.52077927708257), (-16.9337165533618, 38.51941849541696), (-16.91452179369861, 38.51793721572778), (-16.89520659161469, 38.5163354387513), (-16.875770948393413, 38.514613165227466), (-16.85621486532185, 38.51277039589994), (-16.83653834369075, 38.51080713151607), (-16.816741384794568, 38.50872337282688), (-16.796823989931433, 38.506519120587114), (-16.776786160403173, 38.5041943755552), (-16.756627897515298, 38.50174913849326), (-16.736349202577017, 38.49918341016711), (-16.715950076901223, 38.49649719134627), (-16.695430521804496, 38.493690482803935), (-16.67479053860711, 38.49076328531701), (-16.654030128633025, 38.48771559966609), (-16.63314929320989, 38.48454742663546), (-16.612148033669044, 38.4812587670131), (-16.591026351345516, 38.47784962159069), (-16.56978424757802, 38.474319991163604), (-16.548421723708962, 38.4706698765309), (-16.526938781084443, 38.46689927849533), (-16.505335421054237, 38.46300819786335), (-16.483611644971816, 38.45899663544511), (-16.461767454194344, 38.45486459205444), (-16.43980285008267, 38.45061206850888), (-16.417717834001326, 38.446239065629655), (-16.39551240731854, 38.44174558424169), (-16.37318657140623, 38.437131625173585), (-16.350740327639993, 38.43239718925766), (-16.32817367739912, 38.4275422773299), (-16.305486622066592, 38.42256689023001), (-16.282679163029073, 38.41747102880137), (-16.25975130167691, 38.412254693891065), (-16.236703039404155, 38.406917886349866), (-16.213534377608536, 38.40146060703224), (-16.190245317691467, 38.39588285679635), (-16.166835861058058, 38.39018463650404), (-16.143306009117097, 38.38436594702086), (-16.119655763281074, 38.37842678921605), (-16.09588512496615, 38.37236716396254)]",True
1784490657.8465924,0,-17.015103738252037,38.54996214304987,0.8000000119209292,233.63112795994087,-0.37036143574826386,-17.53363412647583,39.164027817896034,1.120000004768372,232.26573737208108,0.427717928050896,-0.5185303882237946,0.6140656748461666,0.31999999284744285,-1.3653905878597925,0.7980793637991599,"[(-17.02140066576816, 38.52972707897836), (-17.00279408505742, 38.52884946238943), (-16.984067054863313, 38.52785134412231), (-16.96521957645122, 38.526732724898466), (-16.94625165109021, 38.525493605443046), (-16.92716328005305, 38.524133986484905), (-16.907954464616186, 38.522653868756585), (-16.88862520605976, 38.52105325299432), (-16.869175505667606, 38.51933213993805), (-16.849605364727243, 38.51749053033141), (-16.829914784529883, 38.51552842492171), (-16.810103766370425, 38.51344582445998), (-16.79017231154746, 38.51124272970092), (-16.77012042136327, 38.50891914140294), (-16.749948097123823, 38.50647506032815), (-16.729655340138777, 38.50391048724234), (-16.70924215172148, 38.50122542291499), (-16.68870853318897, 38.498419868119306), (-16.668054485861973, 38.49549382363215), (-16.647280011064904, 38.492447290234104), (-16.62638511012587, 38.48928026870942), (-16.605369784376666, 38.48599275984607), (-16.58423403515277, 38.48258476443571), (-16.56297786379336, 38.47905628327368), (-16.541601271641294, 38.47540731715903), (-16.520104260043123, 38.4716378668945), (-16.498486830349087, 38.46774793328651), (-16.476748983913108, 38.4637375171452), (-16.454890722092806, 38.45960661928437), (-16.432912046249488, 38.45535524052155), (-16.410812957748142, 38.45098338167793), (-16.38859345795745, 38.44649104357841), (-16.366253548249787, 38.441878227051596), (-16.343793230001207, 38.43714493292976), (-16.321212504591454, 38.43229116204889), (-16.298511373403965, 38.42731691524866), (-16.275689837825865, 38.422222193372434), (-16.252747899247964, 38.41700699726727), (-16.22968555906476, 38.41167132778393), (-16.20650281867444, 38.40621518577685), (-16.183199679478882, 38.40063857210418), (-16.159776142883644, 38.39494148762775), (-16.136232210297976, 38.38912393321308), (-16.11256788313482, 38.38318590972939), (-16.088783162810795, 38.377127418049604)]",True
1784490657.886534,0,-16.916182597059976,38.61779909435831,0.8000000119209292,233.63112795994087,-0.37036143574826386,-17.39476278760461,39.258556110904294,1.120000004768372,234.07864608645195,0.4168147180005184,-0.4785801905446334,0.640757016545983,0.31999999284744285,0.4475181265110848,0.7871761537487822,"[(-17.00248751868236, 38.54370187529224), (-16.984241647663072, 38.54255898674095), (-16.965875286444152, 38.54129555760573), (-16.94738843628112, 38.539911588616874), (-16.928781098433195, 38.538407080508385), (-16.910053274163285, 38.53678203401797), (-16.891204964738005, 38.53503644988702), (-16.87223617142765, 38.53317032886065), (-16.85314689550622, 38.53118367168765), (-16.833937138251407, 38.52907647912052), (-16.814606900944593, 38.52684875191546), (-16.795156184870866, 38.52450049083236), (-16.775584991318993, 38.522031696634826), (-16.755893321581446, 38.51944237009015), (-16.736081176954393, 38.51673251196932), (-16.716148558737686, 38.513902123047046), (-16.69609546823488, 38.51095120410171), (-16.67592190675322, 38.5078797559154), (-16.65562787560365, 38.50468777927391), (-16.6352133761008, 38.50137527496673), (-16.614678409563002, 38.49794224378706), (-16.594022977312278, 38.49438868653177), (-16.573247080674346, 38.490714604001454), (-16.552350720978616, 38.48691999700039), (-16.531333899558188, 38.48300486633657), (-16.510196617749866, 38.478969212821674), (-16.488938876894135, 38.47481303727108), (-16.467560678335186, 38.47053634050388), (-16.446062023420893, 38.46613912334283), (-16.42444291350283, 38.46162138661441), (-16.402703349936264, 38.45698313114881), (-16.38084333408015, 38.45222435777989), (-16.35886286729714, 38.447345067345225), (-16.336761950953584, 38.44234526068608), (-16.314540586419515, 38.437224938647425), (-16.292198775068666, 38.43198410207793), (-16.269736518278464, 38.426622751829946), (-16.24715381743002, 38.421140888759545), (-16.22445067390815, 38.41553851372649), (-16.201627089101358, 38.40981562759423), (-16.178683064401834, 38.40397223122992), (-16.155618601205468, 38.39800832550442), (-16.13243370091184, 38.39192391129228), (-16.109128364924224, 38.38571898947175), (-16.08570259464959, 38.37939356092477)]",True
1784490657.927437,0,-16.88850595911971,38.63386099624179,0.8000000119209292,233.63112795994087,-0.37036143574826386,-17.35801977452881,39.28418760232095,1.120000004768372,234.07864608645195,0.4168147180005184,-0.4695138154091012,0.6503266060791546,0.31999999284744285,0.4475181265110848,0.7871761537487822,"[(-17.00238564424086, 38.54380360733829), (-16.9845356329125, 38.54239085086075), (-16.96656542279985, 38.54085784736773), (-16.94847501513842, 38.53920459759317), (-16.930264411167393, 38.537431102274645), (-16.911933612129605, 38.53553736215341), (-16.893482619271563, 38.53352337797439), (-16.87491143384343, 38.53138915048617), (-16.856220057099033, 38.529134680441004), (-16.837408490295868, 38.52675996859482), (-16.818476734695086, 38.52426501570719), (-16.799424791561503, 38.5216498225414), (-16.780252662163598, 38.51891438986435), (-16.760960347773512, 38.51605871844664), (-16.741547849667047, 38.51308280906252), (-16.72201516912367, 38.50998666248991), (-16.702362307426508, 38.506770279510405), (-16.68258926586235, 38.503433660909266), (-16.66269604572165, 38.49997680747542), (-16.642682648298518, 38.49639972000145), (-16.62254907489073, 38.49270239928361), (-16.602295326799727, 38.48888484612183), (-16.581921405330604, 38.48494706131969), (-16.561427311792126, 38.48088904568445), (-16.540813047496716, 38.476710800027035), (-16.520078613760454, 38.47241232516204), (-16.49922401190309, 38.46799362190771), (-16.478249243248033, 38.463454691085964), (-16.457154309122345, 38.4587955335224), (-16.435939210856763, 38.45401615004626), (-16.414603949785675, 38.44911654149047), (-16.393148527247135, 38.44409670869161), (-16.371572944582855, 38.438956652489935), (-16.349877203138217, 38.43369637372936), (-16.328061304262253, 38.428315873257475), (-16.306125249307655, 38.422815151925526), (-16.284069039630786, 38.41719421058843), (-16.261892676591668, 38.411453050104754), (-16.239596161553976, 38.40559167133676), (-16.217179495885052, 38.39961007515035), (-16.1946426809559, 38.393508262415104), (-16.17198571814118, 38.38728623400427), (-16.149208608819215, 38.380943990794755), (-16.12631135437199, 38.37448153366713), (-16.103293956185144, 38.36789886350563)]",True
1784490657.9840114,0,-16.860943521601733,38.65011854570115,0.8000000119209292,233.63112795994087,-0.37036143574826386,-17.321075286069508,39.30952804880656,1.120000004768372,234.07864608645195,0.4168147180005184,-0.46013176446777493,0.6594095031054152,0.31999999284744285,0.4475181265110848,0.7871761537487822,"[(-16.996432333295786, 38.54824905374866), (-16.978544758955074, 38.54685224034338), (-16.960536659818363, 38.54533485352973), (-16.94240803713132, 38.543696894046505), (-16.924158892143303, 38.54193836263618), (-16.905789226107377, 38.54005926004495), (-16.887299040280308, 38.5380595870227), (-16.868688335922556, 38.535939344323026), (-16.849957114298284, 38.533698532703234), (-16.831105376675353, 38.53133715292432), (-16.81213312432532, 38.52885520575099), (-16.793040358523445, 38.52625269195166), (-16.773827080548685, 38.52352961229845), (-16.754493291683698, 38.52068596756716), (-16.73503899321484, 38.51772175853733), (-16.715464186432165, 38.51463698599216), (-16.69576887262943, 38.5114316507186), (-16.675953053104084, 38.50810575350727), (-16.656016729157276, 38.504659295152514), (-16.635959902093855, 38.50109227645236), (-16.615782573222372, 38.49740469820855), (-16.595484743855074, 38.493596561226525), (-16.5750664153079, 38.489667866315436), (-16.5545275889005, 38.485618614288136), (-16.533868265956208, 38.48144880596117), (-16.51308844780207, 38.4771584421548), (-16.492188135768817, 38.47274752369299), (-16.47116733119089, 38.46821605140339), (-16.45002603540642, 38.463564026117375), (-16.42876424975724, 38.458791448670006), (-16.40738197558888, 38.453898319900055), (-16.38587921425057, 38.44888464064999), (-16.364255967095225, 38.443750411766), (-16.34251223547948, 38.43849563409795), (-16.32064802076365, 38.43312030849942), (-16.29866332431175, 38.427624435827695), (-16.2765581474915, 38.422008016943764), (-16.25433249167431, 38.41627105271231), (-16.231986358235297, 38.41041354400173), (-16.209519748553262, 38.40443549168411), (-16.186932664010712, 38.39833689663525), (-16.16422510599385, 38.392117759734646), (-16.14139707589258, 38.385778081865496), (-16.118448575100494, 38.3793178639147), (-16.095379605014884, 38.37273710677286)]",True
1784490658.1676562,0,-16.725831194825403,38.73578143507241,0.8000000119209292,233.63112795994087,-0.37036143574826386,-17.140873952127315,39.42264439512621,1.120000004768372,234.07864608645195,0.4168147180005184,-0.41504275730191154,0.6868629600538014,0.31999999284744285,0.4475181265110848,0.7871761537487822,"[(-16.99634455000792, 38.548340958147776), (-16.978829898061036, 38.54668946715907), (-16.961195003603294, 38.54491768708176), (-16.94343986786122, 38.54302561865779), (-16.925564492064996, 38.54101326263281), (-16.90756887744849, 38.5388806197561), (-16.889453025249228, 38.53662769078065), (-16.871216936708404, 38.53425447646309), (-16.852860613070874, 38.53176097756375), (-16.834384055585172, 38.529147194846615), (-16.8157872655035, 38.52641312907935), (-16.797070244081716, 38.52355878103329), (-16.77823299257936, 38.520584151483426), (-16.759275512259624, 38.517489241208445), (-16.740197804389382, 38.51427405099069), (-16.72099987023917, 38.510938581616195), (-16.701681711083182, 38.50748283387464), (-16.68224332819929, 38.50390680855939), (-16.662684722869038, 38.50021050646749), (-16.64300589637762, 38.496393928399634), (-16.62320685001391, 38.4924570751602), (-16.60328758507045, 38.48839994755725), (-16.58324810284344, 38.48422254640249), (-16.563088404632754, 38.479924872511326), (-16.542808491741926, 38.47550692670281), (-16.52240836547816, 38.47096870979969), (-16.501888027152336, 38.466310222628366), (-16.481247478078984, 38.46153146601891), (-16.460486719576313, 38.45663244080508), (-16.43960575296619, 38.45161314782429), (-16.418604579574158, 38.44647358791762), (-16.397483200729415, 38.44121376192985), (-16.376241617764833, 38.43583367070941), (-16.35487983201695, 38.430333315108385), (-16.33339784482597, 38.424712695982564), (-16.31179565753576, 38.418971814191394), (-16.290073271493856, 38.41311067059799), (-16.268230688051457, 38.40712926606913), (-16.24626790856343, 38.40102760147527), (-16.224184934388305, 38.39480567769055), (-16.201981766888284, 38.38846349559275), (-16.17965840742923, 38.38200105606336), (-16.157214857380673, 38.3754183599875), (-16.134651118115812, 38.36871540825399), (-16.1119671910115, 38.36189220175531)]",True
1784490658.1794431,0,-16.719033675350232,38.73999967161202,0.8000000119209292,233.63112795994087,-0.37036143574826386,-17.131230322349445,39.42834002887916,1.120000004768372,234.07864608645195,0.4168147180005184,-0.4121966469992131,0.688340357267144,0.31999999284744285,0.4475181265110848,0.7871761537487822,"[(-16.990351717153644, 38.552778870646044), (-16.972774580167307, 38.55115763863347), (-16.95507687206718, 38.54941578843987), (-16.93725859409067, 38.5475533208117), (-16.919319747478887, 38.54557023649912), (-16.90126033347664, 38.543466536256), (-16.88308035333245, 38.54124222083992), (-16.86477980829854, 38.53889729101216), (-16.846358699630837, 38.53643174753773), (-16.827817028588974, 38.53384559118534), (-16.809154796436285, 38.53113882272739), (-16.790372004439817, 38.528311442940016), (-16.771468653870308, 38.52536345260304), (-16.752444746002208, 38.52229485250001), (-16.733300282113674, 38.51910564341817), (-16.714035263486565, 38.51579582614849), (-16.694649691406436, 38.51236540148563), (-16.675143567162557, 38.50881437022797), (-16.6555168920479, 38.50514273317758), (-16.635769667359135, 38.501350491140265), (-16.615901894396643, 38.49743764492552), (-16.595913574464504, 38.49340419534656), (-16.575804708870496, 38.489250143220296), (-16.555575298926115, 38.48497548936736), (-16.535225345946554, 38.48058023461208), (-16.514754851250704, 38.4760643797825), (-16.49416381616117, 38.47142792571037), (-16.473452242004246, 38.46667087323115), (-16.452620130109946, 38.461793223184), (-16.431667481811974, 38.4567949764118), (-16.410594298447748, 38.451676133761126), (-16.389400581358377, 38.44643669608227), (-16.368086331888684, 38.441076664229236), (-16.346651551387186, 38.43559603905972), (-16.325096241206115, 38.42999482143513), (-16.303420402701395, 38.424273012220596), (-16.28162403723265, 38.41843061228494), (-16.25970714616322, 38.412467622500714), (-16.237669730860137, 38.40638404374414), (-16.215511792694148, 38.40017987689518), (-16.193233333039682, 38.393855122837486), (-16.17083435327489, 38.38740978245843), (-16.148314854781617, 38.38084385664908), (-16.12567483894541, 38.374157346304216), (-16.102914307155523, 38.367350252322325)]",True
1784490658.2398355,0,-16.67879395466292,38.76616548805558,0.8000000119209292,233.63112795994087,-0.37036143574826386,-17.06392554927259,39.46854702770891,1.120000004768372,234.07864608645195,0.4168147180005184,-0.38513159460967117,0.7023815396533308,0.31999999284744285,0.4475181265110848,0.7871761537487822,"[(-16.72505412697314, 38.72252370266206), (-16.70535067403286, 38.721845056035725), (-16.68552730821533, 38.721046440928966), (-16.66558403080461, 38.72012785804887), (-16.64552084308838, 38.71908930810617), (-16.625337746357953, 38.717930791815235), (-16.605034741908273, 38.71665230989406), (-16.584611831037922, 38.71525386306429), (-16.564069015049103, 38.713735452051196), (-16.543406295247657, 38.712097077583685), (-16.522623672943052, 38.710338740394306), (-16.50172114944839, 38.70846044121924), (-16.4806987260804, 38.706462180798304), (-16.459556404159446, 38.704343959874954), (-16.438294185009518, 38.70210577919627), (-16.416912069958236, 38.69974763951299), (-16.395410060336857, 38.697269541579466), (-16.373788157480263, 38.694671486153695), (-16.35204636272697, 38.69195347399731), (-16.33018467741912, 38.68911550587558), (-16.308203102902485, 38.6861575825574), (-16.286101640526475, 38.68307970481532), (-16.263880291644124, 38.67988187342551), (-16.241539057612094, 38.67656408916777), (-16.219077939790683, 38.673126352825555), (-16.19649693954381, 38.66956866518594), (-16.173796058239038, 38.66589102703965), (-16.150975297247545, 38.66209343918102), (-16.12803465794415, 38.65817590240805), (-16.10497414170729, 38.65413841752234), (-16.081793749919044, 38.649980985329165), (-16.058493483965115, 38.645703606637404), (-16.03507334523483, 38.64130628225959), (-16.01153333512116, 38.636789013011885), (-15.987873455020694, 38.63215179971408), (-15.964093706333648, 38.627394643189604), (-15.940194090463873, 38.62251754426552), (-15.916174608818851, 38.61752050377253), (-15.89203526280969, 38.61240352254497), (-15.867776053851127, 38.607166601420815), (-15.843396983361526, 38.60180974124166), (-15.818898052762885, 38.59633294285274), (-15.794279263480826, 38.590736207102935), (-15.769540616944605, 38.585019534844754), (-15.744682114587102, 38.57918292693434)]",True
1784490658.3389213,0,-16.672175810349703,38.77065985014506,0.8000000119209292,233.63112795994087,-0.37036143574826386,-17.054309283972124,39.47428874572742,1.120000004768372,234.07864608645195,0.4168147180005184,-0.3821334736224209,0.7036288955823622,0.31999999284744285,0.4475181265110848,0.7871761537487822,"[(-16.718878809849166, 38.72638477446161), (-16.69924530583345, 38.72563901215377), (-16.679491502922506, 38.72477289544417), (-16.65961740240935, 38.723786425048075), (-16.639623005590675, 38.72267960168444), (-16.619508313766843, 38.72145242607589), (-16.5992733282419, 38.72010489894874), (-16.578918050323555, 38.718637021032976), (-16.558442481323194, 38.71704879306226), (-16.537846622555886, 38.71534021577394), (-16.51713047534036, 38.71351128990905), (-16.496294040999032, 38.711562016212284), (-16.47533732085798, 38.70949239543203), (-16.45426031624697, 38.70730242832035), (-16.433063028499422, 38.70499211563298), (-16.41174545895245, 38.70256145812935), (-16.390307608946824, 38.70001045657256), (-16.368749479827002, 38.69733911172938), (-16.34707107294111, 38.69454742437026), (-16.325272389640944, 38.69163539526936), (-16.30335343128198, 38.68860302520447), (-16.281314199223363, 38.685450314957095), (-16.25915469482791, 38.6821772653124), (-16.236874919462114, 38.67878387705924), (-16.21447487449614, 38.67527015099014), (-16.191954561303827, 38.671636087901305), (-16.169313981262682, 38.66788168859263), (-16.146553135753894, 38.66400695386767), (-16.12367202616232, 38.66001188453367), (-16.100670653876488, 38.65589648140154), (-16.0775490202886, 38.651660745285895), (-16.054307126794534, 38.647304677005), (-16.030944974793837, 38.642828277380815), (-16.007462565689725, 38.63823154723897), (-15.983859900889096, 38.63351448740878), (-15.960136981802513, 38.62867709872323), (-15.936293809844216, 38.62371938201898), (-15.912330386432112, 38.61864133813639), (-15.888246712987785, 38.61344296791947), (-15.86404279093649, 38.608124272215925), (-15.83971862170715, 38.602685251877126), (-15.815274206732365, 38.59712590775814), (-15.790709547448406, 38.591446240717694), (-15.766024645295216, 38.5856462516182), (-15.741219501716406, 38.57972594132575)]",True
1784490658.3864925,0,-16.606529074706863,38.81637829372331,0.8000000119209292,233.63112795994087,-0.37036143574826386,-16.958311582230493,39.531978906892036,1.120000004768372,234.07864608645195,0.4168147180005184,-0.3517825075236303,0.7156006131687249,0.31999999284744285,0.4475181265110848,0.7871761537487822,"[(-16.632485494607636, 38.78319605230927), (-16.613276457824437, 38.78222444889126), (-16.593947058417896, 38.78113242921115), (-16.57449729766973, 38.77991999399206), (-16.554927176865338, 38.77858714396081), (-16.53523669729379, 38.77713387984791), (-16.515425860247852, 38.77556020238753), (-16.49549466702396, 38.773866112317556), (-16.47544311892223, 38.77205161037954), (-16.45527121724647, 38.770116697318734), (-16.434978963304157, 38.768061373884066), (-16.414566358406457, 38.765885640828145), (-16.39403340386821, 38.76358949890728), (-16.373380101007942, 38.76117294888146), (-16.35260645114786, 38.75863599151435), (-16.331712455613847, 38.75597862757332), (-16.310698115735466, 38.753200857829405), (-16.289563432845966, 38.75030268305734), (-16.268308408282273, 38.74728410403554), (-16.246933043384992, 38.744145121546104), (-16.22543733949841, 38.740885736374814), (-16.203821297970496, 38.73750594931115), (-16.182084920152896, 38.73400576114826), (-16.160228207400937, 38.73038517268299), (-16.138251161073626, 38.72664418471587), (-16.116153782533647, 38.722782798051114), (-16.09393607314737, 38.71880101349661), (-16.07159803428484, 38.71469883186394), (-16.049139667319785, 38.71047625396838), (-16.02656097362961, 38.706133280628876), (-16.003861954595397, 38.70166991266806), (-15.981042611601914, 38.69708615091226), (-15.958102946037608, 38.692381996191486), (-15.9350429592946, 38.68755744933942), (-15.911862652768692, 38.68261251119345), (-15.888562027859367, 38.67754718259462), (-15.865141085969785, 38.67236146438769), (-15.84159982850679, 38.667055357421084), (-15.8179382568809, 38.66162886254692), (-15.794156372506313, 38.65608198062099), (-15.77025417680091, 38.65041471250278), (-15.746231671186242, 38.64462705905546), (-15.722088857087549, 38.638719021145874), (-15.697825735933742, 38.63269059964457), (-15.673442309157416, 38.62654179542576)]",True
1784490658.70302,0,-16.586809377655786,38.83005754502478,0.8000000119209292,233.63112795994087,-0.37036143574826386,-16.7479076268493,39.660209409144365,1.120000004768372,234.07864608645195,0.4168147180005184,-0.16109824919351468,0.8301518641195855,0.31999999284744285,0.4475181265110848,0.7871761537487822,"[(-16.593235929012348, 38.81062251012965), (-16.574155290853096, 38.80964841413493), (-16.554954247459577, 38.80855385961861), (-16.535632800110804, 38.807338847304614), (-16.51619095008949, 38.80600337792053), (-16.496628698682034, 38.80454745219765), (-16.476946047178508, 38.80297107087096), (-16.45714299687268, 38.80127423467913), (-16.437219549062004, 38.79945694436451), (-16.417175705047615, 38.797519200673165), (-16.397011466134337, 38.795461004354834), (-16.37672683363068, 38.793282356162955), (-16.35632180884884, 38.79098325685465), (-16.33579639310469, 38.78856370719074), (-16.315150587717806, 38.786023707935726), (-16.29438439401143, 38.7833632598578), (-16.273497813312503, 38.78058236372886), (-16.252490846951645, 38.77768102032447), (-16.231363496263164, 38.77465923042391), (-16.21011576258505, 38.77151699481013), (-16.188747647258985, 38.768254314269775), (-16.16725915163033, 38.764871189593194), (-16.145650277048126, 38.76136762157441), (-16.12392102486511, 38.757743611011136), (-16.102071396437697, 38.75399915870479), (-16.08010139312599, 38.75013426546045), (-16.058011016293776, 38.74614893208693), (-16.03580026730852, 38.742043159396694), (-16.013469147541386, 38.73781694820591), (-15.991017658367209, 38.733470299334435), (-15.968445801164517, 38.72900321360582), (-15.945753577315516, 38.724415691847305), (-15.9229409882061, 38.71970773488981), (-15.900008035225849, 38.71487934356795), (-15.87695471976802, 38.709930518720036), (-15.853781043229564, 38.704861261188064), (-15.830487007011108, 38.69967157181772), (-15.807072612516967, 38.69436145145837), (-15.783537861155141, 38.68893090096308), (-15.75988275433731, 38.68337992118861), (-15.73610729347884, 38.677708512995395), (-15.71221147999878, 38.671916677247566), (-15.688195315319865, 38.66600441481295), (-15.66405880086851, 38.65997172656306), (-15.639801938074816, 38.653818613373076)]",True
1784490658.7871914,0,-16.430361211258262,38.94135602355399,0.8000000119209292,233.63112795994087,-0.37036143574826386,-16.68096633887432,39.70101892413148,1.120000004768372,234.07864608645195,0.4168147180005184,-0.25060512761605835,0.7596629005774886,0.31999999284744285,0.4475181265110848,0.7871761537487822,"[(-16.566955423216793, 38.82878383229121), (-16.54793064414729, 38.82780312807655), (-16.528785452102476, 38.82670195777571), (-16.509519848359915, 38.82548032211294), (-16.49013383420086, 38.82413822181618), (-16.47062741091025, 38.822675657617076), (-16.451000579776707, 38.82109263025096), (-16.43125334209255, 38.819389140456856), (-16.411385699153772, 38.817565188977476), (-16.391397652260064, 38.81562077655923), (-16.3712892027148, 38.813555903952214), (-16.35106035182504, 38.81137057191022), (-16.33071110090153, 38.80906478119072), (-16.3102414512587, 38.8066385325549), (-16.28965140421467, 38.80409182676762), (-16.26894096109125, 38.801424664597434), (-16.24811012321393, 38.79863704681659), (-16.227158891911888, 38.79572897420102), (-16.20608726851799, 38.792700447530365), (-16.184895254368783, 38.78955146758794), (-16.163582850804506, 38.78628203516076), (-16.142150059169083, 38.78289215103952), (-16.120596880810123, 38.77938181601862), (-16.09892331707892, 38.775751030896146), (-16.077129369330454, 38.77199979647388), (-16.055215038923393, 38.768128113557275), (-16.033180327220087, 38.7641359829555), (-16.011025235586573, 38.7600234054814), (-15.988749765392576, 38.75579038195151), (-15.966353918011507, 38.751436913186076), (-15.943837694820456, 38.746963000009), (-15.921201097200205, 38.74236864324791), (-15.898444126535217, 38.737653843734094), (-15.875566784213644, 38.73281860230255), (-15.852569071627322, 38.72786291979197), (-15.82945099017177, 38.72278679704472), (-15.806212541246195, 38.717590234906865), (-15.782853726253487, 38.712273234228164), (-15.759374546600222, 38.706835795862055), (-15.73577500369666, 38.70127792066568), (-15.712055098956744, 38.695599609499865), (-15.688214833798108, 38.68980086322912), (-15.664254209642065, 38.68388168272165), (-15.640173227913612, 38.67784206884936), (-15.615971890041436, 38.67168202248783)]",True
1784490658.832273,0,-16.40428045286765,38.959897623075555,0.8000000119209292,233.63112795994087,-0.37036143574826386,-16.661839249818705,39.71267713378349,1.120000004768372,234.07864608645195,0.4168147180005184,-0.25755879695105577,0.7527795107079314,0.31999999284744285,0.4475181265110848,0.7871761537487822,"[(-16.56043290726122, 38.83339629551045), (-16.541423123286364, 38.832418759913025), (-16.522292924752936, 38.83132075667931), (-16.503042312938096, 38.830102286533496), (-16.483671289122697, 38.82876335020346), (-16.464179854591272, 38.827303948420784), (-16.444568010632043, 38.82572408192073), (-16.424835758536922, 38.82402375144226), (-16.404983099601502, 38.82220295772802), (-16.38501003512507, 38.82026170152435), (-16.364916566410592, 38.818199983581295), (-16.344702694764727, 38.81601780465257), (-16.324368421497823, 38.813715165495594), (-16.30391374792391, 38.81129206687148), (-16.283338675360703, 38.80874850954503), (-16.262643205129606, 38.80608449428474), (-16.241827338555712, 38.80330002186278), (-16.2208910769678, 38.80039509305504), (-16.199834421698327, 38.79736970864108), (-16.178657374083446, 38.794223869404156), (-16.157359935462992, 38.79095757613123), (-16.135942107180494, 38.78757082961293), (-16.114403890583155, 38.7840636306436), (-16.092745287021867, 38.78043598002125), (-16.070966297851214, 38.77668787854761), (-16.049066924429464, 38.77281932702808), (-16.02704716811857, 38.768830326271754), (-16.00490703028417, 38.76472087709142), (-15.982646512295588, 38.760490980303565), (-15.960265615525834, 38.756140636728354), (-15.937764341351604, 38.751669847189646), (-15.91514269115328, 38.747078612515), (-15.892400666314925, 38.74236693353565), (-15.869538268224295, 38.73753481108653), (-15.846555498272828, 38.732582246006274), (-15.823452357855645, 38.72750923913719), (-15.800228848371557, 38.722315791325286), (-15.776884971223055, 38.71700190342026), (-15.753420727816318, 38.7115675762755), (-15.72983611956121, 38.70601281074808), (-15.706131147871282, 38.70033760769876), (-15.682305814163765, 38.694541967992016), (-15.65836011985958, 38.688625892495985), (-15.63429406638333, 38.682589382082504), (-15.610107655163302, 38.676432437627106)]",True
1784490659.15736,0,-16.306729026164987,39.029780686998535,0.8000000119209292,233.63112795994087,-0.37036143574826386,-16.508822537405734,39.80594281105197,1.120000004768372,234.07864608645195,0.4168147180005184,-0.20209351124074715,0.7761621240534353,0.31999999284744285,0.4475181265110848,0.7871761537487822,"[(-16.39159108183897, 38.95324273882912), (-16.36666699887444, 38.95620169476605), (-16.341622318397963, 38.95903997147384), (-16.31645704186417, 38.96175756955434), (-16.291171170731364, 38.96435448961308), (-16.26576470646154, 38.9668307322593), (-16.24023765052036, 38.96918629810591), (-16.21459000437718, 38.97142118776952), (-16.18882176950503, 38.973535401870436), (-16.16293294738063, 38.97552894103263), (-16.136923539484375, 38.97740180588379), (-16.110793547300343, 38.97915399705526), (-16.084542972316296, 38.98078551518212), (-16.058171816023673, 38.9822963609031), (-16.0316800799176, 38.983686534860624), (-16.00506776549688, 38.984956037700826), (-15.978334874263997, 38.98610487007351), (-15.951481407725119, 38.98713303263217), (-15.924507367390095, 38.988040526034), (-15.897412754772454, 38.98882735093987), (-15.870197571389403, 38.989493508014355), (-15.842861818761833, 38.9900389979257), (-15.815405498414318, 38.99046382134585), (-15.787828611875108, 38.99076797895043), (-15.760131160676137, 38.99095147141877), (-15.732313146353018, 38.99101429943387), (-15.704374570445047, 38.99095646368243), (-15.676315434495198, 38.990777964854836), (-15.648135740050124, 38.99047880364516), (-15.619835488660163, 38.990058980751165), (-15.59141468187933, 38.9895184968743), (-15.56287332126532, 38.9888573527197), (-15.534211408379509, 38.9880755489962), (-15.505428944786953, 38.98717308641631), (-15.47652593205639, 38.98614996569624), (-15.447502371760237, 38.985006187555875), (-15.418358265474588, 38.9837417527188), (-15.389093614779219, 38.98235666191228), (-15.359708421257585, 38.980850915867265), (-15.330202686496824, 38.97922451531841), (-15.300576412087748, 38.97747746100403), (-15.270829599624854, 38.975609753666156), (-15.240962250706312, 38.9736213940505), (-15.21097436693398, 38.97151238290645), (-15.180865949913388, 38.96928272098709)]",True
1784490660.37777,0,-16.27430719844624,39.053207607023964,0.8000000119209292,234.54278187609475,-0.39138050671337404,-16.470568359303183,39.82925923037022,1.120000004768372,234.07864608645195,0.4168147180005184,-0.19626116085694179,0.7760516233462553,0.31999999284744285,-0.4641357896427962,0.8081952247138924,"[(-16.385031200137668, 38.95800229225916), (-16.36055054895842, 38.96074413295846), (-16.33595020405301, 38.96336620071545), (-16.311230166841792, 38.96586849612985), (-16.286390438748736, 38.96825101980502), (-16.261431021201407, 38.9705137723479), (-16.236351915630976, 38.97265675436906), (-16.211153123472215, 38.974679966482675), (-16.1858346461635, 38.97658340930652), (-16.1603964851468, 38.97836708346199), (-16.1348386418677, 38.980030989574075), (-16.10916111777537, 38.98157512827139), (-16.083363914322597, 38.98299950018614), (-16.05744703296576, 38.98430410595416), (-16.031410475164844, 38.98548894621488), (-16.00525424238343, 38.98655402161134), (-15.978978336088707, 38.98749933279019), (-15.952582757751463, 38.9883248804017), (-15.926067508846085, 38.989030665099726), (-15.899432590850562, 38.98961668754175), (-15.872678005246486, 38.99008294838885), (-15.845803753519046, 38.99042944830573), (-15.818809837157037, 38.990656187960695), (-15.791696257652852, 38.990763168025644), (-15.764463016502486, 38.9907503891761), (-15.73711011520553, 38.99061785209119), (-15.709637555265184, 38.99036555745366), (-15.682045338188242, 38.98999350594984), (-15.6543334654851, 38.989501698269684), (-15.626501938669758, 38.98889013510676), (-15.59855075925981, 38.98815881715823), (-15.570479928776457, 38.98730774512487), (-15.542289448744494, 38.98633691971107), (-15.513979320692323, 38.985246341624816), (-15.48554954615194, 38.98403601157771), (-15.457000126658945, 38.98270593028496), (-15.428331063752536, 38.98125609846538), (-15.399542358975513, 38.9796865168414), (-15.370634013874271, 38.97799718613904), (-15.341606029998811, 38.97618810708796), (-15.31245840890273, 38.974259280421386), (-15.283191152143226, 38.97221070687618), (-15.253804261281097, 38.97004238719281), (-15.224297737880738, 38.96775432211535), (-15.194671583510148, 38.96534651239146)]",True
1784490660.425301,0,-16.229054044839028,39.086193589916,0.8000000119209292,234.54278187609475,-0.39138050671337404,-16.397763899576493,39.873181711459,1.3478096077677866,234.07864608645195,0.4168147180005184,-0.16870985473746458,0.786988121542997,0.5478095958468574,-0.4641357896427962,0.8081952247138924,"[(-16.29315700111708, 39.023931352005285), (-16.26799309904707, 39.02733821438499), (-16.24270962519246, 39.03062542188549), (-16.217306580992023, 39.03379297508558), (-16.19178396788811, 39.03684087456767), (-16.166141787326676, 39.03976912091777), (-16.140380040757268, 39.042577714725475), (-16.114498729633024, 39.04526665658399), (-16.088497855410676, 39.04783594709013), (-16.062377419550543, 39.05028558684429), (-16.036137423516543, 39.05261557645048), (-16.009777868776183, 39.0548259165163), (-15.983298756800563, 39.05691660765296), (-15.956700089064377, 39.05888765047526), (-15.929981867045909, 39.060739045601615), (-15.903144092227034, 39.062470793654015), (-15.876186766093225, 39.064082895258075), (-15.849109890133539, 39.065575351042995), (-15.82191346584063, 39.06694816164158), (-15.794597494710743, 39.068201327690225), (-15.767161978243713, 39.06933484982895), (-15.73960691794297, 39.07034872870134), (-15.711932315315533, 39.07124296495461), (-15.684138171872013, 39.07201755923955), (-15.656224489126611, 39.072672512210566), (-15.628191268597126, 39.07320782452566), (-15.600038511804941, 39.07362349684643), (-15.571766220275032, 39.07391952983808), (-15.54337439553597, 39.0740959241694), (-15.514863039119913, 39.07415268051279), (-15.486232152562613, 39.07408979954425), (-15.457481737403409, 39.07390728194337), (-15.428611795185235, 39.073605128393346), (-15.399622327454615, 39.07318333958098), (-15.370513335761666, 39.07264191619665), (-15.341284821660091, 39.07198085893437), (-15.311936786707186, 39.07120016849171), (-15.282469232463837, 39.07029984556987), (-15.252882160494522, 39.06927989087364), (-15.22317557236731, 39.0681403051114), (-15.193349469653858, 39.066881088995146), (-15.163403853929417, 39.06550224324046), (-15.133338726772823, 39.06400376856652), (-15.103154089766507, 39.06238566569611), (-15.072849944496488, 39.06064793535562)]",True
1784490660.4779625,0,-16.165419982976694,39.13505948559797,0.584603417526295,235.32691881938723,-0.5035778658359248,-16.244046760131848,39.952231806401514,1.7594239832248728,235.763821789115,0.17219937793125545,-0.07862677715515431,0.8171723208035431,1.1748205656985777,0.4369029697277824,0.6757772437671803,"[(-16.15355084637179, 39.1273556083758), (-16.133448786399455, 39.12755620322381), (-16.11322649019272, 39.127636502209945), (-16.092883959057463, 39.12759650601975), (-16.07242119430324, 39.127436215342456), (-16.051838197243274, 39.127155630870966), (-16.031134969194458, 39.12675475330185), (-16.01031151147735, 39.12623358333537), (-15.989367825416176, 39.12559212167543), (-15.96830391233883, 39.12483036902964), (-15.947119773576878, 39.12394832610926), (-15.92581541046555, 39.12294599362923), (-15.904390824343741, 39.12182337230817), (-15.88284601655402, 39.12058046286837), (-15.86118098844262, 39.11921726603578), (-15.839395741359441, 39.11773378254006), (-15.817490276658054, 39.11613001311449), (-15.795464595695694, 39.11440595849607), (-15.773318699833265, 39.11256161942545), (-15.751052590435338, 39.110596996646954), (-15.72866626887015, 39.10851209090858), (-15.706159736509607, 39.10630690296201), (-15.68353299472928, 39.10398143356258), (-15.660786044908411, 39.101535683469315), (-15.637918888429907, 39.098969653444904), (-15.614931526680339, 39.09628334425571), (-15.591823961049949, 39.09347675667177), (-15.568596192932645, 39.09054989146679), (-15.545248223726, 39.087502749418164), (-15.521780054831254, 39.08433533130694), (-15.498191687653314, 39.08104763791784), (-15.474483123600756, 39.077639670039275), (-15.45065436408582, 39.07411142846331), (-15.42670541052441, 39.07046291398569), (-15.4026362643361, 39.06669412740584), (-15.378446926944134, 39.06280506952683), (-15.354137399775412, 39.058795741155436), (-15.329707684260509, 39.05466614310209), (-15.305157781833662, 39.0504162761809), (-15.280487693932775, 39.04604614120963), (-15.25569742199942, 39.041555739009745), (-15.23078696747883, 39.03694507040636), (-15.205756331819908, 39.03221413622827), (-15.180605516475222, 39.02736293730794), (-15.155334522901004, 39.02239147448151)]",True
1784490660.5462737,0,-16.14911931438232,39.15041050907509,0.5570570818678475,235.32691881938723,-0.5035778658359248,-16.17815452002398,39.98245702503939,1.8622201279483759,235.763821789115,0.17219937793125545,-0.029035205641658735,0.8320465159643007,1.3051630460805284,0.4369029697277824,0.6757772437671803,"[(-16.1446864326169, 39.13487983851207), (-16.12502424352046, 39.13484191017119), (-16.105241792896603, 39.13468366264183), (-16.08533908203861, 39.13440509661728), (-16.065316112243433, 39.1340062127945), (-16.04517288481169, 39.133487011874145), (-16.02490940104768, 39.13284749456053), (-16.004525662259358, 39.13208766156164), (-15.984021669758365, 39.13120751358916), (-15.963397424860007, 39.13020705135843), (-15.94265292888326, 39.129086275588485), (-15.921788183150777, 39.127845187002016), (-15.900803188988874, 39.1264837863254), (-15.879697947727541, 39.1250020742887), (-15.85847246070044, 39.12340005162564), (-15.837126729244904, 39.121677719073624), (-15.815660754701934, 39.119835077373736), (-15.794074538416204, 39.117872127270736), (-15.772368081736062, 39.11578886951306), (-15.750541386013516, 39.11358530485281), (-15.728594452604257, 39.11126143404579), (-15.706527282867638, 39.10881725785144), (-15.684339878166684, 39.106252777032914), (-15.662032239868093, 39.10356799235702), (-15.63960436934223, 39.100762904594255), (-15.61705626796313, 39.09783751451878), (-15.594387937108502, 39.094791822908434), (-15.571599378159721, 39.091625830544736), (-15.548690592501837, 39.08833953821288), (-15.525661581523561, 39.08493294670173), (-15.502512346617285, 39.08140605680383), (-15.479242889179062, 39.0777588693154), (-15.45585321060862, 39.073991385036344), (-15.432343312309351, 39.070103604770225), (-15.408713195688323, 39.066095529324286), (-15.384962862156268, 39.06196715950946), (-15.361092313127592, 39.057718496140325), (-15.337101550020368, 39.053349540035164), (-15.31299057425634, 39.048860292015924), (-15.288759387260917, 39.04425075290822), (-15.264407990463184, 39.03952092354135), (-15.239936385295888, 39.034670804748295), (-15.21534457319545, 39.02970039736569), (-15.190632555601958, 39.02460970223386), (-15.16580033395917, 39.019398720196804)]",True
1784490660.5904903,0,-16.14132957878982,39.15869124417587,0.5796116599436882,235.32691881938723,-0.5035778658359248,-16.143625590166987,39.99757435477789,1.9065767243268918,235.763821789115,0.17219937793125545,-0.0022960113771688384,0.8388831106020191,1.3269650643832036,0.4369029697277824,0.6757772437671803,"[(-16.14059284072856, 39.13858544710769), (-16.121151180404812, 39.138435996655446), (-16.101589240413873, 39.13816620983431), (-16.08190702204283, 39.13777608734128), (-16.06210452658245, 39.137265629877035), (-16.04218175532716, 39.13663483814593), (-16.02213870957507, 39.135883712856), (-16.001975390627962, 39.13501225471895), (-15.98169179979129, 39.13402046445018), (-15.961287938374184, 39.13290834276876), (-15.940763807689443, 39.131675890397425), (-15.920119409053543, 39.13032310806261), (-15.89935474378663, 39.128849996494424), (-15.878469813212526, 39.12725655642664), (-15.857464618658724, 39.125542788596725), (-15.836339161456394, 39.12370869374582), (-15.815093442940372, 39.12175427261874), (-15.793727464449171, 39.11967952596398), (-15.772241227324978, 39.11748445453372), (-15.750634732913646, 39.115169059083804), (-15.72890798256471, 39.11273334037377), (-15.707060977631372, 39.11017729916683), (-15.685093719470506, 39.107500936229854), (-15.663006209442662, 39.10470425233342), (-15.64079844891206, 39.10178724825177), (-15.618470439246593, 39.098749924762814), (-15.596022181817826, 39.095592282648155), (-15.573453678000995, 39.09231432269308), (-15.550764929175008, 39.088916045686524), (-15.527955936722448, 39.08539745242113), (-15.50502670202957, 39.0817585436932), (-15.481977226486297, 39.07799932030272), (-15.458807511486228, 39.07411978305336), (-15.435517558426628, 39.070119932752455), (-15.412107368708442, 39.06599977021102), (-15.388576943736282, 39.061759296243764), (-15.36492628491843, 39.05739851166905), (-15.341155393666845, 39.052917417308926), (-15.317264271397152, 39.04831601398913), (-15.293252919528648, 39.043594302539056), (-15.269121339484304, 39.038752283791794), (-15.244869532690762, 39.0337899585841), (-15.220497500578336, 39.028707327756415), (-15.196005244581007, 39.023504392152844), (-15.171392766136432, 39.01818115262118)]",True
1784490660.6331584,0,-16.133345228821565,39.16737881366009,0.6000722936019325,235.32691881938723,-0.5035778658359248,-16.108274180552804,40.01292095341376,1.9468152987651144,235.763821789115,0.17219937793125545,0.025071048268760165,0.8455421397536682,1.346743005163182,0.4369029697277824,0.6757772437671803,"[(-16.132937791586038, 39.14599141174715), (-16.113929041534483, 39.14563948281909), (-16.09479997087683, 39.14516717841596), (-16.075550580888144, 39.144574499241614), (-16.056180872847154, 39.1438614460036), (-16.036690848036283, 39.143028019413144), (-16.01708050774163, 39.142074220185165), (-15.997349853252965, 39.141000049038254), (-15.977498885863742, 39.13980550669469), (-15.957527606871091, 39.13849059388044), (-15.93743601757582, 39.13705531132514), (-15.917224119282414, 39.135499659762125), (-15.896891913299042, 39.13382363992841), (-15.876439400937544, 39.13202725256468), (-15.855866583513441, 39.13011049841533), (-15.835173462345928, 39.1280733782284), (-15.814360038757883, 39.12591589275564), (-15.793426314075859, 39.12363804275248), (-15.772372289630086, 39.121239828978034), (-15.751197966754475, 39.11872125219508), (-15.72990334678661, 39.116082313170104), (-15.708488431067755, 39.113323012673256), (-15.686953220942849, 39.11044335147838), (-15.665297717760513, 39.107443330363), (-15.64352192287304, 39.10432295010831), (-15.621625837636405, 39.10108221149921), (-15.599609463410253, 39.09772111532427), (-15.577472801557914, 39.094239662375735), (-15.555215853446388, 39.09063785344954), (-15.532838620446357, 39.08691568934531), (-15.510341103932179, 39.083073170866335), (-15.487723305281888, 39.0791102988196), (-15.464985225877193, 39.07502707401577), (-15.442126867103482, 39.07082349726919), (-15.419148230349819, 39.066499569397884), (-15.396049317008945, 39.062055291223565), (-15.372830128477275, 39.05749066357163), (-15.349490666154905, 39.05280568727114), (-15.326030931445603, 39.04800036315486), (-15.302450925756814, 39.04307469205923), (-15.278750650499658, 39.03802867482436), (-15.254930107088938, 39.03286231229406), (-15.230989296943125, 39.0275756053158), (-15.20692822148437, 39.02216855474076), (-15.182746882138499, 39.01664116142377)]",True
1784490660.6797838,0,-16.125137559052263,39.17639064357998,0.6186333825431305,235.32691881938723,-0.5035778658359248,-16.072195239128693,40.02851754955444,1.983318164291663,235.763821789115,0.17219937793125545,0.052942319923570125,0.8521269059744583,1.3646847817485326,0.4369029697277824,0.6757772437671803,"[(-16.114235078495113, 39.166495571879516), (-16.096104556168044, 39.16585534279254), (-16.077853574685633, 39.16509460300714), (-16.05948213529997, 39.164213353238246), (-16.040990239266836, 39.16321159420448), (-16.02237788784571, 39.16208932662818), (-16.00364508229976, 39.16084655123535), (-15.984791823895852, 39.15948326875573), (-15.965818113904545, 39.157999479922736), (-15.946723953600092, 39.15639518547349), (-15.927509344260441, 39.154670386148815), (-15.908174287167233, 39.152825082693234), (-15.888718783605803, 39.150859275854955), (-15.869142834865182, 39.1487729663859), (-15.849446442238088, 39.14656615504168), (-15.829629607020943, 39.14423884258162), (-15.809692330513853, 39.141791029768726), (-15.789634614020622, 39.139222717369705), (-15.76945645884875, 39.136533906154966), (-15.749157866309423, 39.13372459689862), (-15.728738837717527, 39.13079479037847), (-15.70819937439164, 39.12774448737602), (-15.687539477654031, 39.12457368867648), (-15.666759148830664, 39.12128239506874), (-15.645858389251197, 39.1178706073454), (-15.624837200248978, 39.114338326302764), (-15.603695583161052, 39.11068555274082), (-15.582433539328152, 39.10691228746326), (-15.56105107009471, 39.103018531277485), (-15.539548176808843, 39.09900428499457), (-15.517924860822369, 39.09486954942931), (-15.496181123490794, 39.09061432540019), (-15.474316966173319, 39.086238613729385), (-15.452332390232833, 39.08174241524278), (-15.430227397035923, 39.07712573076995), (-15.408001987952867, 39.07238856114417), (-15.385656164357632, 39.067530907202425), (-15.363189927627882, 39.06255276978537), (-15.34060327914497, 39.05745414973738), (-15.317896220293942, 39.05223504790652), (-15.295068752463537, 39.04689546514455), (-15.272120877046184, 39.04143540230693), (-15.249052595438009, 39.03585486025282), (-15.225863909038823, 39.03015383984507), (-15.202554819252136, 39.024332341950235)]",True
1784490660.7277207,0,-16.116580717886876,39.18556152535571,0.6354712785945194,235.32691881938723,-0.5035778658359248,-16.03556591205373,40.044592383462344,2.0164321403768497,235.763821789115,0.17219937793125545,0.08101480583314569,0.8590308581066353,1.3809608617823304,0.4369029697277824,0.6757772437671803,"[(-16.106307317719793, 39.175440027534776), (-16.088424195621787, 39.17475134886632), (-16.07042056359, 39.173942109555895), (-16.052296422870338, 39.17301231032072), (-16.034051774712395, 39.171961951881734), (-16.01568662036948, 39.17079103496357), (-15.997200961098583, 39.169499560294575), (-15.97859479816041, 39.1680875286068), (-15.959868132819361, 39.16655494063599), (-15.941020966343537, 39.16490179712161), (-15.922053300004738, 39.163128098806816), (-15.90296513507846, 39.16123384643848), (-15.883756472843908, 39.15921904076716), (-15.864427314583976, 39.157083682547146), (-15.844977661585265, 39.154827772536414), (-15.825407515138073, 39.15245131149664), (-15.805716876536396, 39.149954300193215), (-15.785905747077932, 39.14733673939523), (-15.765974128064077, 39.14459862987548), (-15.745922020799924, 39.14173997241047), (-15.72574942659427, 39.1387607677804), (-15.705456346759606, 39.13566101676918), (-15.685042782612125, 39.13244072016442), (-15.664508735471722, 39.12909987875743), (-15.643854206661985, 39.12563849334324), (-15.6230791975102, 39.122056564720566), (-15.60218370934736, 39.118354093691835), (-15.58116774350815, 39.114531081063184), (-15.560031301330955, 39.11058752764444), (-15.53877438415786, 39.10652343424915), (-15.517396993334646, 39.10233880169455), (-15.495899130210796, 39.09803363080159), (-15.474280796139489, 39.09360792239491), (-15.4525419924776, 39.089061677302865), (-15.430682720585711, 39.084394896357516), (-15.408702981828093, 39.079607580394615), (-15.386602777572717, 39.074699730253634), (-15.364382109191256, 39.06967134677773), (-15.342040978059078, 39.064522430813774), (-15.31957938555525, 39.05925298321234), (-15.296997333062535, 39.0538630048277), (-15.274294821967397, 39.04835249651783), (-15.251471853659995, 39.04272145914442), (-15.228528429534189, 39.03696989357284), (-15.205464550987532, 39.031097800672185)]",True
1784490660.7983696,0,-16.11214613195429,39.19016750576671,0.6432946198641901,235.32691881938723,-0.5035778658359248,-16.01710397592766,40.0528908207313,2.0318177880206814,235.763821789115,0.17219937793125545,0.09504215602662924,0.8627233149645903,1.3885231681564911,0.4369029697277824,0.6757772437671803,"[(-16.102198604179794, 39.179992593936554), (-16.084417362300336, 39.179286670037776), (-16.066515584313628, 39.178460159656126), (-16.048493271463155, 39.177513063509785), (-16.03035042499611, 39.17644538232063), (-16.012087046163394, 39.17525711681426), (-15.993703136219603, 39.173948267719965), (-15.975198696423039, 39.17251883577076), (-15.956573728035705, 39.17096882170336), (-15.937828232323309, 39.169298226258185), (-15.918962210555259, 39.16750705017937), (-15.89997566400467, 39.16559529421474), (-15.880868593948353, 39.16356295911585), (-15.86164100166683, 39.16141004563795), (-15.842292888444321, 39.15913655454), (-15.822824255568747, 39.15674248658466), (-15.803235104331733, 39.15422784253831), (-15.783525436028608, 39.15159262317103), (-15.763695251958397, 39.148836829256595), (-15.743744553423836, 39.145960461572514), (-15.72367334173136, 39.14296352089998), (-15.703481618191102, 39.13984600802391), (-15.683169384116901, 39.13660792373291), (-15.662736640826298, 39.133249268819306), (-15.642183389640532, 39.12977004407913), (-15.62150963188455, 39.126170250312114), (-15.600715368886993, 39.122449888321704), (-15.579800601980212, 39.11860895891505), (-15.558765332500256, 39.114647462902994), (-15.537609561786873, 39.11056540110011), (-15.516333291183516, 39.106362774324666), (-15.494936522037337, 39.102039583398636), (-15.473419255699191, 39.0975958291477), (-15.451781493523635, 39.09303151240125), (-15.430023236868927, 39.08834663399237), (-15.408144487097024, 39.08354119475788), (-15.386145245573585, 39.07861519553826), (-15.364025513667974, 39.07356863717774), (-15.341785292753247, 39.06840152052425), (-15.319424584206171, 39.06311384642939), (-15.296943389407208, 39.0577056157485), (-15.274341709740522, 39.05217682934063), (-15.251619546593979, 39.04652748806851), (-15.228776901359142, 39.04075759279859), (-15.205813775431281, 39.034867144401034)]",True
1784490660.828251,0,-16.102950991125315,39.19937523980587,0.6578429913655822,235.32691881938723,-0.5035778658359248,-15.979890320267272,40.069921954569196,2.0604291076597385,235.763821789115,0.17219937793125545,0.12306067085804351,0.8705467147633286,1.4025861162941564,0.4369029697277824,0.6757772437671803,"[(-16.102198604179794, 39.179992593936554), (-16.084417362300336, 39.179286670037776), (-16.066515584313628, 39.178460159656126), (-16.048493271463155, 39.177513063509785), (-16.03035042499611, 39.17644538232063), (-16.012087046163394, 39.17525711681426), (-15.993703136219603, 39.173948267719965), (-15.975198696423039, 39.17251883577076), (-15.956573728035705, 39.17096882170336), (-15.937828232323309, 39.169298226258185), (-15.918962210555259, 39.16750705017937), (-15.89997566400467, 39.16559529421474), (-15.880868593948353, 39.16356295911585), (-15.86164100166683, 39.16141004563795), (-15.842292888444321, 39.15913655454), (-15.822824255568747, 39.15674248658466), (-15.803235104331733, 39.15422784253831), (-15.783525436028608, 39.15159262317103), (-15.763695251958397, 39.148836829256595), (-15.743744553423836, 39.145960461572514), (-15.72367334173136, 39.14296352089998), (-15.703481618191102, 39.13984600802391), (-15.683169384116901, 39.13660792373291), (-15.662736640826298, 39.133249268819306), (-15.642183389640532, 39.12977004407913), (-15.62150963188455, 39.126170250312114), (-15.600715368886993, 39.122449888321704), (-15.579800601980212, 39.11860895891505), (-15.558765332500256, 39.114647462902994), (-15.537609561786873, 39.11056540110011), (-15.516333291183516, 39.106362774324666), (-15.494936522037337, 39.102039583398636), (-15.473419255699191, 39.0975958291477), (-15.451781493523635, 39.09303151240125), (-15.430023236868927, 39.08834663399237), (-15.408144487097024, 39.08354119475788), (-15.386145245573585, 39.07861519553826), (-15.364025513667974, 39.07356863717774), (-15.341785292753247, 39.06840152052425), (-15.319424584206171, 39.06311384642939), (-15.296943389407208, 39.0577056157485), (-15.274341709740522, 39.05217682934063), (-15.251619546593979, 39.04652748806851), (-15.228776901359142, 39.04075759279859), (-15.205813775431281, 39.034867144401034)]",True
1784490660.887816,0,-16.09331334270501,39.20852620818663,0.6710407066415275,235.32691881938723,-0.5035778658359248,-15.942396536967415,40.08764393286944,2.0863841810663537,235.763821789115,0.17219937793125545,0.15091680573759447,0.879117724682807,1.415343474424826,0.4369029697277824,0.6757772437671803,"[(-16.09797417999939, 39.18457036546862), (-16.080280287030476, 39.183849652646266), (-16.06246583286264, 39.183008328532985), (-16.044530818737368, 39.182046393847806), (-16.026475245899857, 39.18096384931347), (-16.00829911559901, 39.17976069565643), (-15.990002429087427, 39.17843693360684), (-15.97158518762143, 39.17699256389858), (-15.953047392461034, 39.17542758726923), (-15.934389044869961, 39.17374200446009), (-15.915610146115643, 39.171935816216156), (-15.896710697469215, 39.17000902328614), (-15.877690700205518, 39.16796162642247), (-15.858550155603096, 39.16579362638127), (-15.8392890649442, 39.1635050239224), (-15.81990742951479, 39.1610958198094), (-15.800405250604525, 39.15856601480953), (-15.780782529506775, 39.15591560969378), (-15.761039267518608, 39.15314460523682), (-15.741175465940804, 39.15025300221704), (-15.721191126077844, 39.14724080141656), (-15.701086249237918, 39.14410800362118), (-15.680860836732911, 39.14085460962042), (-15.660514889878426, 39.13748062020752), (-15.640048409993762, 39.133986036179415), (-15.619461398401924, 39.130370858336754), (-15.598753856429624, 39.126635087483905), (-15.577925785407277, 39.12277872442893), (-15.556977186669002, 39.11880176998362), (-15.535908061552623, 39.114704224963454), (-15.51471841139967, 39.110486090187635), (-15.493408237555373, 39.106147366479064), (-15.471977541368672, 39.101688054664365), (-15.450426324192204, 39.09710815557386), (-15.428754587382317, 39.09240767004159), (-15.406962332299058, 39.08758659890529), (-15.385049560306182, 39.082644943006414), (-15.363016272771144, 39.07758270319013), (-15.340862471065106, 39.072399880305305), (-15.318588156562932, 39.067096475204515), (-15.296193330643192, 39.06167248874406), (-15.273677994688155, 39.056127921783926), (-15.251042150083798, 39.050462775187825), (-15.228285798219801, 39.04467704982317), (-15.205408940489546, 39.03877074656109)]",True
1784490660.9432187,0,-16.083226461837437,39.21756094427721,0.6830131592619636,235.32691881938723,-0.5035778658359248,-15.904703171740318,40.10609156320922,2.10992961147786,235.763821789115,0.17219937793125545,0.17852329009711987,0.888530618932009,1.4269164522158966,0.4369029697277824,0.6757772437671803,"[(-16.093629396958864, 39.18916087680073), (-16.07600898457887, 39.18842688986206), (-16.05826798763612, 39.187572268508355), (-16.04040640737048, 39.18659701345942), (-16.02242424502552, 39.18550112543878), (-16.00432150184852, 39.18428460517367), (-15.986098179090472, 39.182947453395045), (-15.967754278006074, 39.18148967083755), (-15.949289799853736, 39.17991125823957), (-15.930704745895568, 39.17821221634319), (-15.911999117397395, 39.17639254589422), (-15.893172915628748, 39.17445224764215), (-15.874226141862867, 39.172391322340225), (-15.8551587973767, 39.17020977074538), (-15.835970883450898, 39.16790759361826), (-15.816662401369829, 39.16548479172324), (-15.797233352421562, 39.16294136582838), (-15.777683737897876, 39.16027731670548), (-15.758013559094257, 39.15749264513004), (-15.738222817309902, 39.154587351881275), (-15.71831151384771, 39.1515614377421), (-15.698279650014289, 39.148414903499166), (-15.678127227119958, 39.145147749942815), (-15.657854246478742, 39.14175997786712), (-15.63746070940837, 39.13825158806984), (-15.616946617230282, 39.13462258135248), (-15.596311971269623, 39.130872958520236), (-15.575556772855249, 39.12700272038201), (-15.554681023319718, 39.12301186775043), (-15.533684723999299, 39.118900401441834), (-15.512567876233964, 39.114668322276266), (-15.491330481367395, 39.11031563107749), (-15.469972540746982, 39.10584232867297), (-15.448494055723817, 39.10124841589389), (-15.426895027652703, 39.096533893575156), (-15.405175457892147, 39.09169876255536), (-15.383335347804366, 39.08674302367683), (-15.36137469875528, 39.08166667778559), (-15.339293512114518, 39.076469725731386), (-15.317091789255413, 39.07115216836766), (-15.294769531555005, 39.06571400655159), (-15.272326740394043, 39.06015524114404), (-15.249763417156977, 39.0544758730096), (-15.22707956323197, 39.04867590301658), (-15.204275180010884, 39.042755332036975)]",True
1784490660.9755034,0,-16.07268475512033,39.22641947870624,0.6938741013835021,235.32691881938723,-0.5035778658359248,-15.866880154985857,40.12528536761849,2.131289107734256,235.763821789115,0.17219937793125545,0.2058046001344742,0.8988658889122476,1.4374150063507538,0.4369029697277824,0.6757772437671803,"[(-16.089162431467088, 39.19375431426727), (-16.07160243376139, 39.193007856282925), (-16.053921830076625, 39.19214074266759), (-16.036120621651378, 39.191152974141794), (-16.018198809727938, 39.19004455142978), (-16.000156395552317, 39.18881547525951), (-15.981993380374231, 39.18746574636267), (-15.96370976544711, 39.185995365474646), (-15.945305552028094, 39.184404333334555), (-15.926780741378032, 39.18269265068522), (-15.908135334761486, 39.18086031827317), (-15.889369333446727, 39.17890733684867), (-15.870482738705736, 39.176833707165684), (-15.851475551814206, 39.1746394299819), (-15.832347774051538, 39.17232450605872), (-15.813099406700847, 39.169888936161264), (-15.793730451048955, 39.16733272105835), (-15.774240908386394, 39.16465586152253), (-15.75463078000741, 39.161858358330065), (-15.734900067209955, 39.15894021226092), (-15.715048771295693, 39.1559014240988), (-15.695076893569999, 39.1527419946311), (-15.674984435341953, 39.14946192464894), (-15.65477139792435, 39.14606121494715), (-15.634437782633695, 39.142539866324285), (-15.613983590790198, 39.1388978795826), (-15.593408823717782, 39.13513525552808), (-15.572713482744078, 39.131251994970405), (-15.55189756920043, 39.127248098722994), (-15.530961084421884, 39.12312356760297), (-15.509904029747203, 39.11887840243115), (-15.488726406518856, 39.1145126040321), (-15.467428216083023, 39.110026173234075), (-15.446009459789591, 39.10541911086906), (-15.424470138992156, 39.10069141777273), (-15.402810255048026, 39.095843094784506), (-15.381029809318214, 39.0908741427475), (-15.359128803167447, 39.08578456250856), (-15.337107237964156, 39.08057435491821), (-15.314965115080483, 39.07524352083073), (-15.292702435892277, 39.06979206110409), (-15.270319201779099, 39.06421997659998), (-15.247815414124217, 39.0585272681838), (-15.225191074314607, 39.05271393672467), (-15.202446183740953, 39.04677998309542)]",True
1784490661.0576239,0,-16.067241900558194,39.230763557508844,0.6989203884295568,235.32691881938723,-0.5035778658359248,-15.847922968905864,40.13513323141372,2.141213306580243,235.763821789115,0.17219937793125545,0.21931893165232985,0.9043696739048741,1.4422929181506863,0.4369029697277824,0.6757772437671803,"[(-16.079859746473, 39.202915865223076), (-16.062384648354588, 39.20214457175258), (-16.04478890728522, 39.20125258597802), (-16.027072524501868, 39.20023990862128), (-16.009235501245218, 39.19910654040795), (-15.991277838759665, 39.19785248206737), (-15.97319953829332, 39.19647773433257), (-15.955000601098014, 39.1949822979403), (-15.936681028429287, 39.19336617363105), (-15.918240821546398, 39.191629362149015), (-15.89967998171232, 39.18977186424211), (-15.880998510193736, 39.187793680661976), (-15.86219640826105, 39.18569481216396), (-15.843273677188378, 39.18347525950714), (-15.824230318253552, 39.18113502345432), (-15.805066332738113, 39.178674104772), (-15.785781721927323, 39.17609250423042), (-15.766376487110158, 39.17339022260352), (-15.746850629579301, 39.17056726066899), (-15.727204150631158, 39.16762361920821), (-15.707437051565844, 39.16455929900628), (-15.687549333687189, 39.16137430085203), (-15.667540998302739, 39.158068625538014), (-15.647412046723751, 39.154642273860496), (-15.627162480265198, 39.151095246619455), (-15.606792300245766, 39.147427544618594), (-15.586301507987855, 39.14363916866533), (-15.565690104817579, 39.13973011957081), (-15.544958092064764, 39.13570039814988), (-15.524105471062953, 39.13155000522112), (-15.503132243149398, 39.12727894160684), (-15.48203840966507, 39.12288720813304), (-15.460823971954646, 39.11837480562944), (-15.439488931366522, 39.11374173492951), (-15.41803328925281, 39.10898799687041), (-15.396457046969326, 39.104113592293025), (-15.374760205875607, 39.09911852204196), (-15.352942767334898, 39.09400278696554), (-15.331004732714161, 39.088766387915804), (-15.30894610338407, 39.083409325748505), (-15.286766880719009, 39.07793160132313), (-15.264467066097078, 39.072333215502866), (-15.24204666090009, 39.066614169154626), (-15.21950566651357, 39.06077446314904), (-15.196844084326752, 39.05481409836045)]",True
1784490661.087757,0,-16.06168381083998,39.23504044558553,0.7037267245265716,235.32691881938723,-0.5035778658359248,-15.828947992029578,40.14515592049471,2.150665609771103,235.763821789115,0.17219937793125545,0.2327358188104025,0.9101154749091762,1.4469388852445313,0.4369029697277824,0.6757772437671803,"[(-16.075023748780026, 39.20746787454075), (-16.05757468687214, 39.206683213591084), (-16.04000496631632, 39.205777844746194), (-16.02231458834915, 39.20475176872861), (-16.004503554210938, 39.20360498626461), (-15.9865718651457, 39.202337498084155), (-15.968519522401175, 39.20094930492096), (-15.950346527228819, 39.199440407512455), (-15.932052880883797, 39.197810806599776), (-15.913638584625, 39.19606050292779), (-15.895103639715028, 39.1941894972451), (-15.876448047420203, 39.192197790304), (-15.857671809010562, 39.190085382860524), (-15.838774925759857, 39.18785227567443), (-15.819757398945555, 39.185498469509184), (-15.800619229848841, 39.18302396513198), (-15.78136041975462, 39.180428763313735), (-15.761980969951505, 39.177712864829076), (-15.742480881731831, 39.174876270456366), (-15.722860156391647, 39.17191898097768), (-15.703118795230717, 39.16884099717881), (-15.683256799552524, 39.16564231984928), (-15.663274170664264, 39.16232294978233), (-15.643170909876849, 39.15888288777491), (-15.622947018504906, 39.1553221346277), (-15.60260249786678, 39.151640691145104), (-15.58213734928453, 39.14783855813524), (-15.56155157408393, 39.14391573640995), (-15.540845173594473, 39.13987222678479), (-15.520018149149362, 39.135708030079044), (-15.499070502085516, 39.13142314711571), (-15.478002233743574, 39.127017578721514), (-15.456813345467886, 39.12249132572689), (-15.435503838606516, 39.117844388966006), (-15.414073714511249, 39.11307676927674), (-15.392522974537577, 39.10818846750069), (-15.370851620044714, 39.10317948448318), (-15.349059652395585, 39.098049821073246), (-15.32714707295683, 39.09279947812366), (-15.305113883098805, 39.08742845649089), (-15.28296008419558, 39.081936757035145), (-15.26068567762494, 39.076324380620335), (-15.238290664768384, 39.070591328114105), (-15.215775047011125, 39.064737600387815), (-15.19313882574209, 39.05876319831654)]",True
1784490661.1255653,0,-16.038874804390133,39.2521283589397,0.7207727683883949,235.32691881938723,-0.5035778658359248,-15.752811037424149,40.18666357112007,2.184188936382975,235.763821789115,0.17219937793125545,0.28606376696598446,0.9345352121803714,1.46341616799458,0.4369029697277824,0.6757772437671803,"[(-16.070064604977517, 39.21199016014201), (-16.052631594597432, 39.21119089335803), (-16.03507791161006, 39.210270904800716), (-16.017403557251864, 39.20923019519328), (-15.999608532763029, 39.20806876526265), (-15.981692839387456, 39.20678661573949), (-15.963656478372766, 39.20538374735817), (-15.945499450970296, 39.20386016085679), (-15.927221758435103, 39.202215856977176), (-15.908823402025961, 39.200450836464874), (-15.890304383005363, 39.198565100069146), (-15.87166470263952, 39.19655864854299), (-15.852904362198363, 39.19443148264312), (-15.834023362955534, 39.19218360312997), (-15.815021706188402, 39.1898150107677), (-15.795899393178043, 39.187325706324195), (-15.776656425209264, 39.18471569057105), (-15.757292803570579, 39.1819849642836), (-15.737808529554222, 39.17913352824088), (-15.718203604456146, 39.176161383225676), (-15.698478029576023, 39.17306853002447), (-15.67863180621724, 39.16985496942748), (-15.6586649356869, 39.166520702228645), (-15.638577419295824, 39.16306572922562), (-15.618369258358555, 39.15949005121979), (-15.598040454193347, 39.155793669016255), (-15.577591008122175, 39.15197658342384), (-15.557020921470727, 39.14803879525509), (-15.536330195568413, 39.143980305326274), (-15.515518831748354, 39.139801114457384), (-15.494586831347393, 39.13550122347213), (-15.473534195706089, 39.13108063319795), (-15.452360926168714, 39.126539344465996), (-15.431067024083262, 39.12187735811114), (-15.409652490801442, 39.117094674971995), (-15.388117327678675, 39.11219129589087), (-15.366461536074102, 39.1071672217138), (-15.34468511735058, 39.10202245329056), (-15.322788072874683, 39.09675699147463), (-15.300770404016701, 39.09137083712321), (-15.278632112150643, 39.085863991097234), (-15.256373198654227, 39.080236454261346), (-15.233993664908892, 39.07448822748392), (-15.211493512299793, 39.06861931163704), (-15.1888727422158, 39.06262970759652)]",True
1784490661.175645,0,-16.027264621289902,39.26079741113355,0.7281281462526438,235.32691881938723,-0.5035778658359248,-15.733699298938484,40.19731385982521,2.191597748376715,235.763821789115,0.17219937793125545,0.29356532235141763,0.9365164486916555,1.4634696021240714,0.4369029697277824,0.6757772437671803,"[(-16.059776830693547, 39.2209138888132), (-16.04234856577157, 39.22008004396765), (-16.02479960517523, 39.21912545438272), (-16.00712995014146, 39.21805012078304), (-15.98933960191092, 39.21685404389697), (-15.971428561727977, 39.21553722445661), (-15.953396830840727, 39.214099663197764), (-15.935244410500987, 39.212541360859966), (-15.91697130196429, 39.21086231818648), (-15.898577506489893, 39.209062535924296), (-15.880063025340775, 39.20714201482412), (-15.861427859783632, 39.2051007556404), (-15.842672011088883, 39.2029387591313), (-15.823795480530666, 39.2006560260587), (-15.804798269386842, 39.19825255718822), (-15.785680378938988, 39.19572835328919), (-15.766441810472406, 39.19308341513468), (-15.747082565276115, 39.190317743501474), (-15.727602644642854, 39.18743133917009), (-15.708002049869084, 39.18442420292476), (-15.688280782254983, 39.181296335553455), (-15.668438843104454, 39.178047737847855), (-15.648476233725114, 39.17467841060337), (-15.628392955428305, 39.17118835461914), (-15.608189009529086, 39.16757757069803), (-15.587864397346234, 39.163846059646616), (-15.567419120202247, 39.15999382227521), (-15.546853179423348, 39.156020859397856), (-15.526166576339472, 39.151927171832305), (-15.505359312284277, 39.14771276040004), (-15.484431388595137, 39.14337762592627), (-15.46338280661315, 39.13892176923992), (-15.442213567683131, 39.13434519117366), (-15.420923673153617, 39.12964789256385), (-15.399513124376856, 39.124829874250615), (-15.377981922708823, 39.119891137077765), (-15.356330069509212, 39.11483168189286), (-15.33455756614143, 39.10965150954718), (-15.312664413972609, 39.104350620895715), (-15.290650614373597, 39.09892901679719), (-15.26851616871896, 39.09338669811407), (-15.246261078386983, 39.0877236657125), (-15.22388534475967, 39.08193992046239), (-15.201388969222746, 39.07603546323735), (-15.17877195316565, 39.07001029491474)]",True
1784490661.2265983,0,-16.021327644418854,39.26504209004556,0.7315456534651708,235.32691881938723,-0.5035778658359248,-15.695395658441148,40.21890795382613,2.2053752566757283,235.763821789115,0.17219937793125545,0.32593198597770545,0.953865863780571,1.4738296032105576,0.4369029697277824,0.6757772437671803,"[(-16.04342192631785, 39.23387700882716), (-16.025941075341564, 39.232972241236055), (-16.008339505019826, 39.23194670527367), (-15.990617216591808, 39.230800401667196), (-15.972774211300411, 39.22953333114755), (-15.954810490392253, 39.22814549444937), (-15.936726055117678, 39.226636892311035), (-15.91852090673075, 39.22500752547464), (-15.90019504648926, 39.22325739468601), (-15.881748475654723, 39.221386500694706), (-15.86318119549237, 39.21939484425401), (-15.844493207271166, 39.21728242612093), (-15.82568451226379, 39.21504924705621), (-15.806755111746646, 39.21269530782431), (-15.787705006999866, 39.210220609193435), (-15.768534199307298, 39.207625151935495), (-15.74924268995652, 39.20490893682614), (-15.729830480238823, 39.20207196464475), (-15.710297571449232, 39.19911423617443), (-15.690643964886485, 39.19603575220201), (-15.670869661853049, 39.192836513518046), (-15.650974663655111, 39.189516520916825), (-15.63095897160258, 39.186075775196365), (-15.610822587009086, 39.1825142771584), (-15.590565511191986, 39.178832027608394), (-15.570187745472357, 39.17502902735555), (-15.549689291174996, 39.17110527721279), (-15.529070149628424, 39.16706077799675), (-15.508330322164884, 39.16289553052782), (-15.487469810120343, 39.15860953563009), (-15.466488614834486, 39.1542027941314), (-15.44538673765072, 39.1496753068633), (-15.424164179916179, 39.14502707466107), (-15.402820942981712, 39.140258098363724), (-15.381357028201897, 39.13536837881399), (-15.359772436935028, 39.130357916858344), (-15.338067170543123, 39.12522671334696), (-15.31624123039192, 39.11997476913376), (-15.294294617850879, 39.11460208507639), (-15.27222733429318, 39.10910866203621), (-15.25003938109573, 39.10349450087833), (-15.227730759639151, 39.097759602471555), (-15.205301471307788, 39.09190396768844), (-15.182751517489708, 39.08592759740525), (-15.160080899576698, 39.079830492502)]",True
1784490661.2841272,0,-16.00923716253148,39.27339481931376,0.737900887478709,235.32691881938723,-0.5035778658359248,-15.657024776028718,40.24091502297577,2.2178736749162136,235.763821789115,0.17219937793125545,0.352212386502762,0.9675202036620121,1.4799727874375046,0.4369029697277824,0.6757772437671803,"[(-16.020587729550705, 39.25081079212187), (-16.002630776446313, 39.25009785842235), (-15.984552851141213, 39.24926390134919), (-15.966353954896078, 39.24830892162756), (-15.94803408897533, 39.24723291998641), (-15.929593254647143, 39.246035897158414), (-15.911031453183446, 39.244717853880026), (-15.892348685859915, 39.243278790891445), (-15.873544953955978, 39.241718708936624), (-15.854620258754817, 39.24003760876328), (-15.835574601543362, 39.238235491122886), (-15.816407983612295, 39.23631235677066), (-15.797120406256049, 39.234268206465586), (-15.777711870772809, 39.232103040970394), (-15.758182378464507, 39.22981686105158), (-15.738531930636833, 39.2274096674794), (-15.71876052859922, 39.22488146102785), (-15.698868173664854, 39.22223224247469), (-15.678854867150676, 39.21946201260143), (-15.65872061037737, 39.21657077219334), (-15.638465404669377, 39.213558522039456), (-15.618089251354887, 39.210425262932546), (-15.597592151765834, 39.20717099566915), (-15.57697410723791, 39.203795721049566), (-15.556235119110555, 39.20029943987783), (-15.53537518872696, 39.19668215296175), (-15.51439431743406, 39.19294386111288), (-15.493292506582549, 39.18908456514653), (-15.472069757526864, 39.18510426588177), (-15.450726071625196, 39.18100296414142), (-15.429261450239483, 39.17678066075206), (-15.407675894735416, 39.172437356544016), (-15.385969406482431, 39.16797305235138), (-15.364141986853717, 39.16338774901198), (-15.342193637226213, 39.15868144736743), (-15.320124358980605, 39.15385414826307), (-15.29793415350133, 39.14890585254801), (-15.275623022176575, 39.14383656107511), (-15.253190966398273, 39.13864627470098), (-15.230637987562114, 39.133334994285995), (-15.207964087067527, 39.12790272069427), (-15.185169266317695, 39.12234945479369), (-15.162253526719551, 39.11667519745589), (-15.139216869683777, 39.11087994955625), (-15.116059296624801, 39.10496371197391)]",True
1784490661.3815699,0,-15.997113084735725,39.28191100567888,0.7436661079375524,235.32691881938723,-0.5035778658359248,-15.618617956010311,40.26333561874829,2.2292117525369166,235.763821789115,0.17219937793125545,0.37849512872541347,0.9814246130694144,1.4855456445993642,0.4369029697277824,0.6757772437671803,"[(-16.014359027445433, 39.255484321707485), (-15.996376721983907, 39.25476325690779), (-15.978273743547167, 39.25392146812307), (-15.960050093388379, 39.25295895607397), (-15.94170577276443, 39.251875721484865), (-15.923240782935919, 39.25067176508386), (-15.904655125167166, 39.24934708760277), (-15.885948800726208, 39.247901689777144), (-15.867121810884802, 39.24633557234624), (-15.848174156918416, 39.244648736053044), (-15.829105840106239, 39.242841181644266), (-15.809916861731178, 39.24091290987034), (-15.790607223079856, 39.23886392148541), (-15.771176925442614, 39.236694217247354), (-15.751625970113508, 39.23440379791777), (-15.731954358390313, 39.23199266426197), (-15.71216209157452, 39.229460817049), (-15.692249170971335, 39.22680825705162), (-15.672215597889684, 39.224034985046316), (-15.652061373642207, 39.22114100181329), (-15.631786499545262, 39.218126308136455), (-15.611390976918926, 39.21499090480347), (-15.590874807086987, 39.211734792605704), (-15.570237991376953, 39.20835797233825), (-15.549480531120047, 39.20486044479991), (-15.52860242765121, 39.201242210793225), (-15.5076036823091, 39.19750327112445), (-15.486484296436085, 39.193643626603546), (-15.465244271378259, 39.18966327804423), (-15.443883608485422, 39.185562226263905), (-15.422402309111096, 39.18134047208372), (-15.400800374612519, 39.176998016328525), (-15.379077806350642, 39.172534859826904), (-15.357234605690133, 39.16795100341116), (-15.335270773999378, 39.16324644791732), (-15.313186312650474, 39.15842119418512), (-15.290981223019239, 39.153475243058026), (-15.268655506485203, 39.14840859538322), (-15.24620916443161, 39.14322125201162), (-15.223642198245425, 39.13791321379784), (-15.200954609317325, 39.13248448160023), (-15.178146399041701, 39.12693505628086), (-15.15521756881666, 39.121264938705515), (-15.132168120044026, 39.1154741297437), (-15.108998054129337, 39.109562630268655)]",True
1784490661.5474842,0,-15.991087592673852,39.28629233243037,0.7463447850719619,235.32691881938723,-0.5035778658359248,-15.599406219546731,40.274694403714186,2.234479729622537,235.763821789115,0.17219937793125545,0.3916813731271205,0.9884020712838151,1.4881349445505752,0.4369029697277824,0.6757772437671803,"[(-16.00847471625824, 39.25979313041821), (-15.990482741573071, 39.25903945537259), (-15.972370102134395, 39.258165064630354), (-15.954136799195618, 39.257169958913146), (-15.935782834013867, 39.256054138946304), (-15.917308207849986, 39.2548176054589), (-15.898712921968531, 39.253460359183734), (-15.879996977637779, 39.25198240085731), (-15.861160376129723, 39.25038373121986), (-15.842203118720072, 39.24866435101535), (-15.823125206688253, 39.24682426099145), (-15.803926641317409, 39.24486346189957), (-15.7846074238944, 39.24278195449482), (-15.765167555709803, 39.24057973953606), (-15.745607038057914, 39.23825681778584), (-15.72592587223674, 39.23581319001045), (-15.706124059548008, 39.233248856979884), (-15.68620160129716, 39.23056381946789), (-15.666158498793354, 39.2277580782519), (-15.645994753349466, 39.2248316341131), (-15.625710366282089, 39.22178448783637), (-15.60530533891153, 39.21861664021033), (-15.584779672561812, 39.215328092027306), (-15.564133368560674, 39.21191884408336), (-15.543366428239572, 39.20838889717826), (-15.522478852933679, 39.20473825211551), (-15.50147064398188, 39.20096690970232), (-15.48034180272678, 39.19707487074964), (-15.459092330514698, 39.193062136072115), (-15.437722228695666, 39.18892870648813), (-15.416231498623436, 39.18467458281978), (-15.394620141655471, 39.1802997658929), (-15.372888159152955, 39.17580425653701), (-15.351035552480784, 39.17118805558539), (-15.329062323007568, 39.16645116387501), (-15.306968472105634, 39.16159358224658), (-15.284754001151025, 39.15661531154453), (-15.262418911523499, 39.15151635261699), (-15.239963204606525, 39.14629670631582), (-15.217386881787295, 39.14095637349662), (-15.194689944456707, 39.13549535501868), (-15.17187239400938, 39.129913651745035), (-15.148934231843647, 39.12421126454242), (-15.125875459361554, 39.1183881942813), (-15.10269607796886, 39.11244444183587)]",True
1784490662.4122894,0,-15.812750403630828,39.5091896486279,0.7423226878517906,235.44022233688926,-0.5143885134028708,-14.83997359704889,40.79023951950402,1.629695977942281,235.763821789115,0.17219937793125545,0.9727768065819369,1.2810498708761173,0.8873732900904905,0.32359945222574993,0.6865878913341263,"[(-15.808310937549493, 39.48287442364285), (-15.79174614215447, 39.483308977882125), (-15.775060543211227, 39.48362267820493), (-15.758254141933616, 39.483815525298766), (-15.74132693953922, 39.48388751985488), (-15.724278937249359, 39.48383866256827), (-15.707110136289087, 39.48366895413764), (-15.689820537887195, 39.483378395265476), (-15.672410143276208, 39.48296698665797), (-15.65487895369239, 39.48243472902507), (-15.637226970375732, 39.48178162308047), (-15.619454194569968, 39.48100766954159), (-15.601560627522563, 39.4801128691296), (-15.583546270484717, 39.47909722256939), (-15.565411124711366, 39.47796073058962), (-15.54715519146118, 39.47670339392267), (-15.528778471996562, 39.47532521330466), (-15.510280967583654, 39.47382618947545), (-15.491662679492329, 39.47220632317865), (-15.472923608996197, 39.4704656151616), (-15.454063757372602, 39.468604066175374), (-15.435083125902617, 39.466621676974796), (-15.415981715871057, 39.46451844831843), (-15.396759528566466, 39.46229438096857), (-15.377416565281127, 39.45994947569125), (-15.35795282731105, 39.45748373325626), (-15.33836831595599, 39.454897154437106), (-15.318663032519424, 39.45218974001104), (-15.298836978308572, 39.44936149075907), (-15.27889015463438, 39.44641240746591), (-15.258822562811536, 39.44334249092004), (-15.238634204158457, 39.440151741913674), (-15.218325079997294, 39.436840161242756), (-15.197895191653934, 39.43340774970698), (-15.177344540457995, 39.42985450810977), (-15.15667312774283, 39.42618043725829), (-15.135880954845524, 39.42238553796344), (-15.114968023106897, 39.41846981103988), (-15.093934333871502, 39.414433257305966), (-15.072779888487624, 39.410275877583835), (-15.051504688307281, 39.40599767269934), (-15.030108734686229, 39.40159864348208), (-15.00859202898395, 39.397078790765384), (-14.986954572563665, 39.39243811538633), (-14.965196366792323, 39.38767661818572)]",True
1784490662.4270003,0,-15.806544937954182,39.52273641494569,0.747677392796852,235.44022233688926,-0.5143885134028708,-14.8160339574605,40.80957538301416,1.4557398238446035,236.69931626579364,-0.1301579191927568,0.9905109804936831,1.2868389680684729,0.7080624310477516,1.2590939289043774,0.3842305942101141,"[(-15.805061288141145, 39.48942815549638), (-15.788571490920452, 39.48990311098546), (-15.771960876581254, 39.49025719907993), (-15.755229446335456, 39.490490420466244), (-15.738377201398702, 39.490602775834624), (-15.721404142990373, 39.49059426587902), (-15.704310272333586, 39.49046489129712), (-15.687095590655197, 39.49021465279038), (-15.669760099185797, 39.48984355106396), (-15.652303799159712, 39.48935158682679), (-15.63472669181501, 39.488738760791534), (-15.617028778393488, 39.488005073674586), (-15.599210060140686, 39.487150526196096), (-15.58127053830588, 39.486175119079945), (-15.563210214142078, 39.485078853053764), (-15.545029088906029, 39.483861728848915), (-15.526727163858213, 39.48252374720051), (-15.508304440262853, 39.481064908847394), (-15.489760919387903, 39.47948521453216), (-15.471096602505057, 39.477784665001145), (-15.452311490889741, 39.475963261004416), (-15.43340558582112, 39.47402100329579), (-15.414378888582094, 39.47195789263282), (-15.395231400459297, 39.46977392977681), (-15.375963122743102, 39.467469115492776), (-15.356574056727615, 39.46504345054951), (-15.33706420371068, 39.46249693571952), (-15.317433564993877, 39.459829571779075), (-15.297682141882518, 39.45704135950816), (-15.277809935685653, 39.45413229969052), (-15.257816947716067, 39.451102393113636), (-15.237703179290282, 39.447951640568725), (-15.217468631728552, 39.44468004285075), (-15.19711330635487, 39.44128760075841), (-15.176637204496961, 39.437774315094146), (-15.156040327486288, 39.43414018666414), (-15.135322676658046, 39.43038521627831), (-15.114484253351165, 39.42650940475032), (-15.093525058908314, 39.42251275289757), (-15.072445094675896, 39.4183952615412), (-15.051244362004043, 39.4141569315061), (-15.029922862246627, 39.40979776362088), (-15.008480596761256, 39.405317758717906), (-14.986917566909268, 39.40071691763328), (-14.965233774055738, 39.39599524120685)]",True
1784490662.5106633,0,-15.794807482297632,39.550449401489956,0.7569415789973406,235.44022233688926,-0.5143885134028708,-14.774808833453644,40.844301534483776,1.2643823001061032,236.69931626579364,-0.1301579191927568,1.0199986488439876,1.2938521329938197,0.5074407211087626,1.2590939289043774,0.3842305942101141,"[(-15.79558759324612, 39.50945253501586), (-15.779312034460748, 39.51005610996272), (-15.762915619951245, 39.51053877913356), (-15.746398350923961, 39.51090054321149), (-15.729760228588987, 39.511141402883354), (-15.713001254160158, 39.51126135883974), (-15.696121428855045, 39.511260411774984), (-15.679120753894967, 39.511138562387174), (-15.66199923050498, 39.510895811378134), (-15.644756859913882, 39.51053215945345), (-15.627393643354212, 39.51004760732243), (-15.609909582062253, 39.509442155698146), (-15.592304677278026, 39.50871580529741), (-15.574578930245295, 39.50786855684079), (-15.556732342211564, 39.506900411052584), (-15.538764914428079, 39.505811368660844), (-15.520676648149824, 39.50460143039736), (-15.502467544635525, 39.50327059699768), (-15.484137605147652, 39.50181886920109), (-15.46568683095241, 39.50024624775062), (-15.44711522331975, 39.49855273339305), (-15.428422783523361, 39.4967383268789), (-15.409609512840674, 39.494803028962444), (-15.390675412552858, 39.49274684040169), (-15.371620483944824, 39.49056976195841), (-15.35244472830522, 39.4882717943981), (-15.333148146926444, 39.48585293849001), (-15.31373074110462, 39.483313195007135), (-15.294192512139626, 39.48065256472621), (-15.274533461335068, 39.47787104842774), (-15.254753589998302, 39.47496864689593), (-15.234852899440417, 39.471945360918774), (-15.214831390976249, 39.46880119128799), (-15.194689065924365, 39.46553613879903), (-15.174425925607077, 39.46215020425112), (-15.154041971350434, 39.45864338844721), (-15.133537204484231, 39.455015692193996), (-15.112911626341996, 39.45126711630192), (-15.092165238260996, 39.44739766158518), (-15.071298041582244, 39.4434073288617), (-15.050310037650487, 39.439296118953166), (-15.02920122781421, 39.435064032685), (-15.007971613425644, 39.43071107088636), (-14.986621195840753, 39.42623723439017), (-14.965149976419243, 39.42164252403308)]",True
1784490662.5631618,0,-15.77664465404473,39.60070286835256,0.7693836542409347,235.44022233688926,-0.5143885134028708,-14.711762521008563,40.899354440969866,1.152972996130562,236.69931626579364,-0.1301579191927568,1.0648821330361677,1.2986515726173025,0.38358934188962723,1.2590939289043774,0.3842305942101141,"[(-15.786568306453635, 39.52998590525445), (-15.770495790148745, 39.53072553125339), (-15.754302381884052, 39.531344215411515), (-15.737988082860623, 39.531841958408286), (-15.721552894283269, 39.53221876092691), (-15.704996817360552, 39.53247462365434), (-15.688319853304776, 39.53260954728128), (-15.671522003331992, 39.53262353250219), (-15.654603268661997, 39.53251658001528), (-15.637563650518333, 39.532288690522506), (-15.620403150128286, 39.531939864729566), (-15.60312176872289, 39.531470103345924), (-15.585719507536924, 39.53087940708479), (-15.56819636780891, 39.53016777666312), (-15.550552350781121, 39.52933521280162), (-15.53278745769957, 39.52838171622475), (-15.514901689814014, 39.52730728766072), (-15.49689504837796, 39.526111927841484), (-15.478767534648657, 39.52479563750275), (-15.460519149887102, 39.523358417383974), (-15.44214989535803, 39.52180026822836), (-15.42365977232993, 39.520121190782874), (-15.405048782075031, 39.518321185798214), (-15.386316925869306, 39.51640025402884), (-15.367464204992473, 39.51435839623296), (-15.348490620727997, 39.51219561317252), (-15.329396174363085, 39.50991190561324), (-15.31018086718869, 39.50750727432456), (-15.290844700499507, 39.50498172007969), (-15.27138767559398, 39.50233524365559), (-15.251809793774294, 39.49956784583294), (-15.23211105634638, 39.49667952739622), (-15.212291464619911, 39.493670289133604), (-15.192351019908306, 39.49054013183706), (-15.172289723528726, 39.48728905630228), (-15.152107576802077, 39.48391706332872), (-15.13180458105301, 39.48042415371957), (-15.111380737609922, 39.47681032828177), (-15.090836047804947, 39.47307558782603), (-15.070170512973968, 39.469219933166784), (-15.049384134456613, 39.46524336512223), (-15.028476913596249, 39.4611458845143), (-15.007448851739989, 39.4569274921687), (-14.98629995023869, 39.45258818891486), (-14.96503021044695, 39.44812797558597)]",True
1784490662.5860198,0,-15.774314747206581,39.608043047251975,0.7708394620486184,235.44022233688926,-0.5143885134028708,-14.702924970975799,40.9071915103756,1.2094161260833045,236.69931626579364,-0.1301579191927568,1.0713897762307827,1.2991484631236219,0.4385766640346861,1.2590939289043774,0.3842305942101141,"[(-15.783671189320934, 39.53693584842475), (-15.767664765707503, 39.53772177507384), (-15.751537438438302, 39.538386748235894), (-15.735289208712674, 39.538930768589104), (-15.71892007773371, 39.53935383681544), (-15.70243004670825, 39.539655953600594), (-15.685819116846877, 39.53983711963403), (-15.669087289363928, 39.53989733560896), (-15.652234565477478, 39.53983660222235), (-15.635260946409359, 39.53965492017491), (-15.618166433385142, 39.53935229017111), (-15.600951027634148, 39.53892871291916), (-15.583614730389442, 39.53838418913104), (-15.566157542887842, 39.53771871952245), (-15.548579466369906, 39.536932304812886), (-15.530880502079944, 39.53602494572556), (-15.513060651266008, 39.534996642987444), (-15.4951199151799, 39.53384739732927), (-15.477058295077168, 39.53257720948551), (-15.458875792217102, 39.531186080194395), (-15.440572407862744, 39.5296740101979), (-15.422148143280879, 39.528041000241764), (-15.403602999742041, 39.52628705107546), (-15.384936978520507, 39.52441216345222), (-15.366150080894302, 39.522416338129034), (-15.347242308145196, 39.52029957586663), (-15.328213661558708, 39.5180618774295), (-15.309064142424097, 39.51570324358588), (-15.289793752034372, 39.51322367510775), (-15.270402491686289, 39.510623172770856), (-15.250890362680344, 39.50790173735468), (-15.231257366320786, 39.50505936964247), (-15.211503503915605, 39.5020960704212), (-15.191628776776536, 39.49901184048163), (-15.171633186219063, 39.49580668061824), (-15.151516733562413, 39.49248059162927), (-15.131279420129557, 39.489033574316714), (-15.110921247247214, 39.48546562948631), (-15.090442216245847, 39.481776757947564), (-15.069842328459664, 39.477966960513704), (-15.04912158522662, 39.47403623800173), (-15.028279987888414, 39.46998459123238), (-15.007317537790486, 39.46581202103016), (-14.986234236282026, 39.4615185282233), (-14.96503008471597, 39.4571041136438)]",True
1784490662.625676,0,-15.76774267338915,39.63027715995548,0.7748045533296369,235.44022233688926,-0.5143885134028708,-14.674134263667474,40.93295994535696,1.363146694959084,236.69931626579364,-0.1301579191927568,1.0936084097216767,1.3026827854014797,0.5883421416294471,1.2590939289043774,0.3842305942101141,"[(-15.778050465257182, 39.55098459226614), (-15.762174760743484, 39.551863792992), (-15.746178129608715, 39.552622017358985), (-15.730060573048803, 39.553259266042765), (-15.713822092263426, 39.55377553972277), (-15.697462688456014, 39.55417083908218), (-15.680982362833744, 39.55444516480794), (-15.664381116607542, 39.55459851759072), (-15.647658950992088, 39.55463089812498), (-15.63081586720581, 39.5545423071089), (-15.613851866470881, 39.55433274524446), (-15.596766950013233, 39.55400221323735), (-15.57956111906254, 39.55355071179703), (-15.562234374852226, 39.55297824163672), (-15.544786718619468, 39.55228480347339), (-15.52721815160519, 39.55147039802777), (-15.509528675054066, 39.55053502602432), (-15.491718290214516, 39.549478688191286), (-15.473786998338715, 39.54830138526065), (-15.455734800682587, 39.54700311796816), (-15.437561698505798, 39.5455838870533), (-15.419267693071768, 39.54404369325932), (-15.40085278564767, 39.542382537333225), (-15.382316977504416, 39.54060042002577), (-15.363660269916675, 39.53869734209146), (-15.344882664162862, 39.536673304288556), (-15.325984161525138, 39.53452830737908), (-15.306964763289418, 39.5322623521288), (-15.287824470745361, 39.52987543930723), (-15.268563285186378, 39.52736756968767), (-15.249181207909626, 39.52473874404713), (-15.22967824021601, 39.5219889631664), (-15.210054383410187, 39.51911822783002), (-15.190309638800558, 39.51612653882628), (-15.170444007699276, 39.513013896947214), (-15.150457491422237, 39.50978030298863), (-15.13035009128909, 39.50642575775007), (-15.110121808623232, 39.50295026203485), (-15.089772644751802, 39.499353816650014), (-15.069302601005695, 39.49563642240638), (-15.04871167871955, 39.4917980801185), (-15.027999879231752, 39.48783879060469), (-15.007167203884435, 39.48375855468703), (-14.986213654023482, 39.47955737319133), (-14.965139230998522, 39.475235246947165)]",True
1784490662.844161,0,-15.744864736393572,39.74522787568693,0.7878673789554398,235.44022233688926,-0.5143885134028708,-14.544690445016066,41.056668648962635,1.1302691654339672,236.69931626579364,-0.1301579191927568,1.2001742913775058,1.3114407732757059,0.34240178647852737,1.2590939289043774,0.3842305942101141,"[(-15.7626747856196, 39.59421510610589), (-15.747187513069838, 39.59537239102114), (-15.731579247119605, 39.59640863307448), (-15.715849988954622, 39.597323832934), (-15.699999739764362, 39.59811799127154), (-15.68402850074206, 39.59879110876271), (-15.667936273084708, 39.59934318608688), (-15.651723057993054, 39.59977422392717), (-15.635388856671607, 39.60008422297049), (-15.61893367032863, 39.60027318390748), (-15.602357500176145, 39.60034110743258), (-15.585660347429934, 39.60028799424395), (-15.568842213309534, 39.60011384504354), (-15.551903099038238, 39.59981866053705), (-15.534843005843102, 39.59940244143396), (-15.517661934954933, 39.59886518844749), (-15.5003598876083, 39.598206902294635), (-15.482936865041527, 39.597427583696145), (-15.465392868496695, 39.59652723337654), (-15.447727899219643, 39.59550585206409), (-15.429941958459967, 39.594363440490845), (-15.41203504747102, 39.5930999993926), (-15.394007167509912, 39.59171552950892), (-15.37585831983751, 39.590210031583126), (-15.357588505718436, 39.588583506362305), (-15.339197726421071, 39.586835954597305), (-15.320685983217553, 39.58496737704274), (-15.302053277383774, 39.58297777445697), (-15.283299610199384, 39.58086714760214), (-15.264424982947792, 39.57863549724414), (-15.24542939691616, 39.57628282415263), (-15.226312853395406, 39.573809129101015), (-15.207075353680207, 39.57121441286648), (-15.187716899068995, 39.568498676229964), (-15.168237490863959, 39.565661919976165), (-15.148637130371043, 39.56270414489355), (-15.128915818899946, 39.55962535177434), (-15.109073557764127, 39.55642554141452), (-15.089110348280796, 39.55310471461383), (-15.069026191770924, 39.54966287217578), (-15.048821089559233, 39.54610001490764), (-15.028495042974203, 39.54241614362043), (-15.008048053348073, 39.53861125912895), (-14.987480122016832, 39.53468536225174), (-14.966791250320226, 39.53063845381112)]",True
1784490662.9199986,0,-15.741704558185832,39.77662619102003,0.7900155697909929,235.44022233688926,-0.5143885134028708,-14.51326643381159,41.08898825862819,1.1244161773634784,236.69931626579364,-0.1301579191927568,1.2284381243742413,1.3123620676081629,0.3344006075724856,1.2590939289043774,0.3842305942101141,"[(-15.735128260679787, 39.70346518007325), (-15.719268611651273, 39.70851056286215), (-15.70328782916033, 39.71343474991657), (-15.6871859144085, 39.71823774178562), (-15.67096286860111, 39.72291953902219), (-15.654618692947256, 39.72748014218296), (-15.638153388659813, 39.73191955182838), (-15.621566956955428, 39.7362377685227), (-15.604859399054527, 39.740434792833916), (-15.58803071618131, 39.74451062533384), (-15.571080909563749, 39.748465266598046), (-15.554009980433598, 39.752298717205896), (-15.536817930026382, 39.75601097774053), (-15.5195047595814, 39.75960204878888), (-15.502070470341728, 39.763071930941635), (-15.484515063554216, 39.76642062479329), (-15.46683854046949, 39.76964813094211), (-15.449040902341949, 39.77275444999013), (-15.43112215042977, 39.775739582543196), (-15.413082285994902, 39.7786035292109), (-15.394921310303069, 39.781346290606635), (-15.376639224623768, 39.78396786734758), (-15.358236030230273, 39.78646826005467), (-15.339711728399633, 39.78884746935264), (-15.32106632041267, 39.791105495870006), (-15.302299807553982, 39.793242340239054), (-15.283412191111939, 39.79525800309586), (-15.264403472378683, 39.797152485080275), (-15.245273652650138, 39.79892578683594), (-15.226022733225994, 39.80057790901025), (-15.20665071540972, 39.80210885225441), (-15.187157600508558, 39.8035186172234), (-15.16754338983352, 39.80480720457597), (-15.147808084699399, 39.80597461497465), (-15.127951686424757, 39.80702084908575), (-15.107974196331929, 39.807945907579374), (-15.087875615747027, 39.808749791129394), (-15.067655945999933, 39.80943250041346), (-15.047315188424305, 39.80999403611301), (-15.026853344357574, 39.81043439891326), (-15.006270415140945, 39.8107535895032), (-14.985566402119392, 39.81095160857561), (-14.964741306641672, 39.81102845682704), (-14.943795130060304, 39.81098413495782), (-14.922727873731587, 39.81081864367207)]",True
1784490662.9326916,0,-15.741069697664217,39.78450314916832,0.7904903300142713,235.8925114613003,-0.508323462151452,-14.505496683821509,41.09711029737354,1.123576221335889,236.69931626579364,-0.1301579191927568,1.2355730138427088,1.3126071482052168,0.3330858913216178,0.8068048044933391,0.3781655429586952,"[(-15.733882363638838, 39.711138217289395), (-15.718180768837218, 39.71600046271755), (-15.70235801855611, 39.72074149140178), (-15.686414113992509, 39.72536130389708), (-15.670349056347185, 39.729859900762236), (-15.654162846824685, 39.73423728255982), (-15.637855486633335, 39.73849344985618), (-15.621426976985237, 39.74262840322145), (-15.604877319096273, 39.74664214322956), (-15.588206514186101, 39.750534670458194), (-15.571414563478154, 39.75430598548885), (-15.554501468199643, 39.75795608890679), (-15.537467229581557, 39.76148498130106), (-15.520311848858663, 39.76489266326449), (-15.503035327269503, 39.7681791353937), (-15.485637666056395, 39.771344398289095), (-15.468118866465437, 39.774388452554845), (-15.450478929746502, 39.77731129879892), (-15.432717857153241, 39.78011293763306), (-15.414835649943079, 39.7827933696728), (-15.396832309377219, 39.78535259553745), (-15.378707836720638, 39.78779061585009), (-15.360462233242094, 39.790107431237615), (-15.342095500214121, 39.79230304233068), (-15.323607638913025, 39.79437744976372), (-15.304998650618892, 39.79633065417496), (-15.28626853661558, 39.79816265620641), (-15.26741729819073, 39.799873456503846), (-15.248444936635757, 39.80146305571685), (-15.229351453245844, 39.80293145449877), (-15.21013684931996, 39.804278653506735), (-15.190801126160844, 39.80550465340167), (-15.171344285075014, 39.80660945484827), (-15.151766327372764, 39.80759305851502), (-15.13206725436816, 39.80845546507417), (-15.112247067379046, 39.80919667520177), (-15.092305767727042, 39.80981668957765), (-15.072243356737543, 39.81031550888542), (-15.05205983573972, 39.81069313381246), (-15.03175520606652, 39.810949565049945), (-15.011329469054662, 39.81108480329283), (-14.990782626044641, 39.81109884923985), (-14.970114678380732, 39.810991703593515), (-14.949325627410978, 39.81076336706013), (-14.928415474487204, 39.81041384034978)]",True
1784490662.980232,0,-15.738782266863431,39.824013837955604,0.7925462259024243,235.8925114613003,-0.508323462151452,-14.467422719243935,41.138320748596236,1.1212454156986569,236.69931626579364,-0.1301579191927568,1.2713595476194968,1.3143069106406315,0.3286991897962326,0.8068048044933391,0.3781655429586952,"[(-15.727083107148307, 39.76582998008864), (-15.712025618963722, 39.77081104955463), (-15.696846879962386, 39.775670808419946), (-15.681546891323732, 39.78040925723707), (-15.666125654230978, 39.78502639656228), (-15.650583169871132, 39.78952222695566), (-15.63491943943499, 39.79389674898108), (-15.61913446411714, 39.798149963206214), (-15.603228245115954, 39.80228187020251), (-15.587200783633595, 39.80629247054523), (-15.571052080876012, 39.810181764813414), (-15.554782138052946, 39.81394975358991), (-15.538390956377928, 39.817596437461354), (-15.521878537068268, 39.821121817018174), (-15.505244881345073, 39.82452589285459), (-15.488489990433234, 39.827808665568625), (-15.47161386556143, 39.83097013576209), (-15.454616507962132, 39.83401030404058), (-15.437497918871594, 39.836929171013516), (-15.420258099529862, 39.83972673729407), (-15.402897051180766, 39.84240300349924), (-15.385414775071926, 39.8449579702498), (-15.36781127245475, 39.84739163817033), (-15.350086544584432, 39.84970400788919), (-15.332240592719954, 39.85189508003854), (-15.314273418124086, 39.85396485525434), (-15.296185022063387, 39.855913334176336), (-15.2779754058082, 39.85774051744807), (-15.259644570632656, 39.859446405716874), (-15.241192517814678, 39.861030999633876), (-15.22261924863597, 39.862494299854), (-15.203924764382025, 39.86383630703595), (-15.185109066342125, 39.86505702184225), (-15.166172155809338, 39.86615644493918), (-15.147114034080518, 39.86713457699685), (-15.127934702456308, 39.86799141868913), (-15.108634162241135, 39.868726970693714), (-15.089212414743214, 39.86934123369207), (-15.069669461274547, 39.86983420836946), (-15.050005303150924, 39.87020589541495), (-15.030219941691918, 39.87045629552138), (-15.010313378220891, 39.8705854093854), (-14.990285614064994, 39.87059323770744), (-14.970136650555158, 39.87047978119173), (-14.949866489026105, 39.87024504054631)]",True
1784490663.030728,0,-15.737432315659781,39.85717468455057,0.86468955772095,235.8925114613003,-0.508323462151452,-14.437997076892112,41.17214645946221,1.1205355840429658,236.69931626579364,-0.1301579191927568,1.2994352387676695,1.3149717749116405,0.2558460263220158,0.8068048044933391,0.3781655429586952,"[(-15.725060939421061, 39.796619474129166), (-15.710565510203194, 39.80095753383753), (-15.695948789209748, 39.8051742455478), (-15.68121077760363, 39.80926960983311), (-15.666351476551544, 39.81324362727039), (-15.65137088722399, 39.81709629844037), (-15.636269010795262, 39.82082762392758), (-15.621045848443442, 39.82443760432034), (-15.605701401350409, 39.827926240210786), (-15.590235670701833, 39.83129353219484), (-15.574648657687181, 39.83453948087222), (-15.55894036349971, 39.83766408684646), (-15.543110789336474, 39.84066735072487), (-15.527159936398315, 39.843549273118576), (-15.51108780588987, 39.84630985464249), (-15.494894399019572, 39.84894909591534), (-15.478579716999642, 39.85146699755962), (-15.462143761046097, 39.85386356020165), (-15.445586532378748, 39.856138784471554), (-15.428908032221194, 39.85829267100323), (-15.41210826180083, 39.86032522043438), (-15.395187222348845, 39.86223643340652), (-15.378144915100215, 39.86402631056495), (-15.360981341293714, 39.86569485255877), (-15.343696502171907, 39.86724206004087), (-15.326290398981152, 39.868667933667965), (-15.308763032971596, 39.86997247410054), (-15.29111440539718, 39.87115568200289), (-15.273344517515637, 39.87221755804311), (-15.255453370588496, 39.873158102893086), (-15.237440965881072, 39.8739773172285), (-15.219307304662477, 39.87467520172884), (-15.20105238820561, 39.875251757077386), (-15.182676217787167, 39.87570698396122), (-15.164178794687631, 39.87604088307122), (-15.14556012019128, 39.87625345510206), (-15.126820195586184, 39.876344700752206), (-15.107959022164204, 39.87631462072394), (-15.088976601220988, 39.87616321572332), (-15.069872934055985, 39.87589048646021), (-15.050648021972426, 39.87549643364827), (-15.031301866277339, 39.87498105800497), (-15.01183446828154, 39.874344360251555), (-14.99224582929964, 39.87358634111308), (-14.972535950650036, 39.872707001318396)]",True
1784490663.0755358,0,-15.736404324822383,39.902278324439166,0.9371802534493124,235.8925114613003,-0.508323462151452,-14.40048165767442,41.21373998504653,1.1201865192788945,236.69931626579364,-0.1301579191927568,1.3359226671479618,1.311461660607364,0.18300626582958202,0.8068048044933391,0.3781655429586952,"[(-15.722903052850324, 39.85261166414259), (-15.708970947559814, 39.85745447878573), (-15.6949176903164, 39.862176085516296), (-15.680743282262252, 39.86677648489009), (-15.666447724543323, 39.87125567746672), (-15.652031018309343, 39.87561366380957), (-15.63749316471382, 39.879850444485804), (-15.622834164914046, 39.88396602006638), (-15.608054020071087, 39.88796039112603), (-15.59315273134979, 39.89183355824328), (-15.578130299918778, 39.895585522000424), (-15.562986726950456, 39.89921628298356), (-15.547722013621005, 39.902725841782555), (-15.532336161110388, 39.90611419899107), (-15.516829170602344, 39.90938135520654), (-15.501201043284391, 39.912527311030196), (-15.485451780347825, 39.91555206706704), (-15.469581382987721, 39.918455623925865), (-15.453589852402933, 39.921237982219246), (-15.437477189796091, 39.92389914256354), (-15.421243396373606, 39.92643910557889), (-15.404888473345665, 39.928857871889235), (-15.388412421926233, 39.93115544212227), (-15.371815243333055, 39.933331816909494), (-15.355096938787652, 39.93538699688618), (-15.338257509515323, 39.937320982691396), (-15.321296956745147, 39.939133774967985), (-15.304215281709979, 39.94082537436257), (-15.287012485646452, 39.942395781525555), (-15.269688569794974, 39.94384499711114), (-15.252243535399735, 39.945173021777315), (-15.234677383708702, 39.94637985618582), (-15.216990115973617, 39.94746550100221), (-15.19918173345, 39.94842995689581), (-15.18125223739715, 39.94927322453972), (-15.16320162907814, 39.94999530461085), (-15.145029909759826, 39.950596197789864), (-15.126737080712834, 39.95107590476122), (-15.108323143211573, 39.95143442621316), (-15.089788098534227, 39.95167176283771), (-15.071131947962755, 39.95178791533068), (-15.052354692782894, 39.95178288439165), (-15.033456334284157, 39.951656670724), (-15.01443687375984, 39.951409275034884), (-14.995296312507007, 39.951040698035236)]",True
1784490663.1319454,0,-15.738994059993644,40.04662005678091,1.2685482693278485,235.8925114613003,-0.508323462151452,-14.303415954616941,41.322271299787964,1.1200120169991288,236.69931626579364,-0.1301579191927568,1.4355781053767025,1.2756512430070543,-0.1485362523287197,0.8068048044933391,0.3781655429586952,"[(-15.721902644622567, 39.89711512614182), (-15.708174900396319, 39.90352366738036), (-15.694326440260559, 39.909811433043544), (-15.680357265340469, 39.91597842363353), (-15.666267376764962, 39.92202463965623), (-15.65205677566668, 39.927950081621276), (-15.637725463181996, 39.93375475004205), (-15.623273440451014, 39.939438645435665), (-15.608700708617565, 39.94500176832297), (-15.594007268829216, 39.950444119228536), (-15.579193122237264, 39.9557656986807), (-15.564258269996728, 39.96096650721151), (-15.549202713266364, 39.966046545356754), (-15.534026453208657, 39.971005813655964), (-15.51872949098982, 39.9758443126524), (-15.503311827779799, 39.980562042893055), (-15.487773464752264, 39.98515900492866), (-15.472114403084623, 39.989635199313696), (-15.456334643958007, 39.993990626606355), (-15.44043418855728, 39.998225287368584), (-15.424413038071032, 40.002339182166054), (-15.408271193691586, 40.00633231156817), (-15.392008656614996, 40.010204676148085), (-15.375625428041038, 40.01395627648267), (-15.359121509173226, 40.01758711315256), (-15.342496901218796, 40.02109718674208), (-15.325751605388717, 40.024486497839334), (-15.30888562289769, 40.02775504703614), (-15.29189895496414, 40.03090283492804), (-15.274791602810222, 40.03392986211434), (-15.257563567661819, 40.036836129198065), (-15.240214850748547, 40.03962163678597), (-15.222745453303748, 40.042286385488545), (-15.205155376564493, 40.04483037592003), (-15.187444621771583, 40.047253608698384), (-15.169613190169548, 40.049556084445314), (-15.151661083006642, 40.051737803786246), (-15.133588301534854, 40.05379876735035), (-15.115394847009895, 40.05573897577054), (-15.09708072069121, 40.05755842968344), (-15.07864592384197, 40.05925712972943), (-15.060090457729075, 40.06083507655262), (-15.041414323623153, 40.062292270800846), (-15.022617522798559, 40.06362871312569), (-15.003700056533376, 40.06484440418245)]",True
1784490663.3426557,0,-15.739148596555527,40.059400034261536,1.2876372970806846,235.8925114613003,-0.508323462151452,-14.295972551612174,41.33064017482521,1.1200097322728388,236.69931626579364,-0.1301579191927568,1.4431760449433533,1.2712401405636768,-0.1676275648078458,0.8068048044933391,0.3781655429586952,"[(-15.722899096200806, 39.96866082071839), (-15.709520629791518, 39.978190805929884), (-15.696022046186767, 39.98760060660841), (-15.68240334648668, 39.99689022315436), (-15.668664531795047, 40.00605965597179), (-15.654805603219323, 40.01510890546843), (-15.640826561870627, 40.02403797205567), (-15.626727408863745, 40.03284685614859), (-15.612508145317125, 40.04153555816592), (-15.598168772352883, 40.05010407853007), (-15.583709291096792, 40.05855241766712), (-15.569129702678298, 40.066880576006824), (-15.554430008230506, 40.0750885539826), (-15.539610208890188, 40.08317635203154), (-15.524670305797779, 40.09114397059441), (-15.509610300097375, 40.09899141011564), (-15.49443019293674, 40.106718671043325), (-15.4791299854673, 40.11432575382925), (-15.463709678844147, 40.12181265892885), (-15.448169274226034, 40.12917938680125), (-15.432508772775382, 40.13642593790922), (-15.416728175658271, 40.14355231271923), (-15.400827484044447, 40.15055851170139), (-15.384806699107319, 40.1574445353295), (-15.368665822023962, 40.16421038408103), (-15.352404853975111, 40.1708560584371), (-15.336023796145167, 40.17738155888253), (-15.319522649722192, 40.18378688590578), (-15.302901415897912, 40.19007203999901), (-15.28616009586772, 40.19623702165802), (-15.269298690830666, 40.20228183138231), (-15.252317201989468, 40.20820646967502), (-15.235215630550508, 40.21401093704298), (-15.217993977723825, 40.21969523399668), (-15.200652244723125, 40.22525936105029), (-15.183190432765779, 40.230703318721645), (-15.165608543072814, 40.23602710753224), (-15.147906576868928, 40.241230728007245), (-15.130084535382478, 40.24631418067551), (-15.112142419845483, 40.251277466069546), (-15.094080231493626, 40.25612058472553), (-15.075897971566249, 40.26084353718331), (-15.057595641306362, 40.26544632398642), (-15.039173241960635, 40.269928945682025), (-15.0206307747794, 40.27429140282101)]",True
1784490663.3780267,0,-15.73668094402799,40.27304694174731,1.2072822692497633,235.8925114613003,-0.508323462151452,-14.175003360547018,41.477548928965895,1.1200002741844872,236.69931626579364,-0.1301579191927568,1.5616775834809715,1.2045019872185847,-0.08728199506527612,0.8068048044933391,0.3781655429586952,"[(-15.72609729129011, 40.150777001637664), (-15.713314797644331, 40.16892212829412), (-15.700411917940295, 40.1869467775074), (-15.687388653267924, 40.20485094941578), (-15.67424500472084, 40.222634644161225), (-15.660980973396367, 40.24029786188943), (-15.647596560395531, 40.25784060274978), (-15.634091766823053, 40.27526286689538), (-15.620466593787356, 40.292564654483044), (-15.606721042400565, 40.30974596567329), (-15.592855113778501, 40.32680680063034), (-15.578868809040689, 40.34374715952213), (-15.564762129310349, 40.36056704252031), (-15.550535075714404, 40.37726644980022), (-15.536187649383475, 40.39384538154092), (-15.521719851451882, 40.410303837925184), (-15.507131683057645, 40.42664181913949), (-15.492423145342483, 40.442859325374016), (-15.477594239451816, 40.458956356822654), (-15.462644966534764, 40.474932913683006), (-15.447575327744142, 40.490788996156375), (-15.432385324236465, 40.506524604447776), (-15.417074957171952, 40.52213973876594), (-15.401644227714515, 40.53763439932329), (-15.38609313703177, 40.55300858633597), (-15.370421686295026, 40.568262300023825), (-15.354629876679297, 40.58339554061041), (-15.33871770936329, 40.59840830832299), (-15.322685185529416, 40.61330060339253), (-15.30653230636378, 40.62807242605371), (-15.29025907305619, 40.642723776544926), (-15.27386548680015, 40.65725465510826), (-15.257351548792863, 40.671665061989515), (-15.24071726023523, 40.6859549974382), (-15.223962622331854, 40.70012446170753), (-15.207087636291028, 40.71417345505443), (-15.190092303324754, 40.72810197773953), (-15.17297662464872, 40.74191003002717), (-15.155740601482325, 40.7555976121854), (-15.138384235048656, 40.76916472448597), (-15.120907526574506, 40.78261136720434), (-15.103310477290359, 40.795937540619676), (-15.085593088430398, 40.80914324501486), (-15.067755361232509, 40.82222848067647), (-15.04979729693827, 40.83519324789481)]",True
1784490663.4310184,0,-15.732893923456572,40.32109405580409,1.203131710373464,235.8925114613003,-0.508323462151452,-14.147907144131233,41.51322550043553,1.1200001206286745,236.69931626579364,-0.1301579191927568,1.5849867793253392,1.1921314446314426,-0.08313158974478951,0.8068048044933391,0.3781655429586952,"[(-15.72546249362893, 40.24429271355376), (-15.712731655556443, 40.26528300950549), (-15.699878823291309, 40.28615120940064), (-15.68690399796061, 40.306897313291834), (-15.673807180695302, 40.32752132123558), (-15.66058837263023, 40.348023233292274), (-15.64724757490412, 40.36840304952621), (-15.633784788659582, 40.38866077000556), (-15.620200015043105, 40.40879639480241), (-15.606493255205061, 40.42880992399272), (-15.592664510299707, 40.44870135765637), (-15.57871378148518, 40.46847069587709), (-15.564641069923498, 40.48811793874253), (-15.550446376780567, 40.50764308634423), (-15.536129703226166, 40.52704613877762), (-15.521691050433965, 40.546327096142015), (-15.50713041958151, 40.56548595854063), (-15.492447811850228, 40.58452272608056), (-15.477643228425435, 40.603437398872806), (-15.462716670496322, 40.622229977032255), (-15.447668139255965, 40.64090046067769), (-15.432497635901319, 40.659448849931785), (-15.417205161633222, 40.677875144921096), (-15.401790717656393, 40.69617934577607), (-15.386254305179435, 40.714361452631074), (-15.37059592541483, 40.73242146562433), (-15.354815579578943, 40.75035938489797), (-15.338913268892016, 40.76817521059802), (-15.322888994578175, 40.78586894287439), (-15.306742757865429, 40.803440581880885), (-15.290474559985666, 40.82089012777521), (-15.274084402174655, 40.83821758071894), (-15.257572285672046, 40.85542294087756), (-15.240938211721373, 40.87250620842044), (-15.224182181570045, 40.88946738352084), (-15.207304196469357, 40.90630646635591), (-15.190304257674478, 40.9230234571067), (-15.173182366444466, 40.93961835595815), (-15.155938524042256, 40.95609116309909), (-15.138572731734662, 40.97244187872222), (-15.12108499079238, 40.98867050302417), (-15.103475302489985, 41.00477703620543), (-15.085743668105932, 41.0207614784704), (-15.067890088922562, 41.03662383002736), (-15.04991456622609, 41.052364091088485)]",True
1784490663.4816103,0,-15.730287204620165,40.34500270577275,1.2020537170410146,235.8925114613003,-0.508323462151452,-14.134345069925558,41.53105328083674,1.1200000807467823,236.69931626579364,-0.1301579191927568,1.5959421346946066,1.1860505750639874,-0.08205363629423235,0.8068048044933391,0.3781655429586952,"[(-15.717714981246596, 40.35779775376334), (-15.704609021373146, 40.38054233504008), (-15.691379817665256, 40.40316356247254), (-15.678027371291511, 40.425661436057425), (-15.664551683424527, 40.44803595579547), (-15.650952755240938, 40.47028712169144), (-15.637230587921403, 40.49241493375415), (-15.623385182650605, 40.51441939199643), (-15.609416540617252, 40.536300496435146), (-15.595324663014074, 40.55805824709122), (-15.581109551037827, 40.57969264398959), (-15.566771205889285, 40.60120368715923), (-15.552309628773251, 40.622591376633146), (-15.53772482089855, 40.643855712448385), (-15.523016783478026, 40.66499669464603), (-15.50818551772855, 40.68601432327119), (-15.493231024871019, 40.70690859837301), (-15.478153306130345, 40.72767952000468), (-15.46295236273547, 40.748327088223405), (-15.447628195919355, 40.76885130309044), (-15.432180806918987, 40.78925216467107), (-15.416610196975375, 40.80952967303461), (-15.400916367333549, 40.82968382825441), (-15.38509931924256, 40.84971463040786), (-15.369159053955487, 40.86962207957638), (-15.353095572729428, 40.88940617584542), (-15.336908876825504, 40.90906691930448), (-15.32059896750886, 40.928604310047064), (-15.304165846048658, 40.948018348170734), (-15.28760951371809, 40.967309033777084), (-15.270929971794363, 40.986476366971736), (-15.254127221558711, 41.00552034786434), (-15.23720126429639, 41.0244409765686), (-15.220152101296673, 41.043238253202226), (-15.202979733852862, 41.06191217788699), (-15.185684163262277, 41.08046275074867), (-15.168265390826258, 41.0988899719171), (-15.15072341785017, 41.117193841526145), (-15.133058245643397, 41.13537435971369), (-15.115269875519347, 41.15343152662166), (-15.09735830879545, 41.171365342396015), (-15.079323546793155, 41.18917580718675), (-15.061165590837934, 41.206862921147895), (-15.04288444225928, 41.22442668443751), (-15.024480102390708, 41.241867097217686)]",True
1784490663.5274615,0,-15.701012492971572,40.486423370533494,1.2438603078349961,235.8925114613003,-0.508323462151452,-14.05077198142924,41.63622353395077,1.1952257576412904,236.69931626579364,-0.1301579191927568,1.6502405115423322,1.1498001634172752,-0.04863455019370577,0.8068048044933391,0.3781655429586952,"[(-15.717714981246596, 40.35779775376334), (-15.704609021373146, 40.38054233504008), (-15.691379817665256, 40.40316356247254), (-15.678027371291511, 40.425661436057425), (-15.664551683424527, 40.44803595579547), (-15.650952755240938, 40.47028712169144), (-15.637230587921403, 40.49241493375415), (-15.623385182650605, 40.51441939199643), (-15.609416540617252, 40.536300496435146), (-15.595324663014074, 40.55805824709122), (-15.581109551037827, 40.57969264398959), (-15.566771205889285, 40.60120368715923), (-15.552309628773251, 40.622591376633146), (-15.53772482089855, 40.643855712448385), (-15.523016783478026, 40.66499669464603), (-15.50818551772855, 40.68601432327119), (-15.493231024871019, 40.70690859837301), (-15.478153306130345, 40.72767952000468), (-15.46295236273547, 40.748327088223405), (-15.447628195919355, 40.76885130309044), (-15.432180806918987, 40.78925216467107), (-15.416610196975375, 40.80952967303461), (-15.400916367333549, 40.82968382825441), (-15.38509931924256, 40.84971463040786), (-15.369159053955487, 40.86962207957638), (-15.353095572729428, 40.88940617584542), (-15.336908876825504, 40.90906691930448), (-15.32059896750886, 40.928604310047064), (-15.304165846048658, 40.948018348170734), (-15.28760951371809, 40.967309033777084), (-15.270929971794363, 40.986476366971736), (-15.254127221558711, 41.00552034786434), (-15.23720126429639, 41.0244409765686), (-15.220152101296673, 41.043238253202226), (-15.202979733852862, 41.06191217788699), (-15.185684163262277, 41.08046275074867), (-15.168265390826258, 41.0988899719171), (-15.15072341785017, 41.117193841526145), (-15.133058245643397, 41.13537435971369), (-15.115269875519347, 41.15343152662166), (-15.09735830879545, 41.171365342396015), (-15.079323546793155, 41.18917580718675), (-15.061165590837934, 41.206862921147895), (-15.04288444225928, 41.22442668443751), (-15.024480102390708, 41.241867097217686)]",True
1784490663.5754464,0,-15.691321693551854,40.522742769432725,1.2420505061620926,235.8925114613003,-0.508323462151452,-14.02124982986102,41.67258845904158,1.1523502541316586,236.69931626579364,-0.1301579191927568,1.6700718636908345,1.1498456896088527,-0.08970025203043397,0.8068048044933391,0.3781655429586952,"[(-15.717714981246596, 40.35779775376334), (-15.704609021373146, 40.38054233504008), (-15.691379817665256, 40.40316356247254), (-15.678027371291511, 40.425661436057425), (-15.664551683424527, 40.44803595579547), (-15.650952755240938, 40.47028712169144), (-15.637230587921403, 40.49241493375415), (-15.623385182650605, 40.51441939199643), (-15.609416540617252, 40.536300496435146), (-15.595324663014074, 40.55805824709122), (-15.581109551037827, 40.57969264398959), (-15.566771205889285, 40.60120368715923), (-15.552309628773251, 40.622591376633146), (-15.53772482089855, 40.643855712448385), (-15.523016783478026, 40.66499669464603), (-15.50818551772855, 40.68601432327119), (-15.493231024871019, 40.70690859837301), (-15.478153306130345, 40.72767952000468), (-15.46295236273547, 40.748327088223405), (-15.447628195919355, 40.76885130309044), (-15.432180806918987, 40.78925216467107), (-15.416610196975375, 40.80952967303461), (-15.400916367333549, 40.82968382825441), (-15.38509931924256, 40.84971463040786), (-15.369159053955487, 40.86962207957638), (-15.353095572729428, 40.88940617584542), (-15.336908876825504, 40.90906691930448), (-15.32059896750886, 40.928604310047064), (-15.304165846048658, 40.948018348170734), (-15.28760951371809, 40.967309033777084), (-15.270929971794363, 40.986476366971736), (-15.254127221558711, 41.00552034786434), (-15.23720126429639, 41.0244409765686), (-15.220152101296673, 41.043238253202226), (-15.202979733852862, 41.06191217788699), (-15.185684163262277, 41.08046275074867), (-15.168265390826258, 41.0988899719171), (-15.15072341785017, 41.117193841526145), (-15.133058245643397, 41.13537435971369), (-15.115269875519347, 41.15343152662166), (-15.09735830879545, 41.171365342396015), (-15.079323546793155, 41.18917580718675), (-15.061165590837934, 41.206862921147895), (-15.04288444225928, 41.22442668443751), (-15.024480102390708, 41.241867097217686)]",True
1784490663.629805,0,-15.681352515476217,40.55830929029405,1.2223308358914065,235.8925114613003,-0.508323462151452,-13.999464678514007,41.69910967097897,1.1371795217852672,236.69931626579364,-0.1301579191927568,1.6818878369622094,1.1408003806849223,-0.0851513141061393,0.8068048044933391,0.3781655429586952,"[(-15.700751982059181, 40.449478504378405), (-15.686130814095328, 40.47252491860235), (-15.671376385850039, 40.495437954893426), (-15.65648869866209, 40.51821761323721), (-15.641467753875041, 40.540863893624106), (-15.626313552837239, 40.5633767960493), (-15.611026096901806, 40.58575632051276), (-15.595605387426646, 40.60800246701926), (-15.580051425774448, 40.63011523557837), (-15.56436421331268, 40.65209462620446), (-15.548543751413593, 40.67394063891667), (-15.532590041454215, 40.695653273738955), (-15.516503084816359, 40.71723253070005), (-15.500282882886616, 40.738678409833504), (-15.48392943705636, 40.75999091117764), (-15.46744274872175, 40.781170034775585), (-15.450822819283713, 40.802215780675255), (-15.43406965014797, 40.823128148929364), (-15.417183242725017, 40.84390713959541), (-15.400163598430128, 40.8645527527357), (-15.38301071868336, 40.88506498841732), (-15.365724604909554, 40.90544384671216), (-15.348305258538325, 40.9256893276969), (-15.330752681004071, 40.94580143145302), (-15.31306687374597, 40.96578015806678), (-15.295247838207981, 40.98562550762924), (-15.27729557583884, 41.00533748023625), (-15.259210088092066, 41.024916075988465), (-15.240991376425956, 41.044361294991326), (-15.222639442303587, 41.06367313735507), (-15.204154287192814, 41.08285160319471), (-15.185535912566275, 41.101896692630085), (-15.166784319901385, 41.120808405785795), (-15.14789951068034, 41.13958674279125), (-15.128881486390114, 41.158231703780665), (-15.109730248522458, 41.176743288893014), (-15.090445798573906, 41.195121498272094), (-15.071028138045772, 41.213366332066485), (-15.051477268444144, 41.23147779042956), (-15.03179319127989, 41.24945587351948), (-15.01197590806866, 41.26730058149921), (-14.992025420330881, 41.2850119145365), (-14.971941729591757, 41.30258987280389), (-14.951724837381272, 41.32003445647873), (-14.931374745234189, 41.33734566574314)]",True
1784490663.7069433,0,-15.677865982054046,40.57000261234964,1.2180835199743036,235.8925114613003,-0.508323462151452,-13.992194924593097,41.70783302497779,1.1339119776486537,236.69931626579364,-0.1301579191927568,1.685671057460949,1.1378304126281478,-0.08417154232564994,0.8068048044933391,0.3781655429586952,"[(-15.700751982059181, 40.449478504378405), (-15.686130814095328, 40.47252491860235), (-15.671376385850039, 40.495437954893426), (-15.65648869866209, 40.51821761323721), (-15.641467753875041, 40.540863893624106), (-15.626313552837239, 40.5633767960493), (-15.611026096901806, 40.58575632051276), (-15.595605387426646, 40.60800246701926), (-15.580051425774448, 40.63011523557837), (-15.56436421331268, 40.65209462620446), (-15.548543751413593, 40.67394063891667), (-15.532590041454215, 40.695653273738955), (-15.516503084816359, 40.71723253070005), (-15.500282882886616, 40.738678409833504), (-15.48392943705636, 40.75999091117764), (-15.46744274872175, 40.781170034775585), (-15.450822819283713, 40.802215780675255), (-15.43406965014797, 40.823128148929364), (-15.417183242725017, 40.84390713959541), (-15.400163598430128, 40.8645527527357), (-15.38301071868336, 40.88506498841732), (-15.365724604909554, 40.90544384671216), (-15.348305258538325, 40.9256893276969), (-15.330752681004071, 40.94580143145302), (-15.31306687374597, 40.96578015806678), (-15.295247838207981, 40.98562550762924), (-15.27729557583884, 41.00533748023625), (-15.259210088092066, 41.024916075988465), (-15.240991376425956, 41.044361294991326), (-15.222639442303587, 41.06367313735507), (-15.204154287192814, 41.08285160319471), (-15.185535912566275, 41.101896692630085), (-15.166784319901385, 41.120808405785795), (-15.14789951068034, 41.13958674279125), (-15.128881486390114, 41.158231703780665), (-15.109730248522458, 41.176743288893014), (-15.090445798573906, 41.195121498272094), (-15.071028138045772, 41.213366332066485), (-15.051477268444144, 41.23147779042956), (-15.03179319127989, 41.24945587351948), (-15.01197590806866, 41.26730058149921), (-14.992025420330881, 41.2850119145365), (-14.971941729591757, 41.30258987280389), (-14.951724837381272, 41.32003445647873), (-14.931374745234189, 41.33734566574314)]",True
1784490663.7512016,0,-15.66317271737091,40.6162112659785,1.2077767041559064,235.8925114613003,-0.508323462151452,-13.963472925546975,41.74270437682896,1.1259827403957932,236.69931626579364,-0.1301579191927568,1.6996997918239352,1.1264931108504612,-0.08179396376011328,0.8068048044933391,0.3781655429586952,"[(-15.695135226128873, 40.4741128427803), (-15.680676356467998, 40.49705816140189), (-15.66609423887807, 40.51988012114749), (-15.651388874531802, 40.54257872200742), (-15.636560264605798, 40.5651539639759), (-15.621608410280553, 40.58760584705106), (-15.606533312740455, 40.60993437123491), (-15.591334973173785, 40.632139536533366), (-15.57601339277271, 40.65422134295627), (-15.56056857273329, 40.67617979051734), (-15.545000514255477, 40.69801487923421), (-15.529309218543116, 40.7197266091284), (-15.513494686803938, 40.741314980225354), (-15.497556920249567, 40.7627799925544), (-15.481495920095519, 40.78412164614877), (-15.465311687561199, 40.8053399410456), (-15.449004223869904, 40.826434877285934), (-15.43257353024882, 40.847406454914704), (-15.416019607929025, 40.86825467398075), (-15.399342458145485, 40.888979534536816), (-15.38254208213706, 40.909581036639544), (-15.3656184811465, 40.93005918034948), (-15.34857165642044, 40.950413965731066), (-15.33140160920941, 40.97064539285265), (-15.31410834076783, 40.99075346178648), (-15.296691852354007, 41.01073817260871), (-15.279152145230144, 41.03059952539939), (-15.261489220662328, 41.050337520242465), (-15.243703079920538, 41.06995215722579), (-15.225793724278642, 41.08944343644112), (-15.2077611550144, 41.108811357984116), (-15.189605373409456, 41.12805592195433), (-15.171326380749353, 41.14717712845521), (-15.152924178323516, 41.166174977594125), (-15.134398767425264, 41.18504946948233), (-15.1157501493518, 41.203800604234985), (-15.096978325404221, 41.222428381971156), (-15.078083296887513, 41.2409328028138), (-15.059065065110548, 41.259313866889784), (-15.039923631386092, 41.27757157432987), (-15.020658997030795, 41.29570592526872), (-15.001271163365201, 41.3137169198449), (-14.981760131713742, 41.33160455820088), (-14.962125903404733, 41.349368840483024), (-14.942368479770385, 41.3670097668416)]",True
1784490663.7920384,0,-15.651340534477502,40.6503941500966,1.2041298211731952,235.8925114613003,-0.508323462151452,-13.941933529594689,41.76866565540175,1.1231771211907111,236.69931626579364,-0.1301579191927568,1.709407004882813,1.1182715053051453,-0.08095269998248411,0.8068048044933391,0.3781655429586952,"[(-15.67897729896582, 40.5320207546989), (-15.663927537418996, 40.553321883554574), (-15.648755280911276, 40.574500407059695), (-15.63346053065489, 40.595556325257384), (-15.618043287865998, 40.61648963819473), (-15.602503553764695, 40.637300345922746), (-15.586841329575012, 40.657988448496404), (-15.571056616524915, 40.67855394597461), (-15.555149415846302, 40.698996838420236), (-15.539119728775006, 40.719317125900076), (-15.522967556550794, 40.73951480848488), (-15.50669290041737, 40.75958988624933), (-15.490295761622368, 40.77954235927208), (-15.473776141417359, 40.7993722276357), (-15.457134041057845, 40.81907949142673), (-15.440369461803266, 40.83866415073563), (-15.423482404916994, 40.85812620565682), (-15.406472871666333, 40.87746565628867), (-15.389340863322522, 40.896682502733476), (-15.372086381160734, 40.91577674509749), (-15.354709426460078, 40.93474838349091), (-15.33721000050359, 40.95359741802788), (-15.319588104578246, 40.972323848826484), (-15.301843739974952, 40.990927676008745), (-15.28397690798855, 41.009408899700645), (-15.265987609917811, 41.0277675200321), (-15.247875847065444, 41.046003537136976), (-15.229641620738088, 41.064116951153075), (-15.211284932246313, 41.08210776222216), (-15.192805782904628, 41.099975970489915), (-15.174204174031471, 41.11772157610599), (-15.155480106949215, 41.135344579223975), (-15.136633582984162, 41.15284498000139), (-15.117664603466553, 41.17022277859971), (-15.098573169730555, 41.18747797518436), (-15.079359283114272, 41.2046105699247), (-15.060022944959739, 41.22162056299403), (-15.040564156612923, 41.23850795456962), (-15.020982919423725, 41.25527274483265), (-15.001279234745978, 41.27191493396827), (-14.981453103937444, 41.28843452216555), (-14.961504528359823, 41.30483150961753), (-14.941433509378742, 41.321105896521175), (-14.921240048363764, 41.33725768307741), (-14.90092414668838, 41.353286869491086)]",True
1784490663.8381255,0,-15.63469681231912,40.69553519576885,1.2017760246210851,235.8925114613003,-0.508323462151452,-13.913163055700306,41.80311861379904,1.1213662989507975,237.7734171771489,-0.38019184427754593,1.7215337566188147,1.1075834180301953,-0.08040972567028759,1.8809057158485984,0.12813161787390603,"[(-15.66516957754381, 40.57835188406488), (-15.649752631154737, 40.59758563656854), (-15.634213233337428, 40.61669683249524), (-15.618551385314607, 40.635685471954496), (-15.602767088312921, 40.65455155505973), (-15.58686034356295, 40.67329508192833), (-15.570831152299201, 40.69191605268161), (-15.554679515760107, 40.710414467444835), (-15.538405435188036, 40.728790326347195), (-15.52200891182928, 40.747043629521826), (-15.50548994693406, 40.7651743771058), (-15.488848541756528, 40.783182569240125), (-15.472084697554761, 40.80106820606976), (-15.455198415590766, 40.818831287743585), (-15.438189697130479, 40.83647181441444), (-15.421058543443763, 40.85398978623908), (-15.40380495580441, 40.871385203378225), (-15.38642893549014, 40.8886580659965), (-15.368930483782599, 40.9058083742625), (-15.351309601967364, 40.92283612834874), (-15.33356629133394, 40.93974132843169), (-15.315700553175756, 40.95652397469173), (-15.297712388790172, 40.973184067313206), (-15.279601799478476, 40.989721606484395), (-15.261368786545884, 41.0061365923975), (-15.243013351301535, 41.022429025248684), (-15.224535495058502, 41.03859890523803), (-15.20593521913378, 41.05464623256957), (-15.187212524848295, 41.070571007451264), (-15.168367413526898, 41.08637323009502), (-15.149399886498367, 41.10205290071668), (-15.13030994509541, 41.11761001953602), (-15.111097590654662, 41.13304458677677), (-15.091762824516682, 41.148356602666574), (-15.072305648025958, 41.16354606743704), (-15.052726062530903, 41.17861298132369), (-15.03302406938386, 41.193557344565995), (-15.013199669941097, 41.20837915740737), (-14.993252865562809, 41.22307842009516), (-14.973183657613118, 41.237655132880654), (-14.952992047460071, 41.252109296019064), (-14.932678036475645, 41.26644090976956), (-14.912241626035739, 41.280649974395224), (-14.89168281752018, 41.29473649016311), (-14.871001612312725, 41.30870045734419)]",True
1784490663.8774576,0,-15.622870982460832,40.72630455703531,1.0133621337905674,235.8925114613003,-0.508323462151452,-13.891765100124797,41.82906346370285,1.1207255717923992,237.7734171771489,-0.38019184427754593,1.7311058823360348,1.102758906667539,0.10736343800183179,1.8809057158485984,0.12813161787390603,"[(-15.650424658028607, 40.622869311041846), (-15.634669821669656, 40.64026168499475), (-15.61879270387413, 40.6575316771737), (-15.602793305870907, 40.67467928774671), (-15.58667162889277, 40.69170451688571), (-15.57042767417641, 40.708607364766536), (-15.554061442962427, 40.72538783156895), (-15.537572936495328, 40.74204591747664), (-15.520962156023534, 40.758581622677184), (-15.50422910279937, 40.77499494736212), (-15.487373778079064, 40.79128589172686), (-15.47039618312276, 40.80745445597076), (-15.453296319194509, 40.823500640297105), (-15.436074187562266, 40.839424444913064), (-15.418729789497897, 40.85522587002974), (-15.401263126277176, 40.87090491586216), (-15.383674199179781, 40.886461582629266), (-15.365963009489302, 40.90189587055391), (-15.348129558493236, 40.91720777986286), (-15.330173847482984, 40.932397310786826), (-15.312095877753856, 40.9474644635604), (-15.293895650605073, 40.96240923842212), (-15.27557316733976, 40.977231635614416), (-15.257128429264949, 40.99193165538367), (-15.238561437691581, 41.00650929798014), (-15.219872193934503, 41.02096456365803), (-15.20106069931247, 41.035297452675465), (-15.182126955148142, 41.04950796529447), (-15.163070962768089, 41.06359610178098), (-15.143892723502786, 41.07756186240488), (-15.124592238686613, 41.09140524743994), (-15.105169509657863, 41.10512625716386), (-15.085624537758727, 41.118724891858264), (-15.065957324335312, 41.13220115180868), (-15.046167870737623, 41.14555503730457), (-15.026256178319578, 41.15878654863929), (-15.006222248438997, 41.17189568611013), (-14.986066082457608, 41.1848824500183), (-14.965787681741048, 41.197746840668906), (-14.945387047658857, 41.210488858370994), (-14.924864181584478, 41.22310850343751), (-14.904219084895269, 41.235605776185324), (-14.883451758972486, 41.24798067693523), (-14.862562205201293, 41.260233206011925), (-14.841550424970762, 41.272363363744034)]",True
1784490663.9329371,0,-15.612080388926646,40.75296342930397,0.9133054199336476,235.8925114613003,-0.508323462151452,-13.870394425018112,41.85501227833501,1.1203853152769925,237.7734171771489,-0.38019184427754593,1.7416859639085338,1.1020488490310427,0.20707989534334492,1.8809057158485984,0.12813161787390603,"[(-15.626240130122701, 40.688519372417154), (-15.609867549799853, 40.70435297617825), (-15.593372928399148, 40.720064441690866), (-15.576756267162798, 40.73565376917177), (-15.560017567336896, 40.751120958841604), (-15.543156830171416, 40.766466010924916), (-15.52617405692021, 40.78168892565014), (-15.509069248841014, 40.79678970324959), (-15.49184240719544, 40.81176834395947), (-15.474493533248987, 40.8266248480199), (-15.457022628271027, 40.84135921567485), (-15.439429693534816, 40.8559714471722), (-15.42171473031749, 40.87046154276373), (-15.403877739900064, 40.88482950270509), (-15.385918723567436, 40.89907532725583), (-15.367837682608378, 40.913199016679386), (-15.34963461831555, 40.927200571243084), (-15.331309531985484, 40.94107999121814), (-15.312862424918597, 40.95483727687966), (-15.294293298419184, 40.96847242850664), (-15.275602153795418, 40.981985446381955), (-15.256788992359354, 40.99537633079239), (-15.237853815426925, 41.0086450820286), (-15.218796624317946, 41.02179170038514), (-15.199617420356107, 41.03481618616044), (-15.18031620486898, 41.04771853965685), (-15.160892979188016, 41.060498761180575), (-15.141347744648545, 41.07315685104172), (-15.121680502589777, 41.085692809554295), (-15.1018912543548, 41.098106637036175), (-15.081980001290582, 41.11039833380914), (-15.061946744747967, 41.122567900198845), (-15.041791486081683, 41.13461533653486), (-15.021514226650332, 41.14654064315061), (-15.001114967816395, 41.158343820383436), (-14.980593710946236, 41.17002486857456), (-14.959950457410093, 41.18158378806908), (-14.939185208582085, 41.193020579216), (-14.918297965840209, 41.2043352423682), (-14.89728873056634, 41.215527777882464), (-14.876157504146232, 41.226598186119446), (-14.854904287969516, 41.2375464674437), (-14.833529083429703, 41.24837262222366), (-14.81203189192418, 41.25907665083167), (-14.790412714854211, 41.26965855364394)]",True
1784490663.9753978,0,-15.567105941426547,40.85228882794329,0.8072973031785895,235.8925114613003,-0.508323462151452,-13.778852038799144,41.96825233061274,1.1200248202035334,237.7734171771489,-0.38019184427754593,1.7882539026274031,1.1159635026694517,0.31272751702494395,1.8809057158485984,0.12813161787390603,"[(-15.621727739200368, 40.699962052237005), (-15.605321619610198, 40.71515363439122), (-15.588793466336329, 40.73022308754126), (-15.57214328062178, 40.74517041192428), (-15.555371063713459, 40.75999560778132), (-15.538476816862143, 40.774698675357314), (-15.521460541322494, 40.789279614901076), (-15.504322238353051, 40.80373842666532), (-15.487061909216237, 40.81807511090664), (-15.469679555178349, 40.83228966788552), (-15.452175177509565, 40.84638209786633), (-15.434548777483942, 40.86035240111734), (-15.416800356379417, 40.87420057791069), (-15.398929915477805, 40.88792662852243), (-15.3809374560648, 40.901530553232476), (-15.362822979429977, 40.915012352324645), (-15.344586486866787, 40.92837202608664), (-15.32622797967256, 40.94160957481006), (-15.307747459148505, 40.95472499879037), (-15.289144926599713, 40.96771829832694), (-15.27042038333515, 40.980589473723036), (-15.251573830667661, 40.99333852528579), (-15.23260526991397, 41.00596545332625), (-15.213514702394681, 41.01847025815931), (-15.194302129434272, 41.0308529401038), (-15.174967552361103, 41.0431134994824), (-15.155510972507411, 41.0552519366217), (-15.13593239120931, 41.06726825185218), (-15.116231809806797, 41.07916244550818), (-15.09640922964374, 41.090934517927955), (-15.076464652067887, 41.102584469453646), (-15.056398078430869, 41.114112300431266), (-15.036209510088188, 41.12551801121073), (-15.01589894839923, 41.13680160214583), (-14.99546639472725, 41.147963073594255), (-14.974911850439392, 41.15900242591758), (-14.954235316906667, 41.16991965948125), (-14.93343679550397, 41.18071477465463), (-14.912516287610073, 41.19138777181095), (-14.89147379460762, 41.20193865132733), (-14.870309317883137, 41.212367413584786), (-14.849022858827029, 41.22267405896821), (-14.827614418833573, 41.23285858786638), (-14.806083999300926, 41.24292100067198), (-14.784431601631121, 41.25286129778156)]",True
1784490664.0285168,0,-15.548430332597357,40.887910218963725,0.8025412803598462,235.8925114613003,-0.508323462151452,-13.744124834832606,42.01218205398533,1.120008646698637,237.7734171771489,-0.38019184427754593,1.8043054977647515,1.1242718350216023,0.3174673663387908,1.8809057158485984,0.12813161787390603,"[(-15.621727739200368, 40.699962052237005), (-15.605321619610198, 40.71515363439122), (-15.588793466336329, 40.73022308754126), (-15.57214328062178, 40.74517041192428), (-15.555371063713459, 40.75999560778132), (-15.538476816862143, 40.774698675357314), (-15.521460541322494, 40.789279614901076), (-15.504322238353051, 40.80373842666532), (-15.487061909216237, 40.81807511090664), (-15.469679555178349, 40.83228966788552), (-15.452175177509565, 40.84638209786633), (-15.434548777483942, 40.86035240111734), (-15.416800356379417, 40.87420057791069), (-15.398929915477805, 40.88792662852243), (-15.3809374560648, 40.901530553232476), (-15.362822979429977, 40.915012352324645), (-15.344586486866787, 40.92837202608664), (-15.32622797967256, 40.94160957481006), (-15.307747459148505, 40.95472499879037), (-15.289144926599713, 40.96771829832694), (-15.27042038333515, 40.980589473723036), (-15.251573830667661, 40.99333852528579), (-15.23260526991397, 41.00596545332625), (-15.213514702394681, 41.01847025815931), (-15.194302129434272, 41.0308529401038), (-15.174967552361103, 41.0431134994824), (-15.155510972507411, 41.0552519366217), (-15.13593239120931, 41.06726825185218), (-15.116231809806797, 41.07916244550818), (-15.09640922964374, 41.090934517927955), (-15.076464652067887, 41.102584469453646), (-15.056398078430869, 41.114112300431266), (-15.036209510088188, 41.12551801121073), (-15.01589894839923, 41.13680160214583), (-14.99546639472725, 41.147963073594255), (-14.974911850439392, 41.15900242591758), (-14.954235316906667, 41.16991965948125), (-14.93343679550397, 41.18071477465463), (-14.912516287610073, 41.19138777181095), (-14.89147379460762, 41.20193865132733), (-14.870309317883137, 41.212367413584786), (-14.849022858827029, 41.22267405896821), (-14.827614418833573, 41.23285858786638), (-14.806083999300926, 41.24292100067198), (-14.784431601631121, 41.25286129778156)]",True
1784490664.0757492,0,-15.540571954568444,40.90213360593401,0.8433285744382031,235.8925114613003,-0.508323462151452,-13.730582483477335,42.030024960846575,1.120005671939179,237.7734171771489,-0.38019184427754593,1.809989471091109,1.1278913549125633,0.276677097500976,1.8809057158485984,0.12813161787390603,"[(-15.621727739200368, 40.699962052237005), (-15.605321619610198, 40.71515363439122), (-15.588793466336329, 40.73022308754126), (-15.57214328062178, 40.74517041192428), (-15.555371063713459, 40.75999560778132), (-15.538476816862143, 40.774698675357314), (-15.521460541322494, 40.789279614901076), (-15.504322238353051, 40.80373842666532), (-15.487061909216237, 40.81807511090664), (-15.469679555178349, 40.83228966788552), (-15.452175177509565, 40.84638209786633), (-15.434548777483942, 40.86035240111734), (-15.416800356379417, 40.87420057791069), (-15.398929915477805, 40.88792662852243), (-15.3809374560648, 40.901530553232476), (-15.362822979429977, 40.915012352324645), (-15.344586486866787, 40.92837202608664), (-15.32622797967256, 40.94160957481006), (-15.307747459148505, 40.95472499879037), (-15.289144926599713, 40.96771829832694), (-15.27042038333515, 40.980589473723036), (-15.251573830667661, 40.99333852528579), (-15.23260526991397, 41.00596545332625), (-15.213514702394681, 41.01847025815931), (-15.194302129434272, 41.0308529401038), (-15.174967552361103, 41.0431134994824), (-15.155510972507411, 41.0552519366217), (-15.13593239120931, 41.06726825185218), (-15.116231809806797, 41.07916244550818), (-15.09640922964374, 41.090934517927955), (-15.076464652067887, 41.102584469453646), (-15.056398078430869, 41.114112300431266), (-15.036209510088188, 41.12551801121073), (-15.01589894839923, 41.13680160214583), (-14.99546639472725, 41.147963073594255), (-14.974911850439392, 41.15900242591758), (-14.954235316906667, 41.16991965948125), (-14.93343679550397, 41.18071477465463), (-14.912516287610073, 41.19138777181095), (-14.89147379460762, 41.20193865132733), (-14.870309317883137, 41.212367413584786), (-14.849022858827029, 41.22267405896821), (-14.827614418833573, 41.23285858786638), (-14.806083999300926, 41.24292100067198), (-14.784431601631121, 41.25286129778156)]",True
1784490664.1322353,0,-15.52361687452155,40.93344761843413,0.8787429133645936,235.8925114613003,-0.508323462151452,-13.703810281074258,42.06594551830439,1.1200024418910564,237.7734171771489,-0.38019184427754593,1.819806593447293,1.132497899870259,0.2412595285264627,1.8809057158485984,0.12813161787390603,"[(-15.592540251085865, 40.73486834264377), (-15.574036536574788, 40.74933536096759), (-15.555423071735708, 40.76369252960174), (-15.53669985780434, 40.77793984873405), (-15.517866896019882, 40.79207731855585), (-15.498924187625013, 40.80610493926196), (-15.479871733865897, 40.82002271105068), (-15.46070953599218, 40.833830634123835), (-15.441437595256987, 40.8475287086867), (-15.42205591291693, 40.86111693494808), (-15.402564490232102, 40.87459531312024), (-15.382963328466078, 40.88796384341896), (-15.363252428885914, 40.9012225260635), (-15.34343179276215, 40.914371361276615), (-15.323501421368809, 40.92741034928455), (-15.303461315983393, 40.94033949031705), (-15.283311477886889, 40.953158784607346), (-15.263051908363764, 40.965868232392154), (-15.242682608701967, 40.97846783391169), (-15.222203580192932, 40.99095758940965)]",True
1784490664.186146,0,-15.515584735527904,40.948758167088684,0.8516377200077656,235.8925114613003,-0.508323462151452,-13.690552148362888,42.084000515778676,1.1200016029750348,237.7734171771489,-0.38019184427754593,1.8250325871650155,1.1352423486899923,0.2683638829672692,1.8809057158485984,0.12813161787390603,"[(-15.526860690590592, 40.90950341659059), (-15.506173711199978, 40.93026808084444), (-15.485364355112983, 40.950910243601584), (-15.46443262371016, 40.971429904921806), (-15.44337851837595, 40.99182706486881), (-15.422202040498691, 41.01210172351018), (-15.400903191470617, 41.03225388091742), (-15.37948197268785, 41.052283537165955), (-15.357938385550408, 41.072190692335084), (-15.3362724314622, 41.09197534650802), (-15.31448411183103, 41.111637499771895), (-15.292573428068593, 41.13117715221773), (-15.270540381590477, 41.150594303940466), (-15.248384973816165, 41.169888955038935), (-15.226107206169031, 41.18906110561588), (-15.203707080076338, 41.208110755777945), (-15.18118459696925, 41.22703790563568), (-15.158539758282812, 41.245842555303554), (-15.135772565455971, 41.26452470489991), (-15.112883019931564, 41.28308435454703), (-15.08987112315632, 41.30152150437107), (-15.066736876580855, 41.31983615450211), (-15.043480281659683, 41.33802830507414), (-15.02010133985121, 41.35609795622503), (-14.996600052617731, 41.37404510809657), (-14.972976421425436, 41.39186976083445), (-14.949230447744402, 41.409571914588284), (-14.925362133048601, 41.427151569511565), (-14.901371478815898, 41.4446087257617), (-14.877258486528046, 41.46194338349999), (-14.853023157670691, 41.47915554289167), (-14.828665493733375, 41.49624520410584), (-14.804185496209524, 41.51321236731553), (-14.779583166596456, 41.53005703269768), (-14.754858506395387, 41.5467792004331), (-14.730011517111418, 41.56337887070654), (-14.705042200253544, 41.57985604370665), (-14.67995055733465, 41.59621071962596), (-14.654736589871511, 41.612442898660916), (-14.629400299384796, 41.62855258101188), (-14.603941687399061, 41.64453976688311), (-14.578360755442754, 41.66040445648277), (-14.552657505048213, 41.67614665002292), (-14.52683193775167, 41.69176634771953), (-14.500884055093243, 41.70726354979247)]",True
1784490664.2318807,0,-15.511661573784076,40.95626171972779,0.8418162279296493,235.8925114613003,-0.508323462151452,-13.683958553815229,42.09305395001732,1.1200012989961274,237.7734171771489,-0.38019184427754593,1.8277030199688475,1.1367922302895295,0.27818507106647816,1.8809057158485984,0.12813161787390603,"[(-15.523535787402741, 40.9139664500896), (-15.503705172829964, 40.931766518523666), (-15.48375287467079, 40.94944479043463), (-15.463678894266675, 40.9670012659754), (-15.443483232962912, 40.9844359453027), (-15.423165892108631, 41.00174882857713), (-15.402726873056805, 41.01893991596312), (-15.382166177164239, 41.03600920762895), (-15.361483805791574, 41.052956703746766), (-15.340679760303294, 41.069782404492535), (-15.319754042067716, 41.08648631004609), (-15.298706652456996, 41.1030684205911), (-15.277537592847127, 41.1195287363151), (-15.256246864617937, 41.13586725740945), (-15.234834469153094, 41.15208398406938), (-15.213300407840102, 41.16817891649395), (-15.191644682070299, 41.18415205488608), (-15.169867293238864, 41.20000339945253), (-15.147968242744811, 41.21573295040391), (-15.12594753199099, 41.231340707954686), (-15.103805162384088, 41.24682667232316), (-15.08154113533463, 41.26219084373149), (-15.059155452256975, 41.27743322240567), (-15.03664811456932, 41.292553808575555), (-15.014019123693698, 41.30755260247484), (-14.991268481055977, 41.322429604341075), (-14.968396188085864, 41.33718481441565), (-14.945402246216897, 41.351818232943806), (-14.922286656886458, 41.36632986017462), (-14.899049421535757, 41.38071969636104), (-14.875690541609844, 41.39498774175984), (-14.852210018557605, 41.40913399663166), (-14.828607853831759, 41.423158461240966), (-14.804884048888866, 41.43706113585609), (-14.781038605189316, 41.4508420207492), (-14.757071524197338, 41.46450111619632), (-14.732982807380996, 41.478038422477304), (-14.708772456212186, 41.491453939875875), (-14.684440472166644, 41.50474766867959), (-14.65998685672394, 41.51791960917986), (-14.635411611367477, 41.53096976167195), (-14.610714737584496, 41.54389812645494), (-14.585896236866073, 41.5567047038318), (-14.560956110707117, 41.56938949410931), (-14.535894360606372, 41.581952497598124)]",True
1784490664.4492195,0,-15.43064271932955,41.10564149517188,0.8004980676631887,235.8925114613003,-0.508323462151452,-13.543518655193493,42.281711963597424,1.120000020183386,237.7734171771489,-0.38019184427754593,1.8871240641360565,1.176070468425543,0.3195019525201973,1.8809057158485984,0.12813161787390603,"[(-15.481891136693914, 40.98591339563448), (-15.46470575795169, 40.993256581804054), (-15.447398975776276, 41.00047829120275), (-15.429970791417961, 41.007578524310794), (-15.41242120613084, 41.01455728161224), (-15.394750221172812, 41.02141456359495), (-15.376957837805584, 41.0281503707506), (-15.359044057294666, 41.03476470357468), (-15.341008880909378, 41.041257562566486), (-15.322852309922842, 41.04762894822913), (-15.30457434561199, 41.05387886106954), (-15.286174989257553, 41.06000730159845), (-15.267654242144076, 41.06601427033042), (-15.249012105559903, 41.07189976778381), (-15.230248580797186, 41.0776637944808), (-15.211363669151886, 41.08330635094737), (-15.192357371923762, 41.08882743771332), (-15.173229690416383, 41.094227055312274), (-15.153980625937123, 41.099505204281655), (-15.134610179797162, 41.1046618851627), (-15.115118353311484, 41.10969709850046), (-15.095505147798876, 41.1146108448438), (-15.075770564581934, 41.119403124745396), (-15.055914604987056, 41.12407393876173), (-15.035937270344444, 41.12862328745311), (-15.015838561988112, 41.13305117138364), (-14.995618481255867, 41.13735759112126), (-14.975277029489334, 41.14154254723769), (-14.954814208033932, 41.145606040308486), (-14.934230018238887, 41.149548070913006), (-14.913524461457234, 41.15336863963442), (-14.892697539045809, 41.15706774705972), (-14.871749252365252, 41.160645393779696), (-14.850679602780009, 41.16410158038896), (-14.829488591658329, 41.16743630748593), (-14.808176220372266, 41.17064957567283), (-14.786742490297677, 41.17374138555572), (-14.765187402814224, 41.17671173774445), (-14.743510959305373, 41.17956063285268), (-14.721713161158394, 41.18228807149789), (-14.699794009764362, 41.18489405430137), (-14.677753506518151, 41.18737858188822), (-14.655591652818444, 41.18974165488736), (-14.633308450067727, 41.1919832739315), (-14.610903899672287, 41.19410343965719)]",True
1784490664.5033562,0,-15.413953244908747,41.132960266611896,0.8002141969153436,235.8925114613003,-0.508323462151452,-13.517226377378197,42.31798521210822,1.1200000113974786,237.7734171771489,-0.38019184427754593,1.8967268675305498,1.1850249454963233,0.31978581448213506,1.8809057158485984,0.12813161787390603,"[(-15.478160779075491, 40.9926970648567), (-15.461054780540984, 40.999651531559145), (-15.443827393005686, 41.00648453733726), (-15.426478617716993, 41.01319608268332), (-15.40900845592611, 41.019786168093425), (-15.391416908888036, 41.02625479406747), (-15.373703977861584, 41.03260196110917), (-15.355869664109369, 41.03882766972606), (-15.337913968897807, 41.04493192042947), (-15.319836893497122, 41.05091471373455), (-15.301638439181337, 41.05677605016026), (-15.283318607228287, 41.06251593022937), (-15.264877398919605, 41.06813435446845), (-15.246314815540728, 41.0736313234079), (-15.2276308583809, 41.07900683758192), (-15.208825528733165, 41.08426089752853), (-15.189898827894375, 41.089393503789545), (-15.170850757165184, 41.0944046569106), (-15.151681317850048, 41.09929435744114), (-15.132390511257231, 41.10406260593442), (-15.112978338698795, 41.10870940294751), (-15.093444801490607, 41.11323474904128), (-15.07378990095234, 41.11763864478043), (-15.054013638407465, 41.121921090733444), (-15.034116015183262, 41.12608208747263), (-15.014097032610813, 41.13012163557412), (-14.993956692025002, 41.13403973561783), (-14.973694994764514, 41.13783638818751), (-14.953311942171842, 41.141511593870696), (-14.932807535593277, 41.14506535325875), (-14.912181776378915, 41.148497666946845), (-14.891434665882656, 41.15180853553396), (-14.870566205462202, 41.15499795962288), (-14.849576396479055, 41.15806593982022), (-14.828465240298524, 41.161012476736374), (-14.807232738289716, 41.163837570985564), (-14.785878891825545, 41.166541223185824), (-14.764403702282726, 41.169123433958994), (-14.742807171041772, 41.17158420393072), (-14.721089299487003, 41.17392353373046), (-14.699250089006542, 41.17614142399148), (-14.67728954099231, 41.17823787535087), (-14.655207656840034, 41.1802128884495), (-14.633004437949241, 41.182066463932095), (-14.61067988572326, 41.18379860244714)]",True
1784490664.5589066,0,-15.409796732907559,41.13979797321927,0.800173458929406,235.8925114613003,-0.508323462151452,-13.510673760688807,42.32706833377001,1.1200000101366225,237.7734171771489,-0.38019184427754593,1.899122972218752,1.187270360550741,0.3198265512072166,1.8809057158485984,0.12813161787390603,"[(-15.474458745364467, 40.99953510775229), (-15.457429443817771, 41.006129331442345), (-15.440278769175556, 41.01260211143474), (-15.423006722682382, 41.01895344823287), (-15.405613305586614, 41.02518334234397), (-15.388098519140412, 41.03129179427908), (-15.370462364599746, 41.03727880455302), (-15.352704843224386, 41.04314437368445), (-15.334825956277903, 41.04888850219583), (-15.316825705027675, 41.054511190613425), (-15.298704090744875, 41.060012439467314), (-15.280461114704485, 41.065392249291385), (-15.262096778185285, 41.070650620623326), (-15.24361108246986, 41.07578755400464), (-15.225004028844594, 41.080803049980645), (-15.20627561859968, 41.085697109100465), (-15.187425853029103, 41.090469731917025), (-15.168454733430655, 41.095120918987064), (-15.149362261105932, 41.09965067087113), (-15.130148437360326, 41.10405898813357), (-15.110813263503037, 41.10834587134257), (-15.091356740847063, 41.11251132107009), (-15.071778870709203, 41.11655533789191), (-15.05207965441006, 41.12047792238762), (-15.032259093274035, 41.12427907514063), (-15.012317188629337, 41.127958796738135), (-14.99225394180797, 41.13151708777116), (-14.972069354145741, 41.13495394883452), (-14.951763426982259, 41.13826938052686), (-14.931336161660933, 41.14146338345061), (-14.910787559528975, 41.14453595821203), (-14.890117621937396, 41.14748710542117), (-14.869326350241009, 41.150316825691895), (-14.848413745798425, 41.153025119641875), (-14.827379809972062, 41.1556119878926), (-14.806224544128133, 41.15807743106935), (-14.784947949636654, 41.160421449801234), (-14.763550027871442, 41.16264404472115), (-14.742030780210115, 41.16474521646581), (-14.720390208034088, 41.16672496567574), (-14.698628312728582, 41.16858329299527), (-14.676745095682612, 41.170320199072535), (-14.654740558289, 41.17193568455948), (-14.63261470194436, 41.17342975011185), (-14.610367528049117, 41.17480239638922)]",True
1784490664.582002,0,-15.39317433153811,41.167389012486446,0.8414562381393814,235.8925114613003,-0.508323462151452,-13.484277685544425,42.36326474894314,1.1200000070769462,237.7734171771489,-0.38019184427754593,1.9088966459936856,1.195875736456692,0.27854376893756483,1.8809057158485984,0.12813161787390603,"[(-15.467105126380345, 41.0129991371604), (-15.4505243456041, 41.018191164195315), (-15.433822263645677, 41.023261825042994), (-15.416998881733592, 41.02821112024996), (-15.400054201100163, 41.033039050366554), (-15.382988222981497, 41.03774561594689), (-15.365800948617498, 41.0423308175489), (-15.34849237925186, 41.04679465573432), (-15.331062516132079, 41.05113713106866), (-15.31351136050944, 41.05535824412126), (-15.295838913639018, 41.05945799546525), (-15.278045176779692, 41.063436385677555), (-15.260130151194128, 41.06729341533891), (-15.242093838148786, 41.071029085033835), (-15.223936238913925, 41.07464339535067), (-15.205657354763591, 41.078136346881536), (-15.187257186975629, 41.081507940222366), (-15.168735736831675, 41.084758175972894), (-15.15009300561716, 41.08788705473665), (-15.131328994621308, 41.090894577120956), (-15.112443705137137, 41.09378074373694), (-15.093437138461457, 41.09654555519954), (-15.074309295894873, 41.09918901212748), (-15.05506017874178, 41.10171111514329), (-15.035689788310371, 41.104111864873296), (-15.01619812591263, 41.10639126194763), (-14.996585192864336, 41.10854930700022), (-14.976850990485055, 41.11058600066878), (-14.956995520098152, 41.11250134359486), (-14.937018783030783, 41.114295336423766), (-14.916920780613898, 41.11596797980463), (-14.896701514182237, 41.117519274390375), (-14.876360985074333, 41.11894922083773), (-14.855899194632517, 41.120257819807215), (-14.835316144202906, 41.12144507196316), (-14.814611835135413, 41.122510977973675), (-14.793786268783743, 41.12345553851069), (-14.772839446505392, 41.12427875424992), (-14.75177136966165, 41.1249806258709), (-14.7305820396176, 41.125561154056925), (-14.709271457742114, 41.12602033949513), (-14.687839625407861, 41.12635818287642), (-14.666286543991296, 41.12657468489552), (-14.64461221487267, 41.12666984625094), (-14.622816639436026, 41.12664366764499)]",True
1784490664.6267834,0,-15.365650576962736,41.21432028081642,0.8818434746281582,235.8925114613003,-0.508323462151452,-13.444066051607974,42.41710375496785,1.120000005419416,237.7734171771489,-0.38019184427754593,1.9215845253547617,1.202783474151424,0.23815653079125776,1.8809057158485984,0.12813161787390603,"[(-15.448273961390681, 41.048278507903774), (-15.431063025869243, 41.0543266516855), (-15.413730717610306, 41.060253353219984), (-15.396277037864076, 41.06605861302775), (-15.378701987884554, 41.071742431633126), (-15.361005568929551, 41.07730480956426), (-15.343187782260674, 41.082745747353094), (-15.325248629143339, 41.08806524553538), (-15.307188110846756, 41.0932633046507), (-15.289006228643943, 41.09833992524241), (-15.27070298381172, 41.10329510785771), (-15.252278377630706, 41.10812885304758), (-15.233732411385324, 41.11284116136682), (-15.215065086363797, 41.11743203337405), (-15.196276403858155, 41.12190146963169), (-15.177366365164227, 41.12624947070595), (-15.15833497158164, 41.13047603716688), (-15.139182224413826, 41.134581169588316), (-15.11990812496802, 41.13856486854792), (-15.100512674555256, 41.142427134627134), (-15.080995874490371, 41.14616796841124), (-15.061357726092004, 41.149787370489314), (-15.041598230682592, 41.15328534145424), (-15.021717389588376, 41.156661881902714), (-15.0017152041394, 41.159916992435235), (-14.981591675669504, 41.16305067365611), (-14.961346805516335, 41.16606292617345), (-14.940980595021337, 41.1689537505992), (-14.920493045529756, 41.17172314754908), (-14.89988415839064, 41.174371117642636), (-14.879153934956834, 41.17689766150321), (-14.85830237658499, 41.17930277975797), (-14.837329484635557, 41.181586473037875), (-14.816235260472785, 41.1837487419777), (-14.795019705464725, 41.18578958721603), (-14.773682820983227, 41.18770900939524), (-14.752224608403944, 41.18950700916154), (-14.730645069106327, 41.19118358716492), (-14.70894420447363, 41.192738744059206), (-14.687122015892905, 41.19417248050201), (-14.665178504755007, 41.19548479715476), (-14.643113672454586, 41.19667569468269), (-14.620927520390097, 41.19774517375484), (-14.598620049963793, 41.198693235044054), (-14.576191262581727, 41.19951987922699)]",True
1784490664.6879988,0,-15.352477164144519,41.23653333170674,0.843462773042522,235.8925114613003,-0.508323462151452,-13.417901818442443,42.453469425464355,1.120000005048348,237.7734171771489,-0.38019184427754593,1.9345753457020756,1.2169360937576172,0.27653723200582603,1.8809057158485984,0.12813161787390603,"[(-15.407151867458957, 41.12010625756132), (-15.388693568889394, 41.127647809528995), (-15.370114017339537, 41.13506803095762), (-15.351413214095173, 41.14236692231956), (-15.332591160445881, 41.14954448409097), (-15.313647857685027, 41.1566007167518), (-15.294583307109763, 41.1635356207858), (-15.27539751002103, 41.170349196680526), (-15.256090467723558, 41.177041444927305), (-15.236662181525864, 41.18361236602128), (-15.217112652740251, 41.19006196046138), (-15.197441882682812, 41.196390228750325), (-15.177649872673427, 41.202597171394636), (-15.157736624035763, 41.208682788904625), (-15.137702138097277, 41.2146470817944), (-15.117546416189208, 41.22049005058188), (-15.097269459646588, 41.22621169578875), (-15.076871269808231, 41.231812017940506), (-15.056351848016746, 41.23729101756644), (-15.03571119561852, 41.24264869519964), (-15.014949313963731, 41.247885051376976), (-14.994066204406348, 41.253000086639126), (-14.97306186830412, 41.25799380153055), (-14.951936307018586, 41.262866196599525), (-14.930689521915076, 41.26761727239809), (-14.909321514362698, 41.27224702948211), (-14.887832285734355, 41.27675546841122), (-14.866221837406732, 41.28114258974886), (-14.8444901707603, 41.28540839406227), (-14.82263728717932, 41.28955288192248), (-14.80066318805184, 41.29357605390431), (-14.778567874769687, 41.29747791058637), (-14.756351348728481, 41.30125845255108), (-14.734013611327628, 41.30491768038464), (-14.711554663970317, 41.308455594677056), (-14.688974508063524, 41.311872196022115), (-14.666273145018014, 41.315167485017405), (-14.643450576248338, 41.318341462264314), (-14.620506803172825, 41.32139412836801), (-14.597441827213599, 41.32432548393747), (-14.574255649796568, 41.32713552958545), (-14.55094827235142, 41.32982426592851), (-14.527519696311636, 41.332391693587), (-14.503969923114477, 41.33483781318506), (-14.480298954200993, 41.33716262535064)]",True
1784490664.7506309,0,-15.343663974098625,41.25073177131616,0.8285018492967132,235.8925114613003,-0.508323462151452,-13.411404559048824,42.46259222586195,1.1200000049950964,237.7734171771489,-0.38019184427754593,1.932259415049801,1.2118604545457856,0.2914981556983832,1.8809057158485984,0.12813161787390603,"[(-15.390192793999779, 41.1472830771742), (-15.371864022181455, 41.154082520547554), (-15.353414132984877, 41.16076077171794), (-15.334843127688094, 41.1673178311795), (-15.316151007572934, 41.17375369943018), (-15.297337773924994, 41.18006837697168), (-15.278403428033647, 41.18626186430951), (-15.259347971192035, 41.19233416195292), (-15.240171404697078, 41.19828527041498), (-15.220873729849462, 41.204115190212505), (-15.20145494795365, 41.20982392186611), (-15.181915060317877, 41.215411465900196), (-15.162254068254153, 41.22087782284292), (-15.142471973078255, 41.226222993226244), (-15.122568776109738, 41.23144697758588), (-15.102544478671925, 41.23654977646135), (-15.08239908209191, 41.24153139039594), (-15.062132587700567, 41.24639181993672), (-15.041744996832536, 41.25113106563453), (-15.02123631082623, 41.255749128044), (-15.000606531023836, 41.26024600772354), (-14.979855658771307, 41.26462170523533), (-14.958983695418375, 41.268876221145334), (-14.937990642318542, 41.2730095560233), (-14.91687650082908, 41.27702171044274), (-14.895641272311034, 41.28091268498097), (-14.87428495812922, 41.28468248021906), (-14.852807559652224, 41.28833109674188), (-14.831209078252407, 41.291858535138054), (-14.8094895153059, 41.29526479600001), (-14.787648872192605, 41.298549879923954), (-14.765687150296197, 41.30171378750985), (-14.74360435100412, 41.30475651936145), (-14.721400475707588, 41.30767807608629), (-14.69907552580159, 41.310478458295684), (-14.676629502684882, 41.313157666604724), (-14.654062407759996, 41.31571570163228), (-14.63137424243323, 41.318152564001), (-14.608565008114656, 41.3204682543373), (-14.585634706218116, 41.3226627732714), (-14.56258333816122, 41.324736121437276), (-14.539410905365354, 41.32668829947269), (-14.516117409255672, 41.32851930801919), (-14.492702851261097, 41.330229147722086), (-14.469167232814323, 41.33181781923048)]",True
1784490664.7773745,0,-15.323906026598726,41.28070721056211,0.9157399679408655,235.8925114613003,-0.508323462151452,-13.38550483553877,42.4991467994303,1.120000004865873,237.7734171771489,-0.38019184427754593,1.9384011910599561,1.2184395888681863,0.20426003692500738,1.8809057158485984,0.12813161787390603,"[(-15.340409359905783, 41.230953228308735), (-15.320172588809278, 41.2405601565197), (-15.299814628875438, 41.25004580695915), (-15.279335481443693, 41.25941018003423), (-15.258735147857253, 41.26865327615586), (-15.238013629463108, 41.27777509573875), (-15.21717092761203, 41.2867756392014), (-15.196207043658566, 41.29565490696611), (-15.175121978961048, 41.304412899458946), (-15.153915734881586, 41.313049617109776), (-15.132588312786071, 41.321565060352256), (-15.111139714044171, 41.32995922962383), (-15.089569940029335, 41.33823212536572), (-15.067878992118795, 41.34638374802295), (-15.046066871693554, 41.35441409804433), (-15.024133580138404, 41.362323175882445), (-15.00207911884191, 41.370110981993676), (-14.979903489196419, 41.3777775168382), (-14.957606692598056, 41.385322780879974), (-14.935188730446725, 41.39274677458674), (-14.912649604146111, 41.40004949843003), (-14.889989315103675, 41.407230952885165), (-14.867207864730661, 41.41429113843125), (-14.844305254442089, 41.42123005555119), (-14.821281485656758, 41.42804770473167), (-14.798136559797246, 41.434744086463155), (-14.774870478289913, 41.44131920123991), (-14.75148324256489, 41.44777304955997), (-14.727974854056093, 41.45410563192518), (-14.704345314201218, 41.46031694884116), (-14.680594624441731, 41.46640700081731), (-14.656722786222884, 41.47237578836684), (-14.632729800993706, 41.478223312006726), (-14.608615670207001, 41.48394957225774), (-14.584380395319355, 41.48955456964444), (-14.56002397779113, 41.49503830469517), (-14.535546419086465, 41.50040077794207), (-14.51094772067328, 41.50564198992105), (-14.48622788402327, 41.51076194117182), (-14.46138691061191, 41.51576063223788), (-14.436424801918452, 41.5206380636665), (-14.411341559425924, 41.52539423600876), (-14.386137184621138, 41.530029149819505), (-14.360811678994672, 41.53454280565738), (-14.335365044040891, 41.538935204084815)]",True
1784490664.8556523,0,-15.318931779758833,41.28826437064285,0.8937262283058736,235.8925114613003,-0.508323462151452,-13.379050249197366,42.50829984255658,1.1200000048473282,237.7734171771489,-0.38019184427754593,1.9398815305614665,1.2200354719137323,0.22627377654145464,1.8809057158485984,0.12813161787390603,"[(-15.322238594071903, 41.260607170701306), (-15.301893340340824, 41.270151776160134), (-15.281427023614828, 41.27957522968693), (-15.260839645233357, 41.28887753168974), (-15.240131206539616, 41.2980586825804), (-15.219301708880575, 41.307118682774494), (-15.198351153606975, 41.3160575326914), (-15.177279542073318, 41.32487523275427), (-15.156086875637879, 41.33357178339003), (-15.134773155662694, 41.34214718502936), (-15.113338383513568, 41.35060143810675), (-15.091782560560073, 41.35893454306044), (-15.070105688175545, 41.36714650033246), (-15.048307767737086, 41.3752373103686), (-15.026388800625567, 41.38320697361842), (-15.004348788225622, 41.39105549053528), (-14.982187731925652, 41.398782861576294), (-14.959905633117824, 41.406389087202356), (-14.937502493198071, 41.41387416787814), (-14.91497831356609, 41.42123810407209), (-14.892333095625347, 41.42848089625641), (-14.869566840783069, 41.435602544907105), (-14.846679550450254, 41.442603050503934), (-14.823671226041663, 41.44948241353044), (-14.80054186897582, 41.456240634473936), (-14.777291480675018, 41.46287771382551), (-14.753920062565312, 41.46939365208003), (-14.730427616076526, 41.47578844973612), (-14.706814142642246, 41.48206210729621), (-14.683079643699823, 41.488214625266465), (-14.659224120690379, 41.49424600415686), (-14.63524757505879, 41.50015624448111), (-14.611150008253707, 41.50594534675674), (-14.586931421727542, 41.511613311505016), (-14.56259181693647, 41.517160139251), (-14.538131195340432, 41.52258583052352), (-14.513549558403135, 41.52789038585517), (-14.488846907592048, 41.53307380578234), (-14.464023244378408, 41.538136090845164), (-14.439078570237214, 41.543077241587575), (-14.41401288664723, 41.54789725855726), (-14.388826195090981, 41.5525961423057), (-14.363518497054763, 41.55717389338813), (-14.33808979402863, 41.56163051236357), (-14.312540087506402, 41.565965999794805)]",True
1784490664.8798008,0,-15.304620538098195,41.310079740945845,0.8497730789298567,236.8849198813752,0.21407333128239792,-13.35978844613263,42.53583047476384,1.1200000048103014,237.7734171771489,-0.38019184427754593,1.9448320919655657,1.2257507338179963,0.2702269258804447,0.8884972957737034,-0.5942651755599438,"[(-15.322403874746223, 41.260218589391954), (-15.302604477673361, 41.2687750445626), (-15.282684108366333, 41.2772104432278), (-15.262642768144994, 41.285524785825544), (-15.242480458332967, 41.293718072797574), (-15.222197180257623, 41.30179030458941), (-15.201792935250094, 41.30974148165032), (-15.181267724645265, 41.317571604433354), (-15.160621549781778, 41.32528067339532), (-15.139854412002036, 41.33286868899678), (-15.118966312652192, 41.34033565170208), (-15.09795725308216, 41.3476815619793), (-15.076827234645608, 41.354906420300324), (-15.055576258699958, 41.36201022714077), (-15.034204326606392, 41.36899298298003), (-15.012711439729847, 41.37585468830126), (-14.991097599439014, 41.382595343591376), (-14.969362807106343, 41.38921494934107), (-14.947507064108038, 41.39571350604478), (-14.925530371824058, 41.402091014200714), (-14.90343273163812, 41.40834747431086), (-14.88121414493769, 41.41448288688095), (-14.858874613113999, 41.42049725242048), (-14.836414137562029, 41.42639057144273), (-14.813832719680516, 41.43216284446472), (-14.791130360871954, 41.43781407200725), (-14.76830706254259, 41.44334425459487), (-14.745362826102427, 41.44875339275591), (-14.722297652965226, 41.45404148702245), (-14.699111544548497, 41.45920853793034), (-14.675804502273511, 41.464254546019184), (-14.652376527565291, 41.469179511832365), (-14.628827621852615, 41.47398343591702), (-14.605157786568016, 41.47866631882405), (-14.581367023147783, 41.483228161108116), (-14.557455333031955, 41.48766896332765), (-14.533422717664331, 41.491988726044845), (-14.509269178492467, 41.496187449825655), (-14.484994716967664, 41.50026513523979), (-14.460599334544984, 41.504221782860746), (-14.436083032683245, 41.50805739326576), (-14.411445812845011, 41.511771967035834), (-14.38668767649661, 41.51536550475575), (-14.361808625108116, 41.51883800701403), (-14.336808660153363, 41.52218947440298)]",True
1784490664.9345198,0,-15.295112519974355,41.32394856284147,0.8326399967026983,236.8849198813752,0.21407333128239792,-13.347164779818312,42.55433453481282,1.1200000047958683,237.7734171771489,-0.38019184427754593,1.9479477401560423,1.2303859719713444,0.28736000809316997,0.8884972957737034,-0.5942651755599438,"[(-15.313581046630908, 41.27355696246476), (-15.293692443277841, 41.2820713592472), (-15.273682635237808, 41.290464466653106), (-15.25355162384028, 41.29873628512404), (-15.233299410418512, 41.306886815105386), (-15.212925996309542, 41.31491605704628), (-15.192431382854192, 41.322824011399675), (-15.171815571397067, 41.33061067862231), (-15.151078563286553, 41.338276059174696), (-15.130220359874821, 41.34582015352117), (-15.109240962517825, 41.35324296212983), (-15.088140372575301, 41.36054448547259), (-15.066918591410769, 41.36772472402512), (-15.04557562039153, 41.37478367826693), (-15.024111460888669, 41.38172134868127), (-15.002526114277051, 41.38853773575521), (-14.980819581935329, 41.395232839979606), (-14.958991865245933, 41.4018066618491), (-14.937042965595078, 41.40825920186213), (-14.914972884372759, 41.41459046052092), (-14.892781622972757, 41.42080043833149), (-14.870469182792634, 41.42688913580364), (-14.848035565233733, 41.432856553450975), (-14.825480771701177, 41.43870269179088), (-14.802804803603875, 41.44442755134453), (-14.780007662354517, 41.4500311326369), (-14.757089349369576, 41.455513436196746), (-14.7340498660693, 41.46087446255661), (-14.71088921387773, 41.46611421225284), (-14.687607394222677, 41.47123268582557), (-14.664204408535742, 41.47622988381871), (-14.640680258252305, 41.48110580677997), (-14.617034944811527, 41.485860455260855), (-14.59326846965635, 41.49049382981666), (-14.569380834233497, 41.49500593100645), (-14.545372039993476, 41.49939675939311), (-14.521242088390569, 41.50366631554329), (-14.496990980882847, 41.507814600027444), (-14.472618718932157, 41.51184161341981), (-14.448125304004131, 41.51574735629842), (-14.423510737568177, 41.51953182924509), (-14.398775021097487, 41.523195032845436), (-14.373918156069033, 41.52673696768885), (-14.348940143963567, 41.53015763436852), (-14.323840986265624, 41.533457033481426)]",True
1784490664.978752,0,-15.276460228988016,41.351031998197925,0.8140365832622343,236.8849198813752,0.21407333128239792,-13.322277886133495,42.59158595473633,1.1200000047801963,237.7734171771489,-0.38019184427754593,1.954182342854521,1.240553956538406,0.3059634215179621,0.8884972957737034,-0.5942651755599438,"[(-15.30324537445986, 41.28891375427125), (-15.283182479056617, 41.29751521212867), (-15.262998356872707, 41.30599535771954), (-15.242693009243563, 41.31435419148287), (-15.222266437508399, 41.32259171386148), (-15.201718643010214, 41.330707925301965), (-15.181049627095794, 41.33870282625473), (-15.160259391115709, 41.346576417173964), (-15.139347936424317, 41.354328698517655), (-15.118315264379758, 41.36195967074758), (-15.097161376343958, 41.36946933432931), (-15.075886273682627, 41.376857689732205), (-15.054489957765261, 41.384124737429424), (-15.03297242996514, 41.39127047789792), (-15.01133369165933, 41.39829491161843), (-14.989573744228679, 41.40519803907549), (-14.967692589057826, 41.41197986075744), (-14.945690227535188, 41.41864037715639), (-14.923566661052968, 41.425179588768266), (-14.901321891007155, 41.43159749609276), (-14.87895591879752, 41.43789409963339), (-14.85646874582762, 41.44406939989743), (-14.833860373504796, 41.45012339739598), (-14.811130803240175, 41.456056092643905), (-14.788280036448665, 41.46186748615988), (-14.76530807454896, 41.46755757846637), (-14.742214918963537, 41.47312637008963), (-14.719000571118658, 41.47857386155971), (-14.695665032444365, 41.483900053410444), (-14.67220830437449, 41.48910494617947), (-14.648630388346643, 41.49418854040821), (-14.624931285802221, 41.49915083664188), (-14.601110998186405, 41.503991835429495), (-14.577169526948156, 41.508711537323855), (-14.553106873540221, 41.51330994288155), (-14.528923039419132, 41.51778705266297), (-14.504618026045202, 41.52214286723229), (-14.480191834882525, 41.52637738715748), (-14.455644467398983, 41.53049061301031), (-14.430975925066237, 41.53448254536632), (-14.406186209359735, 41.538353184804876), (-14.381275321758704, 41.542102531909094), (-14.356243263746157, 41.54573058726592), (-14.331090036808886, 41.54923735146607), (-14.30581564243747, 41.55262282510405)]",True
1784490665.033698,0,-15.236570088496206,41.411646148921655,0.8021021487895543,236.8849198813752,0.21407333128239792,-13.265328654316756,42.67475006050507,1.1200000047701426,237.7734171771489,-0.38019184427754593,1.9712414341794506,1.2631039115834142,0.3178978559805883,0.8884972957737034,-0.5942651755599438,"[(-15.274168055311474, 41.3320034278076), (-15.254294623060972, 41.33977113518403), (-15.234300144261809, 41.34741771377779), (-15.21418462023834, 41.354943164052145), (-15.19394805231868, 41.36234748647417), (-15.17359044183471, 41.369630681514685), (-15.153111790122079, 41.376792749648295), (-15.132512098520198, 41.38383369135337), (-15.111791368372247, 41.39075350711205), (-15.090949601025166, 41.39755219741027), (-15.069986797829662, 41.404229762737714), (-15.048902960140206, 41.41078620358785), (-15.027698089315033, 41.41722152045791), (-15.006372186716145, 41.4235357138489), (-14.984925253709308, 41.42972878426561), (-14.963357291664053, 41.43580073221659), (-14.941668301953671, 41.44175155821417), (-14.919858285955224, 41.44758126277445), (-14.897927245049532, 41.45328984641729), (-14.875875180621184, 41.45887730966634), (-14.853702094058532, 41.46434365304902), (-14.83140798675369, 41.46968887709651), (-14.808992860102538, 41.47491298234377), (-14.78645671550472, 41.48001596932953), (-14.763799554363642, 41.4849978385963), (-14.741021378086476, 41.48985859069035), (-14.718122188084156, 41.494598226161735), (-14.695101985771382, 41.49921674556427), (-14.671960772566615, 41.50371414945554), (-14.648698549892083, 41.50809043839692), (-14.625315319173774, 41.51234561295354), (-14.60181108184144, 41.5164796736943), (-14.578185839328599, 41.520492621191885), (-14.55443959307253, 41.524384456022744), (-14.530572344514276, 41.5281551787671), (-14.506584095098642, 41.53180479000894), (-14.482474846274199, 41.535333290336034), (-14.458244599493277, 41.53874068033992), (-14.433893356211971, 41.5420269606159), (-14.40942111789014, 41.54519213176306), (-14.384827885991404, 41.548236194384245), (-14.360113661983148, 41.551159149086075), (-14.335278447336517, 41.55396099647895), (-14.31032224352642, 41.55664173717703), (-14.28524505203153, 41.55920137179825)]",True
1784490665.0830224,0,-15.223640598960907,41.43192126496432,0.8011163463176393,236.8849198813752,0.21407333128239792,-13.245731651035419,42.70204315580232,1.120000004769312,237.7734171771489,-0.38019184427754593,1.9779089479254885,1.2701218908379985,0.31888365845167266,0.8884972957737034,-0.5942651755599438,"[(-15.251895717255083, 41.36367440598897), (-15.23294988861827, 41.36949548491501), (-15.21388298235442, 41.37519541249611), (-15.194694999759895, 41.38077418925658), (-15.175385942134826, 41.38623181572447), (-15.15595581078311, 41.391568292431636), (-15.136404607012421, 41.39678361991369), (-15.116732332134196, 41.40187779871003), (-15.09693898746364, 41.40685082936383), (-15.07702457431973, 41.411702712422034), (-15.056989094025207, 41.416433448435356), (-15.036832547906586, 41.4210430379583), (-15.016554937294146, 41.425531481549136), (-14.996156263521936, 41.429898779769914), (-14.975636527927774, 41.43414493318645), (-14.954995731853247, 41.43826994236835), (-14.934233876643706, 41.44227380788899), (-14.913350963648275, 41.44615653032551), (-14.892346994219844, 41.44991811025884), (-14.871221969715071, 41.453558548273676), (-14.849975891494383, 41.4570778449585), (-14.828608760921972, 41.46047600090555), (-14.807120579365801, 41.46375301671086), (-14.7855113481976, 41.466908892974224), (-14.763781068792865, 41.46994363029922), (-14.74192974253086, 41.4728572292932), (-14.71995737079462, 41.47564969056728), (-14.697863954970945, 41.47832101473637), (-14.675649496450399, 41.480871202419145), (-14.653313996627318, 41.48330025423804), (-14.630857456899806, 41.48560817081928), (-14.60827987866973, 41.48779495279288), (-14.585581263342728, 41.4898606007926), (-14.5627616123282, 41.49180511545599), (-14.53982092703932, 41.49362849742437), (-14.516759208893026, 41.495330747342834), (-14.49357645931002, 41.49691186586026), (-14.470272679714773, 41.498371853629294), (-14.446847871535525, 41.49971071130635), (-14.423302036204278, 41.50092843955163), (-14.399635175156806, 41.50202503902909), (-14.375847289832645, 41.50300051040649), (-14.351938381675101, 41.503854854355325), (-14.327908452131242, 41.504588071550906), (-14.303757502651909, 41.50520016267229)]",True
1784490665.1372278,0,-15.219325939596787,41.43866999287155,0.8009040195153849,236.8849198813752,0.21407333128239792,-13.239162228970917,42.711114129213634,1.1200000047691332,237.7734171771489,-0.38019184427754593,1.9801637106258703,1.2724441363420809,0.31909598525374827,0.8884972957737034,-0.5942651755599438,"[(-15.243080312481023, 41.376659889838606), (-15.223997064895233, 41.38259019754203), (-15.20479263208192, 41.38839924545648), (-15.185467015344774, 41.394087034104075), (-15.16602021599126, 41.3996535640107), (-15.146452235332626, 41.405098835706035), (-15.126763074683904, 41.41042284972356), (-15.106952735363901, 41.415625606600535), (-15.087021218695211, 41.420707106878005), (-15.066968526004205, 41.425667351100806), (-15.046794658621033, 41.43050633981756), (-15.026499617879635, 41.435224073580684), (-15.006083405117717, 41.43982055294637), (-14.985546021676779, 41.444295778474604), (-14.964887468902093, 41.44864975072916), (-14.944107748142715, 41.4528824702776), (-14.92320686075148, 41.45699393769127), (-14.902184808085005, 41.46098415354532), (-14.881041591503687, 41.46485311841865), (-14.8597772123717, 41.46860083289399), (-14.838391672057, 41.472227297557836), (-14.816884971931325, 41.475732513000466), (-14.79525711337019, 41.47911647981596), (-14.773508097752888, 41.48237919860217), (-14.751637926462498, 41.48552066996075), (-14.729646600885875, 41.48854089449713), (-14.707534122413655, 41.491439872820536), (-14.68530049244025, 41.49421760554397), (-14.662945712363857, 41.49687409328424), (-14.640469783586449, 41.49940933666191), (-14.61787270751378, 41.50182333630137), (-14.59515448555538, 41.50411609283076), (-14.572315119124562, 41.50628760688203), (-14.549354609638417, 41.50833787909091), (-14.526272958517815, 41.51026691009692), (-14.503070167187404, 41.51207470054335), (-14.479746237075615, 41.513761251077305), (-14.456301169614653, 41.51532656234966), (-14.432734966240504, 41.51677063501507), (-14.409047628392935, 41.518093469731994), (-14.385239157515487, 41.51929506716266), (-14.361309555055485, 41.52037542797309), (-14.337258822464028, 41.52133455283311), (-14.313086961195996, 41.5221724424163), (-14.288793972710046, 41.522889097400046)]",True
1784490665.1861904,0,-15.188687128491019,41.48557967152636,0.8002064626809313,236.8849198813752,0.21407333128239792,-13.192916394725703,42.77442165662565,1.1200000047685454,237.7734171771489,-0.38019184427754593,1.9957707337653154,1.288841985099289,0.3197935420876141,0.8884972957737034,-0.5942651755599438,"[(-15.200840375031902, 41.44189546537074), (-15.183287057891325, 41.445176229241916), (-15.165612608806287, 41.44833579910083), (-15.147817029031371, 41.45137417555176), (-15.129900319824939, 41.454291359202756), (-15.111862482449125, 41.45708735066565), (-15.09370351816984, 41.45976215055606), (-15.075423428256771, 41.46231575949337), (-15.057022213983382, 41.46474817810077), (-15.038499876626908, 41.46705940700521), (-15.019856417468363, 41.46924944683743), (-15.001091837792536, 41.47131829823196), (-14.98220613888799, 41.47326596182709), (-14.963199322047066, 41.47509243826491), (-14.944071388565876, 41.47679772819128), (-14.92482233974431, 41.47838183225585), (-14.905452176886033, 41.47984475111205), (-14.885960901298484, 41.481186485417076), (-14.866348514292877, 41.482407035831926), (-14.8466150171842, 41.483506403021366), (-14.82676041129122, 41.484484587653945), (-14.806784697936473, 41.485341590402), (-14.786687878446275, 41.486077411941636), (-14.766469954150713, 41.48669205295275), (-14.746130926383648, 41.487185514119005), (-14.725670796482719, 41.48755779612787), (-14.705089565789336, 41.48780889967057), (-14.684387235648687, 41.48793882544212), (-14.66356380740973, 41.48794757414132), (-14.6426192824252, 41.48783514647075), (-14.621553662051605, 41.487601543136755), (-14.60036694764923, 41.48724676484947), (-14.579059140582128, 41.48677081232283), (-14.557630242218131, 41.48617368627452), (-14.536080253928846, 41.485455387426015), (-14.51440917708965, 41.48461591650258), (-14.492617013079693, 41.48365527423324), (-14.470703763281902, 41.48257346135083), (-14.44866942908298, 41.48137047859194), (-14.426514011873396, 41.48004632669695), (-14.404237513047397, 41.47860100641002), (-14.381839934003004, 41.47703451847908), (-14.35932127614201, 41.47534686365586), (-14.336681540869982, 41.47353804269584), (-14.31392072959626, 41.47160805635832)]",True
1784490665.2348194,0,-15.170161981795516,41.51167787297382,0.8000887944629741,236.8849198813752,0.21407333128239792,-13.166288283547471,42.81044913476823,1.1200000047684462,237.7734171771489,-0.38019184427754593,2.0038736982480447,1.298771261794407,0.3199112103054721,0.8884972957737034,-0.5942651755599438,"[(-15.183924789236187, 41.46828141902225), (-15.166652171946435, 41.47106079741393), (-15.149258392844326, 41.4737189542321), (-15.131743453176457, 41.476255890097065), (-15.114107354193205, 41.478671605632925), (-15.096350097148731, 41.48096610146755), (-15.078471683300965, 41.48313937823261), (-15.060472113911624, 41.48519143656353), (-15.042351390246202, 41.48712227709956), (-15.02410951357397, 41.488931900483706), (-15.00574648516798, 41.49062030736277), (-14.98726230630506, 41.49218749838733), (-14.968656978265821, 41.49363347421176), (-14.949930502334649, 41.49495823549421), (-14.931082879799707, 41.496161782896614), (-14.91211411195294, 41.49724411708469), (-14.893024200090071, 41.49820523872795), (-14.8738131455106, 41.49904514849967), (-14.854480949517805, 41.499763847076935), (-14.835027613418745, 41.500361335140596), (-14.815453138524255, 41.50083761337529), (-14.795757526148947, 41.501192682469444), (-14.77594077761121, 41.50142654311527), (-14.756002894233216, 41.50153919600876), (-14.735943877340912, 41.50153064184968), (-14.715763728264022, 41.5014008813416), (-14.69546244833605, 41.50114991519187), (-14.675040038894275, 41.500777744111595), (-14.654496501279755, 41.5002843688157), (-14.633831836837327, 41.49966979002288), (-14.613046046915601, 41.498934008455606), (-14.592139132866969, 41.49807702484014), (-14.571111096047598, 41.497098839906535), (-14.549961937817434, 41.49599945438861), (-14.5286916595402, 41.49477886902398), (-14.507300262583396, 41.493437084554046), (-14.485787748318295, 41.491974101723976), (-14.464154118119955, 41.490389921282734), (-14.442399373367204, 41.48868454398306), (-14.42052351544265, 41.48685797058149), (-14.398526545732677, 41.48491020183833), (-14.376408465627447, 41.48284123851768), (-14.3541692765209, 41.48065108138741), (-14.331808979810745, 41.47833973121917), (-14.309327576898479, 41.47590718878842)]",True
1784490665.288321,0,-15.160732832777798,41.524605969618136,0.8000582333847724,236.8849198813752,0.21407333128239792,-13.153087185886847,42.82854582184104,1.1200000047684204,237.7734171771489,-0.38019184427754593,2.0076456468909516,1.3039398522229035,0.319941771383648,0.8884972957737034,-0.5942651755599438,"[(-15.175159373156564, 41.48137436693408), (-15.157981371222158, 41.483941516934074), (-15.140682187030341, 41.48638742581341), (-15.123261821825313, 41.4887120941993), (-15.105720276855045, 41.490915522722744), (-15.0880575533713, 41.49299771201853), (-15.070273652629613, 41.49495866272523), (-15.052368575889306, 41.49679837548521), (-15.034342324413478, 41.498516850944625), (-15.016194899469015, 41.500114089753396), (-14.997926302326581, 41.50159009256525), (-14.97953653426062, 41.5029448600377), (-14.961025596549357, 41.50417839283204), (-14.942393490474798, 41.50529069161335), (-14.923640217322733, 41.506281757050495), (-14.904765778382728, 41.50715158981613), (-14.885770174948133, 41.5079001905867), (-14.866653408316077, 41.50852756004243), (-14.847415479787472, 41.509033698867334), (-14.828056390667008, 41.50941860774921), (-14.808576142263156, 41.50968228737965), (-14.788974735888168, 41.509824738454014), (-14.769252172858074, 41.509845961671466), (-14.749408454492688, 41.50974595773496), (-14.7294435821156, 41.509524727351206), (-14.709357557054187, 41.509182271230735), (-14.6891503806396, 41.508718590087845), (-14.66882205420677, 41.508133684640626), (-14.64837257909441, 41.50742755561095), (-14.627801956645014, 41.50660020372448), (-14.607110188204853, 41.50565162971066), (-14.58629727512398, 41.504581834302726), (-14.565363218756229, 41.50339081823768), (-14.544308020459207, 41.502078582256345), (-14.523131681594307, 41.50064512710329), (-14.5018342035267, 41.499090453526904), (-14.480415587625338, 41.49741456227934), (-14.458875835262946, 41.495617454116534), (-14.437214947816036, 41.49369912979823), (-14.415432926664893, 41.491659590087934), (-14.393529773193588, 41.489498835752954), (-14.371505488789966, 41.48721686756437), (-14.34936007484565, 41.48481368629706), (-14.327093532756045, 41.482289292729675), (-14.304705863920336, 41.47964368764466)]",True
1784490665.35996,0,-15.146465766939471,41.543906461894096,0.8000309302800926,236.8849198813752,0.21407333128239792,-13.126822615570493,42.86483920301192,1.1200000047683927,237.7734171771489,-0.38019184427754593,2.019643151368978,1.3209327411178222,0.31996907448830003,0.8884972957737034,-0.5942651755599438,"[(-15.152612396866454, 41.513117487384996), (-15.135887830230022, 41.514741205596145), (-15.119042041532792, 41.5162436470134), (-15.102075032005938, 41.51762481229405), (-15.084986802884417, 41.518884702099214), (-15.067777355406974, 41.520023317093774), (-15.050446690816141, 41.52104065794641), (-15.032994810358234, 41.52193672532959), (-15.015421715283356, 41.52271151991958), (-14.997727406845394, 41.52336504239644), (-14.979911886302027, 41.523897293444016), (-14.961975154914713, 41.52430827374994), (-14.943917213948698, 41.52459798400564), (-14.925738064673016, 41.52476642490633), (-14.907437708360485, 41.52481359715103), (-14.889016146287707, 41.52473950144253), (-14.870473379735072, 41.52454413848743), (-14.851809409986755, 41.524227508996105), (-14.833024238330715, 41.52378961368273), (-14.814117866058698, 41.52323045326527), (-14.795090294466235, 41.522550028465474), (-14.775941524852643, 41.52174834000889), (-14.75667155852102, 41.52082538862486), (-14.737280396778255, 41.5197811750465), (-14.717768040935018, 41.51861570001073), (-14.698134492305767, 41.517328964258255), (-14.678379752208743, 41.51592096853358), (-14.65850382196597, 41.51439171358498), (-14.63850670290326, 41.51274120016454), (-14.618388396350209, 41.51096942902813), (-14.5981489036402, 41.509076400935406), (-14.57778822611039, 41.50706211664981), (-14.557306365101738, 41.504926576938594), (-14.53670332195897, 41.502669782572774), (-14.515979098030611, 41.50029173432717), (-14.49513369466896, 41.4977924329804), (-14.474167113230106, 41.495171879314846), (-14.45307935507392, 41.49243007411671), (-14.431870421564057, 41.48956701817597), (-14.410540314067955, 41.486582712286385), (-14.389089033956838, 41.483477157245524), (-14.367516582605715, 41.48025035385473), (-14.345822961393377, 41.476902302919136), (-14.3240081717024, 41.47343300524767), (-14.302072214919143, 41.46984246165305)]",True
1784490665.5945234,0,-15.132159281186373,41.5631767560366,0.800016431036325,236.8849198813752,0.21407333128239792,-13.113710407035786,42.88300040927545,1.1200000047683853,237.7734171771489,-0.38019184427754593,2.0184488741505877,1.3198236532388563,0.3199835737320603,0.8884972957737034,-0.5942651755599438,"[(-15.147937441015959, 41.51950097111996), (-15.13120714783527, 41.521078377176444), (-15.114355628676694, 41.52253450264294), (-15.097382884771624, 41.52386934817823), (-15.080288917355238, 41.52508291444489), (-15.0630737276665, 41.526175202109265), (-15.045737316948165, 41.52714621184152), (-15.028279686446766, 41.527995944315585), (-15.01070083741263, 41.52872440020921), (-14.993000771099867, 41.52933158020391), (-14.975179488766372, 41.529817484985), (-14.95723699167383, 41.5301821152416), (-14.939173281087706, 41.530425471666604), (-14.920988358277258, 41.530547554956705), (-14.902682224515525, 41.530548365812386), (-14.884254881079332, 41.530427904937916), (-14.865706329249294, 41.530186173041365), (-14.847036570309806, 41.52982317083458), (-14.828245605549053, 41.52933889903322), (-14.809333436259006, 41.52873335835671), (-14.790300063735417, 41.528006549528286), (-14.771145489277828, 41.527158473274966), (-14.751869714189564, 41.52618913032756), (-14.732472739777736, 41.52509852142067), (-14.71295456735324, 41.52388664729268), (-14.693315198230758, 41.522553508685775), (-14.673554633728756, 41.521099106345936), (-14.653672875169487, 41.51952344102292), (-14.633669923878989, 41.51782651347028), (-14.613545781187081, 41.516008324445366), (-14.593300448427373, 41.51406887470931), (-14.572933926937253, 41.512008165027034), (-14.5524462180579, 41.50982619616725), (-14.531837323134276, 41.50752296890248), (-14.511107243515124, 41.505098484009004), (-14.490255980552977, 41.502552742266914), (-14.46928353560415, 41.49988574446009), (-14.448189910028741, 41.49709749137619), (-14.426975105190635, 41.494187983806675), (-14.4056391224575, 41.49115722254679), (-14.384181963200787, 41.48800520839558), (-14.362603628795734, 41.48473194215586), (-14.340904120621362, 41.481337424634255), (-14.319083440060476, 41.47782165664117), (-14.297141588499667, 41.47418463899079)]",True
1784490665.6379778,0,-15.051617930795008,41.67265546392099,0.8000004666700691,236.8849198813752,0.21407333128239792,-13.007643234257312,43.04101887951504,1.120000004768372,237.7734171771489,-0.38019184427754593,2.0439746965376955,1.3683634155940538,0.31999953809830295,0.8884972957737034,-0.5942651755599438,"[(-15.078411161748239, 41.616083358765806), (-15.06194012144836, 41.61674242755093), (-15.045347854308272, 41.617280218389624), (-15.02863436155142, 41.61769673196947), (-15.011799644405043, 41.617991968981855), (-14.99484370410016, 41.61816593012196), (-14.977766541871583, 41.618218616088754), (-14.960568158957905, 41.61815002758499), (-14.943248556601512, 41.61796016531722), (-14.92580773604857, 41.617649029995796), (-14.90824569854904, 41.61721662233485), (-14.890562445356661, 41.61666294305231), (-14.872757977728964, 41.61598799286989), (-14.854832296927267, 41.6151917725131), (-14.836785404216672, 41.61427428271124), (-14.818617300866068, 41.613235524197414), (-14.80032798814813, 41.61207549770849), (-14.781917467339323, 41.61079420398515), (-14.763385739719894, 41.60939164377186), (-14.744732806573877, 41.607867817816874), (-14.725958669189092, 41.60622272687225), (-14.707063328857146, 41.604456371693814), (-14.688046786873432, 41.602568753041204), (-14.668909044537129, 41.600559871677845), (-14.649650103151203, 41.598429728370945), (-14.630269964022402, 41.59617832389151), (-14.610768628461264, 41.59380565901433), (-14.59114609778211, 41.591311734517994), (-14.571402373303046, 41.58869655118488), (-14.551537456345969, 41.58596010980115), (-14.531551348236555, 41.583102411156766), (-14.511444050304268, 41.58012345604547), (-14.491215563882358, 41.577023245264805), (-14.470865890307861, 41.5738017796161), (-14.450395030921594, 41.57045905990447), (-14.429802987068166, 41.56699508693883), (-14.409089760095965, 41.56340986153188), (-14.388255351357168, 41.55970338450011), (-14.367299762207733, 41.5558756566638), (-14.346222994007407, 41.551926678847025), (-14.325025048119722, 41.54785645187764), (-14.303705925911988, 41.5436649765873), (-14.282265628755308, 41.53935225381145), (-14.260704158024568, 41.53491828438931), (-14.239021515098434, 41.53036306916392)]",True
1784490665.695044,0,-15.041215349122513,41.684812156675235,0.8000003101345193,236.8849198813752,0.21407333128239792,-12.995665679316284,43.0599475185366,1.120000004768372,237.7734171771489,-0.38019184427754593,2.0455496698062294,1.3751353618613678,0.3199996946338527,0.8884972957737034,-0.5942651755599438,"[(-15.069203503436706, 41.62925190944351), (-15.052703751784117, 41.62996761644731), (-15.036082758951375, 41.63056203090099), (-15.019340526163187, 41.63103515349058), (-15.002477054648045, 41.63138698490589), (-14.985492345638232, 41.63161752584053), (-14.968386400369818, 41.63172677699191), (-14.951159220082662, 41.631714739061216), (-14.93381080602041, 41.63158141275345), (-14.916341159430502, 41.63132679877738), (-14.89875028156416, 41.63095089784559), (-14.881038173676396, 41.630453710674445), (-14.863204837026013, 41.62983523798411), (-14.845250272875596, 41.62909548049854), (-14.827174482491523, 41.62823443894548), (-14.808977467143961, 41.62725211405648), (-14.790659228106863, 41.626148506566864), (-14.772219766657969, 41.62492361721576), (-14.753659084078805, 41.62357744674608), (-14.73497718165469, 41.62210999590456), (-14.716174060674728, 41.62052126544168), (-14.69724972243181, 41.618811256111755), (-14.678204168222614, 41.616979968672865), (-14.659037399347607, 41.61502740388689), (-14.639749417111044, 41.612953562519515), (-14.620340222820966, 41.6107584453402), (-14.600809817789202, 41.60844205312221), (-14.581158203331368, 41.606004386642596), (-14.561385380766867, 41.6034454466822), (-14.541491351418887, 41.600765234025666), (-14.52147611661441, 41.59796374946142), (-14.501339677684198, 41.59504099378168), (-14.481082035962803, 41.591996967782464), (-14.460703192788563, 41.58883167226358), (-14.440203149503601, 41.585545108028626), (-14.41958190745383, 41.58213727588498), (-14.39883946798895, 41.57860817664384), (-14.377975832462443, 41.57495781112017), (-14.356991002231585, 41.57118618013274), (-14.335884978657429, 41.56729328450411), (-14.314657763104822, 41.563279125060625), (-14.293309356942396, 41.559143702632426), (-14.271839761542566, 41.55488701805345), (-14.250248978281535, 41.55050907216141), (-14.228537008539293, 41.546009865797835)]",True
1784490666.2176306,0,-15.03071064701639,41.696880719006536,0.8000002074822563,236.8849198813752,0.21407333128239792,-12.98359928060478,43.07881974612528,1.120000004768372,237.7734171771489,-0.38019184427754593,2.0471113664116096,1.3819390271187473,0.3199997972861157,0.8884972957737034,-0.5942651755599438,"[(-14.946432136251381, 41.7708564370276), (-14.927552349360953, 41.77335987935651), (-14.908551664472325, 41.775742360232876), (-14.889430082874037, 41.77800388028161), (-14.870187605858375, 41.78014444013137), (-14.850824234721372, 41.782164040414585), (-14.83133997076281, 41.784062681767416), (-14.811734815286213, 41.785840364829795), (-14.792008769598857, 41.78749709024539), (-14.772161835011758, 41.78903285866162), (-14.752194012839682, 41.79044767072968), (-14.732105304401141, 41.79174152710449), (-14.711895711018393, 41.79291442844474), (-14.69156523401744, 41.793966375412865), (-14.671113874728038, 41.79489736867505), (-14.650541634483675, 41.79570740890124), (-14.629848514621598, 41.79639649676511), (-14.609034516482792, 41.796964632944125), (-14.588099641411993, 41.79741181811947), (-14.56704389075768, 41.7977380529761), (-14.545867265872072, 41.79794333820271), (-14.524569768111148, 41.79802767449174), (-14.50315139883462, 41.79799106253941), (-14.481612159405948, 41.797833503045666), (-14.45995205119234, 41.79755499671422), (-14.438171075564751, 41.79715554425252), (-14.416269233897875, 41.796635146371784), (-14.394246527570155, 41.79599380378697), (-14.37210295796378, 41.795231517216784), (-14.349838526464682, 41.7943482873837), (-14.327453234462538, 41.79334411501392), (-14.304947083350774, 41.79221900083743), (-14.282320074526556, 41.79097294558793), (-14.259572209390797, 41.7896059500029), (-14.236703489348153, 41.78811801482355), (-14.213713915807029, 41.78650914079486), (-14.190603490179567, 41.78477932866555), (-14.167372213881663, 41.78292857918809), (-14.14402008833295, 41.780956893118706), (-14.120547114956809, 41.77886427121738), (-14.096953295180365, 41.77665071424783), (-14.073238630434485, 41.77431622297753), (-14.049403122153784, 41.77186079817772), (-14.025446771776618, 41.76928444062337), (-14.00136958074509, 41.76658715109322)]",True
1784490666.2559478,0,-14.841890103907275,41.91430256444361,0.8000000120193035,236.8849198813752,0.21407333128239792,-12.769147908662529,43.42753116709682,1.1272946014077254,239.76060316352894,-0.40972797778322273,2.0727421952447465,1.5132286026532071,0.32729458938842193,2.8756832821537444,-0.6238013090656207,"[(-14.922004334294153, 41.799446717666726), (-14.904775314134076, 41.800062306224866), (-14.88742529057421, 41.80055683830123), (-14.869954264855856, 41.800930314581535), (-14.852362238224078, 41.801182735755255), (-14.834649211927701, 41.80131410251564), (-14.816815187219314, 41.801324415559705), (-14.798860165355267, 41.80121367558823), (-14.780784147595671, 41.80098188330576), (-14.762587135204402, 41.800629039420606), (-14.744269129449098, 41.80015514464486), (-14.725830131601152, 41.79956019969437), (-14.707270142935727, 41.79884420528874), (-14.688589164731745, 41.79800716215136), (-14.669787198271887, 41.797049071009376), (-14.650864244842602, 41.79596993259371), (-14.631820305734093, 41.79476974763903), (-14.612655382240328, 41.7934485168838), (-14.593369475659038, 41.79200624107023), (-14.573962587291714, 41.79044292094431), (-14.554434718443606, 41.78875855725577), (-14.534785870423729, 41.78695315075814), (-14.515016044544858, 41.78502670220869), (-14.495125242123528, 41.782979212368474), (-14.475113464480035, 41.780810682002304), (-14.454980712938436, 41.77852111187877), (-14.43472698882655, 41.7761105027702), (-14.41435229347596, 41.77357885545272), (-14.393856628222, 41.770926170706204), (-14.373239994403777, 41.7681524493143), (-14.352502393364148, 41.76525769206441), (-14.331643826449739, 41.76224189974772), (-14.31066429501093, 41.75910507315917), (-14.289563800401867, 41.75584721309746), (-14.268342343980452, 41.752468320365075), (-14.24699992710835, 41.74896839576825), (-14.225536551150984, 41.745347440116994), (-14.20395221747754, 41.74160545422507), (-14.18224692746096, 41.73774243891003), (-14.160420682477953, 41.73375839499317), (-14.138473483908983, 41.729653323299544), (-14.116405333138275, 41.725427224658006), (-14.094216231553812, 41.721080099901144), (-14.071906180547339, 41.716611949865325), (-14.049475181514362, 41.71202277539068)]",True
1784490666.3855033,0,-14.766178476103168,42.01218913453404,0.8429535319604526,236.8849198813752,0.21407333128239792,-12.677940344131462,43.580848571830714,1.1916248084736571,239.76060316352894,-0.40972797778322273,2.088238131971705,1.5686594372966738,0.3486712765132045,2.8756832821537444,-0.6238013090656207,"[(-14.917244195036119, 41.80503911007248), (-14.900033860420617, 41.80562381616017), (-14.882702328363186, 41.80608727172756), (-14.86524960010985, 41.80642947746427), (-14.847675676910425, 41.8066504340637), (-14.829980560018507, 41.806750142223045), (-14.812164250691477, 41.80672860264329), (-14.794226750190502, 41.80658581602921), (-14.77616805978053, 41.80632178308937), (-14.757988180730292, 41.80593650453612), (-14.73968711431231, 41.8054299810856), (-14.721264861802887, 41.80480221345774), (-14.702721424482101, 41.80405320237626), (-14.68405680363383, 41.80318294856867), (-14.665271000545722, 41.80219145276626), (-14.646364016509217, 41.80107871570412), (-14.627335852819535, 41.79984473812113), (-14.60818651077568, 41.798489520759944), (-14.588915991680437, 41.79701306436702), (-14.569524296840383, 41.7954153696926), (-14.550011427565869, 41.7936964374907), (-14.530377385171033, 41.791856268519155), (-14.510622170973798, 41.78989486353956), (-14.490745786295868, 41.78781222331731), (-14.47074823246273, 41.785608348621594), (-14.450629510803656, 41.78328324022538), (-14.430389622651699, 41.78083689890543), (-14.410028569343696, 41.77826932544229), (-14.389546352220268, 41.775580520620295), (-14.368942972625817, 41.772770485227575), (-14.348218431908528, 41.769839220056035), (-14.327372731420372, 41.76678672590138), (-14.306405872517095, 41.7636130035631), (-14.285317856558233, 41.76031805384447), (-14.264108684907104, 41.75690187755256), (-14.242778358930803, 41.75336447549821), (-14.221326880000213, 41.74970584849607), (-14.199754249489997, 41.745925997364566), (-14.178060468778598, 41.742024922925914), (-14.156245539248246, 41.73800262600612), (-14.134309462284952, 41.73385910743498), (-14.112252239278506, 41.729594368046065), (-14.090073871622481, 41.72520840867674), (-14.067774360714234, 41.72070123016817), (-14.045353707954902, 41.71607283336528)]",True
1784490666.434309,0,-14.746176006375338,42.03864246089838,0.8184718388052269,236.8849198813752,0.21407333128239792,-12.655207457099722,43.62168992242696,1.1508016939768104,239.76060316352894,-0.40972797778322273,2.0909685492756154,1.5830474615285794,0.33232985517158353,2.8756832821537444,-0.6238013090656207,"[(-14.89647703444895, 41.82933266829768), (-14.879250137288386, 41.829923322949085), (-14.861902024289527, 41.830392708607334), (-14.844432696699325, 41.83074082596209), (-14.826842155768514, 41.830967675706795), (-14.809130402751617, 41.83107325853869), (-14.791297438906943, 41.8310575751588), (-14.773343265496587, 41.83092062627195), (-14.755267883786429, 41.83066241258674), (-14.737071295046137, 41.83028293481557), (-14.71875350054916, 41.82978219367464), (-14.700314501572741, 41.82916018988393), (-14.681754299397898, 41.82841692416721), (-14.663072895309446, 41.82755239725204), (-14.644270290595975, 41.826566609869786), (-14.62534648654987, 41.82545956275558), (-14.606301484467293, 41.824231256648375), (-14.587135285648198, 41.822881692290885), (-14.567847891396323, 41.821410870429624), (-14.548439303019187, 41.8198187918149), (-14.5289095218281, 41.81810545720082), (-14.509258549138151, 41.81627086734527), (-14.48948638626822, 41.81431502300992), (-14.46959303454097, 41.81223792496024), (-14.449578495282848, 41.8100395739655), (-14.429442769824087, 41.807719970798736), (-14.409185859498702, 41.8052791162368), (-14.388807765644497, 41.8027170110603), (-14.368308489603058, 41.80003365605368), (-14.347688032719756, 41.797229052005136), (-14.326946396343747, 41.79430319970667), (-14.306083581827972, 41.79125609995407), (-14.285099590529155, 41.78808775354691), (-14.263994423807807, 41.78479816128857), (-14.24276808302822, 41.7813873239862), (-14.221420569558473, 41.777855242450755), (-14.199951884770428, 41.77420191749697), (-14.17836203003973, 41.77042734994336), (-14.156651006745811, 41.76653154061226), (-14.134818816271883, 41.76251449032978), (-14.112865460004945, 41.7583761999258), (-14.09079093933578, 41.75411667023401), (-14.068595255658956, 41.74973590209189), (-14.046278410372818, 41.7452338963407), (-14.023840404879502, 41.74061065382549)]",True
1784490666.4766016,0,-14.721517489862933,42.07086206948751,0.8064327921146658,236.8849198813752,0.21407333128239792,-12.628091952908246,43.67177575606202,1.130726637142894,239.76060316352894,-0.40972797778322273,2.093425536954687,1.6009136865745077,0.3242938450282281,2.8756832821537444,-0.6238013090656207,"[(-14.885951433730211, 41.84139423473999), (-14.868708784440395, 41.84198165129966), (-14.851344908721991, 41.84244778823034), (-14.833859807822739, 41.84279264622194), (-14.81625348299417, 41.84301622596817), (-14.7985259354916, 41.84311852816655), (-14.780677166574135, 41.843099553518364), (-14.762707177504662, 41.842959302728715), (-14.744615969549864, 41.842697776506476), (-14.726403543980206, 41.84231497556433), (-14.708069902069939, 41.84181090061874), (-14.689615045097103, 41.841185552389966), (-14.671038974343524, 41.84043893160206), (-14.652341691094819, 41.83957103898286), (-14.633523196640384, 41.838581875264005), (-14.614583492273411, 41.837471441180924), (-14.59552257929087, 41.83623973747283), (-14.576340458993522, 41.83488676488274), (-14.557037132685917, 41.83341252415745), (-14.537612601676386, 41.831817016047566), (-14.518066867277051, 41.830100241307456), (-14.498399930803817, 41.828262200695306), (-14.478611793576377, 41.82630289497309), (-14.458702456918209, 41.824222324906565), (-14.438671922156578, 41.82202049126528), (-14.418520190622537, 41.819697394822576), (-14.398247263650925, 41.817253036355595), (-14.377853142580362, 41.814687416645256), (-14.35733782875326, 41.81200053647628), (-14.336701323515811, 41.80919239663718), (-14.315943628218, 41.80626299792024), (-14.29506474421359, 41.80321234112157), (-14.274064672860138, 41.80004042704104), (-14.25294341551898, 41.79674725648233), (-14.231700973555236, 41.79333283025289), (-14.21033734833782, 41.789797149163995), (-14.188852541239426, 41.786140214030674), (-14.16724655363653, 41.78236202567177), (-14.145519386909402, 41.77846258490992), (-14.12367104244209, 41.774441892571524), (-14.10170152162243, 41.7702999494868), (-14.079610825842042, 41.76603675648975), (-14.057398956496334, 41.76165231441816), (-14.035065914984493, 41.75714662411361), (-14.0126117027095, 41.75251968642147)]",True
1784490666.5382082,0,-14.701854238077741,42.09632817669994,0.8027663789617236,238.21730268310017,0.4050324134937826,-12.607036293754806,43.71164846171695,1.1246129095103197,239.76060316352894,-0.40972797778322273,2.0948179443229353,1.615320285017006,0.321846530548596,1.543300480428769,-0.8147603912770054,"[(-14.848814904805621, 41.858441647794905), (-14.829740046853892, 41.85824830937545), (-14.810556101389492, 41.85794582710916), (-14.791263069646515, 41.857534201639496), (-14.771860952862463, 41.85701343361331), (-14.752349752278242, 41.85638352368087), (-14.73272946913817, 41.85564447249586), (-14.713000104689964, 41.85479628071538), (-14.693161660184758, 41.85383894899992), (-14.673214136877085, 41.852772478013414), (-14.653157536024889, 41.85159686842318), (-14.632991858889518, 41.85031212089997), (-14.612717106735728, 41.84891823611794), (-14.592333280831681, 41.84741521475465), (-14.571840382448949, 41.845803057491075), (-14.551238412862505, 41.844081765011616), (-14.530527373350731, 41.84225133800407), (-14.509707265195416, 41.84031177715965), (-14.488778089681757, 41.83826308317298), (-14.46773984809835, 41.83610525674211)]",True
1784490666.5754318,0,-14.691435971724387,42.10959712956514,0.8832794749529946,238.21730268310017,0.4050324134937826,-12.596671926579948,43.73159161260484,1.1230250371729436,239.76060316352894,-0.40972797778322273,2.094764045144439,1.6219944830396997,0.23974556221994892,1.543300480428769,-0.8147603912770054,"[(-14.683451436605102, 42.09642449418833), (-14.656733740185052, 42.108601122175976), (-14.629895198050152, 42.1206567898566), (-14.602935811720956, 42.132591497552504), (-14.575855582721735, 42.14440524558971), (-14.548654512580473, 42.156098034297976), (-14.521332602828876, 42.16766986401078), (-14.49388985500236, 42.17912073506534), (-14.46632627064006, 42.19045064780258), (-14.438641851284828, 42.20165960256716), (-14.410836598483229, 42.21274759970748), (-14.382910513785546, 42.22371463957563), (-14.354863598745778, 42.234560722527476), (-14.326695854921637, 42.24528584892257), (-14.298407283874553, 42.25589001912421), (-14.269997887169673, 42.26637323349941), (-14.241467666375854, 42.27673549241892), (-14.212816623065672, 42.286976796257214), (-14.18404475881542, 42.29709714539249), (-14.155152075205104, 42.30709654020667), (-14.126138573818444, 42.31697498108541), (-14.097004256242878, 42.32673246841808), (-14.067749124069557, 42.33636900259779), (-14.038373178893348, 42.34588458402137), (-14.00887642231283, 42.35527921308937), (-13.979258855930302, 42.36455289020607), (-13.949520481351774, 42.373705615779485), (-13.919661300186972, 42.382737390221344), (-13.889681314049335, 42.39164821394711), (-13.859580524556023, 42.40043808737596), (-13.8293589333279, 42.40910701093081), (-13.79901654198955, 42.417654985038304), (-13.768553352169274, 42.426082010128795), (-13.737969365499083, 42.434388086636375), (-13.707264583614704, 42.44257321499886), (-13.676439008155576, 42.45063739565779), (-13.645492640764855, 42.45858062905843), (-13.614425483089413, 42.46640291564977), (-13.583237536779828, 42.474104255884534), (-13.551928803490398, 42.48168465021916), (-13.520499284879133, 42.48914409911381), (-13.488948982607756, 42.49648260303238), (-13.457277898341706, 42.5037001624425), (-13.425486033750134, 42.5107967778155), (-13.393573390505905, 42.51777244962646)]",True
1784490666.6286542,0,-14.636819106615071,42.18252521821508,0.8434487142793442,238.21730268310017,0.4050324134937826,-12.53889986945955,43.84265052246196,1.4736708851538631,239.76060316352894,-0.40972797778322273,2.097919237155521,1.6601253042468755,0.6302221708745189,1.543300480428769,-0.8147603912770054,"[(-14.65318553069782, 42.13539354130455), (-14.627322854624996, 42.146773576624845), (-14.601339534785032, 42.15803285795691), (-14.575235572676329, 42.16917138564858), (-14.549010969801008, 42.18018916005142), (-14.522665727664913, 42.19108618152071), (-14.496199847777604, 42.201862450415476), (-14.469613331652361, 42.212517967098464), (-14.442906180806192, 42.22305273193616), (-14.416078396759815, 42.23346674529877), (-14.389129981037675, 42.24376000756025), (-14.362060935167934, 42.253932519098264), (-14.334871260682476, 42.26398428029422), (-14.307560959116904, 42.27391529153324), (-14.28013003201054, 42.28372555320421), (-14.252578480906426, 42.2934150656997), (-14.224906307351324, 42.30298382941604), (-14.197113512895717, 42.3124318447533), (-14.169200099093805, 42.32175911211525), (-14.141166067503512, 42.330965631909415), (-14.113011419686476, 42.34005140454703), (-14.084736157208058, 42.34901643044308), (-14.056340281637333, 42.35786071001626), (-14.027823794547103, 42.36658424368901), (-13.999186697513887, 42.3751870318875), (-13.970428992117917, 42.38366907504162), (-13.941550679943152, 42.39203037358499), (-13.912551762577266, 42.40027092795496), (-13.88343224161165, 42.40839073859264), (-13.85419211864142, 42.41638980594281), (-13.824831395265404, 42.424268130454045), (-13.795350073086153, 42.4320257125786), (-13.765748153709934, 42.43966255277248), (-13.736025638746735, 42.44717865149543), (-13.706182529810262, 42.454574009210894), (-13.676218828517936, 42.46184862638608), (-13.646134536490901, 42.4690025034919), (-13.615929655354016, 42.47603564100301), (-13.585604186735859, 42.48294803939779), (-13.555158132268726, 42.48973969915835), (-13.524591493588634, 42.496410620770526), (-13.493904272335312, 42.50296080472389), (-13.463096470152214, 42.50939025151174), (-13.432168088686506, 42.515698961631095), (-13.401119129589073, 42.52188693558272)]",True
1784490666.686464,0,-14.607965767273477,42.22272648606922,0.8122530404560531,238.21730268310017,0.4050324134937826,-12.49555408409977,43.92754238656116,1.6932505895837286,239.76060316352894,-0.40972797778322273,2.1124116831737076,1.704815900491937,0.8809975491276756,1.543300480428769,-0.8147603912770054,"[(-14.615472361838078, 42.18646554660287), (-14.589817520795888, 42.19791877804411), (-14.564041865910168, 42.20925108556658), (-14.538145398678369, 42.2204624695171), (-14.51212812060168, 42.23155293024627), (-14.485990033185034, 42.24252246810844), (-14.4597311379371, 42.25337108346169), (-14.433351436370286, 42.26409877666786), (-14.40685093000074, 42.27470554809254), (-14.38022962034835, 42.28519139810508), (-14.353487508936743, 42.29555632707855), (-14.326624597293282, 42.305800335389804), (-14.299640886949073, 42.31592342341942), (-14.272536379438957, 42.32592559155174), (-14.245311076301517, 42.33580684017484), (-14.217964979079074, 42.345567169680564), (-14.190498089317686, 42.35520658046449), (-14.16291040856715, 42.36472507292596), (-14.135201938381003, 42.37412264746804), (-14.10737268031652, 42.38339930449757), (-14.079422635934712, 42.39255504442514), (-14.051351806800334, 42.40158986766506), (-14.023160194481871, 42.41050377463542), (-13.994847800551552, 42.41929676575805), (-13.966414626585344, 42.427968841458515), (-13.937860674162948, 42.43652000216615), (-13.909185944867808, 42.44495024831402), (-13.880390440287101, 42.45325958033896), (-13.851474162011748, 42.46144799868152), (-13.8224371116364, 42.469515503786035), (-13.793279290759452, 42.477462096100574), (-13.764000700983033, 42.485287776076945), (-13.73460134391301, 42.49299254417072), (-13.705081221158988, 42.50057640084121), (-13.675440334334311, 42.508039346551485), (-13.645678685056058, 42.51538138176835), (-13.615796274945046, 42.522602506962365), (-13.585793105625829, 42.52970272260784), (-13.555669178726697, 42.53668202918283), (-13.52542449587968, 42.543540427169134), (-13.49505905872054, 42.55027791705231), (-13.464572868888784, 42.556894499321665), (-13.433965928027646, 42.56339017447024), (-13.403238237784104, 42.569764942994844), (-13.372389799808868, 42.57601880539601)]",True
1784490666.7253582,0,-14.574487870987227,42.268176253489685,0.8027982705516306,238.21730268310017,0.4050324134937826,-12.441122656975596,44.04054512781678,1.8801339295909565,239.76060316352894,-0.40972797778322273,2.133365214011631,1.7723688743270927,1.077335659039326,1.543300480428769,-0.8147603912770054,"[(-14.61027297939028, 42.193839476687046), (-14.585180191547476, 42.20468639754289), (-14.559966878923314, 42.21541268743536), (-14.534633042988439, 42.226018346727756), (-14.509178685217202, 42.2365033757871), (-14.483603807087665, 42.24686777498415), (-14.457908410081593, 42.25711154469337), (-14.432092495684461, 42.26723468529294), (-14.406156065385447, 42.27723719716475), (-14.38009912067744, 42.28711908069442), (-14.35392166305703, 42.296880336271265), (-14.327623694024519, 42.306520964288346), (-14.301205215083915, 42.31604096514242), (-14.274666227742928, 42.325440339233964), (-14.24800673351298, 42.334719086967176), (-14.221226733909194, 42.343877208749966), (-14.194326230450402, 42.35291470499396), (-14.167305224659144, 42.3618315761145), (-14.140163718061661, 42.37062782253065), (-14.112901712187906, 42.37930344466519), (-14.085519208571533, 42.387858442944605), (-14.058016208749905, 42.39629281779911), (-14.030392714264087, 42.40460656966262), (-14.002648726658855, 42.41279969897278), (-13.974784247482685, 42.420872206170955), (-13.946799278287763, 42.42882409170221), (-13.91869382062998, 42.436655356015336), (-13.89046787606893, 42.444365999562834), (-13.862121446167915, 42.45195602280093), (-13.833654532493942, 42.459425426189554), (-13.805067136617721, 42.46677421019236), (-13.77635926011367, 42.474002375276726), (-13.74753090455991, 42.48110992191372), (-13.71858207153827, 42.48809685057815), (-13.689512762634276, 42.49496316174854), (-13.66032297943717, 42.5017088559071), (-13.631012723539893, 42.50833393353979), (-13.60158199653909, 42.514838395136266), (-13.572030800035112, 42.52122224118991), (-13.542359135632013, 42.52748547219782), (-13.512567004937557, 42.53362808866079), (-13.482654409563205, 42.53965009108335), (-13.452621351124128, 42.545551479973746), (-13.4224678312392, 42.551332255843924), (-13.392193851530996, 42.55699241920956)]",True
1784490666.7800107,0,-14.54556507930323,42.30660346444002,0.800789152700504,238.21730268310017,0.4050324134937826,-12.393973800011096,44.147039398065424,1.9966915348299514,239.76060316352894,-0.40972797778322273,2.151591279292134,1.8404359336254004,1.1959023821294474,1.543300480428769,-0.8147603912770054,"[(-14.56828581234965, 42.25227252397091), (-14.542101019251172, 42.26480028008383), (-14.515794771624423, 42.27720646585061), (-14.48936707100413, 42.28949108158911), (-14.462817918928833, 42.30165412762103), (-14.436147316940879, 42.31369560427187), (-14.409355266586427, 42.32561551187097), (-14.382441769415447, 42.33741385075148), (-14.35540682698172, 42.34909062125038), (-14.328250440842838, 42.360645823708474), (-14.300972612560201, 42.37207945847037), (-14.273573343699022, 42.383391525884505), (-14.24605263582832, 42.394582026303155), (-14.218410490520933, 42.4056509600824), (-14.190646909353498, 42.416598327582136), (-14.16276189390647, 42.4274241291661), (-14.13475544576411, 42.438128365201834), (-14.106627566514492, 42.44871103606071), (-14.078378257749495, 42.45917214211791), (-14.050007521064815, 42.469511683752444), (-14.021515358059954, 42.47972966134715), (-13.99290177033822, 42.48982607528868), (-13.964166759506735, 42.49980092596751), (-13.93531032717643, 42.50965421377793), (-13.906332474962044, 42.51938593911805), (-13.877233204482126, 42.52899610238982), (-13.848012517359034, 42.53848470399899), (-13.818670415218937, 42.547851744355135), (-13.789206899691813, 42.55709722387166), (-13.759621972411443, 42.56622114296578), (-13.729915635015425, 42.57522350205854), (-13.700087889145163, 42.5841043015748), (-13.670138736445868, 42.59286354194324), (-13.640068178566558, 42.60150122359636), (-13.60987621716007, 42.61001734697049), (-13.579562853883035, 42.61841191250576), (-13.549128090395905, 42.626684920646156), (-13.518571928362933, 42.63483637183945), (-13.487894369452185, 42.64286626653724), (-13.45709541533553, 42.65077460519496), (-13.426175067688652, 42.658561388271856), (-13.395133328191035, 42.66622661623099), (-13.363970198525978, 42.673770289539256), (-13.332685680380585, 42.68119240866736), (-13.301279775445767, 42.68849297408982)]",True
1784490666.826862,0,-14.52135614138608,42.33847546662028,0.8002748287654521,238.21730268310017,0.4050324134937826,-12.355566079167817,44.241271805711285,2.070911292376011,239.76060316352894,-0.40972797778322273,2.1657900622182638,1.9027963390910045,1.270636463610559,1.543300480428769,-0.8147603912770054,"[(-14.56828581234965, 42.25227252397091), (-14.542101019251172, 42.26480028008383), (-14.515794771624423, 42.27720646585061), (-14.48936707100413, 42.28949108158911), (-14.462817918928833, 42.30165412762103), (-14.436147316940879, 42.31369560427187), (-14.409355266586427, 42.32561551187097), (-14.382441769415447, 42.33741385075148), (-14.35540682698172, 42.34909062125038), (-14.328250440842838, 42.360645823708474), (-14.300972612560201, 42.37207945847037), (-14.273573343699022, 42.383391525884505), (-14.24605263582832, 42.394582026303155), (-14.218410490520933, 42.4056509600824), (-14.190646909353498, 42.416598327582136), (-14.16276189390647, 42.4274241291661), (-14.13475544576411, 42.438128365201834), (-14.106627566514492, 42.44871103606071), (-14.078378257749495, 42.45917214211791), (-14.050007521064815, 42.469511683752444), (-14.021515358059954, 42.47972966134715), (-13.99290177033822, 42.48982607528868), (-13.964166759506735, 42.49980092596751), (-13.93531032717643, 42.50965421377793), (-13.906332474962044, 42.51938593911805), (-13.877233204482126, 42.52899610238982), (-13.848012517359034, 42.53848470399899), (-13.818670415218937, 42.547851744355135), (-13.789206899691813, 42.55709722387166), (-13.759621972411443, 42.56622114296578), (-13.729915635015425, 42.57522350205854), (-13.700087889145163, 42.5841043015748), (-13.670138736445868, 42.59286354194324), (-13.640068178566558, 42.60150122359636), (-13.60987621716007, 42.61001734697049), (-13.579562853883035, 42.61841191250576), (-13.549128090395905, 42.626684920646156), (-13.518571928362933, 42.63483637183945), (-13.487894369452185, 42.64286626653724), (-13.45709541533553, 42.65077460519496), (-13.426175067688652, 42.658561388271856), (-13.395133328191035, 42.66622661623099), (-13.363970198525978, 42.673770289539256), (-13.332685680380585, 42.68119240866736), (-13.301279775445767, 42.68849297408982)]",True
1784490666.8755891,0,-14.496201413571459,42.369585862454876,0.8000957163883554,238.21730268310017,0.4050324134937826,-12.319487595259861,44.33993183676465,2.129085498045952,239.76060316352894,-0.40972797778322273,2.1767138183115975,1.9703459743097724,1.3289897816575964,1.543300480428769,-0.8147603912770054,"[(-14.56828581234965, 42.25227252397091), (-14.542101019251172, 42.26480028008383), (-14.515794771624423, 42.27720646585061), (-14.48936707100413, 42.28949108158911), (-14.462817918928833, 42.30165412762103), (-14.436147316940879, 42.31369560427187), (-14.409355266586427, 42.32561551187097), (-14.382441769415447, 42.33741385075148), (-14.35540682698172, 42.34909062125038), (-14.328250440842838, 42.360645823708474), (-14.300972612560201, 42.37207945847037), (-14.273573343699022, 42.383391525884505), (-14.24605263582832, 42.394582026303155), (-14.218410490520933, 42.4056509600824), (-14.190646909353498, 42.416598327582136), (-14.16276189390647, 42.4274241291661), (-14.13475544576411, 42.438128365201834), (-14.106627566514492, 42.44871103606071), (-14.078378257749495, 42.45917214211791), (-14.050007521064815, 42.469511683752444), (-14.021515358059954, 42.47972966134715), (-13.99290177033822, 42.48982607528868), (-13.964166759506735, 42.49980092596751), (-13.93531032717643, 42.50965421377793), (-13.906332474962044, 42.51938593911805), (-13.877233204482126, 42.52899610238982), (-13.848012517359034, 42.53848470399899), (-13.818670415218937, 42.547851744355135), (-13.789206899691813, 42.55709722387166), (-13.759621972411443, 42.56622114296578), (-13.729915635015425, 42.57522350205854), (-13.700087889145163, 42.5841043015748), (-13.670138736445868, 42.59286354194324), (-13.640068178566558, 42.60150122359636), (-13.60987621716007, 42.61001734697049), (-13.579562853883035, 42.61841191250576), (-13.549128090395905, 42.626684920646156), (-13.518571928362933, 42.63483637183945), (-13.487894369452185, 42.64286626653724), (-13.45709541533553, 42.65077460519496), (-13.426175067688652, 42.658561388271856), (-13.395133328191035, 42.66622661623099), (-13.363970198525978, 42.673770289539256), (-13.332685680380585, 42.68119240866736), (-13.301279775445767, 42.68849297408982)]",True
1784490666.9259586,0,-14.46987460070383,42.39970168248494,0.8000333408280462,238.21730268310017,0.4050324134937826,-12.286416463139396,44.442357243934175,2.174683035914873,239.76060316352894,-0.40972797778322273,2.1834581375644344,2.042655561449237,1.374649695086827,1.543300480428769,-0.8147603912770054,"[(-14.53211038490675, 42.27153955959563), (-14.504646473982362, 42.282728178809926), (-14.477074088026976, 42.293808208805395), (-14.449393228514653, 42.3047796498651), (-14.421603896922795, 42.31564250227544), (-14.393706094732135, 42.32639676632616), (-14.365699823426745, 42.337042442310356), (-14.337585084494028, 42.34757953052447), (-14.309361879424728, 42.358008031268284), (-14.28103020971292, 42.36832794484493), (-14.252590076856018, 42.37853927156088), (-14.22404148235477, 42.38864201172597), (-14.195384427713256, 42.39863616565336), (-14.166618914438896, 42.40852173365956), (-14.137744944042444, 42.41829871606445), (-14.108762518037988, 42.42796711319122), (-14.079671637942951, 42.437526925366434), (-14.050472305278092, 42.44697815291999), (-14.021164521567504, 42.456320796185125), (-13.991748288338615, 42.46555485549844)]",True
1784490666.9771798,0,-14.447893162991198,42.422954035766516,0.8000143447579572,238.21730268310017,0.4050324134937826,-12.262373082958899,44.526580036511646,2.2039538630995903,239.76060316352894,-0.40972797778322273,2.1855200800322994,2.1036260007451304,1.403939518341633,1.543300480428769,-0.8147603912770054,"[(-14.476719680856132, 42.372710123796274), (-14.448264738744127, 42.38801199315965), (-14.419688967828506, 42.403192908534564), (-14.390992369637967, 42.418252870140414), (-14.362174945704817, 42.433191878200226), (-14.333236697564969, 42.44800993294065), (-14.304177626757944, 42.46270703459194), (-14.274997734826878, 42.47728318338799), (-14.245697023318508, 42.491738379566286), (-14.216275493783183, 42.50607262336796), (-14.186733147774863, 42.52028591503776), (-14.15706998685111, 42.53437825482404), (-14.1272860125731, 42.548349642978785), (-14.097381226505615, 42.562200079757595), (-14.067355630217046, 42.57592956541969), (-14.03720922527939, 42.58953810022791), (-14.006942013268254, 42.603025684448724), (-13.976553995762854, 42.6163923183522), (-13.946045174346011, 42.62963800221204), (-13.915415550604154, 42.64276273630557), (-13.884665126127322, 42.65576652091372), (-13.853793902509159, 42.668649356321055), (-13.82280188134692, 42.68141124281575), (-13.791689064241464, 42.694052180689596), (-13.76045545279726, 42.70657217023801), (-13.729101048622384, 42.718971211760035), (-13.697625853328521, 42.731249305558315), (-13.666029868530957, 42.74340645193913), (-13.634313095848592, 42.75544265121237), (-13.60247553690393, 42.767357903691554), (-13.57051719332308, 42.779152209693805), (-13.538438066735765, 42.79082556953988), (-13.506238158775306, 42.80237798355414), (-13.473917471078638, 42.813809452064575), (-13.441476005286301, 42.8251199754028), (-13.40891376304244, 42.83630955390404), (-13.376230745994807, 42.84737818790713), (-13.343426955794762, 42.85832587775455), (-13.310502394097268, 42.869152623792374), (-13.277457062560899, 42.879858426370305), (-13.244290962847835, 42.89044328584166), (-13.211004096623858, 42.900907202563396), (-13.177596465558361, 42.911250176896054), (-13.144068071324341, 42.92147220920382), (-13.1104189155984, 42.931573299854485)]",True
1784490667.0255868,0,-14.42469519957924,42.444986733341466,0.8000061756459066,238.21730268310017,0.4050324134937826,-12.239995809969807,44.6123621606552,2.2280420293659295,239.76060316352894,-0.40972797778322273,2.184699389609433,2.1673754273137362,1.428035853720023,1.543300480428769,-0.8147603912770054,"[(-14.476719680856132, 42.372710123796274), (-14.448264738744127, 42.38801199315965), (-14.419688967828506, 42.403192908534564), (-14.390992369637967, 42.418252870140414), (-14.362174945704817, 42.433191878200226), (-14.333236697564969, 42.44800993294065), (-14.304177626757944, 42.46270703459194), (-14.274997734826878, 42.47728318338799), (-14.245697023318508, 42.491738379566286), (-14.216275493783183, 42.50607262336796), (-14.186733147774863, 42.52028591503776), (-14.15706998685111, 42.53437825482404), (-14.1272860125731, 42.548349642978785), (-14.097381226505615, 42.562200079757595), (-14.067355630217046, 42.57592956541969), (-14.03720922527939, 42.58953810022791), (-14.006942013268254, 42.603025684448724), (-13.976553995762854, 42.6163923183522), (-13.946045174346011, 42.62963800221204), (-13.915415550604154, 42.64276273630557), (-13.884665126127322, 42.65576652091372), (-13.853793902509159, 42.668649356321055), (-13.82280188134692, 42.68141124281575), (-13.791689064241464, 42.694052180689596), (-13.76045545279726, 42.70657217023801), (-13.729101048622384, 42.718971211760035), (-13.697625853328521, 42.731249305558315), (-13.666029868530957, 42.74340645193913), (-13.634313095848592, 42.75544265121237), (-13.60247553690393, 42.767357903691554), (-13.57051719332308, 42.779152209693805), (-13.538438066735765, 42.79082556953988), (-13.506238158775306, 42.80237798355414), (-13.473917471078638, 42.813809452064575), (-13.441476005286301, 42.8251199754028), (-13.40891376304244, 42.83630955390404), (-13.376230745994807, 42.84737818790713), (-13.343426955794762, 42.85832587775455), (-13.310502394097268, 42.869152623792374), (-13.277457062560899, 42.879858426370305), (-13.244290962847835, 42.89044328584166), (-13.211004096623858, 42.900907202563396), (-13.177596465558361, 42.911250176896054), (-13.144068071324341, 42.92147220920382), (-13.1104189155984, 42.931573299854485)]",True
1784490667.0773714,0,-14.393845087075839,42.47043060740531,0.8000021584269678,238.21730268310017,0.4050324134937826,-12.214500949799042,44.72144924397621,2.252246178071728,239.76060316352894,-0.40972797778322273,2.1793441372767965,2.2510186365708975,1.4522440196447604,1.543300480428769,-0.8147603912770054,"[(-14.425314514989537, 42.43066877761958), (-14.398756130104962, 42.443277961019604), (-14.372077274568495, 42.455766558124324), (-14.345277949894347, 42.46813456924244), (-14.31835815760043, 42.48038199468635), (-14.291317899208355, 42.49250883477217), (-14.264157176243433, 42.50451508981971), (-14.23687599023468, 42.51640076015253), (-14.209474342714806, 42.528165846097856), (-14.181952235220232, 42.53981034798666), (-14.15430966929107, 42.55133426615361), (-14.126546646471141, 42.56273760093709), (-14.09866316830796, 42.57402035267919), (-14.070659236352745, 42.58518252172572), (-14.042534852160415, 42.5962241084262), (-14.01429001728959, 42.607145113133846), (-13.98592473330259, 42.61794553620561), (-13.957439001765433, 42.62862537800214), (-13.928832824247841, 42.6391846388878), (-13.900106202323235, 42.64962331923065), (-13.871259137568732, 42.659941419402486), (-13.842291631565155, 42.67013893977881), (-13.813203685897026, 42.680215880738814), (-13.783995302152563, 42.690172242665426), (-13.754666481923687, 42.70000802594528), (-13.725217226806018, 42.709723230968706), (-13.695647538398875, 42.71931785812976), (-13.665957418305277, 42.728791907826206), (-13.636146868131945, 42.738145380459514), (-13.606215889489295, 42.74737827643487), (-13.576164483991448, 42.75649059616117), (-13.545992653256217, 42.76548234005102), (-13.515700398905121, 42.77435350852074), (-13.485287722563376, 42.783104101990354), (-13.454754625859893, 42.7917341208836), (-13.424101110427289, 42.80024356562794), (-13.393327177901874, 42.80863243665451), (-13.362432829923662, 42.816900734398196), (-13.331418068136362, 42.82504845929758), (-13.300282894187385, 42.833075611794946), (-13.269027309727838, 42.840982192336305), (-13.237651316412526, 42.848768201371364), (-13.206154915899955, 42.85643363935355), (-13.174538109852328, 42.86397850673999), (-13.142800899935548, 42.871402803991536)]",True
1784490667.1255007,0,-14.367742703089755,42.489581398742104,0.8371368911856393,238.21730268310017,0.4050324134937826,-12.196831646446821,44.81011104029135,2.2677837594200296,239.76060316352894,-0.40972797778322273,2.170911056642934,2.32052964154925,1.4306468682343905,1.543300480428769,-0.8147603912770054,"[(-14.414818550628109, 42.4410547340083), (-14.388509578867753, 42.45317466297194), (-14.36207986208642, 42.46517373302075), (-14.335529401799702, 42.47705194448043), (-14.308858199526929, 42.48880929768044), (-14.282066256791156, 42.50044579295397), (-14.255153575119177, 42.511961430637946), (-14.228120156041511, 42.52335621107305), (-14.200966001092413, 42.5346301346037), (-14.173691111809868, 42.54578320157806), (-14.146295489735595, 42.55681541234804), (-14.118779136415041, 42.567726767269264), (-14.091142053397386, 42.57851726670114), (-14.06338424223554, 42.58918691100679), (-14.035505704486146, 42.59973570055309), (-14.007506441709578, 42.61016363571065), (-13.97938645546994, 42.62047071685382), (-13.95114574733507, 42.630656944360716), (-13.922784318876534, 42.64072231861316), (-13.894302171669628, 42.65066683999674), (-13.86569930729338, 42.66049050890078), (-13.83697572733055, 42.670193325718344), (-13.808131433367631, 42.67977529084624), (-13.77916642699484, 42.68923640468501), (-13.750080709806129, 42.69857666763896), (-13.720874283399182, 42.70779608011611), (-13.691547149375408, 42.71689464252824), (-13.662099309339949, 42.72587235529086), (-13.63253076490168, 42.73472921882323), (-13.602841517673204, 42.743465233548356), (-13.573031569270851, 42.75208039989297), (-13.543100921314686, 42.76057471828755), (-13.513049575428502, 42.76894818916633), (-13.482877533239822, 42.77720081296727), (-13.4525847963799, 42.78533259013208), (-13.422171366483719, 42.793343521106195), (-13.391637245189989, 42.80123360633881), (-13.360982434141153, 42.809002846282866), (-13.330206934983382, 42.81665124139502), (-13.299310749366578, 42.82417879213569), (-13.26829387894437, 42.83158549896903), (-13.23715632537412, 42.83887136236292), (-13.205898090316913, 42.84603638278902), (-13.174519175437572, 42.853080560722695), (-13.14301958240464, 42.860003896643065)]",True
1784490667.17545,0,-14.331560565176952,42.514430542361595,0.9155841913928477,238.21730268310017,0.4050324134937826,-12.178069146513765,44.922344310082046,2.2833961528801443,239.76060316352894,-0.40972797778322273,2.1534914186631866,2.4079137677204514,1.3678119614872966,1.543300480428769,-0.8147603912770054,"[(-14.385719969147132, 42.4668819407314), (-14.359331777154484, 42.47843100630711), (-14.332822483430885, 42.489858857191734), (-14.306192089505826, 42.50116549373125), (-14.279440596912574, 42.51235091627543), (-14.252568007188163, 42.52341512517782), (-14.225574321873403, 42.53435812079576), (-14.198459542512866, 42.54517990349035), (-14.171223670654905, 42.555880473626495), (-14.143866707851641, 42.56645983157287), (-14.116388655658962, 42.57691797770193), (-14.08878951563653, 42.587254912389916), (-14.06106928934777, 42.597470636016844), (-14.033227978359891, 42.607565148966515), (-14.005265584243864, 42.61753845162651), (-13.977182108574429, 42.62739054438819), (-13.948977552930101, 42.63712142764671), (-13.920651918893162, 42.64673110180099), (-13.892205208049667, 42.65621956725373), (-13.863637421989438, 42.66558682441142), (-13.834948562306067, 42.67483287368434), (-13.80613863059692, 42.68395771548653), (-13.777207628463128, 42.69296135023582), (-13.748155557509595, 42.701843778353826), (-13.718982419344993, 42.710605000265936), (-13.689688215581766, 42.71924501640133), (-13.660272947836123, 42.72776382719296), (-13.630736617728047, 42.736161433077555), (-13.601079226881287, 42.744437834495635), (-13.571300776923366, 42.75259303189149), (-13.54140126948557, 42.76062702571321), (-13.51138070620296, 42.76853981641264), (-13.481239088714362, 42.77633140444542), (-13.450976418662375, 42.78400179027098), (-13.420592697693362, 42.7915509743525), (-13.39008792745746, 42.79897895715698), (-13.35946210960857, 42.80628573915517), (-13.328715245804366, 42.81347132082161), (-13.297847337706289, 42.82053570263462), (-13.266858386979546, 42.8274788850763), (-13.235748395293118, 42.83430086863254), (-13.204517364319752, 42.84100165379299), (-13.173165295735961, 42.84758124105111), (-13.14169219122203, 42.854039630904104), (-13.110098052462007, 42.86037682385298)]",True
1784490667.231144,0,-14.316030558325105,42.524628262474046,0.9419890743639959,238.21730268310017,0.4050324134937826,-12.17146791687719,44.96758603199328,2.28865118933296,239.76060316352894,-0.40972797778322273,2.144562641447914,2.442957769519232,1.3466621149689644,1.543300480428769,-0.8147603912770054,"[(-14.36670806450334, 42.481720005066066), (-14.339998294255915, 42.49312527960691), (-14.31316738728495, 42.50440930390725), (-14.28621534513079, 42.51557207831776), (-14.259142169337556, 42.52661360319287), (-14.23194786145314, 42.53753387889082), (-14.204632423029208, 42.54833290577362), (-14.177195855621202, 42.55901068420707), (-14.149638160788337, 42.56956721456075), (-14.121959340093602, 42.58000249720803), (-14.094159395103759, 42.59031653252606), (-14.066238327389344, 42.600509320895775), (-14.038196138524668, 42.610580862701894), (-14.010032830087814, 42.62053115833293), (-13.98174840366064, 42.630360208181166), (-13.953342860828775, 42.64006801264267), (-13.924816203181622, 42.64965457211731), (-13.89616843231236, 42.65911988700873), (-13.867399549817934, 42.66846395772434), (-13.838509557299073, 42.677686784675366), (-13.80949845636027, 42.686788368276794), (-13.780366248609795, 42.695768708947405), (-13.751112935659688, 42.70462780710976), (-13.721738519125767, 42.7133656631902), (-13.692243000627617, 42.72198227761887), (-13.662626381788598, 42.73047765082968), (-13.632888664235846, 42.738851783260316), (-13.603029849600263, 42.74710467535227), (-13.573049939516528, 42.755236327550804), (-13.542948935623091, 42.76324674030497), (-13.512726839562173, 42.7711359140676), (-13.482383652979772, 42.77890384929531), (-13.451919377525652, 42.7865505464485), (-13.421334014853352, 42.794076005991364), (-13.390627566620184, 42.80148022839186), (-13.35980003448723, 42.80876321412174), (-13.328851420119348, 42.81592496365654), (-13.297781725185159, 42.822965477475584), (-13.266590951357063, 42.829884756061965), (-13.235279100311232, 42.836682799902576), (-13.203846173727605, 42.84335960948808), (-13.172292173289897, 42.84991518531294), (-13.14061710068559, 42.85634952787537), (-13.108820957605941, 42.86266263767742), (-13.076903745745977, 42.86885451522486)]",True
1784490667.2855406,0,-14.291817670670536,42.54021693621131,0.9770719882732627,238.21730268310017,0.4050324134937826,-12.16273112095969,45.03579328349328,2.2956333066809385,239.76060316352894,-0.40972797778322273,2.1290865497108467,2.4955763472819683,1.3185613184076757,1.543300480428769,-0.8147603912770054,"[(-14.3334475098549, 42.505108252543096), (-14.306446906395422, 42.51587479615658), (-14.279325141109249, 42.52652006542611), (-14.252082215546626, 42.53704406072249), (-14.224718131261575, 42.54744678242029), (-14.197232889811902, 42.55772823089789), (-14.16962649275918, 42.56788840653744), (-14.141898941668767, 42.57792730972489), (-14.114050238109792, 42.58784494084997), (-14.086080383655165, 42.597641300306194), (-14.05798937988157, 42.607316388490865), (-14.029777228369467, 42.616870205805085), (-14.001443930703092, 42.62630275265372), (-13.972989488470459, 42.63561402944545), (-13.944413903263358, 42.64480403659272), (-13.915717176677353, 42.65387277451177), (-13.886899310311787, 42.662820243622626), (-13.857960305769776, 42.67164644434911), (-13.828900164658215, 42.68035137711881), (-13.799718888587773, 42.68893504236313), (-13.770416479172894, 42.69739744051723), (-13.7409929380318, 42.705738572020074), (-13.711448266786487, 42.71395843731441), (-13.681782467062726, 42.72205703684678), (-13.651995540490065, 42.73003437106749), (-13.622087488701826, 42.73789044043066), (-13.59205831333511, 42.74562524539418), (-13.561908016030788, 42.75323878641973), (-13.531636598433508, 42.76073106397277), (-13.501244062191693, 42.76810207852257), (-13.470730408957545, 42.77535183054215), (-13.440095640387034, 42.78248032050835), (-13.40933975813991, 42.789487548901775), (-13.378462763879696, 42.79637351620683), (-13.347464659273692, 42.803138222911684), (-13.316345445992969, 42.809781669508325), (-13.285105125712372, 42.8163038564925), (-13.253743700110526, 42.822704784363765), (-13.222261170869826, 42.82898445362544), (-13.190657539676444, 42.835142864784636), (-13.158932808220323, 42.84118001835226), (-13.127086978195182, 42.847095914843), (-13.095120051298515, 42.85289055477533), (-13.06303202923159, 42.8585639386715), (-13.030822913699446, 42.864116067057566)]",True
1784490667.355382,0,-14.23937848170371,42.573507213794436,1.1167929952837607,238.21730268310017,0.4050324134937826,-12.150905506058303,45.17287082281256,2.2101249130881717,241.23185474817345,-0.4001922303610397,2.0884729756454075,2.599363609018127,1.093331917804411,3.014552065073275,-0.8052246438548223,"[(-14.296691579191922, 42.529194774385864), (-14.269166597565254, 42.53946038225), (-14.241520013929232, 42.5496042748477), (-14.213751829865377, 42.559626452569105), (-14.185862046959038, 42.56952691580818), (-14.157850666799396, 42.57930566496274), (-14.129717690979449, 42.58896270043442), (-14.10146312109603, 42.59849802262871), (-14.073086958749792, 42.60791163195492), (-14.04458920554522, 42.6172035288262), (-14.015969863090618, 42.626373713659554), (-13.98722893299812, 42.6354221868758), (-13.958366416883687, 42.644348948899605), (-13.929382316367104, 42.653154000159475), (-13.900276633071982, 42.66183734108775), (-13.871049368625759, 42.670398972120594), (-13.841700524659695, 42.67883889369803), (-13.81223010280888, 42.687157106263896), (-13.782638104712227, 42.69535361026588), (-13.752924532012475, 42.70342840615552), (-13.723089386356188, 42.71138149438815), (-13.693132669393757, 42.719212875422976), (-13.663054382779395, 42.72692254972303), (-13.632854528171142, 42.73451051775517), (-13.602533107230864, 42.741976779990104), (-13.57209012162425, 42.749321336902376), (-13.541525573020813, 42.75654418897036), (-13.510839463093896, 42.76364533667627), (-13.480031793520663, 42.770624780506154), (-13.449102565982098, 42.77748252094989), (-13.418051782163019, 42.7842185585012), (-13.386879443752063, 42.79083289365765), (-13.355585552441692, 42.79732552692063), (-13.324170109928193, 42.803696458795365), (-13.292633117911675, 42.80994568979092), (-13.260974578096077, 42.8160732204202), (-13.229194492189157, 42.822079051199935), (-13.197292861902497, 42.827963182650706), (-13.165269688951506, 42.83372561529691), (-13.133124975055413, 42.839366349666804), (-13.100858721937277, 42.84488538629246), (-13.068470931323972, 42.850282725709796), (-13.035961604946204, 42.85555836845856), (-13.003330744538498, 42.86071231508234), (-12.970578351839205, 42.865744566128555)]",True
1784490667.3818092,0,-14.21002473209811,42.59193085989801,1.1920150370642002,238.21730268310017,0.4050324134937826,-12.148601206403212,45.23517487972636,1.9652788967510402,241.23185474817345,-0.4001922303610397,2.0614235256948987,2.6432440198283516,0.77326385968684,3.014552065073275,-0.8052246438548223,"[(-14.272535420551653, 42.54381159100297), (-14.246405564433084, 42.55213623965555), (-14.220155233258978, 42.56034031153899), (-14.193784428530181, 42.56842380709379), (-14.167293151751242, 42.57638672676417), (-14.140681404430412, 42.58422907099807), (-14.11394918807964, 42.59195084024713), (-14.087096504214582, 42.5995520349667), (-14.060123354354587, 42.60703265561583), (-14.03302974002271, 42.61439270265731), (-14.005815662745706, 42.62163217655761), (-13.978481124054028, 42.62875107778692), (-13.95102612548183, 42.63574940681915), (-13.92345066856697, 42.64262716413191), (-13.895754754851, 42.64938435020651), (-13.867938385879178, 42.65602096552799), (-13.840001563200458, 42.6625370105851), (-13.8119442883675, 42.66893248587027), (-13.783766562936657, 42.67520739187968), (-13.755468388467985, 42.68136172911319), (-13.727049766525242, 42.68739549807439), (-13.698510698675884, 42.69330869927055), (-13.669851186491064, 42.69910133321269), (-13.64107123154564, 42.704773400415505), (-13.612170835418166, 42.71032490139742), (-13.583149999690896, 42.715755836680565), (-13.554008725949785, 42.72106620679077), (-13.524747015784486, 42.72625601225759), (-13.495364870788352, 42.73132525361428), (-13.465862292558434, 42.736273931397804), (-13.436239282695485, 42.74110204614883), (-13.406495842803954, 42.74580959841175), (-13.376631974491993, 42.75039658873466), (-13.346647679371449, 42.75486301766936), (-13.316542959057868, 42.75920888577135), (-13.286317815170499, 42.76343419359986), (-13.255972249332284, 42.76753894171783), (-13.22550626316987, 42.77152313069189), (-13.194919858313597, 42.775386761092385), (-13.164213036397507, 42.77912983349337), (-13.13338579905934, 42.78275234847262), (-13.102438147940534, 42.7862543066116), (-13.071370084686224, 42.78963570849551), (-13.040181610945243, 42.792896554713224), (-13.008872728370127, 42.79603684585735)]",True
1784490667.4255571,0,-14.157301785976408,42.62509212618677,1.2953504841711372,238.21730268310017,0.4050324134937826,-12.150690348976894,45.33252169252666,1.9869737642851113,241.23185474817345,-0.4001922303610397,2.0066114369995134,2.70742956633989,0.6916232801139741,3.014552065073275,-0.8052246438548223,"[(-14.240804597101956, 42.56287700832644), (-14.216119610245405, 42.56911826435662), (-14.19131399434959, 42.575238799848606), (-14.166387750875863, 42.58123861530875), (-14.141340881289295, 42.58711771124713), (-14.116173387058673, 42.59287608817756), (-14.090885269656502, 42.59851374661758), (-14.065476530559005, 42.60403068708844), (-14.039947171246128, 42.60942691011513), (-14.014297193201532, 42.61470241622637), (-13.988526597912596, 42.6198572059546), (-13.962635386870417, 42.62489127983599), (-13.936623561569812, 42.62980463841044), (-13.910491123509315, 42.63459728222156), (-13.884238074191178, 42.63926921181671), (-13.85786441512137, 42.64382042774696), (-13.831370147809578, 42.64825093056711), (-13.804755273769207, 42.65256072083569), (-13.778019794517382, 42.656749799114955), (-13.751163711574941, 42.66081816597089), (-13.724187026466442, 42.66476582197319), (-13.69708974072016, 42.6685927676953), (-13.66987185586809, 42.67229900371438), (-13.642533373445941, 42.67588453061131), (-13.61507429499314, 42.67934934897071), (-13.58749462205283, 42.682693459380914), (-13.559794356171876, 42.685916862433984), (-13.531973498900854, 42.68901955872571), (-13.504032051794061, 42.692001548855615), (-13.47597001640951, 42.69486283342694), (-13.44778739430893, 42.69760341304665), (-13.419484187057765, 42.700223288325446), (-13.39106039622518, 42.70272245987774), (-13.362516023384055, 42.705100928321684), (-13.333851070110985, 42.70735869427915), (-13.305065537986282, 42.70949575837574), (-13.276159428593974, 42.711512121240766), (-13.24713274352181, 42.713407783507286), (-13.217985484361249, 42.71518274581207), (-13.188717652707467, 42.71683700879563), (-13.159329250159361, 42.71837057310218), (-13.129820278319539, 42.719783439379675), (-13.100190738794328, 42.7210756082798), (-13.07044063319377, 42.72224708045794), (-13.040569963131624, 42.72329785657324)]",True
1784490667.4802227,0,-14.135087864567256,42.63909496549925,1.3301325656503316,238.21730268310017,0.4050324134937826,-12.153094581825691,45.372520176989774,2.019748358131645,241.23185474817345,-0.4001922303610397,1.9819932827415645,2.733425211490527,0.6896157924813135,3.014552065073275,-0.8052246438548223,"[(-14.23230209209067, 42.568013804584034), (-14.207884317804162, 42.5738370475615), (-14.18334587572809, 42.57953953322963), (-14.158686767316778, 42.58512126210813), (-14.133906994028274, 42.590582234720436), (-14.10900655732435, 42.59592245159371), (-14.0839854586705, 42.60114191325884), (-14.05884369953594, 42.60624062025047), (-14.033581281393612, 42.61121857310693), (-14.008198205720177, 42.61607577237033), (-13.98269447399602, 42.62081221858649), (-13.95707008770525, 42.62542791230494), (-13.931325048335694, 42.629922854078984), (-13.905459357378904, 42.63429704446562), (-13.879473016330156, 42.63855048402559), (-13.853366026688446, 42.642683173323384), (-13.827138389956495, 42.64669511292718), (-13.800790107640742, 42.650586303408936), (-13.77432118125135, 42.6543567453443), (-13.747731612302205, 42.65800643931268), (-13.721021402310914, 42.661535385897196), (-13.694190552798805, 42.66494358568471), (-13.667239065290929, 42.668231039265805), (-13.640166941316057, 42.6713977472348), (-13.612974182406685, 42.67444371018974), (-13.585660790099027, 42.67736892873241), (-13.558226765933021, 42.68017340346832), (-13.530672111452324, 42.68285713500669), (-13.502996828204317, 42.68542012396051), (-13.4752009177401, 42.687862370946476), (-13.447284381614494, 42.69018387658502), (-13.419247221386046, 42.69238464150029), (-13.391089438617017, 42.69446466632019), (-13.362811034873395, 42.69642395167632), (-13.334412011724885, 42.69826249820405), (-13.305892370744912, 42.69998030654246), (-13.27725211351063, 42.70157737733434), (-13.2484912416029, 42.70305371122625), (-13.219609756606319, 42.70440930886844), (-13.19060766010919, 42.70564417091493), (-13.16148495370355, 42.70675829802344), (-13.132241638985144, 42.70775169085542), (-13.102877717553447, 42.708624350076065), (-13.073393191011649, 42.7093762763543), (-13.043788060966662, 42.71000747036276)]",True
1784490667.5748084,0,-14.123792841042563,42.64627157003853,1.3462932601130337,238.21730268310017,0.4050324134937826,-12.15459886880116,45.392737840603566,2.034976319621236,241.23185474817345,-0.4001922303610397,1.9691939722414027,2.746466270565037,0.6886830595082023,3.014552065073275,-0.8052246438548223,"[(-14.214210280159808, 42.579039104172004), (-14.189389683374694, 42.584837631939294), (-14.16444792893436, 42.59051491081577), (-14.139385018321065, 42.596070941327405), (-14.114200953020852, 42.60150572400397), (-14.08889573452354, 42.606819259379016), (-14.063469364322723, 42.61201154798987), (-14.037921843915775, 42.61708259037766), (-14.012253174803849, 42.622032387087295), (-13.98646335849187, 42.62686093866746), (-13.96055239648854, 42.63156824567065), (-13.934520290306342, 42.63615430865311), (-13.908367041461535, 42.640619128174905), (-13.882092651474153, 42.644962704799866), (-13.855697121868007, 42.64918503909561), (-13.829180454170686, 42.65328613163355), (-13.802542649913555, 42.657265982988875), (-13.775783710631755, 42.66112459374056), (-13.748903637864203, 42.66486196447136), (-13.721902433153593, 42.66847809576784), (-13.694780098046396, 42.67197298822032), (-13.66753663409286, 42.67534664242292), (-13.640172042847006, 42.67859905897355), (-13.612686325866633, 42.68173023847389), (-13.585079484713317, 42.68474018152941), (-13.557351520952405, 42.68762888874938), (-13.52950243615303, 42.69039636074684), (-13.501532231888088, 42.69304259813861), (-13.473440909734261, 42.695567601545314), (-13.445228471272005, 42.69797137159134), (-13.416894918085545, 42.70025390890488), (-13.388440251762887, 42.702415214117885), (-13.359864473895813, 42.704455287866125), (-13.33116758607988, 42.70637413078913), (-13.302349589914417, 42.70817174353022), (-13.273410487002531, 42.7098481267365), (-13.244350278951103, 42.71140328105887), (-13.21516896737079, 42.71283720715199), (-13.185866553876023, 42.71414990567433), (-13.156443040085012, 42.715341377288134), (-13.126898427619736, 42.71641162265942), (-13.097232718105952, 42.71736064245801), (-13.067445913173188, 42.718188437357504), (-13.037538014454753, 42.718895008035275), (-13.007509023587728, 42.71948035517249)]",True
1784490667.5922668,0,-14.123792841042563,42.64627157003853,1.3462932601130337,238.21730268310017,0.4050324134937826,-12.15459886880116,45.392737840603566,2.034976319621236,241.23185474817345,-0.4001922303610397,1.9691939722414027,2.746466270565037,0.6886830595082023,3.014552065073275,-0.8052246438548223,"[(-14.18458759184635, 42.59731950285734), (-14.158622811637263, 42.60355109372966), (-14.132536377405696, 42.60966093404775), (-14.106328290685205, 42.61564902432932), (-14.079998553013182, 42.62151536509594), (-14.053547165930851, 42.627259956873004), (-14.026974130983264, 42.63288280018977), (-14.000279449719306, 42.63838389557931), (-13.973463123691694, 42.64376324357856), (-13.946525154456975, 42.649020844728284), (-13.919465543575527, 42.654156699573086), (-13.89228429261156, 42.659170808661415), (-13.864981403133115, 42.66406317254555), (-13.83755687671206, 42.66883379178163), (-13.8100107149241, 42.67348266692961), (-13.782342919348768, 42.678009798553305), (-13.754553491569423, 42.68241518722036), (-13.726642433173264, 42.686698833502255), (-13.698609745751313, 42.690860737974326), (-13.670455430898421, 42.69490090121574), (-13.642179490213278, 42.698819323809495), (-13.613781925298397, 42.702616006342446), (-13.585262737760123, 42.70629094940527), (-13.556621929208632, 42.7098441535925), (-13.527859501257929, 42.7132756195025), (-13.49897545552585, 42.71658534773747), (-13.46996979363406, 42.719773338903465), (-13.440842517208056, 42.72283959361036), (-13.411593627877158, 42.72578411247188), (-13.382223127274525, 42.72860689610559), (-13.35273101703714, 42.7313079451329), (-13.323117298805817, 42.73388726017904), (-13.2933819742252, 42.7363448418731), (-13.26352504494376, 42.73868069084799), (-13.233546512613799, 42.74089480774048), (-13.203446378891448, 42.74298719319117), (-13.173224645436667, 42.744957847844496), (-13.142881313913247, 42.746806772348734), (-13.112416385988803, 42.748533967355996), (-13.081829863334786, 42.75013943352225), (-13.051121747626468, 42.75162317150728), (-13.020292040542957, 42.75298518197473), (-12.989340743767185, 42.75422546559206), (-12.958267858985916, 42.75534402303059), (-12.92707338788974, 42.756340854965465)]",True
1784490667.6256278,0,-14.017338264970089,42.71499061344339,1.4611995410805905,238.21730268310017,0.4050324134937826,-12.175551169362087,45.57991343438633,2.1432506530989515,241.23185474817345,-0.4001922303610397,1.8417870956080016,2.8649228209429367,0.682051112018361,3.014552065073275,-0.8052246438548223,"[(-14.117694566490524, 42.63888243987816), (-14.08926807552349, 42.64619544046787), (-14.060720679938179, 42.653387430470325), (-14.03205238131857, 42.66045841036091), (-14.003263181252382, 42.667408380618774), (-13.974353081331081, 42.67423734172682), (-13.945322083149874, 42.6809452941717), (-13.916170188307708, 42.68753223844381), (-13.88689739840728, 42.69399817503731), (-13.857503715055024, 42.700343104450106), (-13.827989139861119, 42.706567027183866), (-13.798353674439486, 42.712669943744004), (-13.768597320407789, 42.71865185463969), (-13.738720079387432, 42.72451276038383), (-13.708721953003565, 42.73025266149311), (-13.67860294288508, 42.73587155848795), (-13.64836305066461, 42.74136945189253), (-13.61800227797853, 42.74674634223478), (-13.587520626466958, 42.75200223004638), (-13.556918097773755, 42.75713711586276), (-13.526194693546522, 42.76215100022311), (-13.4953504154366, 42.767043883670375), (-13.464385265099079, 42.77181576675124), (-13.433299244192785, 42.77646665001615), (-13.402092354380288, 42.780996534019295), (-13.370764597327897, 42.785405419318636), (-13.339315974705665, 42.78969330647586), (-13.307746488187387, 42.79386019605643), (-13.276056139450597, 42.79790608862954), (-13.244244930176574, 42.801830984768145), (-13.212312862050334, 42.80563488504895), (-13.180259936760638, 42.809317790052425), (-13.148086155999986, 42.81287970036278), (-13.115791521464617, 42.81632061656797), (-13.083376034854515, 42.819640539259716), (-13.050839697873405, 42.82283946903348), (-13.018182512228748, 42.825917406488486), (-12.985404479631752, 42.8288743522277), (-12.95250560179736, 42.83171030685784), (-12.919485880444261, 42.834425270989385), (-12.88634531729488, 42.837019245236554), (-12.853083914075386, 42.839492230217324), (-12.819701672515686, 42.84184422655343), (-12.786198594349425, 42.84407523487033), (-12.752574681313996, 42.84618525579727)]",True
1784490667.6877725,0,-13.980382616301409,42.739366961160684,1.4895910739081977,238.21730268310017,0.4050324134937826,-12.184380662703381,45.644015545439956,2.1700035361218366,241.23185474817345,-0.4001922303610397,1.7960019535980276,2.904648584279272,0.6804124622136389,3.014552065073275,-0.8052246438548223,"[(-14.083507982233264, 42.66018470226974), (-14.054959154547916, 42.66725015879161), (-14.02628951918124, 42.674194702064554), (-13.997499077719313, 42.68101833257112), (-13.968587831751945, 42.68772105079761), (-13.939555782872686, 42.69430285723407), (-13.910402932678817, 42.70076375237429), (-13.88112928277136, 42.707103736715816), (-13.851734834755069, 42.71332281075992), (-13.822219590238436, 42.71942097501163), (-13.792583550833688, 42.725398229979724), (-13.76282671815679, 42.731254576176724), (-13.732949093827436, 42.73699001411889), (-13.702950679469062, 42.742604544326234), (-13.672831476708836, 42.74809816732251), (-13.642591487177663, 42.753470883635224), (-13.612230712510183, 42.75872269379562), (-13.58174915434477, 42.76385359833869), (-13.551146814323538, 42.768863597803175), (-13.520423694092326, 42.773752692731556), (-13.489579795300719, 42.77852088367006), (-13.458615119602031, 42.78316817116866), (-13.427529668653312, 42.78769455578108), (-13.396323444115346, 42.792100038064774), (-13.364996447652654, 42.79638461858096), (-13.333548680933488, 42.80054829789458), (-13.301980145629837, 42.80459107657434), (-13.270290843417428, 42.80851295519268), (-13.238480775975713, 42.81231393432579), (-13.206549944987886, 42.81599401455361), (-13.174498352140875, 42.81955319645981), (-13.142325999125337, 42.82299148063181), (-13.110032887635668, 42.826308867660785), (-13.07761901937, 42.829505358141645), (-13.04508439603019, 42.83258095267305), (-13.012429019321836, 42.83553565185739), (-12.97965289095427, 42.838369456300825), (-12.946756012640554, 42.841082366613236), (-12.913738386097487, 42.84367438340826), (-12.880600013045601, 42.846145507303284), (-12.84734089520916, 42.848495738919425), (-12.81396103431616, 42.85072507888155), (-12.780460432098334, 42.85283352781828), (-12.746839090291147, 42.85482108636196), (-12.713097010633795, 42.8566877551487)]",True
1784490667.7258902,0,-13.942860402831037,42.76432281199301,1.514122082165368,238.21730268310017,0.4050324134937826,-12.193898329597491,45.708773922030716,2.19311870916735,241.23185474817345,-0.4001922303610397,1.748962073233546,2.944451110037704,0.6789966270019818,3.014552065073275,-0.8052246438548223,"[(-14.04846430172204, 42.68236608530442), (-14.019750709977458, 42.689269480297135), (-13.990916318546207, 42.69605197003842), (-13.961961129019208, 42.70271355501577), (-13.932885142991116, 42.70925423572042), (-13.903688362060326, 42.71567401264737), (-13.874370787828962, 42.72197288629534), (-13.844932421902888, 42.72815085716681), (-13.815373265891699, 42.734207925768), (-13.785693321408726, 42.740144092608865), (-13.755892590071037, 42.74595935820313), (-13.725971073499434, 42.751653723068245), (-13.695928773318451, 42.7572271877254), (-13.66576569115636, 42.76267975269955), (-13.635481828645165, 42.76801141851937), (-13.605077187420605, 42.7732221857173), (-13.574551769122156, 42.77831205482952), (-13.543905575393026, 42.78328102639595), (-13.513138607880158, 42.78812910096025), (-13.482250868234228, 42.79285627906984), (-13.451242358109647, 42.797462561275864), (-13.42011307916456, 42.80194794813323), (-13.388863033060845, 42.80631244020058), (-13.357492221464117, 42.810556038040296), (-13.326000646043719, 42.81467874221851), (-13.294388308472733, 42.8186805533051), (-13.262655210427974, 42.822561471873684), (-13.23080135358999, 42.82632149850163), (-13.198826739643062, 42.82996063377004), (-13.166731370275203, 42.833478878263776), (-13.134515247178161, 42.83687623257142), (-13.102178372047417, 42.84015269728532), (-13.069720746582188, 42.843308273001554), (-13.037142372485421, 42.84634296031996), (-13.004443251463796, 42.849256759844096), (-12.971623385227725, 42.85204967218129), (-12.938682775491356, 42.85472169794259), (-12.905621423972569, 42.8572728377428), (-12.872439332392977, 42.85970309220046), (-12.839136502477926, 42.86201246193788), (-12.80571293595649, 42.864200947581075), (-12.772168634561483, 42.86626854975982), (-12.738503600029443, 42.86821526910765), (-12.704717834100647, 42.870041106261816), (-12.670811338519103, 42.87174606186333)]",True
1784490667.779039,0,-13.905000778774488,42.79000474815154,1.5353174987625382,238.21730268310017,0.4050324134937826,-12.204330513342068,45.77404411341399,2.2130908080423377,241.23185474817345,-0.4001922303610397,1.7006702654324197,2.984039365262454,0.6777733092797995,3.014552065073275,-0.8052246438548223,"[(-14.011562761339848, 42.7059909688245), (-13.982657834705899, 42.71281720905161), (-13.953632770301692, 42.71952320659254), (-13.924487569700783, 42.726108961930024), (-13.895222234480395, 42.732574475550436), (-13.865836766221403, 42.73891974794383), (-13.836331166508346, 42.74514477960394), (-13.806705436929427, 42.75124957102816), (-13.776959579076506, 42.757234122717556), (-13.747093594545102, 42.76309843517686), (-13.7171074849344, 42.768842508914474), (-13.687001251847237, 42.77446634444248), (-13.656774896890116, 42.77996994227662), (-13.626428421673202, 42.785353302936315), (-13.595961827810312, 42.79061642694464), (-13.56537511691893, 42.79575931482835), (-13.534668290620194, 42.800781967117885), (-13.503841350538908, 42.80568438434732), (-13.472894298303531, 42.81046656705443), (-13.441827135546186, 42.81512851578065), (-13.41063986390265, 42.81967023107108), (-13.379332485012366, 42.82409171347449), (-13.347905000518429, 42.82839296354332), (-13.3163574120676, 42.83257398183369), (-13.284689721310295, 42.83663476890538), (-13.252901929900592, 42.84057532532183), (-13.220994039496226, 42.84439565165017), (-13.188966051758593, 42.848095748461176), (-13.156817968352746, 42.851675616329324), (-13.124549790947398, 42.85513525583273), (-13.092161521214921, 42.85847466755319), (-13.059653160831346, 42.86169385207617), (-13.027024711476361, 42.86479280999082), (-12.994276174833317, 42.86777154188992), (-12.961407552589217, 42.87063004836996), (-12.928418846434726, 42.87336833003108), (-12.895310058064169, 42.875986387477084), (-12.862081189175527, 42.87848422131546), (-12.828732241470442, 42.88086183215735), (-12.79526321665421, 42.88311922061758), (-12.761674116435787, 42.88525638731463), (-12.727964942527787, 42.88727333287065), (-12.694135696646486, 42.88917005791147), (-12.66018638051181, 42.89094656306659), (-12.626116995847351, 42.89260284896916)]",True
1784490667.844897,0,-13.854079966668946,42.825205822004186,1.559164228775744,238.21730268310017,0.4050324134937826,-12.220180915159254,45.86160644860062,2.235561196745736,241.23185474817345,-0.4001922303610397,1.633899051509692,3.036400626596432,0.6763969679699919,3.014552065073275,-0.8052246438548223,"[(-13.926053982174462, 42.76191467156512), (-13.895928972689404, 42.769176708436646), (-13.865682580046366, 42.7763172504823), (-13.835314805900417, 42.78333629818444), (-13.804825651910424, 42.79023385202923), (-13.774215119739056, 42.79700991250666), (-13.74348321105278, 42.803664480110506), (-13.712629927521867, 42.81019755533838), (-13.681655270820384, 42.816609138691675), (-13.650559242626194, 42.822899230675624), (-13.619341844620967, 42.82906783179925), (-13.588003078490166, 42.8351149425754), (-13.556542945923058, 42.841040563520714), (-13.524961448612704, 42.84684469515565), (-13.493258588255967, 42.85252733800449), (-13.461434366553512, 42.85808849259531), (-13.429488785209797, 42.86352815945998), (-13.397421845933083, 42.868846339134215), (-13.365233550435429, 42.874043032157516), (-13.33292390043269, 42.8791182390732), (-13.300492897644524, 42.8840719604284), (-13.267940543794385, 42.88890419677405), (-13.235266840609526, 42.89361494866489), (-13.202471789820999, 42.89820421665948), (-13.169555393163654, 42.902672001320184), (-13.136517652376135, 42.90701830321318), (-13.103358569200893, 42.91124312290844), (-13.07007814538417, 42.91534646097977), (-13.036676382676008, 42.919328318004766), (-13.00315328283025, 42.923188694564836), (-12.96950884760453, 42.92692759124521), (-12.935743078760286, 42.93054500863491), (-12.901855978062752, 42.93404094732678), (-12.867847547280958, 42.93741540791746), (-12.833717788187734, 42.940668391007414), (-12.799466702559705, 42.943799897200904), (-12.765094292177295, 42.94680992710601), (-12.730600558824726, 42.94969848133461), (-12.695985504290016, 42.9524655605024), (-12.661249130364979, 42.95511116522888), (-12.626391438845229, 42.957635296137354), (-12.591412431530173, 42.96003795385495), (-12.556312110223022, 42.96231913901259), (-12.521090476730777, 42.96447885224502), (-12.485747532864238, 42.96651709419078)]",True
1784490667.878954,0,-13.815808761499143,42.85249763079898,1.5742350618659087,238.21730268310017,0.4050324134937826,-12.233339509876831,45.92759056756021,2.249762199459001,241.23185474817345,-0.4001922303610397,1.582469251622312,3.07509293676123,0.6755271375930922,3.014552065073275,-0.8052246438548223,"[(-13.875023556242432, 42.79633640302426), (-13.846214649602313, 42.802665999667155), (-13.817285624186697, 42.80887537433716), (-13.78823648156629, 42.81496452753219), (-13.759067223315459, 42.82093345975381), (-13.72977785101223, 42.82678217150726), (-13.700368366238289, 42.832510663301456), (-13.670838770578984, 42.83811893564898), (-13.641189065623319, 42.84360698906608), (-13.611419252963962, 42.848974824072684), (-13.581529334197242, 42.85422244119237), (-13.551519310923142, 42.859349840952405), (-13.52138918474531, 42.86435702388371), (-13.491138957271051, 42.86924399052089), (-13.460768630111332, 42.874010741402216), (-13.430278204880777, 42.878657277069614), (-13.399667683197668, 42.88318359806869), (-13.368937066683952, 42.887589704948724), (-13.33808635696523, 42.89187559826266), (-13.307115555670766, 42.896041278567104), (-13.276024664433482, 42.900086746422346), (-13.244813684889959, 42.90401200239233), (-13.213482618680434, 42.90781704704468), (-13.182031467448807, 42.91150188095068), (-13.150460232842637, 42.91506650468529), (-13.11876891651314, 42.918510918827145), (-13.086957520115192, 42.92183512395853), (-13.055026045307326, 42.92503912066541), (-13.022974493751734, 42.928122909537414), (-12.990802867114267, 42.931086491167854), (-12.958511167064435, 42.93392986615369), (-12.926099395275406, 42.93665303509557), (-12.893567553424008, 42.93925599859779), (-12.860915643190724, 42.941738757268325), (-12.828143666259697, 42.94410131171883), (-12.795251624318727, 42.946343662564615), (-12.762239519059273, 42.94846581042466), (-12.729107352176452, 42.95046775592161), (-12.695855125369043, 42.95234949968179), (-12.662482840339473, 42.95411104233518), (-12.628990498793836, 42.955752384515435), (-12.595378102441877, 42.95727352685988), (-12.561645652997004, 42.958674470009505), (-12.52779315217628, 42.95995521460897), (-12.493820601700424, 42.961115761306594)]",True
1784490667.9375107,0,-13.803042743718136,42.861747897392014,1.5787886826335602,238.21730268310017,0.4050324134937826,-12.238034421942418,45.94961475448018,2.254053002793476,241.23185474817345,-0.4001922303610397,1.5650083217757178,3.0878668570881658,0.6752643201599158,3.014552065073275,-0.8052246438548223,"[(-13.850207435744412, 42.813331427658376), (-13.821952989764997, 42.819264667582146), (-13.793578341252394, 42.82507760444684), (-13.765083491763283, 42.83077023876342), (-13.736468442858019, 42.83634257104652), (-13.70773319610062, 42.84179460181447), (-13.678877753058774, 42.84712633158926), (-13.649902115303846, 42.85233776089656), (-13.620806284410861, 42.85742889026573), (-13.591590261958519, 42.8623997202298), (-13.562254049529189, 42.86725025132549), (-13.532797648708907, 42.87198048409318), (-13.50322106108738, 42.87659041907694), (-13.473524288257984, 42.88108005682452), (-13.443707331817762, 42.88544939788735), (-13.41377019336743, 42.88969844282053), (-13.38371287451137, 42.89382719218285), (-13.353535376857632, 42.897835646536755), (-13.323237702017941, 42.901723806448395), (-13.292819851607684, 42.905491672487585), (-13.262281827245916, 42.90913924522783), (-13.231623630555367, 42.912666525246294), (-13.200845263162432, 42.916073513123834), (-13.169946726697173, 42.91936020944498), (-13.138928022793323, 42.922526614797945), (-13.107789153088282, 42.92557272977461), (-13.076530119223117, 42.92849855497054), (-13.045150922842566, 42.93130409098498), (-13.013651565595033, 42.93398933842085), (-12.982032049132592, 42.93655429788475), (-12.950292375110983, 42.938998969986955), (-12.918432545189615, 42.941323355341424), (-12.886452561031565, 42.94352745456579), (-12.854352424303576, 42.945611268281354), (-12.82213213667606, 42.94757479711311), (-12.789791699823096, 42.949418041689725), (-12.757331115422433, 42.95114100264354), (-12.724750385155485, 42.952743680610574), (-12.692049510707331, 42.95422607623053), (-12.659228493766722, 42.95558819014679), (-12.626287336026076, 42.9568300230064), (-12.593226039181474, 42.957951575460086), (-12.560044604932669, 42.95895284816226), (-12.526743034983078, 42.959833841771015), (-12.493321331039782, 42.9605945569481)]",True
1784490667.9856687,0,-13.764691067430112,42.88986354036611,1.5911910903604478,238.21730268310017,0.4050324134937826,-12.252967552376779,46.01574947264588,2.2657395913667044,241.23185474817345,-0.4001922303610397,1.5117235150533332,3.125885932279772,0.6745485010062566,3.014552065073275,-0.8052246438548223,"[(-13.825233158326158, 42.83072472676386), (-13.797453046194164, 42.83633492525241), (-13.769552665821001, 42.84182475722496), (-13.741532018751114, 42.84719422320313), (-13.713391106532619, 42.852443323712215), (-13.685129930717316, 42.857572059281196), (-13.656748492860679, 42.86258043044275), (-13.628246794521859, 42.867468437733216), (-13.599624837263685, 42.87223608169265), (-13.570882622652661, 42.876883362864774), (-13.54202015225897, 42.881410281797), (-13.51303742765647, 42.88581683904043), (-13.483934450422698, 42.89010303514984), (-13.454711222138865, 42.89426887068371), (-13.425367744389861, 42.898314346204195), (-13.395904018764252, 42.90223946227714), (-13.366320046854277, 42.906044219472065), (-13.336615830255855, 42.90972861836219), (-13.306791370568583, 42.91329265952441), (-13.276846669395729, 42.91673634353931), (-13.24678172834424, 42.920059670991165), (-13.216596549024741, 42.923262642467925), (-13.186291133051531, 42.926345258561234), (-13.155865482042582, 42.92930751986642), (-13.125319597619546, 42.9321494269825), (-13.094653481407752, 42.934870980512166), (-13.0638671350362, 42.9374721810618), (-13.032960560137568, 42.93995302924147), (-13.00193375834821, 42.942313525664936), (-12.970786731308154, 42.94455367094963), (-12.939519480661106, 42.94667346571668), (-12.908132008054446, 42.94867291059089), (-12.876624315139228, 42.950552006200766), (-12.844996403570184, 42.95231075317847), (-12.813248275005718, 42.95394915215988), (-12.781379931107914, 42.955467203784536), (-12.749391373542524, 42.95686490869568), (-12.717282603978981, 42.958142267540225), (-12.68505362409039, 42.95929928096878), (-12.652704435553531, 42.96033594963563), (-12.62023504004886, 42.96125227419875), (-12.587645439260504, 42.96204825531979), (-12.554935634876271, 42.96272389366411), (-12.522105628587639, 42.963279189900724), (-12.48915542208976, 42.96371414470235)]",True
1784490668.0291069,0,-13.700725432700196,42.937911670181336,1.608228760667261,238.21730268310017,0.4050324134937826,-12.281050793051586,46.125922791555,2.281793913036067,241.23185474817345,-0.4001922303610397,1.4196746396486102,3.1880111213736626,0.6735651523688062,3.014552065073275,-0.8052246438548223,"[(-13.813758129013761, 42.83888761690772), (-13.787230548869982, 42.84366582016266), (-13.760582554963898, 42.848323517290446), (-13.733814148806989, 42.85286070884013), (-13.706925331914425, 42.85727739536449), (-13.679916105805079, 42.86157357742), (-13.652786472001512, 42.86574925556683), (-13.625536432029987, 42.869804430368866), (-13.598165987420455, 42.87373910239369), (-13.570675139706562, 42.87755327221259), (-13.543063890425657, 42.88124694040055), (-13.515332241118774, 42.88482010753627), (-13.487480193330645, 42.88827277420214), (-13.459507748609699, 42.89160494098427), (-13.431414908508058, 42.89481660847246), (-13.403201674581537, 42.89790777726021), (-13.374868048389645, 42.90087844794473), (-13.346414031495586, 42.90372862112693), (-13.31783962546626, 42.90645829741143), (-13.289144831872258, 42.90906747740655), (-13.260329652287869, 42.911556161724306), (-13.231394088291072, 42.91392435098042), (-13.202338141463542, 42.916172045794326), (-13.173161813390646, 42.91829924678915), (-13.143865105661448, 42.92030595459172), (-13.114448019868702, 42.92219216983257), (-13.084910557608858, 42.923957893145946), (-13.05525272048206, 42.925603125169786), (-13.025474510092142, 42.927127866545725), (-12.995575928046634, 42.92853211791911), (-12.96555697595676, 42.92981587993899), (-12.935417655437435, 42.93097915325812), (-12.90515796810727, 42.93202193853295), (-12.874777915588567, 42.93294423642363), (-12.84427749950732, 42.93374604759402), (-12.81365672149322, 42.93442737271168), (-12.782915583179646, 42.93498821244788), (-12.752054086203673, 42.935428567477565), (-12.721072232206067, 42.935748438479415), (-12.68997002283129, 42.935947826135795), (-12.658747459727493, 42.93602673113277), (-12.627404544546522, 42.93598515416012), (-12.595941278943913, 42.93582309591132), (-12.564357664578896, 42.935540557083534), (-12.532653703114393, 42.935137538377646)]",True
1784490668.102475,0,-13.662364953824616,42.96738463491435,1.6166280684102632,238.21730268310017,0.4050324134937826,-12.300539769623889,46.191666786418644,2.289708445121607,241.23185474817345,-0.4001922303610397,1.3618251842007272,3.2242821515042905,0.673080376711344,3.014552065073275,-0.8052246438548223,"[(-13.801227851170676, 42.84784377552305), (-13.77482797704723, 42.85254417352334), (-13.748307644880544, 42.85712402168953), (-13.721666856179235, 42.86158332057346), (-13.694905612455624, 42.86592207073068), (-13.668023915225731, 42.87014027272048), (-13.641021766009274, 42.8742379271058), (-13.613899166329672, 42.87821503445335), (-13.586656117714039, 42.88207159533349), (-13.55929262169319, 42.885807610320335), (-13.531808679801639, 42.88942307999168), (-13.5042042935776, 42.89291800492903), (-13.476479464562981, 42.8962923857176), (-13.448634194303393, 42.89954622294632), (-13.420668484348145, 42.902679517207815), (-13.39258233625024, 42.905692269098424), (-13.364375751566383, 42.908584479218185), (-13.33604873185698, 42.91135614817085), (-13.307601278686128, 42.914007276563886), (-13.27903339362163, 42.91653786500845), (-13.250345078234979, 42.918947914119414), (-13.221536334101371, 42.92123742451536), (-13.1926071627997, 42.92340639681857), (-13.163557565912555, 42.92545483165504), (-13.134387545026225, 42.92738272965446), (-13.105097101730697, 42.929190091450245), (-13.075686237619655, 42.9308769176795), (-13.046154954290477, 42.932443208983045), (-13.016503253344244, 42.933888966005405), (-12.986731136385732, 42.93521418939481), (-12.956838605023412, 42.936418879803206), (-12.926825660869458, 42.93750303788622), (-12.896692305539736, 42.93846666430322), (-12.866438540653808, 42.939309759717254), (-12.836064367834942, 42.94003232479509), (-12.805569788710091, 42.94063436020719), (-12.774954804909914, 42.94111586662774), (-12.744219418068763, 42.94147684473461), (-12.713363629824686, 42.94171729520939), (-12.682387441819431, 42.94183721873738), (-12.65129085569844, 42.941836616007585), (-12.62007387311085, 42.9417154877127), (-12.588736495709501, 42.941473834549136), (-12.557278725150923, 42.941111657217014), (-12.525700563095342, 42.940628956420156)]",True
1784490668.2376213,0,-13.536148704025532,43.07014049734856,1.6372104843697093,238.21730268310017,0.4050324134937826,-12.381129878829741,46.406991048671415,2.309102923392115,241.23185474817345,-0.4001922303610397,1.155018825195791,3.336850551322854,0.6718924390224057,3.014552065073275,-0.8052246438548223,"[(-13.59316796390288, 43.004575539202094), (-13.561437888752373, 43.01343633554171), (-13.529586614426803, 43.02217581180955), (-13.497614142624364, 43.03079396843597), (-13.46552047504703, 43.039290805855146), (-13.433305613400554, 43.047666324505016), (-13.400969559394465, 43.05592052482733), (-13.368512314742066, 43.06405340726761), (-13.33593388116044, 43.07206497227517), (-13.303234260370449, 43.07995522030313), (-13.270413454096731, 43.08772415180837), (-13.237471464067703, 43.09537176725157), (-13.204408292015556, 43.102898067097215), (-13.171223939676258, 43.11030305181356), (-13.13791840878956, 43.11758672187265), (-13.104491701098983, 43.12474907775032), (-13.070943818351827, 43.13179011992621), (-13.037274762299168, 43.13870984888372), (-13.003484534695861, 43.14550826511006), (-12.96957313730054, 43.152185369096216), (-12.935540571875608, 43.15874116133698), (-12.90138684018725, 43.1651756423309), (-12.867111944005424, 43.17148881258035), (-12.83271588510387, 43.177680672591464), (-12.798198665260097, 43.18375122287418), (-12.763560286255395, 43.18970046394221), (-12.728800749874827, 43.19552839631307), (-12.693920057907235, 43.20123502050806), (-12.658918212145236, 43.20682033705226), (-12.623795214385224, 43.21228434647454), (-12.588551066427366, 43.217627049307566), (-12.553185770075604, 43.22284844608779), (-12.51769932713766, 43.22794853735544), (-12.482091739425028, 43.23292732365454), (-12.446363008752979, 43.23778480553291), (-12.410513136940557, 43.24252098354215), (-12.374542125810585, 43.24713585823764), (-12.33844997718966, 43.25162943017856), (-12.302236692908153, 43.25600169992788), (-12.265902274800212, 43.26025266805234), (-12.229446724703756, 43.264382335122484), (-12.192870044460484, 43.26839070171264), (-12.156172235915866, 43.27227776840092), (-12.119353300919148, 43.27604353576922), (-12.082413241323351, 43.279688004403226)]",True
1784490668.3248951,0,-13.523729098859292,43.08082010425654,1.638769623797305,238.21730268310017,0.4050324134937826,-12.390473245231561,46.428115237075694,2.3105720753035706,241.23185474817345,-0.4001922303610397,1.1332558536277304,3.3472951328191556,0.6718024515062655,3.014552065073275,-0.8052246438548223,"[(-13.555699494797016, 43.03543916524521), (-13.526522286194483, 43.04277877637912), (-13.497224995914113, 43.04999819858726), (-13.467807625537429, 43.05709743233656), (-13.438270176649608, 43.06407647809763), (-13.40861265083949, 43.07093533634475), (-13.378835049699573, 43.07767400755586), (-13.348937374826006, 43.084292492212576), (-13.318919627818604, 43.09079079080017), (-13.288781810280835, 43.09716890380759), (-13.258523923819826, 43.103426831727454), (-13.228145970046363, 43.10956457505604), (-13.197647950574886, 43.1155821342933), (-13.1670298670235, 43.121479509942844), (-13.136291721013958, 43.127256702511964), (-13.105433514171676, 43.13291371251161), (-13.074455248125723, 43.138450540456404), (-13.043356924508831, 43.143867186864625), (-13.012138544957386, 43.14916365225823), (-12.980800111111432, 43.15433993716284), (-12.949341624614668, 43.15939604210774), (-12.917763087114452, 43.164331967625884), (-12.886064500261798, 43.1691477142539), (-12.854245865711375, 43.17384328253208), (-12.822307185121513, 43.17841867300438), (-12.790248460154194, 43.18287388621842), (-12.758069692475061, 43.18720892272548), (-12.725770883753409, 43.19142378308053), (-12.693352035662192, 43.19551846784219), (-12.660813149878022, 43.19949297757276), (-12.628154228081163, 43.20334731283818), (-12.59537527195554, 43.207081474208096), (-12.562476283188728, 43.210695462255785), (-12.529457263471967, 43.21418927755821), (-12.496318214500143, 43.217562920696), (-12.463059137971804, 43.22081639225344), (-12.429680035589152, 43.22394969281849), (-12.396180909058048, 43.226962822982784), (-12.362561760088003, 43.2298557833416), (-12.328822590392187, 43.2326285744939), (-12.294963401687426, 43.23528119704231), (-12.260984195694197, 43.23781365159313), (-12.226884974136642, 43.2402259387563), (-12.19266573874255, 43.24251805914546), (-12.158326491243365, 43.24469001337789)]",True
1784490668.3385124,0,-13.474256383189951,43.12399760182063,1.6442992327412158,238.21730268310017,0.4050324134937826,-12.430102949694293,46.51172160243812,2.3157825365399183,241.23185474817345,-0.4001922303610397,1.0441534334956586,3.3877240006174887,0.6714833037987025,3.014552065073275,-0.8052246438548223,"[(-13.508155423630887, 43.07600169152179), (-13.481188799039412, 43.082061147006904), (-13.45410174967833, 43.08800008027089), (-13.426894277072941, 43.09381849182353), (-13.399566382752246, 43.099516382178315), (-13.372118068248936, 43.10509375185245), (-13.344549335099401, 43.11055060136684), (-13.316860184843728, 43.11588693124608), (-13.2890506190257, 43.121102742018486), (-13.261120639192791, 43.126198034216074), (-13.233070246896178, 43.131172808374565), (-13.204899443690728, 43.13602706503339), (-13.176608231135006, 43.14076080473567), (-13.148196610791272, 43.14537402802825), (-13.119664584225482, 43.149866735461664), (-13.091012153007286, 43.15423892759016), (-13.062239318710033, 43.158490604971675), (-13.03334608291076, 43.16262176816788), (-13.004332447190208, 43.166632417744125), (-12.975198413132807, 43.170522554269475), (-12.945943982326686, 43.17429217831669), (-12.916569156363664, 43.17794129046225), (-12.88707393683926, 43.181469891286326), (-12.857458325352686, 43.1848779813728), (-12.82772232350685, 43.188165561309255), (-12.79786593290835, 43.19133263168698), (-12.767889155167483, 43.19437919310098), (-12.73779199189824, 43.19730524614993), (-12.707574444718304, 43.200110791436245), (-12.677236515249058, 43.20279582956603), (-12.646778205115574, 43.20536036114908), (-12.616199515946619, 43.20780438679893), (-12.585500449374658, 43.21012790713278), (-12.554681007035846, 43.21233092277156), (-12.523741190570032, 43.21441343433989), (-12.492681001620763, 43.2163754424661), (-12.461500441835277, 43.21821694778223), (-12.430199512864505, 43.219937950924006), (-12.398778216363073, 43.22153845253087), (-12.367236553989303, 43.22301845324597), (-12.335574527405207, 43.22437795371615), (-12.303792138276492, 43.22561695459196), (-12.271889388272559, 43.22673545652766), (-12.2398662790665, 43.227733460181206), (-12.207722812335104, 43.228610966214255)]",True
1784490668.3808565,0,-13.412632678320167,43.1786372139002,1.6498554662744576,238.21730268310017,0.4050324134937826,-12.48469420145214,46.61397252153801,2.321018085696958,241.23185474817345,-0.4001922303610397,0.927938476868027,3.435335307637807,0.6711626194225004,3.014552065073275,-0.8052246438548223,"[(-13.460262823301731, 43.11813183049629), (-13.434797471820735, 43.12339179912956), (-13.409211461224057, 43.12853101768365), (-13.383504792998494, 43.133549486695706), (-13.357677468634565, 43.1384472067066), (-13.331729489626515, 43.14322417826095), (-13.30566085747231, 43.14788040190709), (-13.279471573673638, 43.15241587819708), (-13.253161639735909, 43.156830607686736), (-13.226731057168259, 43.16112459093558), (-13.20017982748354, 43.16529782850687), (-13.173507952198333, 43.16935032096761), (-13.146715432832936, 43.17328206888851), (-13.119802270911372, 43.17709307284404), (-13.092768467961386, 43.18078333341237), (-13.065614025514444, 43.184352851175426), (-13.038338945105734, 43.18780162671885), (-13.010943228274167, 43.19112966063202), (-12.983426876562374, 43.19433695350804), (-12.95578989151671, 43.19742350594375), (-12.928032274687249, 43.20038931853973), (-12.900154027627789, 43.20323439190026), (-12.872155151895848, 43.205958726633376), (-12.844035649052667, 43.20856232335084), (-12.815795520663208, 43.211045182668144), (-12.787434768296151, 43.213407305204505), (-12.758953393523903, 43.21564869158287), (-12.730351397922586, 43.217769342429925), (-12.70162878307205, 43.219769258376076), (-12.672785550555858, 43.22164844005547), (-12.643821701961302, 43.22340688810597), (-12.614737238879389, 43.22504460316918), (-12.58553216290485, 43.22656158589043), (-12.556206475636134, 43.22795783691878), (-12.526760178675415, 43.229233356907024), (-12.497193273628584, 43.23038814651168), (-12.467505762105253, 43.23142220639299), (-12.437697645718755, 43.23233553721495), (-12.407768926086145, 43.23312813964526), (-12.377719604828197, 43.23380001435536), (-12.347549683569405, 43.23435116202042), (-12.31725916393798, 43.23478158331933), (-12.28684804756586, 43.23509127893474), (-12.256316336088698, 43.235280249552986), (-12.225664031145868, 43.235348495864166)]",True
1784490668.436848,0,-13.388126138719048,43.20076155128868,1.6517256606064243,238.21730268310017,0.4050324134937826,-12.508079671661157,46.654091722276405,2.322780339623048,241.23185474817345,-0.4001922303610397,0.8800464670578911,3.4533301709877264,0.6710546790166239,3.014552065073275,-0.8052246438548223,"[(-13.44798484045738, 43.12897518966349), (-13.422596626330273, 43.134248024975406), (-13.397087736174546, 43.139400093463834), (-13.371458171475163, 43.14443139566573), (-13.345707933720819, 43.14934193212176), (-13.319837024403927, 43.15413170337634), (-13.293845445020631, 43.15880070997763), (-13.267733197070795, 43.163348952477506), (-13.241500282058006, 43.16777643143158), (-13.21514670148958, 43.172083147399185), (-13.188672456876555, 43.176269100943415), (-13.162077549733693, 43.18033429263108), (-13.135361981579482, 43.18427872303272), (-13.108525753936132, 43.188102392722605), (-13.081568868329576, 43.19180530227875), (-13.054491326289474, 43.1953874522829), (-13.027293129349207, 43.198848843320526), (-12.999974279045881, 43.20218947598084), (-12.972534776920329, 43.20540935085677), (-12.944974624517101, 43.20850846854499), (-12.917293823384476, 43.211486829645914), (-12.889492375074454, 43.21434443476367), (-12.861570281142757, 43.21708128450612), (-12.833527543148838, 43.21969737948488), (-12.805364162655863, 43.22219272031526), (-12.777080141230728, 43.22456730761635), (-12.74867548044405, 43.226821142010934), (-12.720150181870169, 43.228954224125545), (-12.691504247087147, 43.23096655459044), (-12.662737677676773, 43.23285813403962), (-12.633850475224556, 43.2346289631108), (-12.604842641319726, 43.236279042445446), (-12.575714177555238, 43.23780837268874), (-12.546465085527771, 43.239216954489606), (-12.517095366837724, 43.240504788500694), (-12.48760502308922, 43.241671875378394), (-12.457994055890104, 43.242718215782816), (-12.428262466851942, 43.24364381037781), (-12.398410257590026, 43.24444865983096), (-12.368437429723366, 43.24513276481357), (-12.338343984874697, 43.24569612600068), (-12.308129924670476, 43.246138744071075), (-12.277795250740882, 43.24646061970725), (-12.247339964719812, 43.24666175359545), (-12.216764068244892, 43.24674214642563)]",True
1784490668.4814055,0,-13.363809987826297,43.223147245292814,1.6534222279714812,238.21730268310017,0.4050324134937826,-12.52010477566174,46.67396916344809,2.323599130392723,241.23185474817345,-0.4001922303610397,0.8437052121645578,3.4508219181552775,0.6701769024212418,3.014552065073275,-0.8052246438548223,"[(-13.435702134336891, 43.13984057168738), (-13.410385644411113, 43.14512678497564), (-13.384948461621777, 43.15029221475586), (-13.359390587452197, 43.155336861564784), (-13.333712023389412, 43.160260725942884), (-13.30791277092419, 43.16506380843437), (-13.281992831551024, 43.16974610958718), (-13.255952206768134, 43.174307629953006), (-13.229790898077464, 43.178748370087256), (-13.20350890698469, 43.18306833054907), (-13.177106234999208, 43.18726751190134), (-13.150582883634144, 43.19134591471068), (-13.123938854406347, 43.195303539547446), (-13.097174148836395, 43.199140386985725), (-13.07028876844859, 43.20285645760334), (-13.043282714770962, 43.20645175198184), (-13.016155989335266, 43.20992627070652), (-12.98890859367698, 43.213280014366404), (-12.961540529335313, 43.21651298355425), (-12.934051797853193, 43.21962517886656), (-12.90644240077728, 43.22261660090355), (-12.878712339657953, 43.22548725026919), (-12.850861616049324, 43.22823712757117), (-12.822890231509223, 43.230866233420926), (-12.794798187599211, 43.23337456843362), (-12.76658548588457, 43.23576213322815), (-12.73825212793431, 43.238028928427156), (-12.709798115321163, 43.240174954657), (-12.68122344962159, 43.24220021254778), (-12.652528132415775, 43.24410470273333), (-12.623712165287625, 43.24588842585123), (-12.594775549824773, 43.24755138254277), (-12.565718287618578, 43.24909357345299), (-12.536540380264123, 43.25051499923066), (-12.507241829360215, 43.25181566052829), (-12.477822636509385, 43.252995558002105), (-12.44828280331789, 43.25405469231209), (-12.41862233139571, 43.25499306412194), (-12.38884122235655, 43.255810674099095), (-12.35893947781784, 43.25650752291473), (-12.32891709940073, 43.25708361124375), (-12.2987740887301, 43.25753893976479), (-12.26851044743455, 43.25787350916023), (-12.238126177146405, 43.25808732011616), (-12.207621279501714, 43.25818037332244)]",True
1784490668.529875,0,-13.339739504530526,43.245844170728056,1.654961287723175,238.21730268310017,0.4050324134937826,-12.557448139618943,46.732867565104016,2.325829218818325,241.23185474817345,-0.4001922303610397,0.7822913649115826,3.48702339437596,0.67086793109515,3.014552065073275,-0.8052246438548223,"[(-13.398936600084264, 43.172672839603464), (-13.373813666938405, 43.17800868102307), (-13.348570000163962, 43.18322369854098), (-13.323205601239637, 43.18831789269288), (-13.29772047164787, 43.19329126401823), (-13.272114612874821, 43.198143813060206), (-13.246388026410393, 43.20287554036574), (-13.220540713748214, 43.20748644648549), (-13.194572676385642, 43.21197653197386), (-13.168483915823769, 43.216345797388996), (-13.142274433567417, 43.22059424329277), (-13.11594423112514, 43.22472187025082), (-13.089493310009221, 43.22872867883249), (-13.062921671735674, 43.23261466961088), (-13.036229317824246, 43.236379843162844), (-13.009416249798411, 43.240024200068945), (-12.982482469185378, 43.243547740913506), (-12.955427977516083, 43.24695046628459), (-12.928252776325193, 43.25023237677398), (-12.900956867151107, 43.25339347297722), (-12.873540251535953, 43.25643375549359), (-12.84600293102559, 43.25935322492609), (-12.818344907169603, 43.26215188188147), (-12.790566181521315, 43.264829726970234), (-12.762666755637774, 43.2673867608066), (-12.734646631079757, 43.26982298400854), (-12.706505809411775, 43.272138397197764), (-12.678244292202063, 43.27433300099971), (-12.64986208102259, 43.276406796043574), (-12.621359177449055, 43.27835978296227), (-12.592735583060884, 43.280191962392465), (-12.563991299441236, 43.28190333497456), (-12.535126328176997, 43.283493901352685), (-12.506140670858779, 43.28496366217473), (-12.47703432908093, 43.28631261809231), (-12.447807304441524, 43.287540769760774), (-12.418459598542364, 43.288648117839216), (-12.388991212988984, 43.289634662990466), (-12.359402149390643, 43.29050040588109), (-12.329692409360336, 43.2912453471814), (-12.299861994514778, 43.29186948756544), (-12.269910906474419, 43.292372827711), (-12.239839146863435, 43.292755368299595), (-12.209646717309734, 43.29301711001649), (-12.17933361944495, 43.293158053550684)]",True
1784490668.6411977,0,-13.327781451964443,43.25729023378592,1.6556763764513134,238.21730268310017,0.4050324134937826,-12.557448139618943,46.732867565104016,2.325829218818325,241.23185474817345,-0.4001922303610397,0.7703333123454996,3.4755773313180924,0.6701528423670116,3.014552065073275,-0.8052246438548223,"[(-13.386707414317284, 43.18368907607568), (-13.361642373699464, 43.18904383774175), (-13.336456586046932, 43.19427776219742), (-13.311150052837052, 43.19939084997799), (-13.285722775550921, 43.20438310162247), (-13.26017475567337, 43.20925451767363), (-13.234505994692963, 43.21400509867797), (-13.208716494101996, 43.218634845185754), (-13.182806255396494, 43.22314375775096), (-13.156775280076223, 43.22753183693132), (-13.130623569644674, 43.23179908328831), (-13.104351125609075, 43.235945497387135), (-13.077957949480382, 43.23997107979675), (-13.051444042773287, 43.24387583108986), (-13.024809407006215, 43.24765975184289), (-12.99805404370132, 43.251322842636014), (-12.971177954384489, 43.25486510405315), (-12.944181140585343, 43.258286536681965), (-12.917063603837233, 43.26158714111384), (-12.889825345677243, 43.26476691794393), (-12.862466367646189, 43.26782586777111), (-12.834986671288616, 43.270763991197995), (-12.807386258152807, 43.27358128883095), (-12.77966512979077, 43.27627776128007), (-12.751823287758246, 43.278853409159204), (-12.72386073361471, 43.28130823308592), (-12.69577746892337, 43.28364223368156), (-12.667573495251157, 43.28585541157117), (-12.639248814168743, 43.28794776738356), (-12.610803427250529, 43.28991930175127), (-12.582237336074641, 43.29177001531058), (-12.553550542222942, 43.29349990870152), (-12.524743047281024, 43.295108982567854), (-12.495814852838212, 43.29659723755708), (-12.466765960487557, 43.29796467432044), (-12.437596371825848, 43.29921129351292), (-12.408306088453598, 43.30033709579324), (-12.378895111975055, 43.30134208182387), (-12.349363443998195, 43.302226252271005), (-12.319711086134726, 43.30298960780459), (-12.289938040000086, 43.30363214909831), (-12.260044307213445, 43.30415387682959), (-12.2300298893977, 43.304554791679585), (-12.199894788179481, 43.304834894333204), (-12.169639005189147, 43.30499418547908)]",True
1784490668.6908753,0,-13.222118765469654,43.36270018774641,1.6607608229459763,238.21730268310017,0.4050324134937826,-12.679208307799017,46.89404292413604,1.7842071686515033,241.23185474817345,-0.4001922303610397,0.5429104576706365,3.5313427363896253,0.12344634570552704,3.014552065073275,-0.8052246438548223,"[(-13.33810586089123, 43.228283081633556), (-13.313257367996822, 43.2337345802075), (-13.288288089820133, 43.23906520362526), (-13.26319802783314, 43.24427495241958), (-13.237987183511557, 43.24936382712699), (-13.212655558334834, 43.25433182828774), (-13.187203153786161, 43.25917895644584), (-13.161629971352463, 43.26390521214903), (-13.135936012524404, 43.26851059594881), (-13.110121278796385, 43.27299510840042), (-13.084185771666542, 43.27735875006285), (-13.058129492636752, 43.28160152149883), (-13.031952443212624, 43.28572342327483), (-13.005654624903508, 43.289724455961085), (-12.97923603922249, 43.29360462013155), (-12.952696687686393, 43.29736391636395), (-12.926036571815771, 43.30100234523973), (-12.899255693134926, 43.30451990734411), (-12.872354053171884, 43.30791660326602), (-12.84533165345842, 43.31119243359817), (-12.818188495530032, 43.314347398936995), (-12.790924580925967, 43.31738149988268), (-12.7635399111892, 43.32029473703915), (-12.736034487866446, 43.323087111014075), (-12.708408312508155, 43.32575862241889), (-12.680661386668511, 43.32830927186875), (-12.652793711905439, 43.330739059982555), (-12.624805289780594, 43.333047987382976), (-12.596696121859374, 43.3352360546964), (-12.568466209710905, 43.33730326255298), (-12.540115554908056, 43.339249611586595), (-12.511644159027425, 43.341075102434885), (-12.483052023649348, 43.34277973573922), (-12.4543391503579, 43.34436351214473), (-12.425505540740886, 43.34582643230028), (-12.39655119638985, 43.34716849685848), (-12.367476118900074, 43.348389706475686), (-12.338280309870566, 43.349490061812), (-12.308963770904077, 43.35046956353126), (-12.279526503607093, 43.35132821230106), (-12.249968509589829, 43.35206600879274), (-12.220289790466241, 43.35268295368137), (-12.190490347854018, 43.35317904764577), (-12.160570183374583, 43.3535542913685), (-12.130529298653094, 43.35380868553589)]",True
1784490668.7440875,0,-13.222118765469654,43.36270018774641,1.6607608229459763,238.21730268310017,0.4050324134937826,-12.679208307799017,46.89404292413604,1.7842071686515033,241.23185474817345,-0.4001922303610397,0.5429104576706365,3.5313427363896253,0.12344634570552704,3.014552065073275,-0.8052246438548223,"[(-13.303073254353048, 43.261845496929745), (-13.279228475561053, 43.266709168966194), (-13.255262801921386, 43.27145186084139), (-13.231176234878856, 43.27607357310783), (-13.206968775882025, 43.28057430632178), (-13.182640426383207, 43.284954061043265), (-13.158191187838463, 43.289212837836054), (-13.133621061707611, 43.29335063726769), (-13.108930049454218, 43.29736745990947), (-13.084118152545598, 43.30126330633645), (-13.05918537245282, 43.30503817712744), (-13.034131710650703, 43.308692072865014), (-13.008957168617817, 43.312224994135505), (-12.983661747836484, 43.31563694152901), (-12.958245449792773, 43.318927915639364), (-12.932708275976507, 43.322097917064184), (-12.907050227881259, 43.32514694640484), (-12.881271307004349, 43.32807500426646), (-12.85537151484685, 43.33088209125792), (-12.829350852913587, 43.33356820799187), (-12.803209322713132, 43.3361333550847), (-12.776946925757809, 43.33857753315658), (-12.75056366356369, 43.34090074283143), (-12.724059537650604, 43.34310298473692), (-12.697434549542118, 43.34518425950449), (-12.67068870076556, 43.347144567769334), (-12.643821992852002, 43.348983910170396), (-12.616834427336267, 43.35070228735039), (-12.589726005756928, 43.35229969995578), (-12.562496729656308, 43.353776148636804), (-12.535146600580477, 43.35513163404744), (-12.507675620079258, 43.356366156845425), (-12.480083789706221, 43.357479717692264), (-12.452371111018685, 43.35847231725322), (-12.424537585577722, 43.3593439561973), (-12.39658321494815, 43.360094635197285), (-12.368508000698535, 43.3607243549297), (-12.340311944401195, 43.36123311607484), (-12.311995047632196, 43.361620919316756), (-12.283557311971352, 43.36188776534325), (-12.254998739002225, 43.36203365484588), (-12.22631933031213, 43.36205858851997), (-12.197519087492125, 43.3619625670646), (-12.168598012137021, 43.361745591182604), (-12.139556105845378, 43.36140766158058)]",True
1784490668.7775621,0,-13.164282264655215,43.42235567555073,1.6627582291759897,238.21730268310017,0.4050324134937826,-12.741225470623107,46.95561898120613,1.7540655679833497,241.23185474817345,-0.4001922303610397,0.4230567940321084,3.533263305655396,0.09130733880735997,3.014552065073275,-0.8052246438548223,"[(-13.20783692562102, 43.35680300497856), (-13.180801281388865, 43.36506613548129), (-13.153643866481401, 43.37320738934003), (-13.126364682469484, 43.381226767009416), (-13.098963730927812, 43.389124268947945), (-13.071441013434923, 43.39689989561797), (-13.043796531573204, 43.4045536474857), (-13.016030286928885, 43.41208552502119), (-12.988142281092037, 43.419495528698356), (-12.960132515656573, 43.42678365899496), (-12.932000992220251, 43.43394991639261), (-12.903747712384673, 43.4409943013768), (-12.875372677755282, 43.44791681443683), (-12.846875889941364, 43.45471745606589), (-12.81825735055605, 43.46139622676102), (-12.789517061216312, 43.46795312702309), (-12.760655023542965, 43.474388157356834), (-12.731671239160663, 43.48070131827085), (-12.70256570969791, 43.48689261027758), (-12.673338436787045, 43.49296203389331), (-12.643989422064255, 43.49890958963821), (-12.614518667169566, 43.50473527803626), (-12.584926173746847, 43.51043909961532), (-12.555211943443812, 43.5160210549071), (-12.525375977912011, 43.52148114444716), (-12.49541827880684, 43.5268193687749), (-12.465338847787535, 43.5320357284336), (-12.435137686517177, 43.537130223970365), (-12.404814796662684, 43.54210285593617), (-12.374370179894823, 43.54695362488584), (-12.343803837888194, 43.55168253137804), (-12.313115772321243, 43.556289575975306), (-12.28230598487626, 43.56077475924401), (-12.25137447723937, 43.56513808175439), (-12.220321251100545, 43.569379544080526), (-12.189146308153594, 43.57349914680035), (-12.15784965009617, 43.57749689049566), (-12.126431278629765, 43.58137277575209), (-12.094891195459716, 43.58512680315913), (-12.063229402295196, 43.58875897331012), (-12.031445900849222, 43.59226928680227), (-11.99954069283865, 43.59565774423662), (-11.967513779984177, 43.59892434621807), (-11.93536516401034, 43.602069093355375), (-11.903094846645521, 43.60509198626114)]",True
1784490668.8257692,0,-13.141351049964273,43.44644951971571,1.663430543935198,238.21730268310017,0.4050324134937826,-12.767835261316263,46.979314764088834,1.8084631252840722,241.23185474817345,-0.4001922303610397,0.37351578864801027,3.53286524437312,0.1450325813488742,3.014552065073275,-0.8052246438548223,"[(-13.194318095160817, 43.370683123273295), (-13.167418808212696, 43.37896445900493), (-13.14039886045006, 43.38712502982636), (-13.113258253403258, 43.395164836181095), (-13.085996988606354, 43.40308387851642), (-13.05861506759714, 43.410882157283325), (-13.031112491917122, 43.41855967293654), (-13.003489263111534, 43.42611642593452), (-12.975745382729325, 43.433552416739445), (-12.947880852323165, 43.44086764581724), (-12.919895673449444, 43.448062113637555), (-12.891789847668276, 43.45513582067376), (-12.86356337654349, 43.46208876740297), (-12.835216261642639, 43.468920954306014), (-12.806748504536992, 43.47563238186747), (-12.778160106801543, 43.48222305057563), (-12.749451070015002, 43.48869296092251), (-12.7206213957598, 43.49504211340388), (-12.691671085622087, 43.50127050851923), (-12.662600141191735, 43.50737814677176), (-12.633408564062332, 43.51336502866842), (-12.604096355831187, 43.51923115471988), (-12.574663518099332, 43.52497652544056), (-12.545110052471513, 43.53060114134858), (-12.515435960556198, 43.53610500296581), (-12.485641243965572, 43.541488110817845), (-12.455725904315544, 43.546750465434), (-12.425689943225738, 43.55189206734733), (-12.395533362319496, 43.55691291709462), (-12.365256163223881, 43.56181301521637), (-12.334858347569677, 43.566592362256834), (-12.304339916991385, 43.57125095876397), (-12.273700873127222, 43.57578880528948), (-12.242941217619128, 43.580205902388784), (-12.212060952112758, 43.58450225062105), (-12.181060078257486, 43.58867785054915), (-12.14993859770641, 43.59273270273971), (-12.118696512116337, 43.59666680776307), (-12.0873338231478, 43.6004801661933), (-12.055850532465046, 43.6041727786082), (-12.024246641736042, 43.60774464558931), (-11.992522152632473, 43.61119576772187), (-11.96067706682974, 43.61452614559488), (-11.928711386006967, 43.61773577980105), (-11.896625111846989, 43.620824670936834)]",True
1784490668.8837929,0,-13.096078652247815,43.49524074313074,1.6645937171031961,238.21730268310017,0.4050324134937826,-12.824503963922572,47.027330618010836,1.9025764526954048,241.23185474817345,-0.4001922303610397,0.27157468832524323,3.532089874880093,0.23798273559220862,3.014552065073275,-0.8052246438548223,"[(-13.1724122538183, 43.393623818888805), (-13.147779633364141, 43.40007412582281), (-13.123026642463653, 43.406403970614654), (-13.098153282569292, 43.412613353761735), (-13.073159555137215, 43.418702275765156), (-13.048045461627266, 43.424670737129716), (-13.022811003502985, 43.430518738363915), (-12.997456182231602, 43.43624627997996), (-12.971980999284037, 43.44185336249376), (-12.946385456134907, 43.44733998642491), (-12.920669554262515, 43.45270615229671), (-12.894833295148858, 43.45795186063618), (-12.868876680279628, 43.46307711197401), (-12.842799711144202, 43.4680819068446), (-12.816602389235655, 43.47296624578607), (-12.79028471605075, 43.477730129340216), (-12.763846693089938, 43.482373558052544), (-12.73728832185737, 43.48689653247226), (-12.710609603860885, 43.49129905315226), (-12.683810540612008, 43.49558112064916), (-12.65689113362596, 43.49974273552327), (-12.629851384421652, 43.50378389833858), (-12.602691294521685, 43.5077046096628), (-12.575410865452353, 43.511504870067334), (-12.548010098743639, 43.515184680127284), (-12.520488995929217, 43.51874404042146), (-12.492847558546453, 43.52218295153236), (-12.465085788136403, 43.52550141404618), (-12.437203686243812, 43.52869942855284), (-12.409201254417122, 43.531776995645934), (-12.381078494208452, 43.53473411592276), (-12.352835407173627, 43.53757078998432), (-12.324471994872152, 43.54028701843532), (-12.295988258867226, 43.54288280188416), (-12.267384200725736, 43.54535814094294), (-12.238659822018263, 43.54771303622744), (-12.209815124319073, 43.54994748835718), (-12.180850109206126, 43.55206149795536), (-12.15176477826107, 43.55405506564886), (-12.122559133069242, 43.555928192068286), (-12.093233175219671, 43.55768087784793), (-12.063786906305078, 43.559313123625785), (-12.034220327921865, 43.560824930043545), (-12.00453344167013, 43.5622162977466), (-11.97472624915366, 43.56348722738405)]",True
1784490668.9344857,0,-13.073858993610806,43.52003924440503,1.6650956270033193,238.21730268310017,0.4050324134937826,-12.8542146632441,47.05175684933897,1.9431864083416222,241.23185474817345,-0.4001922303610397,0.21964433036670528,3.531717604933945,0.2780907813383029,3.014552065073275,-0.8052246438548223,"[(-13.151296028594682, 43.41572878381556), (-13.127680794621996, 43.42138130330852), (-13.103944575479716, 43.426912750533326), (-13.080087372608583, 43.432323126019085), (-13.056109187453101, 43.43761243029868), (-13.032010021461536, 43.44278066390876), (-13.007789876085916, 43.44782782738976), (-12.98344875278203, 43.452753921285854), (-12.958986653009429, 43.45755894614502), (-12.934403578231427, 43.46224290251898), (-12.909699529915098, 43.46680579096324), (-12.88487450953128, 43.471247612037075), (-12.85992851855457, 43.47556836630353), (-12.83486155846333, 43.479768054329405), (-12.80967363073968, 43.48384667668529), (-12.7843647368695, 43.48780423394553), (-12.758934878342439, 43.49164072668826), (-12.733384056651898, 43.49535615549536), (-12.707712273295046, 43.498950520952484), (-12.68191952977281, 43.502423823649075), (-12.656005827589876, 43.50577606417833), (-12.629971168254697, 43.50900724313721), (-12.603815553279484, 43.512117361126464), (-12.577538984180206, 43.51510641875059), (-12.551141462476597, 43.51797441661787), (-12.52462298969215, 43.52072135534035), (-12.497983567354115, 43.52334723553385), (-12.47122319699351, 43.52585205781794), (-12.444341880145107, 43.528235822815994), (-12.417339618347443, 43.530498531155125), (-12.390216413142813, 43.53264018346623), (-12.362972266077271, 43.53466078038396), (-12.335607178700636, 43.536560322546755), (-12.308121152566482, 43.53833881059681), (-12.280514189232145, 43.539996245180106), (-12.252786290258722, 43.54153262694636), (-12.224937457211071, 43.5429479565491), (-12.196967691657806, 43.54424223464559), (-12.168876995171301, 43.54541546189687), (-12.140665369327692, 43.54646763896776), (-12.112332815706878, 43.54739876652684), (-12.08387933589251, 43.54820884524646), (-12.055304931472003, 43.54889787580274), (-12.026609604036532, 43.549465858875564), (-11.99779335518103, 43.54991279514859)]",True
1784490668.9949687,0,-13.051882368653695,43.54506613439566,1.6655509400914796,238.21730268310017,0.4050324134937826,-12.884712600445397,47.076442437399926,1.9800261764171252,241.23185474817345,-0.4001922303610397,0.1671697682082982,3.531376303004265,0.31447523632564556,3.014552065073275,-0.8052246438548223,"[(-13.128401171109184, 43.4397999291184), (-13.104806373192275, 43.44557650168492), (-13.081090553227426, 43.45123196477127), (-13.057253712655587, 43.456766318903), (-13.033295852921475, 43.46217956460945), (-13.009216975473569, 43.46747170242372), (-12.985017081764116, 43.4726427328827), (-12.96069617324913, 43.47769265652702), (-12.936254251388382, 43.48262147390111), (-12.91169131764542, 43.487429185553175), (-12.887007373487547, 43.492115792035186), (-12.862202420385836, 43.49668129390288), (-12.837276459815126, 43.50112569171578), (-12.812229493254017, 43.50544898603717), (-12.787061522184876, 43.50965117743412), (-12.761772548093836, 43.51373226647747), (-12.73636257247079, 43.51769225374182), (-12.7108315968094, 43.52153113980556), (-12.685179622607093, 43.52524892525084), (-12.659406651365057, 43.5288456106636), (-12.633512684588247, 43.53232119663354), (-12.60749772378538, 43.53567568375413), (-12.581361770468943, 43.538909072622616), (-12.55510482615518, 43.54202136384002), (-12.528726892364102, 43.54501255801114), (-12.502227970619485, 43.54788265574454), (-12.475608062448869, 43.55063165765255), (-12.448867169383554, 43.55325956435129), (-12.422005292958612, 43.55576637646065), (-12.395022434712871, 43.55815209460428), (-12.367918596188925, 43.56041671940961), (-12.340693778933135, 43.56256025150783), (-12.313347984495618, 43.564582691533936), (-12.285881214430264, 43.56648404012666), (-12.258293470294719, 43.56826429792852), (-12.230584753650398, 43.569923465585816), (-12.202755066062473, 43.571461543748605), (-12.174804409099883, 43.57287853307072), (-12.146732784335331, 43.57417443420977), (-12.118540193345282, 43.57534924782715), (-12.090226637709964, 43.57640297458799), (-12.061792119013369, 43.577335615161225), (-12.033236638843247, 43.57814717021955), (-12.004560198791117, 43.57883764043943), (-11.975762800452259, 43.57940702650111)]",True
1784490669.0370567,0,-13.019357225746058,43.58300890830445,1.6661558929667168,238.21730268310017,0.4050324134937826,-12.931971103892304,47.11365358211414,2.0289734265618216,241.23185474817345,-0.4001922303610397,0.08738612185375416,3.5306446738096895,0.3628175335951047,3.014552065073275,-0.8052246438548223,"[(-13.094200054917057, 43.47630384776824), (-13.0706422950226, 43.48226248919497), (-13.046963497482919, 43.488100005090246), (-13.023163663738353, 43.49381639597413), (-12.999242795233009, 43.499411662370484), (-12.97520089341476, 43.504885804806946), (-12.951037959735247, 43.510238823814916), (-12.92675399564988, 43.515470719929574), (-12.902349002617834, 43.520581493689875), (-12.877822982102051, 43.52557114563855), (-12.853175935569242, 43.53043967632212), (-12.828407864489881, 43.53518708629085), (-12.803518770338213, 43.5398133760988), (-12.77850865459225, 43.54431854630381), (-12.753377518733766, 43.54870259746749), (-12.728125364248307, 43.55296553015522), (-12.702752192625182, 43.557107344936156), (-12.677258005357467, 43.56112804238323), (-12.651642803942009, 43.565027623073156), (-12.625906589879412, 43.56880608758641), (-12.600049364674055, 43.57246343650725), (-12.574071129834081, 43.57599967042371), (-12.547971886871398, 43.579414789927604), (-12.52175163730168, 43.58270879561451), (-12.49541038264437, 43.58588168808378), (-12.468948124422669, 43.58893346793855), (-12.442364864163553, 43.591864135785734), (-12.415660603397761, 43.594673692236), (-12.388835343659796, 43.59736213790381), (-12.36188908648793, 43.59992947340739), (-12.334821833424193, 43.60237569936875), (-12.307633586014392, 43.60470081641367), (-12.28032434580809, 43.606904825171696), (-12.25289411435862, 43.60898772627616), (-12.225342893223077, 43.610949520364166), (-12.197670683962327, 43.61279020807658), (-12.169877488140996, 43.614509790058065), (-12.141963307327476, 43.61610826695704), (-12.113928143093926, 43.617585639425705), (-12.085771997016268, 43.618941908120036), (-12.057494870674192, 43.62017707369977), (-12.029096765651149, 43.62129113682844), (-12.000577683534356, 43.62228409817334), (-11.971937625914796, 43.62315595840553), (-11.943176594387216, 43.62390671819986)]",True
1784490669.079986,0,-12.955834873979198,43.66023759986755,1.66713020923058,238.21730268310017,0.4050324134937826,-13.03126350964519,47.188285578134696,2.1078061817060494,241.23185474817345,-0.4001922303610397,-0.07542863566599145,3.5280479782671463,0.4406759724754694,3.014552065073275,-0.8052246438548223,"[(-13.038593730538418, 43.53844370301622), (-13.015168297120576, 43.54471299493112), (-12.991621802609858, 43.550861137298625), (-12.967954248443348, 43.556888130629446), (-12.944165636061902, 43.56279397543807), (-12.92025596691014, 43.56857867224275), (-12.896225242436461, 43.574242221565534), (-12.872073464093031, 43.579784623932234), (-12.847800633335783, 43.585205879872454), (-12.823406751624423, 43.59050598991956), (-12.798891820422428, 43.59568495461072), (-12.774255841197045, 43.600742774486854), (-12.749498815419285, 43.60567945009268), (-12.72462074456394, 43.610494981976686), (-12.699621630109558, 43.615189370691134), (-12.67450147353847, 43.61976261679207), (-12.649260276336769, 43.624214720839326), (-12.623898039994316, 43.62854568339649), (-12.598414766004746, 43.63275550503095), (-12.572810455865463, 43.63684418631386), (-12.54708511107764, 43.64081172782016), (-12.521238733146218, 43.644658130128555), (-12.495271323579907, 43.64838339382155), (-12.469182883891188, 43.651987519485395), (-12.44297341559631, 43.655470507710156), (-12.41664292021529, 43.65883235908965), (-12.390191399271917, 43.662073074221475), (-12.363618854293746, 43.66519265370702), (-12.3369252868121, 43.66819109815143), (-12.310110698362076, 43.671068408163656), (-12.283175090482532, 43.6738245843564), (-12.256118464716101, 43.67645962734616), (-12.228940822609184, 43.6789735377532), (-12.201642165711945, 43.68136631620157), (-12.174222495578322, 43.683637963319086), (-12.146681813766019, 43.68578847973735), (-12.119020121836508, 43.687817866091734), (-12.091237421355032, 43.68972612302141), (-12.063333713890598, 43.6915132511693), (-12.035309001015984, 43.69317925118211), (-12.007163284307733, 43.69472412371033), (-11.97889656534616, 43.69614786940822), (-11.950508845715344, 43.69745048893383), (-11.922000127003134, 43.698631982948974), (-11.893370410801145, 43.69969235211924)]",True
1784490669.13028,0,-12.874368003133036,43.76587561098291,1.6680564719241942,238.21730268310017,0.4050324134937826,-13.170554725786822,47.288864237938704,2.182750881731262,241.23185474817345,-0.4001922303610397,-0.2961867226537862,3.5229886269557937,0.514694409807068,3.014552065073275,-0.8052246438548223,"[(-12.961284191741603, 43.629430206753625), (-12.934391666193791, 43.639868643326174), (-12.907377470702118, 43.650185297966644), (-12.880241606830504, 43.6603801710603), (-12.852984076146711, 43.67045326299625), (-12.825604880222329, 43.68040457416745), (-12.798104020632787, 43.69023410497069), (-12.770481498957345, 43.69994185580663), (-12.742737316779099, 43.70952782707974), (-12.71487147568498, 43.71899201919836), (-12.686883977265751, 43.72833443257466), (-12.658774823116008, 43.737555067624676), (-12.630544014834186, 43.74665392476826), (-12.602191554022546, 43.755631004429134), (-12.573717442287192, 43.76448630703484), (-12.545121681238053, 43.773219833016796), (-12.516404272488899, 43.781831582810234), (-12.487565217657327, 43.790321556854245), (-12.458604518364771, 43.79868975559177), (-12.429522176236498, 43.806936179469574), (-12.40031819290161, 43.81506082893829), (-12.370992569993039, 43.82306370445239), (-12.34154530914755, 43.830944806470164), (-12.311976412005745, 43.83870413545379), (-12.282285880212056, 43.84634169186925), (-12.252473715414748, 43.8538574761864), (-12.22253991926592, 43.86125148887892), (-12.192484493421501, 43.86852373042435), (-12.16230743954126, 43.87567420130406), (-12.13200875928879, 43.88270290200327), (-12.101588454331523, 43.88960983301104), (-12.071046526340718, 43.89639499482029), (-12.04038297699147, 43.903058387927764), (-12.009597807962706, 43.909600012834055), (-11.978691020937184, 43.916019870043606), (-11.947662617601495, 43.9223179600647), (-11.916512599646062, 43.92849428340947), (-11.885240968765139, 43.934548840593884), (-11.853847726656817, 43.940481632137754), (-11.82233287502301, 43.94629265856474), (-11.790696415569473, 43.95198192040234), (-11.758938350005787, 43.9575494181819), (-11.727058680045365, 43.96299515243861), (-11.695057407405454, 43.9683191237115), (-11.66293453380713, 43.973521332543456)]",True
1784490669.2198625,0,-12.854589835456713,43.7927438239809,1.6682369031381477,238.21730268310017,0.4050324134937826,-13.206511248336762,47.31388024552535,2.1973497242606554,241.23185474817345,-0.4001922303610397,-0.3519214128800492,3.5211364215444476,0.5291128211225078,3.014552065073275,-0.8052246438548223,"[(-12.918120659384483, 43.682868207533026), (-12.889362074970647, 43.6957144886021), (-12.860481604745983, 43.708438758697795), (-12.831479250340804, 43.7210410181308), (-12.802355013389278, 43.73352126721564), (-12.773108895529433, 43.74587950627075), (-12.743740898403152, 43.75811573561839), (-12.714251023656182, 43.770229955584725), (-12.684639272938126, 43.78222216649978), (-12.654905647902442, 43.79409236869744), (-12.625050150206452, 43.805840562515485), (-12.59507278151133, 43.81746674829554), (-12.564973543482113, 43.8289709263831), (-12.534752437787693, 43.840353097127554), (-12.504409466100821, 43.85161326088214), (-12.473944630098105, 43.862751418003974), (-12.44335793146001, 43.873767568854035), (-12.41264937187086, 43.88466171379718), (-12.381818953018836, 43.895433853202135), (-12.350866676595977, 43.90608398744149), (-12.319792544298181, 43.91661211689171), (-12.2885965578252, 43.92701824193313), (-12.257278718880642, 43.93730236294996), (-12.225839029171977, 43.947464480330254), (-12.19427749041053, 43.957504594465966), (-12.16259410431148, 43.96742270575291), (-12.130788872593868, 43.977218814590756), (-12.09886179698059, 43.98689292138307), (-12.066812879198395, 43.99644502653726), (-12.034642120977896, 44.00587513046462), (-12.002349524053555, 44.01518323358031), (-11.969935090163695, 44.02436933630336), (-11.937398821050495, 44.033433439056665), (-11.90474071845999, 44.042375542266996), (-11.871960784142072, 44.05119564636499), (-11.839059019850485, 44.05989375178515), (-11.806035427342835, 44.06846985896584), (-11.77289000838058, 44.07692396834933), (-11.739622764729036, 44.08525608038171), (-11.706233698157375, 44.093466195512974), (-11.672722810438623, 44.101554314196974), (-11.639090103349664, 44.10952043689142), (-11.605335578671237, 44.117364564057915), (-11.571459238187936, 44.125086696161915), (-11.537461083688209, 44.13268683367274)]",True
1784490669.2730088,0,-12.844784844628338,43.8062411208261,1.6683207363533041,238.21730268310017,0.4050324134937826,-13.224643908946227,47.32635149815992,2.2041327407908122,241.23185474817345,-0.4001922303610397,-0.3798590643178894,3.520110377333822,0.5358120044375081,3.014552065073275,-0.8052246438548223,"[(-12.895412612792182, 43.711903344723055), (-12.86629671056557, 43.72544339356911), (-12.837059861866774, 43.73886236920026), (-12.807702068305085, 43.752160271899456), (-12.778223331493544, 43.76533710195339), (-12.748623653048945, 43.778392859652534), (-12.718903034591838, 43.79132754529111), (-12.689061477746524, 43.80414115916712), (-12.659098984141057, 43.81683370158233), (-12.629015555407245, 43.82940517284227), (-12.59881119318065, 43.841855573256225), (-12.568485899100583, 43.854184903137245), (-12.538039674810115, 43.86639316280216), (-12.507472521956062, 43.87848035257156), (-12.476784442188997, 43.89044647276978), (-12.445975437163245, 43.902291523724955), (-12.415045508536885, 43.91401550576895), (-12.383994657971746, 43.92561841923742), (-12.352822887133408, 43.93710026446978), (-12.32153019769121, 43.94846104180918), (-12.290116591318238, 43.95970075160258), (-12.25858206969133, 43.97081939420068), (-12.226926634491079, 43.98181696995795), (-12.195150287401827, 43.992693479232614), (-12.163253030111669, 44.00344892238668), (-12.131234864312455, 44.01408329978591), (-12.099095791699785, 44.02459661179982), (-12.066835813973006, 44.03498885880171), (-12.034454932835224, 44.045260041168625), (-12.001953149993293, 44.055410159281394), (-11.969330467157818, 44.06543921352459), (-11.936586886043157, 44.07534720428657), (-11.903722408367418, 44.08513413195944), (-11.870737035852462, 44.09479999693909), (-11.837630770223903, 44.10434479962514), (-11.8044036132111, 44.113768540421006), (-11.771055566547169, 44.12307121973385), (-11.737586631968975, 44.13225283797461), (-11.703996811217133, 44.14131339555799), (-11.670286106036007, 44.15025289290243), (-11.63645451817372, 44.159071330430166), (-11.602502049382135, 44.16776870856719), (-11.568428701416874, 44.176345027743245), (-11.534234476037305, 44.184800288391855), (-11.499919375006549, 44.1931344909503)]",True
1784490669.2970915,0,-12.835050825203359,43.81979069715896,1.6684005832990798,238.21730268310017,0.4050324134937826,-13.242886367087024,47.33877957738033,2.21059322488496,241.23185474817345,-0.4001922303610397,-0.40783554188366544,3.5189888802213716,0.54219264158588,3.014552065073275,-0.8052246438548223,"[(-12.884666466878254, 43.72602005957286), (-12.855986264426257, 43.73925629581448), (-12.827185510865233, 43.75237185700203), (-12.798264207778166, 43.76536674342555), (-12.769222356751754, 43.77824095537879), (-12.740059959376405, 43.790994493159225), (-12.710777017246235, 43.80362735706805), (-12.681373531959077, 43.816139547410195), (-12.65184950511647, 43.8285310644943), (-12.622204938323668, 43.84080190863273), (-12.592439833189633, 43.85295208014157), (-12.56255419132704, 43.864981579340636), (-12.532548014352273, 43.87689040655346), (-12.502421303885427, 43.888678562107295), (-12.47217406155031, 43.90034604633313), (-12.44180628897444, 43.91189285956565), (-12.411317987789044, 43.92331900214329), (-12.380709159629058, 43.93462447440819), (-12.349979806133133, 43.94580927670622), (-12.319129928943628, 43.95687340938698), (-12.288159529706611, 43.967816872803766), (-12.257068610071864, 43.97863966731362), (-12.225857171692873, 43.989341793277305), (-12.19452521622684, 43.99992325105929), (-12.163072745334674, 44.010384041027784), (-12.131499760680995, 44.0207241635547), (-12.099806263934132, 44.0309436190157), (-12.067992256766125, 44.04104240779014), (-12.036057740852723, 44.0510205302611), (-12.004002717873382, 44.060877986815406), (-11.971827189511272, 44.07061477784359), (-11.93953115745327, 44.080230903739896), (-11.907114623389965, 44.08972636490231), (-11.874577589015653, 44.09910116173253), (-11.841920056028338, 44.10835529463597), (-11.809142026129733, 44.11748876402178), (-11.776243501025265, 44.126501570302814), (-11.743224482424065, 44.13539371389567), (-11.710084972038976, 44.14416519522064), (-11.676824971586548, 44.152816014701756), (-11.643444482787041, 44.16134617276678), (-11.609943507364425, 44.16975566984717), (-11.576322047046375, 44.17804450637813), (-11.542580103564276, 44.18621268279857), (-11.508717678653223, 44.194260199551124)]",True
1784490669.3662171,0,-12.825366062678057,43.83337648233616,1.668476633522584,238.21730268310017,0.4050324134937826,-13.261221656049504,47.351183202118705,2.2167465129604307,241.23185474817345,-0.4001922303610397,-0.4358555933714463,3.5178067197825413,0.5482698794378467,3.014552065073275,-0.8052246438548223,"[(-12.855017767198694, 43.76516150712051), (-12.825466333573528, 43.779718756005074), (-12.795793694347955, 43.79415466766861), (-12.765999851155154, 43.80846924236403), (-12.73608480563209, 43.82266248034807), (-12.706048559419513, 43.83673438188124), (-12.675891114161955, 43.85068494722787), (-12.645612471507738, 43.86451417665606), (-12.615212633108966, 43.87822207043773), (-12.584691600621529, 43.89180862884859), (-12.554049375705102, 43.905273852168136), (-12.523285960023145, 43.918617740679686), (-12.492401355242901, 43.93184029467034), (-12.461395563035401, 43.94494151443099), (-12.430268585075458, 43.95792140025633), (-12.39902042304167, 43.970779952444865), (-12.367651078616419, 43.98351717129888), (-12.336160553485874, 43.99613305712445), (-12.304548849339985, 44.00862761023148), (-12.27281596787249, 44.02100083093364), (-12.240961910780905, 44.03325271954841), (-12.208986679766538, 44.04538327639706), (-12.176890276534474, 44.05739250180467), (-12.144672702793583, 44.06928039610011), (-12.112333960256525, 44.081046959616046), (-12.079874050639736, 44.092692192688936), (-12.047292975663444, 44.10421609565905), (-12.014590737051652, 44.11561866887043), (-11.981767336532151, 44.12689991267095), (-11.948822775836517, 44.13805982741224), (-11.915757056700103, 44.149098413449764), (-11.882570180862055, 44.16001567114276), (-11.849262150065293, 44.170811600854265), (-11.815832966056528, 44.18148620295111), (-11.782282630586247, 44.192039477803945), (-11.748611145408724, 44.20247142578719), (-11.714818512282015, 44.21278204727907), (-11.68090473296796, 44.222971342661616), (-11.64686980923218, 44.23303931232065), (-11.61271374284408, 44.242985956645775), (-11.578436535576849, 44.252811276030414), (-11.544038189207452, 44.26251527087177), (-11.509518705516646, 44.27209794157086), (-11.474878086288964, 44.28155928853248), (-11.440116333312723, 44.290899312165216)]",True
1784490669.5061424,0,-12.787255881740332,43.88817014730898,1.6687463515405059,238.21730268310017,0.4050324134937826,-13.335537463151653,47.400369653877235,2.2385696265154853,241.23185474817345,-0.4001922303610397,-0.5482815814113202,3.512199506568251,0.5698232749749794,3.014552065073275,-0.8052246438548223,"[(-12.834166034862255, 43.793438614257724), (-12.804414318168607, 43.80853368504173), (-12.774541776348595, 43.823507797591915), (-12.744548411027942, 43.83836095214238), (-12.71443422383611, 43.853093148930974), (-12.6841992164063, 43.86770438819931), (-12.653843390375462, 43.882194670192746), (-12.62336674738428, 43.896563995160406), (-12.592769289077186, 43.910812363355156), (-12.562051017102348, 43.92493977503362), (-12.531211933111681, 43.938946230456175), (-12.500252038760836, 43.95283172988695), (-12.469171335709209, 43.966596273593844), (-12.437969825619938, 43.98023986184848), (-12.406647510159898, 43.993762494926266), (-12.37520439099971, 44.00716417310634), (-12.34364046981373, 44.020444896671606), (-12.311955748280061, 44.03360466590872), (-12.280150228080544, 44.04664348110809), (-12.24822391090076, 44.05956134256388), (-12.216176798430034, 44.072358250574005), (-12.184008892361428, 44.08503420544013), (-12.151720194391746, 44.097589207467685), (-12.119310706221535, 44.110023256965846), (-12.086780429555077, 44.12233635424754), (-12.0541293661004, 44.13452849962945), (-12.021357517569268, 44.146599693432016), (-11.988464885677185, 44.15854993597943), (-11.955451472143404, 44.17037922759963), (-11.922317278690905, 44.182087568624326), (-11.889062307046416, 44.19367495938896), (-11.855686558940404, 44.205141400232726), (-11.822190036107074, 44.2164868914986), (-11.788572740284371, 44.22771143353328), (-11.754834673213983, 44.238815026687234), (-11.720975836641333, 44.24979767131468), (-11.686996232315588, 44.26065936777359), (-11.652895861989649, 44.27140011642568), (-11.61867472742016, 44.28201991763643), (-11.584332830367506, 44.29251877177508), (-11.549870172595806, 44.30289667921459), (-11.515286755872923, 44.31315364033171), (-11.480582581970456, 44.32328965550693), (-11.445757652663746, 44.33330472512449), (-11.410811969731869, 44.34319884957238)]",True
1784490669.5708997,0,-12.678866403046149,44.056564432301755,1.6693012950604231,238.21730268310017,0.4050324134937826,-13.567273996955342,47.54189101091893,2.2834705773125643,241.23185474817345,-0.4001922303610397,-0.8884075939091929,3.485326578617176,0.6141692822521412,3.014552065073275,-0.8052246438548223,"[(-12.814277896132984, 43.820955891675666), (-12.784390935670615, 43.83650739495125), (-12.754383180872473, 43.851937969060415), (-12.724254633367675, 43.867247614223), (-12.69400529478908, 43.88243633066257), (-12.66363516677328, 43.89750411860647), (-12.633144250960619, 43.912450978285776), (-12.602532548995168, 43.92727690993532), (-12.571800062524737, 43.9419819137937), (-12.540946793200884, 43.956565990103236), (-12.509972742678897, 43.97102913911002), (-12.478877912617808, 43.9853713610639), (-12.447662304680382, 43.999592656218454), (-12.416325920533128, 44.01369302483103), (-12.38486876184629, 44.027672467162716), (-12.353290830293853, 44.04153098347837), (-12.321592127553536, 44.055268574046565), (-12.289772655306802, 44.06888523913966), (-12.257832415238845, 44.08238097903376), (-12.2257714090386, 44.095755794008696), (-12.193589638398745, 44.109009684348074), (-12.161287105015688, 44.12214265033924), (-12.128863810589582, 44.135154692273304), (-12.096319756824311, 44.14804581044511), (-12.063654945427501, 44.16081600515327), (-12.030869378110513, 44.17346527670013), (-11.997963056588448, 44.185993625391795), (-11.964935982580142, 44.19840105153812), (-11.931788157808171, 44.210687555452715), (-11.898519583998844, 44.22285313745293), (-11.865130262882213, 44.23489779785988), (-11.83162019619206, 44.24682153699842), (-11.797989385665913, 44.25862435519715), (-11.764237833045028, 44.27030625278844), (-11.730365540074404, 44.281867230108396), (-11.696372508502773, 44.29330728749688), (-11.662258740082606, 44.3046264252975), (-11.628024236570111, 44.31582464385762), (-11.593668999725232, 44.32690194352835), (-11.559193031311647, 44.33785832466455), (-11.524596333096774, 44.34869378762484), (-11.489878906851766, 44.35940833277157), (-11.455040754351511, 44.37000196047087), (-11.420081877374637, 44.38047467109259), (-11.385002277703503, 44.390826465010356)]",True
1784490669.606907,0,-12.636642393010758,44.128561031856925,1.669452338638634,238.21730268310017,0.4050324134937826,-13.667536211901831,47.59716565894382,2.2956916413128687,241.23185474817345,-0.4001922303610397,-1.030893818891073,3.468604627086897,0.6262393026742348,3.014552065073275,-0.8052246438548223,"[(-12.78521765696892, 43.86199264867032), (-12.75459243120998, 43.8788397605693), (-12.723846135444305, 43.8955656610697), (-12.692978771333781, 43.91217035035226), (-12.661990340544065, 43.92865382860149), (-12.630880844744588, 43.94501609600568), (-12.599650285608545, 43.96125715275692), (-12.568298664812904, 43.97737699905107), (-12.536825984038401, 43.993375635087766), (-12.505232244969545, 44.009253061070446), (-12.473517449294608, 44.02500927720632), (-12.441681598705637, 44.040644283706385), (-12.409724694898445, 44.05615808078541), (-12.377646739572617, 44.071550668661956), (-12.345447734431504, 44.086822047558364), (-12.313127681182227, 44.10197221770076), (-12.28068658153568, 44.117001179319054), (-12.248124437206519, 44.13190893264693), (-12.215441249913173, 44.14669547792186), (-12.18263702137784, 44.1613608153851), (-12.149711753326484, 44.17590494528169), (-12.11666544748884, 44.19032786786044), (-12.08349810559841, 44.20462958337396), (-12.050209729392467, 44.21881009207863), (-12.016800320612049, 44.23286939423461), (-11.983269881001961, 44.24680749010586), (-11.949618412310784, 44.2606243799601), (-11.915845916290857, 44.27432006406885), (-11.881952394698295, 44.287894542707406), (-11.847937849292979, 44.30134781615484), (-11.813802281838555, 44.31467988469401), (-11.77954569410244, 44.327890748611566), (-11.745168087855815, 44.34098040819792), (-11.710669464873634, 44.35394886374729), (-11.676049826934616, 44.366796115557655), (-11.641309175821243, 44.37952216393079), (-11.606447513319772, 44.39212700917224), (-11.571464841220225, 44.40461065159135), (-11.536361161316387, 44.41697309150122), (-11.501136475405817, 44.42921432921876), (-11.465790785289835, 44.44133436506464), (-11.43032409277353, 44.45333319936333), (-11.39473639966576, 44.46521083244306), (-11.359027707779148, 44.47696726463587), (-11.323198018930086, 44.48860249627755)]",True
1784490669.794746,0,-12.612556603920025,44.17247307102628,1.669526800784758,238.21730268310017,0.4050324134937826,-13.871771594252921,47.70399596996465,2.3127787507449455,241.23185474817345,-0.4001922303610397,-1.2592149903328966,3.53152289893837,0.6432519499601876,3.014552065073275,-0.8052246438548223,"[(-12.755990326082037, 43.9044413319674), (-12.724677011576796, 43.92259074115886), (-12.69324269026124, 43.94061899636568), (-12.661687363816238, 43.958526097727756), (-12.630011033926422, 43.976312045388745), (-12.598213702280187, 43.99397683949609), (-12.566295370569689, 44.01152048020101), (-12.534256040490847, 44.02894296765849), (-12.50209571374334, 44.0462443020273), (-12.469814392030614, 44.06342448346998), (-12.437412077059866, 44.08048351215285), (-12.404888770542067, 44.09742138824601), (-12.372244474191943, 44.11423811192332), (-12.339479189727982, 44.13093368336243), (-12.306592918872434, 44.14750810274475), (-12.273585663351312, 44.16396137025549), (-12.240457424894387, 44.18029348608361), (-12.207208205235194, 44.19650445042187), (-12.173838006111026, 44.21259426346678), (-12.140346829262942, 44.228562925418636), (-12.106734676435758, 44.244410436481516), (-12.073001549378054, 44.26013679686327), (-12.039147449842167, 44.275742006775516), (-12.005172379584197, 44.29122606643366), (-11.971076340364005, 44.306588976056865), (-11.936859333945211, 44.32183073586808), (-11.902521362095198, 44.33695134609404), (-11.868062426585109, 44.351950806965235), (-11.833482529189842, 44.36682911871595), (-11.798781671688065, 44.38158628158422), (-11.763959855862199, 44.39622229581188), (-11.729017083498427, 44.410737161644526), (-11.693953356386693, 44.42513087933153), (-11.6587686763207, 44.43940344912605), (-11.623463045097909, 44.45355487128499), (-11.588036464519545, 44.46758514606908), (-11.552488936390592, 44.48149427374276), (-11.516820462519792, 44.495282254574306), (-11.481031044719646, 44.50894908883573), (-11.445120684806415, 44.52249477680282), (-11.409089384600122, 44.53591931875517), (-11.372937145924547, 44.54922271497612), (-11.33666397060723, 44.56240496575278), (-11.30026986047947, 44.57546607137607), (-11.263754817376322, 44.58840603214065)]",True
1784490669.9068592,0,-12.538579736868439,44.32211424458718,1.6697092694966627,238.21730268310017,0.4050324134937826,-13.933717828813446,47.735373861751135,2.3164801349172524,241.23185474817345,-0.4001922303610397,-1.3951380919450074,3.413259617163952,0.6467708654205897,3.014552065073275,-0.8052246438548223,"[(-12.717320346231897, 43.96289870967777), (-12.686076556358781, 43.981708762680206), (-12.654712377638068, 44.00039827914035), (-12.623227811726247, 44.018967259175895), (-12.5916228602835, 44.03741570290825), (-12.559897524973703, 44.05574361046253), (-12.528051807464426, 44.07395098196754), (-12.496085709426929, 44.09203781755582), (-12.46399923253617, 44.110004117363594), (-12.431792378470794, 44.1278498815308), (-12.399465148913146, 44.14557511020108), (-12.36701754554926, 44.16317980352179), (-12.334449570068863, 44.18066396164399), (-12.301761224165379, 44.19802758472244), (-12.268952509535918, 44.215270672915615), (-12.236023427881289, 44.232393226385696), (-12.202973980905991, 44.249395245298565), (-12.169804170318216, 44.266276729823815), (-12.136513997829846, 44.28303768013475), (-12.10310346515646, 44.299678096408364), (-12.069572574017329, 44.31619797882538), (-12.035921326135409, 44.33259732757021), (-12.002149723237357, 44.34887614283098), (-11.96825776705352, 44.365034424799525), (-11.934245459317934, 44.381072173671384), (-11.900112801768328, 44.396989389645796), (-11.865859796146127, 44.41278607292572), (-11.831486444196445, 44.4284622237178), (-11.796992747668087, 44.44401784223241), (-11.76237870831355, 44.459452928683625), (-11.727644327889022, 44.474767483289206), (-11.692789608154385, 44.489961506270646), (-11.65781455087321, 44.50503499785313), (-11.622719157812764, 44.51998795826556), (-11.587503430743999, 44.53482038774053), (-11.55216737144156, 44.54953228651435), (-11.516710981683785, 44.564123654827036), (-11.481134263252706, 44.578594492922306), (-11.445437217934039, 44.59294480104758), (-11.409619847517195, 44.607174579453996), (-11.373682153795276, 44.62128382839639), (-11.337624138565074, 44.635272548133315), (-11.301445803627072, 44.64914073892701), (-11.265147150785443, 44.66288840104343), (-11.228728181848053, 44.67651553475224)]",True
1784490669.9501646,0,-12.48791154778938,44.445694595739226,1.6698030941397832,238.21730268310017,0.4050324134937826,-14.100414944411988,47.8170622930589,2.3240715663568747,241.23185474817345,-0.4001922303610397,-1.612503396622607,3.371367697319677,0.6542684722170915,3.014552065073275,-0.8052246438548223,"[(-12.586851099813499, 44.1805404364539), (-12.553652154916058, 44.20494462060755), (-12.520332489852148, 44.22922791379998), (-12.486892106351371, 44.253390315976525), (-12.453331006147062, 44.277431827086254), (-12.419649190976287, 44.30135244708199), (-12.385846662579844, 44.3251521759203), (-12.351923422702262, 44.3488310135615), (-12.3178794730918, 44.37238895996965), (-12.283714815500451, 44.395826015112554), (-12.249429451683936, 44.41914217896177), (-12.215023383401707, 44.442337451492605), (-12.18049661241695, 44.465411832684104), (-12.145849140496576, 44.48836532251906), (-12.111080969411233, 44.51119792098402), (-12.076192100935295, 44.53390962806927), (-12.041182536846868, 44.55650044376885), (-12.006052278927788, 44.57897036808054), (-11.970801328963622, 44.601319401005874), (-11.935429688743667, 44.62354754255012), (-11.899937360060951, 44.64565479272231), (-11.86432434471223, 44.667641151535214), (-11.828590644497991, 44.68950661900534), (-11.792736261222453, 44.71125119515296), (-11.75676119669356, 44.73287488000208), (-11.72066545272299, 44.75437767358045), (-11.68444903112615, 44.77575957591959), (-11.648111933722175, 44.79702058705473), (-11.611654162333933, 44.81816070702488), (-11.575075718788018, 44.83917993587278), (-11.538376604914754, 44.86007827364491), (-11.501556822548196, 44.88085572039151), (-11.464616373526125, 44.901512276166564), (-11.427555259690054, 44.922047941027806), (-11.390373482885227, 44.942462715036704), (-11.353071044960613, 44.96275659825848), (-11.31564794776891, 44.9829295907621), (-11.278104193166547, 45.002981692620274), (-11.240439783013679, 45.02291290390947), (-11.202654719174195, 45.042723224709896), (-11.164749003515706, 45.0624126551055), (-11.126722637909555, 45.08198119518397), (-11.088575624230815, 45.10142884503677), (-11.050307964358286, 45.12075560475908), (-11.011919660174494, 45.13996147444984)]",True
1784490670.0227,0,-12.476119641328216,44.47693954034049,1.6698213706982301,239.21088104688178,0.33331511285198623,-14.14256585378056,47.83668890489682,2.3255503381996125,241.23185474817345,-0.4001922303610397,-1.6664462124523443,3.359749364556329,0.6557289675013824,2.020973701291666,-0.7335073432130259,"[(-12.563765334634464, 44.2252849101141), (-12.53179480646291, 44.248811245451954), (-12.499703709716531, 44.27221684794285), (-12.467492046081913, 44.295501717559375), (-12.435159817249362, 44.31866585427785), (-12.402707024912894, 44.34170925807834), (-12.370133670770247, 44.36463192894462), (-12.33743975652287, 44.38743386686421), (-12.304625283875932, 44.41011507182835), (-12.271690254538312, 44.432675543832026), (-12.23863467022261, 44.45511528287395), (-12.205458532645137, 44.477434288956545), (-12.172161843525924, 44.499632562086), (-12.138744604588712, 44.5217101022722), (-12.105206817560964, 44.54366690952879), (-12.071548484173851, 44.565502983873124), (-12.037769606162266, 44.5872183253263), (-12.003870185264812, 44.608812933913136), (-11.969850223223808, 44.630286809662195), (-11.935709721785289, 44.651639952605755), (-11.901448682699003, 44.67287236277984), (-11.867067107718416, 44.693984040224194), (-11.832564998600706, 44.71497498498229), (-11.797942357106765, 44.73584519710134), (-11.763199185001202, 44.75659467663228), (-11.728335484052339, 44.777223423629785), (-11.693351256032212, 44.79773143815225), (-11.658246502716572, 44.8181187202618), (-11.623021225884886, 44.838385270024304), (-11.58767542732033, 44.85853108750935), (-11.552209108809796, 44.878556172790255), (-11.516622272143895, 44.89846052594408), (-11.480914919116946, 44.9182441470516), (-11.445087051526984, 44.93790703619734), (-11.409138671175759, 44.95744919346952), (-11.37306977986873, 44.976870618960135), (-11.336880379415076, 44.99617131276488), (-11.300570471627685, 45.01535127498319), (-11.264140058323159, 45.03441050571823), (-11.227589141321815, 45.05334900507689), (-11.190917722447683, 45.0721667731698), (-11.154125803528505, 45.09086381011131), (-11.117213386395736, 45.109440116019506), (-11.080180472884546, 45.12789569101621), (-11.043027064833817, 45.146230535226955)]",True
1784490670.1279483,0,-12.442889054630914,44.57145325282313,1.669866635193166,239.21088104688178,0.33331511285198623,-14.291594174907582,47.90255917489538,2.329725657625939,241.23185474817345,-0.4001922303610397,-1.8487051202766676,3.331105922072247,0.659859022432773,2.020973701291666,-0.7335073432130259,"[(-12.527093260882564, 44.299273120167385), (-12.49403476618728, 44.325723929484504), (-12.460855253794273, 44.352053543896), (-12.427554725440375, 44.37826196328304), (-12.394133182866183, 44.40434918753055), (-12.36059062781606, 44.43031521652726), (-12.326927062038136, 44.45616005016568), (-12.293142487284301, 44.48188368834209), (-12.25923690531022, 44.50748613095655), (-12.225210317875312, 44.532967377912925), (-12.191062726742771, 44.55832742911883), (-12.156794133679547, 44.5835662844857), (-12.122404540456365, 44.6086839439287), (-12.087893948847707, 44.63368040736683), (-12.053262360631821, 44.65855567472285), (-12.018509777590724, 44.68330974592328), (-11.983636201510196, 44.707942620898464), (-11.94864163417978, 44.73245429958249), (-11.913526077392781, 44.75684478191326), (-11.878289532946278, 44.781114067832426), (-11.842932002641104, 44.80526215728545), (-11.807453488281864, 44.829289050221554), (-11.77185399167692, 44.85319474659375), (-11.736133514638407, 44.87697924635884), (-11.700292058982217, 44.900642549477396), (-11.664329626528009, 44.92418465591378), (-11.628246219099204, 44.94760556563612), (-11.592041838522988, 44.97090527861634), (-11.555716486630313, 44.99408379483015), (-11.519270165255893, 45.01714111425703), (-11.482702876238204, 45.040077236880244), (-11.446014621419486, 45.062892162686836), (-11.409205402645746, 45.085585891667634), (-11.37227522176675, 45.10815842381725), (-11.335224080636031, 45.130609759134074), (-11.298051981110882, 45.152939897620286), (-11.260758925052363, 45.17514883928183), (-11.223344914325292, 45.19723658412845), (-11.185809950798252, 45.21920313217365), (-11.148154036343593, 45.24104848343473), (-11.110377172837422, 45.26277263793278), (-11.072479362159612, 45.284375595692644), (-11.034460606193798, 45.305857356742976), (-10.996320906827378, 45.327217921116194), (-10.958060265951511, 45.3484572888485)]",True
1784490670.1844337,0,-12.386997199685801,44.76383294761789,1.669925653853454,239.21088104688178,0.33331511285198623,-14.529924363804874,47.997396255472445,2.333987976722488,241.23185474817345,-0.4001922303610397,-2.1429271641190724,3.2335633078545527,0.6640623228690339,2.020973701291666,-0.7335073432130259,"[(-12.504945696548628, 44.34865375363701), (-12.473205820639256, 44.374185201861174), (-12.441345402397154, 44.39959593829023), (-12.409364443500806, 44.4248859628349), (-12.377262945632408, 44.450055275409625), (-12.345040910477872, 44.475103875932575), (-12.312698339726817, 44.50003176432565), (-12.28023523507258, 44.52483894051448), (-12.247651598212208, 44.54952540442842), (-12.214947430846463, 44.57409115600057), (-12.182122734679817, 44.59853619516773), (-12.149177511420458, 44.62286052187046), (-12.116111762780283, 44.64706413605301), (-12.082925490474906, 44.671147037663395), (-12.049618696223648, 44.69510922665334), (-12.016191381749545, 44.7189507029783), (-11.982643548779341, 44.74267146659746), (-11.9489751990435, 44.76627151747373), (-11.915186334276195, 44.789750855573764), (-11.881276956215306, 44.81310948086792), (-11.84724706660243, 44.83634739333031), (-11.813096667182874, 44.85946459293874), (-11.778825759705658, 44.882461079674776), (-11.744434345923514, 44.9053368535237), (-11.709922427592883, 44.92809191447452), (-11.675290006473919, 44.95072626251998), (-11.640537084330488, 44.97323989765654), (-11.605663662930166, 44.995632819884406), (-11.570669744044242, 45.01790502920749), (-11.535555329447714, 45.04005652563345), (-11.500320420919293, 45.06208730917367), (-11.464965020241397, 45.08399737984325), (-11.429489129200164, 45.10578673766101), (-11.393892749585435, 45.12745538264954), (-11.358175883190764, 45.14900331483512), (-11.322338531813415, 45.170430534247764), (-11.286380697254364, 45.191737040921225), (-11.250302381318297, 45.21292283489298), (-11.214103585813612, 45.23398791620422), (-11.177784312552413, 45.25493228489989), (-11.14134456335052, 45.275755941028635), (-11.104784340027459, 45.296458884642846), (-11.068103644406468, 45.31704111579864), (-11.031302478314496, 45.337502634555854), (-10.994380843582201, 45.35784344097806)]",True
1784490670.3228261,0,-12.36586359510848,44.86176509382025,1.6699444867460376,239.21088104688178,0.33331511285198623,-14.661220175021853,48.046238284387876,2.335511762032008,241.23185474817345,-0.4001922303610397,-2.2953565799133724,3.1844731905676227,0.6655672752859705,2.020973701291666,-0.7335073432130259,"[(-12.49261234201636, 44.37801973501769), (-12.461362592723017, 44.403471090092424), (-12.429992204698294, 44.4288016383886), (-12.39850117960951, 44.4540113798192), (-12.366889519127717, 44.47910031430096), (-12.33515722492768, 44.50406844175434), (-12.3033042986879, 44.52891576210356), (-12.271330742090596, 44.55364227527656), (-12.239236556821714, 44.57824798120503), (-12.207021744570923, 44.6027328798244), (-12.17468630703162, 44.62709697107385), (-12.14223024590092, 44.65134025489627), (-12.109653562879672, 44.675462731238326), (-12.07695625967244, 44.6994644000504), (-12.044138337987516, 44.72334526128663), (-12.011199799536918, 44.74710531490488), (-11.978140646036387, 44.77074456086676), (-11.944960879205386, 44.79426299913762), (-11.911660500767102, 44.81766062968656), (-11.87823951244845, 44.84093745248639), (-11.844697915980065, 44.86409346751371), (-11.811035713096306, 44.887128674748816), (-11.777252905535256, 44.91004307417575), (-11.743349495038723, 44.93283666578232), (-11.709325483352236, 44.95550944956004), (-11.675180872225047, 44.978061425504194), (-11.640915663410135, 45.000492593613785), (-11.606529858664201, 45.02280295389156), (-11.572023459747667, 45.04499250634402), (-11.537396468424683, 45.067061250981396), (-11.502648886463115, 45.089009187817645), (-11.467780715634557, 45.11083631687049), (-11.432791957714322, 45.13254263816137), (-11.397682614481452, 45.154128151715476), (-11.362452687718704, 45.175592857561746), (-11.327102179212565, 45.19693675573284), (-11.291631090753238, 45.21815984626517), (-11.256039424134654, 45.239262129198885), (-11.220327181154463, 45.260243604577866), (-11.18449436361404, 45.281104272449745), (-11.148540973318477, 45.30184413286589), (-11.112467012076596, 45.3224631858814), (-11.076272481700933, 45.34296143155514), (-11.039957384007753, 45.36333886994968), (-11.003521720817039, 45.383595501131346)]",True
1784490670.4906137,0,-12.334903414788048,45.05971011968405,1.6699690422412707,239.21088104688178,0.33331511285198623,-14.925855063579366,48.13888603416405,2.337498567974772,241.23185474817345,-0.4001922303610397,-2.590951648791318,3.079175914480004,0.6675295257335014,2.020973701291666,-0.7335073432130259,"[(-12.31857807086544, 45.0215778735061), (-12.295171147766625, 45.04851364116849), (-12.271642336158466, 45.0753273684192), (-12.247991637505706, 45.10201905512164), (-12.224219053276958, 45.12858870114307), (-12.200324584944703, 45.15503630635469), (-12.176308233985296, 45.18136187063154), (-12.152170001878964, 45.20756539385257), (-12.1279098901098, 45.233646875900604), (-12.103527900165767, 45.25960631666236), (-12.079024033538701, 45.28544371602842), (-12.054398291724308, 45.31115907389327), (-12.029650676222163, 45.33675239015528), (-12.004781188535713, 45.3622236647167), (-11.97978983017227, 45.38757289748366), (-11.954676602643023, 45.412800088366176), (-11.929441507463025, 45.437905237278166), (-11.9040845461512, 45.46288834413741), (-11.878605720230345, 45.48774940886558), (-11.853005031227122, 45.51248843138824), (-11.827282480672066, 45.53710541163483), (-11.801438070099579, 45.561600349538686), (-11.775471801047933, 45.58597324503701), (-11.74938367505927, 45.6102240980709), (-11.723173693679602, 45.63435290858534), (-11.696841858458809, 45.6583596765292), (-11.67038817095064, 45.68224440185522), (-11.643812632712711, 45.706007084520046), (-11.617115245306513, 45.72964772448419), (-11.590296010297399, 45.75316632171206), (-11.563354929254595, 45.77656287617194), (-11.536292003751194, 45.79983738783601), (-11.50910723536416, 45.822989856680316), (-11.481800625674325, 45.84602028268481), (-11.454372176266384, 45.868928665833316), (-11.426821888728908, 45.891715006113536), (-11.39914976465433, 45.91437930351707), (-11.371355805638958, 45.9369215580394), (-11.343440013282962, 45.95934176967989), (-11.315402389190384, 45.98163993844177), (-11.287242934969132, 46.00381606433219), (-11.258961652230983, 46.02587014736216), (-11.230558542591584, 46.04780218754658), (-11.202033607670446, 46.06961218490423), (-11.17338684909095, 46.09130013945778)]",True
1784490670.5262892,0,-12.328088035299034,45.12616000373712,1.6699745159899146,239.21088104688178,0.33331511285198623,-15.00739741033935,48.16587148502014,1.9570985679747723,241.23185474817345,-0.4001922303610397,-2.679309375040315,3.039711481283021,0.2871240519848577,2.020973701291666,-0.7335073432130259,"[(-12.312384919649787, 45.083542733973324), (-12.291305980589167, 45.106577149445634), (-12.270105020985216, 45.12948941100375), (-12.248782042232781, 45.152279518635154), (-12.227337045730588, 45.174947472331205), (-12.205770032881253, 45.19749327208717), (-12.184081005091276, 45.21991691790223), (-12.162269963771045, 45.24221840977945), (-12.14033691033484, 45.26439774772578), (-12.118281846200817, 45.286454931752104), (-12.096104772791028, 45.30838996187318), (-12.073805691531405, 45.33020283810768), (-12.05138460385177, 45.35189356047816), (-12.028841511185826, 45.37346212901109), (-12.006176414971172, 45.394908543736825), (-11.983389316649284, 45.416232804689635), (-11.960480217665525, 45.43743491190767), (-11.937449119469148, 45.458514865433), (-11.91429602351329, 45.47947266531158), (-11.891020931254973, 45.500308311593265), (-11.867623844155105, 45.521021804331816), (-11.84410476367848, 45.54161314358489), (-11.820463691293778, 45.56208232941403), (-11.796700628473562, 45.58242936188471), (-11.772815576694287, 45.60265424106626), (-11.748808537436283, 45.622756967031954), (-11.724679512183775, 45.64273753985893), (-11.700428502424868, 45.662595959628234), (-11.676055509651555, 45.68233222642482), (-11.651560535359708, 45.701946340337535), (-11.626943581049096, 45.72143830145912), (-11.60220464822336, 45.74080810988623), (-11.577343738390033, 45.7600557657194), (-11.55236085306053, 45.77918126906307), (-11.527255993750156, 45.798184620025594), (-11.502029161978093, 45.8170658187192), (-11.476680359267412, 45.83582486526002), (-11.451209587145067, 45.85446175976811), (-11.425616847141898, 45.87297650236738), (-11.399902140792628, 45.89136909318568), (-11.374065469635866, 45.90963953235474), (-11.348106835214104, 45.92778782001019), (-11.322026239073718, 45.94581395629155), (-11.295823682764969, 45.96371794134226), (-11.269499167842, 45.98149977530964)]",True
1784490670.5761182,0,-12.318004346212176,45.225849706728646,1.669980964288282,239.21088104688178,0.33331511285198623,-15.11375523649667,48.199668890587375,1.6122467450968738,241.23185474817345,-0.4001922303610397,-2.795750890284495,2.97381918385873,-0.05773421919140809,2.020973701291666,-0.7335073432130259,"[(-12.30496776476799, 45.17874456694997), (-12.28649857047046, 45.19768302830905), (-12.267907160710852, 45.21649916079025), (-12.249193536806402, 45.23519296451224), (-12.230357700078253, 45.2537644395976), (-12.211399651851456, 45.272213586172846), (-12.192319393454978, 45.2905404043684), (-12.173116926221688, 45.308744894318615), (-12.15379225148837, 45.32682705616176), (-12.134345370595721, 45.344786890040034), (-12.11477628488834, 45.36262439609954), (-12.095084995714739, 45.380339574490314), (-12.075271504427343, 45.39793242536631), (-12.055335812382484, 45.415402948885394), (-12.035277920940402, 45.43275114520937), (-12.015097831465251, 45.44997701450396), (-11.99479554532509, 45.46708055693878), (-11.974371063891889, 45.484061772687404), (-11.953824388541529, 45.5009206619273), (-11.933155520653797, 45.51765722483988), (-11.912364461612393, 45.534271461610444), (-11.89145121280492, 45.55076337242824), (-11.870415775622899, 45.567132957486436), (-11.849258151461752, 45.5833802169821), (-11.827978341720815, 45.59950515111624), (-11.806576347803329, 45.61550776009378), (-11.785052171116446, 45.63138804412355), (-11.763405813071225, 45.647146003418314), (-11.741637275082638, 45.662781638194765), (-11.719746558569561, 45.678294948673496), (-11.69773366495478, 45.69368593507903), (-11.67559859566499, 45.70895459763982), (-11.653341352130793, 45.724100936588215), (-11.6309619357867, 45.73912495216051), (-11.608460348071134, 45.7540266445969), (-11.585836590426418, 45.76880601414151), (-11.56309066429879, 45.78346306104238), (-11.540222571138392, 45.79799778555149), (-11.517232312399276, 45.812410187924705), (-11.494119889539403, 45.82670026842184), (-11.47088530402064, 45.840868027306605), (-11.447528557308763, 45.85491346484665), (-11.424049650873453, 45.86883658131355), (-11.4004485861883, 45.88263737698278), (-11.376725364730804, 45.89631585213374)]",True
1784490670.7595606,0,-12.314886838904204,45.25910347202375,1.6699827275604568,239.21088104688178,0.33331511285198623,-15.142871224274323,48.20862187300832,1.4428036228439052,241.23185474817345,-0.4001922303610397,-2.8279843853701188,2.949518400984566,-0.22717910471655167,2.020973701291666,-0.7335073432130259,"[(-12.30228616992805, 45.21085856515687), (-12.284465557272267, 45.22877677111243), (-12.266522678037344, 45.24657260205412), (-12.248457533521185, 45.264246058133466), (-12.230270125025601, 45.28179713950592), (-12.211960453856328, 45.29922584633086), (-12.19352852132301, 45.3165321787716), (-12.174974328739212, 45.33371613699537), (-12.156297877422418, 45.35077772117333), (-12.137499168694019, 45.367716931480565), (-12.118578203879329, 45.384533768096084), (-12.099534984307574, 45.401228231202836), (-12.0803695113119, 45.41780032098768), (-12.061081786229368, 45.43425003764141), (-12.041671810400949, 45.45057738135875), (-12.022139585171537, 45.46678235233833), (-12.00248511188994, 45.482864950782734), (-11.982708391908876, 45.49882517689846), (-11.962809426584984, 45.51466303089592), (-11.94278821727882, 45.53037851298947), (-11.922644765354846, 45.54597162339739), (-11.90237907218145, 45.561442362341886), (-11.88199113913093, 45.576790730049076), (-11.8614809675795, 45.59201672674902), (-11.840848558907286, 45.6071203526757), (-11.820093914498333, 45.62210160806702), (-11.7992170357406, 45.63696049316481), (-11.778217924025963, 45.65169700821483), (-11.757096580750206, 45.66631115346677), (-11.735853007313034, 45.680802929174234), (-11.714487205118067, 45.69517233559476), (-11.692999175572831, 45.709419372989814), (-11.671388920088779, 45.72354404162478), (-11.649656440081266, 45.73754634176897), (-11.627801736969573, 45.75142627369563), (-11.605824812176888, 45.76518383768192), (-11.583725667130313, 45.778819034008926), (-11.561504303260868, 45.792331862961674), (-11.539160722003485, 45.805722324829105), (-11.51669492479701, 45.81899041990408), (-11.494106913084202, 45.8321361484834), (-11.471396688311737, 45.84515951086778), (-11.448564251930202, 45.85806050736187), (-11.425609605394099, 45.870839138274235), (-11.402532750161843, 45.883495403917365)]",True
1784490670.8997164,0,-12.311966694896968,45.29237509522266,1.6699843271322108,239.21088104688178,0.33331511285198623,-15.16938244801619,48.216602415804736,1.3316868831276174,241.23185474817345,-0.4001922303610397,-2.8574157531192217,2.9242273205820766,-0.3382974440045934,2.020973701291666,-0.7335073432130259,"[(-12.300944940376095, 45.22697590684194), (-12.283417472168543, 45.24443616740242), (-12.265767714118958, 45.2617740319298), (-12.247995667516491, 45.27898950059038), (-12.230101333654215, 45.29608257355439), (-12.21208471382912, 45.313053250996), (-12.193945809342113, 45.32990153309329), (-12.175684621498025, 45.34662742002829), (-12.157301151605603, 45.36323091198694), (-12.13879540097751, 45.379712009159114), (-12.120167370930334, 45.39607071173862), (-12.101417062784577, 45.412307019923205), (-12.08254447786466, 45.428420933914516), (-12.063549617498923, 45.444412453918154), (-12.044432483019627, 45.46028158014364), (-12.025193075762948, 45.47602831280443), (-12.005831397068985, 45.4916526521179), (-11.98634744828175, 45.507154598305355), (-11.966741230749175, 45.52253415159203), (-11.947012745823113, 45.537791312207105), (-11.927161994859329, 45.55292608038366), (-11.90718897921751, 45.56793845635873), (-11.887093700261264, 45.58282844037327), (-11.866876159358112, 45.59759603267215), (-11.846536357879494, 45.612241233504186), (-11.826074297200767, 45.626764043122115), (-11.805489978701209, 45.6411644617826), (-11.784783403764012, 45.65544248974624), (-11.763954573776289, 45.66959812727756), (-11.743003490129068, 45.68363137464501), (-11.721930154217294, 45.69754223212097), (-11.70073456743983, 45.71133069998176), (-11.67941673119946, 45.7249967785076), (-11.65797664690288, 45.73854046798267), (-11.636414315960705, 45.75196176869507), (-11.614729739787467, 45.765260680936805), (-11.592922919801614, 45.77843720500383), (-11.570993857425513, 45.791491341196036), (-11.54894255408545, 45.80442308981722), (-11.526769011211622, 45.81723245117512), (-11.504473230238146, 45.8299194255814), (-11.482055212603054, 45.84248401335165), (-11.459514959748299, 45.854926214805396), (-11.436852473119746, 45.86724603026608), (-11.414067754167178, 45.87944346006108)]",True
1784490670.929158,0,-12.303040176772415,45.4424000795338,1.6699898753019704,239.21088104688178,0.33331511285198623,-15.2757141349754,48.24191183107779,1.151702532457146,241.23185474817345,-0.4001922303610397,-2.9726739582029857,2.799511751543996,-0.5182873428448245,2.020973701291666,-0.7335073432130259,"[(-12.287902626541701, 45.452964361750055), (-12.273691419340206, 45.46384526413463), (-12.259357819884007, 45.47460369798665), (-12.244901829358568, 45.485239663684446), (-12.230323448953293, 45.49575316161028), (-12.215622679861513, 45.50614419215037), (-12.200799523280493, 45.51641275569487), (-12.185853980411428, 45.52655885263787), (-12.170786052459448, 45.53658248337739), (-12.155595740633613, 45.546483648315395), (-12.140283046146914, 45.556262347857796), (-12.124847970216276, 45.56591858241445), (-12.109290514062554, 45.575452352399125), (-12.093610678910533, 45.58486365822955), (-12.077808465988934, 45.5941525003274), (-12.061883876530407, 45.603318879118255), (-12.045836911771532, 45.61236279503167), (-12.029667572952823, 45.62128424850113), (-12.013375861318723, 45.630083239964044), (-11.996961778117607, 45.63875976986177), (-11.98042532460178, 45.64731383863961), (-11.963766502027482, 45.6557454467468), (-11.946985311654881, 45.66405459463651), (-11.930081754748075, 45.67224128276585), (-11.913055832575095, 45.68030551159588), (-11.895907546407901, 45.688247281591586), (-11.878636897522387, 45.69606659322189), (-11.861243887198375, 45.70376344695967), (-11.843728516719617, 45.711337843281726), (-11.826090787373795, 45.7187897826688), (-11.808330700452528, 45.72611926560558), (-11.790448257251358, 45.73332629258069), (-11.772443459069759, 45.740410864086684), (-11.75431630721114, 45.74737298062006), (-11.736066802982831, 45.754212642681246), (-11.717694947696105, 45.76092985077463), (-11.69920074266615, 45.76752460540852), (-11.680584189212098, 45.77399690709516), (-11.661845288657002, 45.780346756350745), (-11.64298404232785, 45.786574153695405), (-11.624000451555554, 45.7926790996532), (-11.604894517674964, 45.79866159475213), (-11.585666242024853, 45.80452163952415), (-11.566315625947926, 45.81025923450512), (-11.546842670790816, 45.81587438023487)]",True
1784490670.9840813,0,-12.301850155041194,45.47577849273538,1.6699908112845678,239.21088104688178,0.33331511285198623,-15.298310240995301,48.24574458034354,1.1407897628341064,241.23185474817345,-0.4001922303610397,-2.996460085954107,2.769966087608161,-0.5292010484504615,2.020973701291666,-0.7335073432130259,"[(-12.287086179062104, 45.48534542333452), (-12.27323235997079, 45.495304568908466), (-12.259256153153865, 45.50514125437379), (-12.245157559785147, 45.514855480138415), (-12.230936581042386, 45.52444724661421), (-12.216593218107262, 45.53391655421697), (-12.202127472165385, 45.54326340336645), (-12.1875393444063, 45.552487794486325), (-12.172828836023477, 45.561589728004215), (-12.157995948214324, 45.57056920435168), (-12.14304068218018, 45.57942622396421), (-12.127963039126309, 45.58816078728125), (-12.112763020261912, 45.59677289474616), (-12.097440626800118, 45.60526254680626), (-12.081995859957988, 45.61362974391279), (-12.066428720956514, 45.62187448652094), (-12.050739211020618, 45.62999677508983), (-12.034927331379153, 45.63799661008253), (-12.018993083264903, 45.64587399196604), (-12.00293646791458, 45.65362892121129), (-11.986757486568834, 45.66126139829317), (-11.970456140472239, 45.66877142369048), (-11.954032430873298, 45.67615899788598), (-11.937486359024449, 45.68342412136635), (-11.920817926182059, 45.69056679462223), (-11.904027133606425, 45.69758701814817), (-11.887113982561772, 45.704484792442685), (-11.87007847431626, 45.711260118008205), (-11.852920610141975, 45.717912995351114), (-11.835640391314936, 45.72444342498172), (-11.818237819115089, 45.730851407414285), (-11.800712894826308, 45.737136943166995), (-11.783065619736403, 45.74330003276197), (-11.765295995137109, 45.74934067672528), (-11.747404022324092, 45.75525887558693), (-11.729389702596949, 45.76105462988085), (-11.711253037259205, 45.766727940144925), (-11.692994027618314, 45.77227880692096), (-11.67461267498566, 45.77770723075471), (-11.656108980676558, 45.78301321219586), (-11.63748294601025, 45.78819675179804), (-11.618734572309908, 45.793257850118806), (-11.599863860902632, 45.79819650771966), (-11.580870813119454, 45.803012725166035), (-11.561755430295332, 45.8077065030273)]",True
1784490671.0296304,0,-12.30044002004077,45.54256220811533,1.6699924306300131,239.21088104688178,0.33331511285198623,-15.343192952506332,48.252322036173865,1.1289404783687502,241.23185474817345,-0.4001922303610397,-3.042752932465561,2.7097598280585373,-0.5410519522612629,2.020973701291666,-0.7335073432130259,"[(-12.286094860018816, 45.552500907455176), (-12.27265107250249, 45.562810344851044), (-12.259084811291538, 45.5729972362562), (-12.24539607754889, 45.5830615820681), (-12.231584872441415, 45.59300338268813), (-12.217651197139933, 45.60282263852166), (-12.203595052819201, 45.61251934997797), (-12.189416440657917, 45.62209351747032), (-12.175115361838724, 45.6315451414159), (-12.160691817548205, 45.64087422223586), (-12.146145808976884, 45.65008076035529), (-12.131477337319229, 45.65916475620323), (-12.116686403773645, 45.66812621021269), (-12.101773009542486, 45.6769651228206), (-12.086737155832042, 45.685681494467836), (-12.071578843852548, 45.69427532559925), (-12.056298074818177, 45.70274661666363), (-12.040894849947044, 45.71109536811371), (-12.025369170461211, 45.71932158040617), (-12.009721037586672, 45.72742525400164), (-11.993950452553367, 45.735406389364705), (-11.978057416595178, 45.743264986963894), (-11.962041930949928, 45.75100104727168), (-11.945903996859377, 45.75861457076449), (-11.929643615569232, 45.76610555792271), (-11.913260788329135, 45.77347400923065), (-11.896755516392671, 45.78071992517658), (-11.880127801017371, 45.78784330625272), (-11.863377643464698, 45.79484415295524), (-11.846505045000061, 45.80172246578426), (-11.829510006892807, 45.80847824524383), (-11.812392530416224, 45.81511149184198), (-11.795152616847542, 45.82162220609066), (-11.77779026746793, 45.82801038850577), (-11.7603054835625, 45.83427603960717), (-11.742698266420296, 45.84041915991867), (-11.724968617334314, 45.846439749968006), (-11.70711653760148, 45.85233781028689), (-11.689142028522667, 45.85811334141096), (-11.671045091402684, 45.863766343879824), (-11.652825727550281, 45.86929681823701), (-11.634483938278148, 45.87470476503001), (-11.616019724902914, 45.87999018481026), (-11.597433088745149, 45.88515307813315), (-11.57872403112936, 45.89019344555801)]",True
1784490671.075659,0,-12.300647971289278,45.64275805687883,1.6699943382847615,239.21088104688178,0.33331511285198623,-15.410180692763252,48.26065467474735,1.122521320071169,241.23185474817345,-0.4001922303610397,-3.1095327214739736,2.6178966178685172,-0.5474730182135925,2.020973701291666,-0.7335073432130259,"[(-12.28681581316255, 45.65410985355223), (-12.273882584125667, 45.66582159851328), (-12.260826716528522, 45.67741062970329), (-12.247648211522144, 45.68887694747591), (-12.234347070261522, 45.70022055218879), (-12.220923293905614, 45.71144144420353), (-12.207376883617336, 45.72253962388571), (-12.193707840563569, 45.73351509160488), (-12.179916165915156, 45.74436784773455), (-12.166001860846904, 45.75509789265222), (-12.151964926537584, 45.76570522673934), (-12.137805364169926, 45.77618985038135), (-12.123523174930627, 45.78655176396764), (-12.109118360010344, 45.796790967891575), (-12.094590920603697, 45.8069074625505), (-12.079940857909268, 45.81690124834572), (-12.065168173129603, 45.826772325682526), (-12.050272867471211, 45.836520694970154), (-12.03525494214456, 45.84614635662183), (-12.020114398364083, 45.855649311054734), (-12.004851237348173, 45.86502955869003), (-11.98946546031919, 45.87428709995285), (-11.97395706850345, 45.88342193527229), (-11.958326063131235, 45.89243406508141), (-11.942572445436786, 45.90132348981726), (-11.926696216658309, 45.91009020992084), (-11.910697378037971, 45.91873422583713), (-11.8945759308219, 45.92725553801507), (-11.878331876260184, 45.93565414690758), (-11.861965215606876, 45.943930052971545), (-11.84547595011999, 45.95208325666782), (-11.828864081061498, 45.960113758461226), (-11.812129609697337, 45.96802155882056), (-11.795272537297405, 45.97580665821859), (-11.77829286513556, 45.983469057132034), (-11.761190594489623, 45.9910087560416), (-11.743965726641374, 45.99842575543197), (-11.726618262876556, 46.00572005579176), (-11.709148204484872, 46.0128916576136), (-11.691555552759988, 46.01994056139406), (-11.673840308999527, 46.026866767633685), (-11.656002474505074, 46.03367027683699), (-11.63804205058218, 46.04035108951247), (-11.619959038540351, 46.04690920617257), (-11.601753439693056, 46.053344627333715)]",True
