timestamp,lap,ego_x,ego_y,ego_vel,ego_s,ego_d,opp_x,opp_y,opp_vel,opp_s,opp_d,rel_x,rel_y,rel_vel,rel_s,rel_d,imm_trajectory,imm_active
1783882090.708624,0,-36.22732998444221,49.162591217858655,0.05316652534312158,220.2111995913484,-0.3374896456328562,-31.612435377215206,48.6664,0.06340073570992702,225.5375754144394,-0.37448770691269895,4.614894607227001,-0.4961912178586516,0.01023421036680544,5.326375823091013,-0.03699806127984273,"[(-27.15255140546285, 35.254963418684156), (-27.148930368917057, 35.27423581566974), (-27.145357852089965, 35.29355672788323), (-27.141833854965714, 35.312926155289524), (-27.138358377528395, 35.3323440978535), (-27.134931419762065, 35.351810555539984), (-27.131552981650735, 35.37132552831376), (-27.12822306317838, 35.39088901613959), (-27.124941664328922, 35.41050101898216), (-27.121708785086263, 35.430161536806146), (-27.118524425434245, 35.449870569576184), (-27.11538858535668, 35.469628117256846), (-27.11230126483734, 35.489434179812676), (-27.109262463859945, 35.50928875720819), (-27.10627218240819, 35.52919184940784), (-27.103330420465717, 35.54914345637604), (-27.100437178016136, 35.56914357807718), (-27.097592455043007, 35.5891922144756), (-27.094796251529853, 35.6092893655356), (-27.09204856746016, 35.62943503122144), (-27.089349402817373, 35.649629211497334), (-27.08669875758489, 35.669871906327465), (-27.08409663174607, 35.690163115675965), (-27.08154302528424, 35.71050283950692), (-27.079037938182676, 35.730891077784406), (-27.076581370424616, 35.75132783047243), (-27.07417332199326, 35.77181309753495), (-27.071813792871765, 35.79234687893592), (-27.069502783043244, 35.81292917463922), (-27.067240292490776, 35.83355998460871), (-27.065026321197394, 35.8542393088082), (-27.062860869146096, 35.874967147201446), (-27.06074393631983, 35.89574349975219), (-27.058675522701517, 35.91656836642413), (-27.056655628274026, 35.93744174718089), (-27.054684253020188, 35.95836364198609), (-27.05276139692279, 35.979334050803295), (-27.050887059964584, 36.00035297359604), (-27.049061242128282, 36.0214204103278), (-27.04728394339655, 36.04253636096202), (-27.045555163752017, 36.0637008254621), (-27.04387490317727, 36.08491380379141), (-27.042243161654852, 36.10617529591327), (-27.040659939167274, 36.127485301790955), (-27.039125235696996, 36.148843821387715)]",True
1783882090.7331846,0,-36.22783105577369,49.163093141658194,0.08867845762989632,220.2111995913484,-0.3374896456328562,-31.613320591048282,48.666399985546285,0.11364203095365605,225.5375754144394,-0.37448770691269895,4.614510464725409,-0.4966931561119097,0.02496357332375973,5.326375823091013,-0.03699806127984273,"[(-27.15255140546285, 35.254963418684156), (-27.148930368917057, 35.27423581566974), (-27.145357852089965, 35.29355672788323), (-27.141833854965714, 35.312926155289524), (-27.138358377528395, 35.3323440978535), (-27.134931419762065, 35.351810555539984), (-27.131552981650735, 35.37132552831376), (-27.12822306317838, 35.39088901613959), (-27.124941664328922, 35.41050101898216), (-27.121708785086263, 35.430161536806146), (-27.118524425434245, 35.449870569576184), (-27.11538858535668, 35.469628117256846), (-27.11230126483734, 35.489434179812676), (-27.109262463859945, 35.50928875720819), (-27.10627218240819, 35.52919184940784), (-27.103330420465717, 35.54914345637604), (-27.100437178016136, 35.56914357807718), (-27.097592455043007, 35.5891922144756), (-27.094796251529853, 35.6092893655356), (-27.09204856746016, 35.62943503122144), (-27.089349402817373, 35.649629211497334), (-27.08669875758489, 35.669871906327465), (-27.08409663174607, 35.690163115675965), (-27.08154302528424, 35.71050283950692), (-27.079037938182676, 35.730891077784406), (-27.076581370424616, 35.75132783047243), (-27.07417332199326, 35.77181309753495), (-27.071813792871765, 35.79234687893592), (-27.069502783043244, 35.81292917463922), (-27.067240292490776, 35.83355998460871), (-27.065026321197394, 35.8542393088082), (-27.062860869146096, 35.874967147201446), (-27.06074393631983, 35.89574349975219), (-27.058675522701517, 35.91656836642413), (-27.056655628274026, 35.93744174718089), (-27.054684253020188, 35.95836364198609), (-27.05276139692279, 35.979334050803295), (-27.050887059964584, 36.00035297359604), (-27.049061242128282, 36.0214204103278), (-27.04728394339655, 36.04253636096202), (-27.045555163752017, 36.0637008254621), (-27.04387490317727, 36.08491380379141), (-27.042243161654852, 36.10617529591327), (-27.040659939167274, 36.127485301790955), (-27.039125235696996, 36.148843821387715)]",True
1783882090.8038332,0,-36.23075917212762,49.16602351583901,0.1854000525679314,220.2111995913484,-0.3374896456328562,-31.61882686158067,48.66639666500594,0.2504810564531477,225.5375754144394,-0.37448770691269895,4.611932310546951,-0.49962685083306724,0.06508100388521632,5.326375823091013,-0.03699806127984273,"[(-27.146927674519617, 35.259170989993216), (-27.146087845319396, 35.28226831759122), (-27.145338383887804, 35.30545597733933), (-27.14467928996971, 35.32873396870143), (-27.144110563308928, 35.352102291140326), (-27.14363220364821, 35.37556094411778), (-27.143244210729247, 35.39910992709449), (-27.14294658429267, 35.4227492395301), (-27.142739324078047, 35.44647888088318), (-27.142622429823895, 35.47029885061125), (-27.142595901267658, 35.494209148170775), (-27.142659738145728, 35.518209773017155), (-27.142813940193435, 35.542300724604736), (-27.143058507145046, 35.5664820023868), (-27.143393438733767, 35.590753605815564), (-27.14381873469175, 35.6151155343422), (-27.144334394750075, 35.639567787416816), (-27.144940418638775, 35.66411036448846), (-27.145636806086817, 35.68874326500511), (-27.146423556822104, 35.7134664884137), (-27.147300670571486, 35.738280034160105), (-27.14826814706074, 35.76318390168913), (-27.1493259860146, 35.78817809044453), (-27.150474187156725, 35.81326259986899), (-27.151712750209718, 35.83843742940415), (-27.153041674895128, 35.86370257849059), (-27.154460960933438, 35.88905804656781), (-27.15597060804407, 35.91450383307428), (-27.157570615945385, 35.94003993744739), (-27.159260984354688, 35.965666359123475), (-27.161041712988222, 35.99138309753783), (-27.16291280156117, 36.017190152124655), (-27.16487424978765, 36.04308752231712), (-27.166926057380724, 36.069075207547336), (-27.169068224052396, 36.09515320724634), (-27.171300749513605, 36.12132152084412), (-27.173623633474232, 36.147580147769595), (-27.1760368756431, 36.17392908745064), (-27.178540475727964, 36.20036833931405), (-27.181134433435528, 36.226897902785595), (-27.183818748471428, 36.25351777728994), (-27.186593420540245, 36.280227962250734), (-27.189458449345498, 36.307028457090546), (-27.192413834589647, 36.33391926123089), (-27.19545957597409, 36.36090037409221)]",True
1783882090.8322496,0,-36.23405951066419,49.16931540780532,0.2795944989779857,220.2111995913484,-0.3374896456328562,-31.624653553500885,48.66638520653804,0.3312063239219874,225.5375754144394,-0.37448770691269895,4.609405957163304,-0.5029302012672829,0.05161182494400168,5.326375823091013,-0.03699806127984273,"[(-36.86177865354585, 49.89860923200186), (-37.37302510937115, 50.40985568782716), (-37.891769202413315, 50.92859978086933), (-38.418010932672345, 51.45484151112836), (-38.95175030014824, 51.98858087860425), (-39.492987304841, 52.529817883297014), (-40.04172194675063, 53.07855252520664), (-40.59795422587712, 53.63478480433313), (-41.16168414222047, 54.198514720676485), (-41.73291169578069, 54.769742274236705), (-42.31163688655778, 55.34846746501379), (-42.89785971455173, 55.93469029300774), (-43.49158017976254, 56.528410758218556), (-44.09279828219022, 57.129628860646235), (-44.70151402183477, 57.73834460029078), (-45.31772739869618, 58.35455797715219), (-45.94143841277445, 58.978268991230465), (-46.57264706406959, 59.609477642525604), (-47.2113533525816, 60.24818393103761), (-47.857557278310466, 60.89438785676648), (-48.5112588412562, 61.54808941971221), (-49.1724580414188, 62.20928861987481), (-49.841154878798264, 62.877985457254276), (-50.51734935339459, 63.554179931850605), (-51.20104146520779, 64.2378720436638), (-51.892231214237846, 64.92906179269386), (-52.59091860048477, 65.62774917894077), (-53.29710362394856, 66.33393420240455), (-54.01078628462921, 67.0476168630852), (-54.73196658252673, 67.7687971609827), (-55.460644517641114, 68.49747509609708), (-56.19682008997236, 69.23365066842831), (-56.940493299520476, 69.97732387797642), (-57.691664146285454, 70.72849472474138), (-58.4503326302673, 71.48716320872322), (-59.216498751466006, 72.25332932992191), (-59.99016250988158, 73.02699308833748), (-60.771323905514016, 73.8081544839699), (-61.55998293836332, 74.5968135168192), (-62.35613960842949, 75.39297018688535), (-63.15979391571252, 76.19662449416838), (-63.97094586021242, 77.00777643866826), (-64.78959544192918, 77.82642602038501), (-65.6157426608628, 78.65257323931863), (-66.44938751701328, 79.48621809546911)]",True
1783882091.0329583,0,-36.24440330238955,49.17953708546843,0.4425605072917616,220.2111995913484,-0.3374896456328562,-31.64077987551055,48.66631051872056,0.4708692776399732,225.5375754144394,-0.37448770691269895,4.603623426879,-0.5132265667478748,0.02830877034821161,5.326375823091013,-0.03699806127984273,"[(-36.812887774148905, 49.76933048860585), (-37.318998429240565, 50.258618572123666), (-37.829143766689896, 50.7407272191858), (-38.343323767026966, 51.215656412273106), (-38.86153841063041, 51.68340613413591), (-39.38378767772743, 52.143976367794), (-39.91007154839383, 52.597367096536615), (-40.440390002553954, 53.043578303922466), (-40.97474301998074, 53.48260997377972), (-41.513130580295716, 53.91446209020599), (-42.055552662968964, 54.33913463756838), (-42.60200924731916, 54.756627600503435), (-43.15250031251355, 55.166940963917185), (-43.707025837567976, 55.5700747129851), (-44.26558580134684, 55.96602883315213), (-44.828180182563145, 56.35480331013268), (-45.394808959778466, 56.73639812991064), (-45.96547211140297, 57.11081327873934), (-46.54016961569538, 57.478048743141606), (-47.11890145076306, 57.83810450990971), (-47.70166759456192, 58.190980566105395), (-48.28846802489645, 58.53667689905988), (-48.87930271941976, 58.87519349637383), (-49.47417165563352, 59.20653034591742), (-50.073074810888, 59.53068743583027), (-50.67601216238207, 59.84766475452146), (-51.28298368716318, 60.157462290669564), (-51.89398936212737, 60.460080033222596), (-52.50902916401928, 60.75551797139808), (-53.12810306943214, 61.04377609468298), (-53.75121105480778, 61.32485439283376), (-54.378353096436626, 61.59875285587632), (-55.0095291704577, 61.865471474106066), (-55.6447392528586, 62.12501023808785), (-56.28398331947556, 62.377369138656036), (-56.92726134599339, 62.62254816691441), (-57.5745733079455, 62.86054731423628), (-58.22591918071391, 63.0913665722644), (-58.88129893952924, 63.315005932911), (-59.540712559470705, 63.5314653883578), (-60.20416001546614, 63.740744931055985), (-60.87164128229196, 63.94284455372621), (-61.54315633457321, 64.13776424935863), (-62.21870514678354, 64.32550401121283), (-62.89828769324519, 64.50606383281792)]",True
1783882091.0959995,0,-36.348184331803424,49.26136999465957,1.0896380479397112,220.2111995913484,-0.3374896456328562,-31.755738024168775,48.6737966339416,0.8364371554223489,225.5375754144394,-0.37448770691269895,4.592446307634649,-0.5875733607179683,-0.25320089251736233,5.326375823091013,-0.03699806127984273,"[(-36.464858532719276, 49.33546244189054), (-36.66068419978555, 49.472080880529546), (-36.85637264762362, 49.60856227754748), (-37.051923870108816, 49.74490662891352), (-37.24733786112136, 49.881113930601714), (-37.44261461454637, 50.01718417859099), (-37.63775412427386, 50.15311736886514), (-37.83275638419872, 50.28891349741283), (-38.02762138822074, 50.42457256022761), (-38.22234913024461, 50.56009455330789), (-38.4169396041799, 50.69547947265696), (-38.61139280394108, 50.83072731428299), (-38.80570872344751, 50.965838074199), (-38.99988735662344, 51.100811748422906), (-39.193928697398015, 51.23564833297749), (-39.38783273970528, 51.370347823890405), (-39.58159947748416, 51.50491021719417), (-39.775228904678485, 51.63933550892621), (-39.96872101523697, 51.773623695128784), (-40.16207580311323, 51.90777477184905), (-40.355293262265775, 52.041788735139036), (-40.54837338665799, 52.17566558105564), (-40.74131617025819, 52.30940530566064), (-40.93412160703955, 52.44300790502067), (-41.12678969098017, 52.57647337520727), (-41.319320416063015, 52.70980171229684), (-41.51171377627597, 52.84299291237064), (-41.70396976561179, 52.97604697151483), (-41.89608837806816, 53.10896388582043), (-42.088069607647626, 53.24174365138334), (-42.279913448357654, 53.37438626430433), (-42.47161989421059, 53.506891720689055), (-42.66318893922369, 53.63926001664804), (-42.854620577419084, 53.771491148296676), (-43.04591480282384, 53.903585111755255), (-43.23707160946988, 54.035541903148925), (-43.428090991394036, 54.16736151860771), (-43.618972942638045, 54.29904395426652), (-43.809717457248546, 54.43058920626513), (-44.00032452927706, 54.56199727074821), (-44.19079415278001, 54.69326814386528), (-44.381126321818726, 54.82440182177076), (-44.57132103045942, 54.95539830062394), (-44.76137827277323, 55.08625757658897), (-44.95129804283615, 55.216979645834904)]",True
1783882091.1895235,0,-36.40545367636534,49.30161634184513,1.2367365430890953,220.2111995913484,-0.3374896456328562,-31.807185180192036,48.68383631321509,0.9083089784379664,225.5375754144394,-0.37448770691269895,4.598268496173304,-0.6177800286300439,-0.3284275646511289,5.326375823091013,-0.03699806127984273,"[(-36.4391983534593, 49.31522835398062), (-36.590901471702175, 49.41630648825937), (-36.74248699190891, 49.51726715619233), (-36.89395491067034, 49.61811035570741), (-37.04530522458043, 49.718836084735614), (-37.196537930236275, 49.81944434121108), (-37.34765302423809, 49.91993512307106), (-37.49865050318921, 50.02030842825592), (-37.64953036369611, 50.12056425470914), (-37.80029260236837, 50.220702600377294), (-37.95093721581871, 50.32072346321011), (-38.10146420066298, 50.4206268411604), (-38.25187355352014, 50.5204127321841), (-38.40216527101229, 50.620081134240266), (-38.55233934976463, 50.719632045291064), (-38.70239578640552, 50.81906546330178), (-38.85233457756642, 50.91838138624081), (-39.00215571988193, 51.01757981207965), (-39.151859209989766, 51.11666073879295), (-39.30144504453079, 51.21562416435844), (-39.450913220148955, 51.31447008675697), (-39.600263733491374, 51.413198503972524), (-39.74949658120827, 51.51180941399218), (-39.89861175995299, 51.610302814806154), (-40.04760926638202, 51.70867870440776), (-40.19648909715495, 51.806937080793425), (-40.345251248934524, 51.9050779419627), (-40.4938957183866, 52.00310128591825), (-40.642422502180146, 52.101007110665854), (-40.79083159698728, 52.19879541421441), (-40.939122999483246, 52.29646619457593), (-41.08729670634641, 52.39401944976553), (-41.235352714258255, 52.49145517780146), (-41.3832910199034, 52.588773376705085), (-41.53111161996959, 52.68597404450087), (-41.6788145111477, 52.78305717921639), (-41.82639969013172, 52.88002277888237), (-41.97386715361879, 52.97687084153263), (-42.12121689830915, 53.07360136520409), (-42.268448920906195, 53.17021434793681), (-42.41556321811642, 53.26670978777397), (-42.562559786649466, 53.363087682761844), (-42.7094386232181, 53.459348030949826), (-42.856199724538214, 53.55549083039044), (-43.00284308732883, 53.65151607913931)]",True
1783882091.3685796,0,-36.41578889174568,49.308594379915185,1.2573382184245843,220.2111995913484,-0.3374896456328562,-31.81600203706995,48.68621954894301,0.9183748867399772,225.5375754144394,-0.37448770691269895,4.5997868546757275,-0.622374830972177,-0.338963331684607,5.326375823091013,-0.03699806127984273,"[(-36.42388776077337, 49.30316473310858), (-36.52407127536221, 49.36412800896994), (-36.624148213340725, 49.42498479663643), (-36.72411857309335, 49.48573509530927), (-36.82398235300676, 49.546378904191926), (-36.923739551469865, 49.60691622249005), (-37.02339016687379, 49.66734704941153), (-37.12293419761189, 49.7276713841665), (-37.22237164207975, 49.787889225967284), (-37.32170249867519, 49.84800057402844), (-37.420926765798235, 49.908005427566756), (-37.52004444185117, 49.967903785801234), (-37.61905552523849, 50.0276956479531), (-37.71796001436691, 50.08738101324581), (-37.816757907645396, 50.14695988090503), (-37.91544920348512, 50.20643225015865), (-38.01403390029949, 50.26579812023679), (-38.112511996504146, 50.32505749037178), (-38.210883490516956, 50.384210359798196), (-38.309148380758, 50.44325672775281), (-38.407306665649614, 50.502196593474636), (-38.505358343616344, 50.56102995620489), (-38.60330341308496, 50.61975681518703), (-38.70114187248448, 50.67837716966673), (-38.798873720246114, 50.73689101889188), (-38.89649895480335, 50.7952983621126), (-38.99401757459186, 50.85359919858122), (-39.09142957804957, 50.91179352755232), (-39.18873496361663, 50.96988134828267), (-39.28593372973541, 51.02786266003128), (-39.38302587485051, 51.085737462059384), (-39.48001139740877, 51.14350575363043), (-39.57689029585924, 51.20116753401009), (-39.67366256865322, 51.258722802466266), (-39.770328214244216, 51.31617155826907), (-39.86688723108798, 51.37351380069085), (-39.963339617642475, 51.43074952900617), (-40.059685372367916, 51.487878742491816), (-40.15592449372673, 51.5449014404268), (-40.252056980183575, 51.60181762209234), (-40.34808283020534, 51.6586272867719), (-40.44400204226114, 51.71533043375116), (-40.53981461482232, 51.77192706231802), (-40.63552054636245, 51.82841717176259), (-40.73111983535733, 51.884800761377214)]",True
1783882091.406879,0,-36.43708532629528,49.32268225146264,1.2956493205483923,220.2111995913484,-0.3374896456328562,-31.833801978214137,48.691463292492266,0.9370935605685525,225.5375754144394,-0.37448770691269895,4.6032833480811455,-0.6312189589703721,-0.3585557599798398,5.326375823091013,-0.03699806127984273,"[(-36.47507803798975, 49.33708656878498), (-36.52035960379556, 49.356979123373485), (-36.565545724475086, 49.376776280115195), (-36.61063639967729, 49.39647803905186), (-36.6556316290526, 49.41608440022667), (-36.70053141225293, 49.435595363684335), (-36.745335748931666, 49.455010929471), (-36.79004463874368, 49.47433109763431), (-36.834658081345324, 49.49355586822339), (-36.87917607639442, 49.51268524128882), (-36.92359862355028, 49.53171921688268), (-36.967925722473694, 49.550657795058505), (-37.012157372826906, 49.56950097587132), (-37.05629357427367, 49.58824875937763), (-37.10033432647919, 49.60690114563539), (-37.14427962911018, 49.62545813470406), (-37.188129481834814, 49.643919726644576), (-37.23188388432274, 49.662285921519334), (-37.2755428362451, 49.680556719392214), (-37.319106337274505, 49.698732120328565), (-37.36257438708504, 49.71681212439522), (-37.40594698535227, 49.734796731660495), (-37.449224131753255, 49.75268594219416), (-37.492405825966514, 49.77047975606749), (-37.535492067672045, 49.78817817335321), (-37.57848285655135, 49.80578119412554), (-37.62137819228737, 49.82328881846016), (-37.66417807456455, 49.84070104643425), (-37.70688250306882, 49.85801787812643), (-37.74949147748757, 49.87523931361684), (-37.79200499750967, 49.892365352987056), (-37.834423062825486, 49.90939599632016), (-37.87674567312684, 49.92633124370068), (-37.918972828107044, 49.94317109521465), (-37.9611045274609, 49.959915550949574), (-38.003140770884656, 49.97656461099442), (-38.04508155807608, 49.99311827543964), (-38.086926888734375, 50.009576544377154), (-38.12867676256026, 50.025939417900375), (-38.17033117925591, 50.042206896104176), (-38.21189013852499, 50.058378979084914), (-38.253353640072646, 50.074455666940416), (-38.29472168360548, 50.090436959769995), (-38.3359942688316, 50.10632285767442), (-38.37717139546057, 50.12211336075596)]",True
1783882091.435083,0,-36.45916705830479,49.33690291868494,1.3304036583579057,220.2111995913484,-0.3374896456328562,-31.851802235175757,48.697268471937015,0.9540744114843535,225.5375754144394,-0.37448770691269895,4.607364823129036,-0.6396344467479267,-0.3763292468735523,5.326375823091013,-0.03699806127984273,"[(-36.47849952565878, 49.33879360878603), (-36.51708464695442, 49.353777663907564), (-36.55557556729134, 49.368667560934185), (-36.5939722864312, 49.383463299979184), (-36.63227480413709, 49.39816488115725), (-36.67048312017348, 49.41277230458448), (-36.70859723430626, 49.42728557037837), (-36.74661714630271, 49.441704678657835), (-36.784542855931534, 49.45602962954317), (-36.82237436296282, 49.47026042315608), (-36.86011166716808, 49.48439705961968), (-36.89775476832022, 49.49843953905849), (-36.93530366619356, 49.51238786159842), (-36.972758360563816, 49.52624202736679), (-37.01011885120811, 49.54000203649233), (-37.04738513790497, 49.553667889105164), (-37.08455722043433, 49.56723958533682), (-37.12163509857752, 49.58071712532023), (-37.15861877211729, 49.59410050918972), (-37.1955082408378, 49.60738973708104), (-37.232303504524594, 49.62058480913133), (-37.269004562964625, 49.63368572547913), (-37.30561141594626, 49.64669248626439), (-37.34212406325927, 49.65960509162845), (-37.37854250469482, 49.67242354171407), (-37.41486674004549, 49.6851478366654), (-37.45109676910526, 49.697777976628004), (-37.48723259166953, 49.71031396174884), (-37.52327420753508, 49.722755792176265), (-37.55922161650011, 49.73510346806005), (-37.595074818364225, 49.74735698955138), (-37.63083381292843, 49.7595163568028), (-37.66649859999513, 49.771581569968305), (-37.702069179368145, 49.78355262920327), (-37.73754555085271, 49.795429534664464), (-37.77292771425544, 49.80721228651009), (-37.80821566938435, 49.81890088489971), (-37.8434094160489, 49.830495329994335), (-37.878508954059924, 49.84199562195634), (-37.91351428322967, 49.85340176094954), (-37.94842540337177, 49.86471374713911), (-37.98324231430131, 49.87593158069166), (-38.017965015834726, 49.887055261775195), (-38.052593507789894, 49.89808479055912), (-38.08712778998608, 49.90902016721424)]",True
1783882091.493641,0,-36.48198903292659,49.351193567528036,1.3619314382864076,220.2111995913484,-0.3374896456328562,-31.869962616967268,48.70361303767953,0.9694787772244344,225.5375754144394,-0.37448770691269895,4.612026415959324,-0.6475805298485042,-0.3924526610619732,5.326375823091013,-0.03699806127984273,"[(-36.483273161680806, 49.341407523325046), (-36.51621618047286, 49.35229129099905), (-36.549066027514094, 49.363081926138), (-36.58182270265506, 49.373779428910765), (-36.61448620574767, 49.384383799487544), (-36.64705653664515, 49.3948950380399), (-36.679533695202124, 49.405313144740724), (-36.71191768127452, 49.41563811976425), (-36.74420849471963, 49.425869963286075), (-36.77640613539607, 49.43600867548312), (-36.80851060316384, 49.44605425653367), (-36.84052189788426, 49.45600670661733), (-36.87244001941999, 49.465866025915055), (-36.904264967635044, 49.475632214609156), (-36.93599674239479, 49.48530527288328), (-36.96763534356593, 49.49488520092242), (-36.99918077101652, 49.504371998912895), (-37.030633024615945, 49.5137656670424), (-37.06199210423495, 49.52306620549996), (-37.09325800974563, 49.532273614475926), (-37.12443074102141, 49.54138789416202), (-37.15551029793708, 49.5504090447513), (-37.18649668036875, 49.55933706643815), (-37.21738988819389, 49.56817195941831), (-37.24818992129133, 49.57691372388887), (-37.27889677954121, 49.585562360048264), (-37.30951046282505, 49.59411786809626), (-37.3400309710257, 49.60258024823398), (-37.37045830402735, 49.61094950066387), (-37.40079246171555, 49.61922562558974), (-37.43103344397718, 49.62740862321674), (-37.46118125070048, 49.63549849375135), (-37.491235881775026, 49.64349523740141), (-37.52119733709174, 49.651398854376104), (-37.5510656165429, 49.659209344885944), (-37.5808407200221, 49.66692670914281), (-37.61052264742432, 49.67455094735988), (-37.640111398645864, 49.682082059751735), (-37.66960697358438, 49.68952004653426), (-37.69900937213886, 49.6968649079247), (-37.728318594209654, 49.704116644141635), (-37.75753463969844, 49.71127525540499), (-37.78665750850826, 49.71834074193604), (-37.81568720054349, 49.72531310395739), (-37.84462371570986, 49.732192341693)]",True
1783882091.5341418,0,-36.567044789779445,49.40110210199894,1.450950276892829,220.2111995913484,-0.3374896456328562,-31.93436337376232,48.7299890823687,1.0396010754267972,225.5375754144394,-0.37448770691269895,4.632681416017125,-0.6711130196302406,-0.4113492014660318,5.326375823091013,-0.03699806127984273,"[(-36.51835583006163, 49.36241338090146), (-36.54176291524572, 49.366422954871716), (-36.56507864550245, 49.37034120709852), (-36.588303020820604, 49.37416813783492), (-36.61143604119021, 49.37790374733522), (-36.63447770660253, 49.38154803585495), (-36.65742801705008, 49.3851010036509), (-36.680286972526616, 49.38856265098111), (-36.70305457302715, 49.39193297810483), (-36.72573081854793, 49.3952119852826), (-36.748315709086455, 49.398399672776165), (-36.77080924464146, 49.401496040848535), (-36.79321142521294, 49.40450108976396), (-36.81552225080211, 49.40741481978793), (-36.837741721411454, 49.410237231187175), (-36.85986983704469, 49.41296832422968), (-36.88190659770679, 49.41560809918467), (-36.903852003403955, 49.41815655632261), (-36.92570605414365, 49.4206136959152), (-36.94746874993458, 49.422979518235415), (-36.96914009078669, 49.42525402355744), (-36.99072007671117, 49.427437212156725), (-37.01220870772045, 49.429529084309955), (-37.03360598382822, 49.43152964029505), (-37.0549119050494, 49.43343888039118), (-37.07612647140018, 49.435256804878776), (-37.09724968289796, 49.43698341403949), (-37.11828153956141, 49.438618708156234), (-37.139222041410434, 49.44016268751315), (-37.16007118846619, 49.44161535239563), (-37.180828980751066, 49.44297670309031), (-37.201495418288715, 49.44424673988507), (-37.22207050110402, 49.44542546306902), (-37.24255422922312, 49.446512872932544), (-37.26294660267338, 49.44750896976724), (-37.28324762148344, 49.44841375386597), (-37.30345728568316, 49.449227225522826), (-37.32357559530365, 49.44994938503315), (-37.34360255037728, 49.45058023269352), (-37.363538150937636, 49.45111976880177), (-37.38338239701958, 49.451567993656965), (-37.4031352886592, 49.45192490755943), (-37.42279682589384, 49.452190510810716), (-37.442367008762076, 49.45236480371362), (-37.46184583730374, 49.45244778657219)]",True
1783882091.5807245,0,-36.63090068000895,49.43805466573774,1.4983065755816776,220.2111995913484,-0.3374896456328562,-31.98492698861616,48.753050111848815,1.1780487565264053,225.5375754144394,-0.37448770691269895,4.64597369139279,-0.6850045538889233,-0.3202578190552723,5.326375823091013,-0.03699806127984273,"[(-36.58465647076536, 49.4000503095384), (-36.60165545948887, 49.39936712025242), (-36.618564224090555, 49.39859373632915), (-36.63538276464367, 49.39773015807384), (-36.65211108122265, 49.39677638579293), (-36.66874917390311, 49.395732419794044), (-36.685297042761846, 49.39459826038599), (-36.70175468787685, 49.393373907878754), (-36.71812210932728, 49.3920593625835), (-36.734399307193506, 49.3906546248126), (-36.75058628155705, 49.389159694879574), (-36.76668303250064, 49.38757457309915), (-36.782689560108174, 49.38589925978723), (-36.79860586446475, 49.38413375526089), (-36.81443194565663, 49.38227805983841), (-36.830167803771275, 49.380332173839236), (-36.84581343889733, 49.378296097584006), (-36.86136885112463, 49.376169831394535), (-36.876834040544175, 49.373953375593814), (-36.892209007248155, 49.371646730506036), (-36.90749375132995, 49.36924989645657), (-36.922688272884116, 49.366762873771954), (-36.93779257200641, 49.36418566277992), (-36.952806648793754, 49.36151826380939), (-36.967730503344264, 49.358760677190446), (-36.98256413575723, 49.355912903254385), (-36.99730754613314, 49.35297494233365), (-37.01196073457367, 49.3499467947619), (-37.026523701181645, 49.34682846087396), (-37.040996446061115, 49.343619941005834), (-37.05537896931729, 49.34032123549472), (-37.06967127105657, 49.33693234467899), (-37.08387335138654, 49.333453268898204), (-37.097985210415985, 49.32988400849311), (-37.11200684825484, 49.32622456380562), (-37.12593826501425, 49.322474935178846), (-37.13977946080653, 49.318635122957076), (-37.15353043574518, 49.31470512748579), (-37.1671911899449, 49.310684949111625), (-37.18076172352156, 49.306574588182436), (-37.19424203659222, 49.30237404504723), (-37.20763212927511, 49.29808332005622), (-37.22093200168966, 49.29370241356078), (-37.23414165395648, 49.28923132591349), (-37.247261086197355, 49.28467005746809)]",True
1783882091.632723,0,-36.709354507576045,49.48468387028217,1.5418239698975915,220.2111995913484,-0.3374896456328562,-32.05253946461124,48.786190886463146,1.366547010951284,225.5375754144394,-0.37448770691269895,4.656815042964801,-0.6984929838190226,-0.17527695894630746,5.326375823091013,-0.03699806127984273,"[(-36.655992831990474, 49.44076196104139), (-36.668001068187515, 49.43660581824991), (-36.67991994106047, 49.432360338550694), (-36.691749450744034, 49.428025522284386), (-36.703489597374045, 49.42360136979277), (-36.71514038108747, 49.41908788141877), (-36.726701802022426, 49.41448505750643), (-36.73817386031816, 49.409792898400966), (-36.74955655611507, 49.40501140444871), (-36.76084988955466, 49.40014057599712), (-36.77205386077962, 49.39518041339482), (-36.78316846993374, 49.390130916991545), (-36.794193717161974, 49.38499208713819), (-36.805129602610386, 49.37976392418677), (-36.81597612642621, 49.374446428490444), (-36.8267332887578, 49.36903960040351), (-36.83740108975465, 49.363543440281404), (-36.847979529567404, 49.357957948480696), (-36.85846860834783, 49.3522831253591), (-36.86886832624884, 49.346518971275465), (-36.879178683424485, 49.340665486589764), (-36.88939968002997, 49.33472267166312), (-36.899531316221605, 49.328690526857805), (-36.90957359215686, 49.32256905253721), (-36.91952650799434, 49.316358249065864), (-36.9293900638938, 49.310058116809444), (-36.939164260016106, 49.303668656134754), (-36.94884909652329, 49.29718986740975), (-36.958444573578504, 49.29062175100351), (-36.96795069134605, 49.28396430728626), (-36.97736744999136, 49.27721753662936), (-36.98669484968102, 49.27038143940529), (-36.99593289058273, 49.2634560159877), (-37.00508157286534, 49.25644126675136), (-37.014140896698855, 49.24933719207217), (-37.02311086225439, 49.24214379232718), (-37.031991469704224, 49.23486106789457), (-37.04078271922175, 49.227489019153666), (-37.04948461098152, 49.22002764648492), (-37.058097145159216, 49.21247695026994), (-37.06662032193165, 49.20483693089144), (-37.0750541414768, 49.1971075887333), (-37.08339860397374, 49.18928892418053), (-37.091653709602724, 49.18138093761927), (-37.09981945854511, 49.1733836294368)]",True
1783882091.6848235,0,-36.74923503695732,49.50863842609694,1.5592526360735326,220.2111995913484,-0.3374896456328562,-32.09085812588365,48.80575659223367,1.4989117858246543,225.5375754144394,-0.37448770691269895,4.658376911073674,-0.7028818338632661,-0.06034085024887825,5.326375823091013,-0.03699806127984273,"[(-36.67998894936566, 49.45482167220654), (-36.69003099629569, 49.449376158768246), (-36.69998387776109, 49.44384150503186), (-36.70984759392036, 49.43821771135168), (-36.71962214493312, 49.43250477808312), (-36.72930753096012, 49.42670270558272), (-36.738903752163246, 49.420811494208145), (-36.7484108087055, 49.41483114431819), (-36.75782870075102, 49.40876165627279), (-36.76715742846506, 49.402603030432964), (-36.77639699201402, 49.39635526716091), (-36.78554739156541, 49.39001836681991), (-36.794608627287865, 49.38359232977441), (-36.80358069935116, 49.377077156389944), (-36.8124636079262, 49.37047284703319), (-36.82125735318499, 49.36377940207197), (-36.829961935300695, 49.35699682187519), (-36.838577354447594, 49.35012510681292), (-36.84710361080109, 49.34316425725634), (-36.85554070453772, 49.336114273577756), (-36.86388863583513, 49.328975156150605), (-36.872147404872116, 49.32174690534945), (-36.880317011828595, 49.31442952154997), (-36.8883974568856, 49.307023005128976), (-36.8963887402253, 49.29952735646442), (-36.90429086203098, 49.29194257593535), (-36.91210382248708, 49.28426866392197), (-36.919827621779135, 49.276505620805594), (-36.927462260093826, 49.268653446968656), (-36.93500773761896, 49.26071214279474), (-36.94246405454346, 49.252681708668526), (-36.949831211057386, 49.244562144975845), (-36.95710920735192, 49.236353452103636), (-36.96429804361937, 49.22805563043998), (-36.97139772005318, 49.21966868037408), (-36.97840823684792, 49.211192602296244), (-36.98532959419927, 49.20262739659793), (-36.99216179230406, 49.19397306367173), (-36.99890483136023, 49.185229603911324), (-37.00555871156684, 49.17639701771155), (-37.01212343312411, 49.167475305468365), (-37.01859899623336, 49.15846446757885), (-37.024985401097034, 49.14936450444121), (-37.03128264791872, 49.140175416454774), (-37.03749073690313, 49.13089720402)]",True
1783882091.735972,0,-36.78956442261051,49.53279052643974,1.574311448025304,220.2111995913484,-0.3374896456328562,-32.13229164974849,48.827343239466416,1.6132783261975578,225.5375754144394,-0.37448770691269895,4.657272772862022,-0.7054472869733246,0.03896687817225386,5.326375823091013,-0.03699806127984273,"[(-36.70450879901507, 49.469432433222416), (-36.71298672367547, 49.463001019125024), (-36.7213757333245, 49.45648071409788), (-36.729675828138866, 49.44987151850454), (-36.737887008296404, 49.44317343270968), (-36.74600927397606, 49.43638645707908), (-36.75404262535788, 49.42951059197965), (-36.76198706262306, 49.4225458377794), (-36.76984258595387, 49.41549219484745), (-36.777609195533714, 49.40834966355405), (-36.78528689154711, 49.40111824427054), (-36.79287567417968, 49.3937979373694), (-36.80037554361819, 49.386388743224195), (-36.807786500050476, 49.37889066220962), (-36.81510854366551, 49.37130369470148), (-36.822341674653394, 49.3636278410767), (-36.829485893205316, 49.355863101713304), (-36.83654119951359, 49.34800947699045), (-36.84350759377165, 49.34006696728837), (-36.850385076174035, 49.33203557298847), (-36.85717364691641, 49.323915294473196), (-36.86387330619552, 49.315706132126174), (-36.870484054209285, 49.3074080863321), (-36.87700589115668, 49.29902115747681), (-36.883438817237824, 49.29054534594722), (-36.88978283265394, 49.2819806521314), (-36.896037937607375, 49.27332707641851), (-36.90220413230158, 49.264584619198814), (-36.90828141694112, 49.255753280863715), (-36.91426979173169, 49.2468330618057), (-36.92016925688008, 49.2378239624184), (-36.9259798125942, 49.22872598309654), (-36.93170145908308, 49.21953912423595), (-36.937334196556854, 49.21026338623359), (-36.94287802522678, 49.20089876948754), (-36.94833294530522, 49.19144527439696), (-36.95369895700565, 49.18190290136216), (-36.958976060542675, 49.17227165078453), (-36.964164256132, 49.1625515230666), (-36.96926354399045, 49.152742518611994), (-36.97427392433597, 49.142844637825476), (-36.979195397387585, 49.13285788111288), (-36.984027963365484, 49.1227822488812), (-36.98877162249094, 49.11261774153851), (-36.99342637498634, 49.102364359494004)]",True
1783882091.7845142,0,-36.830291050120515,49.55709741477743,1.5873226455036198,220.2111995913484,-0.3374896456328562,-32.17633723319587,48.85082214868886,1.712093933064113,225.5375754144394,-0.37448770691269895,4.653953816924641,-0.7062752660885678,0.12477128756049316,5.326375823091013,-0.03699806127984273,"[(-36.729584989892, 49.484471922626426), (-36.736824798910035, 49.47728410241224), (-36.743975887225076, 49.47000758468904), (-36.751038255028035, 49.462642369827314), (-36.758011902510944, 49.45518845819866), (-36.76489682986693, 49.447645850175796), (-36.77169303729023, 49.44001454613252), (-36.77840052497616, 49.432294546443735), (-36.78501929312119, 49.42448585148547), (-36.791549341922845, 49.41658846163484), (-36.79799067157979, 49.40860237727006), (-36.80434328229177, 49.400527598770445), (-36.810607174259644, 49.39236412651643), (-36.816782347685375, 49.384111960889555), (-36.82286880277203, 49.37577110227244), (-36.82886653972377, 49.36734155104882), (-36.834775558745875, 49.358823307603544), (-36.84059586004473, 49.35021637232255), (-36.8463274438278, 49.34152074559288), (-36.85197031030369, 49.332736427802686), (-36.85752445968209, 49.32386341934122), (-36.86298989217378, 49.31490172059885), (-36.868366607990666, 49.30585133196701), (-36.87365460734575, 49.29671225383828), (-36.87885389045313, 49.28748448660632), (-36.88396445752802, 49.27816803066589), (-36.88898630878674, 49.26876288641287), (-36.89391944444671, 49.259269054244236), (-36.89876386472644, 49.24968653455805), (-36.903519569845564, 49.240015327753504), (-36.90818656002482, 49.230255434230884), (-36.91276483548603, 49.22040685439156), (-36.91725439645213, 49.210469588638034), (-36.92165524314717, 49.2004436373739), (-36.9259673757963, 49.19032900100385), (-36.93019079462576, 49.18012567993368), (-36.93432549986291, 49.16983367457029), (-36.938371491736206, 49.15945298532169), (-36.94232877047521, 49.148983612596986), (-36.94619733631058, 49.138425556806375), (-36.949977189474104, 49.127778818361186), (-36.95366833019864, 49.117043397673825), (-36.95727075871816, 49.106219295157814), (-36.96078447526776, 49.09530651122779), (-36.964209480083625, 49.08430504629946)]",True
1783882091.8320005,0,-36.8713867594262,49.58149438040361,1.5985646518691894,220.2111995913484,-0.3374896456328562,-32.22267237956227,48.875867868693064,1.7974731368816574,225.5375754144394,-0.37448770691269895,4.648714379863932,-0.7056265117105482,0.19890848501246805,5.326375823091013,-0.03699806127984273,"[(-36.755149593711614, 49.49982798825653), (-36.76141184776128, 49.492059424460486), (-36.76758553218803, 49.48420231351466), (-36.77367064719388, 49.476256655794764), (-36.77966719298193, 49.46822245167761), (-36.785575169756385, 49.46009970154111), (-36.79139457772252, 49.45188840576426), (-36.79712541708674, 49.44358856472716), (-36.802767688056534, 49.435200178810994), (-36.80832139084048, 49.42672324839807), (-36.813786525648275, 49.418157773871755), (-36.81916309269067, 49.40950375561654), (-36.82445109217956, 49.400761194017996), (-36.82965052432789, 49.39193008946279), (-36.834761389349744, 49.38301044233869), (-36.839783687460276, 49.37400225303455), (-36.844717418875746, 49.36490552194034), (-36.84956258381351, 49.3557202494471), (-36.85431918249201, 49.34644643594699), (-36.85898721513081, 49.33708408183325), (-36.86356668195054, 49.32763318750021), (-36.868057583172934, 49.31809375334331), (-36.872459919020834, 49.30846577975908), (-36.87677368971818, 49.29874926714515), (-36.88099889548999, 49.28894421590022), (-36.88513553656239, 49.27905062642413), (-36.8891836131626, 49.26906849911777), (-36.89314312551893, 49.25899783438316), (-36.89701407386081, 49.24883863262339), (-36.90079645841873, 49.23859089424266), (-36.90449027942431, 49.22825461964627), (-36.90809553711024, 49.217829809240605), (-36.91161223171032, 49.20731646343314), (-36.91504036345945, 49.19671458263246), (-36.918379932593616, 49.186024167248235), (-36.9216309393499, 49.175245217691234), (-36.92479338396649, 49.164377734373325), (-36.92786726668266, 49.15342171770745), (-36.93085258773879, 49.142377168107686), (-36.93374934737635, 49.13124408598917), (-36.9365575458379, 49.12002247176814), (-36.93927718336711, 49.108712325861944), (-36.94190826020874, 49.097313648689024), (-36.94445077660863, 49.0858264406689), (-36.946904732813756, 49.07425070222221)]",True
1783882091.880327,0,-36.91279878277002,49.60597313734173,1.6082780320045793,220.2111995913484,-0.3374896456328562,-32.27097259171485,48.902289538952324,1.871242945879157,225.5375754144394,-0.37448770691269895,4.641826191055166,-0.7036835983894036,0.26296491387457777,5.326375823091013,-0.03699806127984273,"[(-36.79550890916364, 49.52408086455872), (-36.801896928180746, 49.51646092326531), (-36.80819648177831, 49.50875253895475), (-36.814407570156234, 49.5009557119999), (-36.82053019351553, 49.49307044277473), (-36.82656435205829, 49.48509673165429), (-36.832510045987696, 49.47703457901473), (-36.83836727550803, 49.46888398523329), (-36.844136040824665, 49.46064495068831), (-36.84981634214407, 49.4523174757592), (-36.85540817967379, 49.44390156082648), (-36.86091155362248, 49.43539720627175), (-36.86632646419988, 49.42680441247771), (-36.87165291161682, 49.41812317982814), (-36.87689089608523, 49.40935350870792), (-36.882040417818125, 49.40049539950303), (-36.8871014770296, 49.39154885260052), (-36.89207407393487, 49.38251386838855), (-36.89695820875023, 49.37339044725635), (-36.901753881693054, 49.36417858959426), (-36.90646109298183, 49.35487829579371), (-36.911079842836116, 49.34548956624721), (-36.91561013147658, 49.33601240134837), (-36.920051959124976, 49.32644680149189), (-36.924405326004134, 49.31679276707356), (-36.928670232338, 49.30705029849026), (-36.93284667835161, 49.29721939613996), (-36.93693466427107, 49.28730006042172), (-36.94093419032361, 49.27729229173571), (-36.94484525673752, 49.26719609048317), (-36.94866786374221, 49.257011457066426), (-36.952402011568154, 49.24673839188891), (-36.956047700446945, 49.23637689535515), (-36.95960493061125, 49.22592696787075), (-36.963073702294835, 49.21538860984241), (-36.96645401573256, 49.20476182167792), (-36.96974587116036, 49.19404660378617), (-36.97294926881529, 49.183242956577125), (-36.97606420893548, 49.172350880461856), (-36.979090691760156, 49.16137037585252), (-36.98202871752962, 49.15030144316237), (-36.9848782864853, 49.13914408280573), (-36.98763939886968, 49.127898295198044), (-36.99031205492636, 49.11656408075583), (-36.992896254900025, 49.10514143989669)]",True
1783882091.933998,0,-36.9545056418925,49.63048569378372,1.6166706401019695,220.2111995913484,-0.3374896456328562,-32.30421525375979,48.92041987241115,1.9147618728863542,225.5375754144394,-0.37448770691269895,4.65029038813271,-0.7100658213725666,0.29809123278438476,5.326375823091013,-0.03699806127984273,"[(-36.836366212196936, 49.54852111288723), (-36.842884445983685, 49.54102778207317), (-36.84931419013125, 49.53344598404196), (-36.85565544483813, 49.52577571916524), (-36.86190821030387, 49.518016987815734), (-36.868072486729154, 49.51016979036728), (-36.87414827431574, 49.50223412719478), (-36.88013557326648, 49.49420999867425), (-36.88603438378531, 49.48609740518279), (-36.89184470607728, 49.4778963470986), (-36.89756654034852, 49.46960682480097), (-36.903199886806256, 49.46122883867027), (-36.90874474565881, 49.45276238908799), (-36.91420111711559, 49.44420747643667), (-36.9195690013871, 49.43556410109998), (-36.92484839868495, 49.426832263462664), (-36.930039309221826, 49.41801196391058), (-36.935141733211516, 49.40910320283064), (-36.9401556708689, 49.400105980610896), (-36.945081122409945, 49.39102029764045), (-36.94991808805173, 49.38184615430952), (-36.95466656801241, 49.37258355100941), (-36.95932656251123, 49.363232488132525), (-36.96389807176854, 49.35379296607235), (-36.96838109600578, 49.34426498522346), (-36.97277563544549, 49.33464854598153), (-36.97708169031128, 49.324943648743336), (-36.981299260827875, 49.315150293906726), (-36.985428347221095, 49.30526848187066), (-36.989468949717846, 49.29529821303519), (-36.99342106854611, 49.28523948780144), (-36.997284703935, 49.275092306571636), (-37.00105985611469, 49.26485666974911), (-37.00474652531647, 49.25453257773826), (-37.0083447117727, 49.24412003094461), (-37.01185441571685, 49.233619029774744), (-37.015275637383475, 49.223029574636364), (-37.018608377008235, 49.21235166593824), (-37.02185263482787, 49.20158530409026), (-37.025008411080215, 49.19073048950338), (-37.0280757060042, 49.17978722258967), (-37.031054519839856, 49.16875550376227), (-37.0339448528283, 49.15763533343544), (-37.03674670521173, 49.1464267120245), (-37.03946007723347, 49.13512963994589)]",True
1783882091.9806,0,-36.9545056418925,49.63048569378372,1.6166706401019695,220.2111995913484,-0.3374896456328562,-32.30421525375979,48.92041987241115,1.9147618728863542,225.5375754144394,-0.37448770691269895,4.65029038813271,-0.7100658213725666,0.29809123278438476,5.326375823091013,-0.03699806127984273,"[(-36.836366212196936, 49.54852111288723), (-36.842884445983685, 49.54102778207317), (-36.84931419013125, 49.53344598404196), (-36.85565544483813, 49.52577571916524), (-36.86190821030387, 49.518016987815734), (-36.868072486729154, 49.51016979036728), (-36.87414827431574, 49.50223412719478), (-36.88013557326648, 49.49420999867425), (-36.88603438378531, 49.48609740518279), (-36.89184470607728, 49.4778963470986), (-36.89756654034852, 49.46960682480097), (-36.903199886806256, 49.46122883867027), (-36.90874474565881, 49.45276238908799), (-36.91420111711559, 49.44420747643667), (-36.9195690013871, 49.43556410109998), (-36.92484839868495, 49.426832263462664), (-36.930039309221826, 49.41801196391058), (-36.935141733211516, 49.40910320283064), (-36.9401556708689, 49.400105980610896), (-36.945081122409945, 49.39102029764045), (-36.94991808805173, 49.38184615430952), (-36.95466656801241, 49.37258355100941), (-36.95932656251123, 49.363232488132525), (-36.96389807176854, 49.35379296607235), (-36.96838109600578, 49.34426498522346), (-36.97277563544549, 49.33464854598153), (-36.97708169031128, 49.324943648743336), (-36.981299260827875, 49.315150293906726), (-36.985428347221095, 49.30526848187066), (-36.989468949717846, 49.29529821303519), (-36.99342106854611, 49.28523948780144), (-36.997284703935, 49.275092306571636), (-37.00105985611469, 49.26485666974911), (-37.00474652531647, 49.25453257773826), (-37.0083447117727, 49.24412003094461), (-37.01185441571685, 49.233619029774744), (-37.015275637383475, 49.223029574636364), (-37.018608377008235, 49.21235166593824), (-37.02185263482787, 49.20158530409026), (-37.025008411080215, 49.19073048950338), (-37.0280757060042, 49.17978722258967), (-37.031054519839856, 49.16875550376227), (-37.0339448528283, 49.15763533343544), (-37.03674670521173, 49.1464267120245), (-37.03946007723347, 49.13512963994589)]",True
1783882092.042239,0,-36.99653281561251,49.6549138853805,1.6239220674830257,220.2111995913484,-0.3374896456328562,-32.35553573811956,48.94814112667273,1.97258340427831,225.5375754144394,-0.37448770691269895,4.640997077492948,-0.7067727587077712,0.3486613367952842,5.326375823091013,-0.03699806127984273,"[(-36.93377942713719, 49.60546372367904), (-36.94346006636019, 49.59906921225432), (-36.95302371494962, 49.59255775127512), (-36.962470373240606, 49.58592934149289), (-36.9718000415713, 49.579183983662105), (-36.9810127202829, 49.57232167854026), (-36.99010840971961, 49.565342426887895), (-36.99908711022868, 49.558246229468544), (-37.00794882216038, 49.55103308704881), (-37.01669354586803, 49.54370300039828), (-37.025321281707946, 49.536255970289595), (-37.033832030039505, 49.52869199749841), (-37.0422257912251, 49.52101108280342), (-37.05050256563015, 49.51321322698632), (-37.0586623536231, 49.505298430831864), (-37.06670515557545, 49.497266695127806), (-37.074630971861694, 49.48911802066494), (-37.08243980285938, 49.480852408237084), (-37.09013164894909, 49.47246985864108), (-37.097706510514406, 49.46397037267678), (-37.10516438794196, 49.455353951147096), (-37.11250528162142, 49.44662059485794), (-37.11972919194546, 49.43777030461826), (-37.1268361193098, 49.42880308124004), (-37.13382606411319, 49.41971892553826), (-37.1406990267574, 49.410517838330954), (-37.147455007647245, 49.40119982043917), (-37.15409400719055, 49.39176487268697), (-37.16061602579818, 49.38221299590147), (-37.167021063884015, 49.372544190912784), (-37.17330912186499, 49.362758458554076), (-37.179480200161045, 49.35285579966152), (-37.185534299195155, 49.342836215074314), (-37.19147141939334, 49.33269970563469), (-37.19729156118463, 49.3224462721879), (-37.20299472500109, 49.31207591558223), (-37.208580911277814, 49.301588636668974), (-37.21405012045292, 49.29098443630247), (-37.21940235296756, 49.28026331534007), (-37.224637609265926, 49.26942527464216), (-37.22975588979522, 49.25847031507214), (-37.23475719500568, 49.247398437496436), (-37.23964152535057, 49.236209642784516), (-37.24440888128619, 49.22490393180885), (-37.24905926327186, 49.21348130544496)]",True
1783882092.0920763,0,-37.0389973849591,49.678987139666866,1.6301874856286778,220.2111995913484,-0.3374896456328562,-32.408492372364776,48.976225812535084,2.022542681666781,225.5375754144394,-0.37448770691269895,4.630505012594327,-0.7027613271317819,0.3923551960381031,5.326375823091013,-0.03699806127984273,"[(-36.97807615242706, 49.6322660825272), (-36.987866387778624, 49.62676766862616), (-36.997567545425035, 49.621180201841625), (-37.007179625527684, 49.6155036825279), (-37.01670262824908, 49.609738111040414), (-37.02613655375284, 49.60388348773572), (-37.03548140220374, 49.5979398129715), (-37.04473717376766, 49.59190708710654), (-37.05390386861158, 49.58578531050077), (-37.062981486903645, 49.57957448351523), (-37.07197002881311, 49.57327460651209), (-37.08086949451035, 49.56688567985465), (-37.08967988416686, 49.56040770390731), (-37.09840119795526, 49.553840679035616), (-37.107033436049306, 49.54718460560622), (-37.11557659862387, 49.54043948398691), (-37.12403068585494, 49.53360531454659), (-37.13239569791964, 49.52668209765529), (-37.14067163499622, 49.51966983368416), (-37.14885849726402, 49.51256852300548), (-37.156956284903565, 49.50537816599263), (-37.16496499809645, 49.49809876302015), (-37.172884637025426, 49.490730314463676), (-37.18071520187435, 49.48327282069997), (-37.18845669282821, 49.475726282106926), (-37.19610911007312, 49.46809069906356), (-37.2036724537963, 49.46036607194999), (-37.21114672418612, 49.45255240114749), (-37.21853192143207, 49.444649687038435), (-37.22582804572474, 49.43665793000633), (-37.23303509725586, 49.4285771304358), (-37.240153076218284, 49.42040728871259), (-37.247181982806, 49.412148405223576), (-37.254121817214106, 49.40380048035676), (-37.260972579638825, 49.39536351450124), (-37.26773427027751, 49.38683750804727), (-37.274406889328624, 49.378222461386216), (-37.28099043699177, 49.369518374910555), (-37.28748491346767, 49.360725249013896), (-37.29389031895817, 49.35184308409098), (-37.30020665366623, 49.34287188053765), (-37.30643391779594, 49.33381163875089), (-37.31257211155253, 49.324662359128794), (-37.318621235142324, 49.315424042070596), (-37.32458128877279, 49.30609668797662)]",True
1783882092.1327178,0,-37.13873359061321,49.73530374637491,1.6416916145961153,220.2111995913484,-0.3374896456328562,-32.53774260370339,49.04186898262517,2.114274463462671,225.5375754144394,-0.37448770691269895,4.600990986909814,-0.6934347637497424,0.47258284886655555,5.326375823091013,-0.03699806127984273,"[(-36.991897908985855, 49.64030160135646), (-37.001524741958356, 49.63469233644271), (-37.01106257094529, 49.62899409224643), (-37.02051139610976, 49.623206869122555), (-37.02987121761598, 49.61733066742715), (-37.039142035629276, 49.61136548751738), (-37.0483238503161, 49.60531132975156), (-37.05741666184404, 49.599168194489096), (-37.066420470381786, 49.59293608209053), (-37.07533527609916, 49.586614992917525), (-37.084161079167096, 49.580204927332844), (-37.09289787975765, 49.57370588570039), (-37.101545678044005, 49.56711786838518), (-37.110104474200455, 49.56044087575334), (-37.11857426840242, 49.553674908172134), (-37.12695506082645, 49.546819966009934), (-37.13524685165019, 49.53987604963624), (-37.143449641052435, 49.53284315942166), (-37.151563429213084, 49.525721295737924), (-37.15958821631315, 49.51851045895789), (-37.16752400253479, 49.511210649455535), (-37.175370788061265, 49.50382186760594), (-37.18312857307695, 49.49634411378533), (-37.19079735776736, 49.48877738837102), (-37.19837714231911, 49.48112169174147), (-37.20586792691995, 49.47337702427625), (-37.21326971175875, 49.46554338635606), (-37.2205824970255, 49.457620778362696), (-37.227806282911295, 49.44960920067909), (-37.234941069608375, 49.44150865368929), (-37.24198685731008, 49.43331913777847), (-37.24894364621088, 49.42504065333291), (-37.25581143650637, 49.416673200740014), (-37.26259022839326, 49.408216780388315), (-37.269280022069374, 49.399671392667464), (-37.27588081773366, 49.39103703796822), (-37.28239261558619, 49.38231371668246), (-37.28881541582816, 49.3735014292032), (-37.295149218661884, 49.36460017592456), (-37.30139402429079, 49.35560995724178), (-37.307549832919435, 49.34653077355123), (-37.31361664475349, 49.337362625250385), (-37.31959445999974, 49.32810551273785), (-37.32548327886611, 49.31875943641334), (-37.33128310156163, 49.309324396677695)]",True
1783882092.184817,0,-37.18197893937676,49.75899488822698,1.645540827401529,220.2111995913484,-0.3374896456328562,-32.61254220403556,49.078528023295085,1.945030588016511,225.5375754144394,-0.37448770691269895,4.569436735341199,-0.6804668649318941,0.299489760614982,5.326375823091013,-0.03699806127984273,"[(-36.991897908985855, 49.64030160135646), (-37.001524741958356, 49.63469233644271), (-37.01106257094529, 49.62899409224643), (-37.02051139610976, 49.623206869122555), (-37.02987121761598, 49.61733066742715), (-37.039142035629276, 49.61136548751738), (-37.0483238503161, 49.60531132975156), (-37.05741666184404, 49.599168194489096), (-37.066420470381786, 49.59293608209053), (-37.07533527609916, 49.586614992917525), (-37.084161079167096, 49.580204927332844), (-37.09289787975765, 49.57370588570039), (-37.101545678044005, 49.56711786838518), (-37.110104474200455, 49.56044087575334), (-37.11857426840242, 49.553674908172134), (-37.12695506082645, 49.546819966009934), (-37.13524685165019, 49.53987604963624), (-37.143449641052435, 49.53284315942166), (-37.151563429213084, 49.525721295737924), (-37.15958821631315, 49.51851045895789), (-37.16752400253479, 49.511210649455535), (-37.175370788061265, 49.50382186760594), (-37.18312857307695, 49.49634411378533), (-37.19079735776736, 49.48877738837102), (-37.19837714231911, 49.48112169174147), (-37.20586792691995, 49.47337702427625), (-37.21326971175875, 49.46554338635606), (-37.2205824970255, 49.457620778362696), (-37.227806282911295, 49.44960920067909), (-37.234941069608375, 49.44150865368929), (-37.24198685731008, 49.43331913777847), (-37.24894364621088, 49.42504065333291), (-37.25581143650637, 49.416673200740014), (-37.26259022839326, 49.408216780388315), (-37.269280022069374, 49.399671392667464), (-37.27588081773366, 49.39103703796822), (-37.28239261558619, 49.38231371668246), (-37.28881541582816, 49.3735014292032), (-37.295149218661884, 49.36460017592456), (-37.30139402429079, 49.35560995724178), (-37.307549832919435, 49.34653077355123), (-37.31361664475349, 49.337362625250385), (-37.31959445999974, 49.32810551273785), (-37.32548327886611, 49.31875943641334), (-37.33128310156163, 49.309324396677695)]",True
1783882092.238247,0,-37.21097891510105,49.77460368824347,1.647811588481033,220.2111995913484,-0.3374896456328562,-32.64587775801666,49.09457896500713,1.7548305880165112,225.5375754144394,-0.37448770691269895,4.565101157084392,-0.6800247232363361,0.10701899953547822,5.326375823091013,-0.03699806127984273,"[(-36.991897908985855, 49.64030160135646), (-37.001524741958356, 49.63469233644271), (-37.01106257094529, 49.62899409224643), (-37.02051139610976, 49.623206869122555), (-37.02987121761598, 49.61733066742715), (-37.039142035629276, 49.61136548751738), (-37.0483238503161, 49.60531132975156), (-37.05741666184404, 49.599168194489096), (-37.066420470381786, 49.59293608209053), (-37.07533527609916, 49.586614992917525), (-37.084161079167096, 49.580204927332844), (-37.09289787975765, 49.57370588570039), (-37.101545678044005, 49.56711786838518), (-37.110104474200455, 49.56044087575334), (-37.11857426840242, 49.553674908172134), (-37.12695506082645, 49.546819966009934), (-37.13524685165019, 49.53987604963624), (-37.143449641052435, 49.53284315942166), (-37.151563429213084, 49.525721295737924), (-37.15958821631315, 49.51851045895789), (-37.16752400253479, 49.511210649455535), (-37.175370788061265, 49.50382186760594), (-37.18312857307695, 49.49634411378533), (-37.19079735776736, 49.48877738837102), (-37.19837714231911, 49.48112169174147), (-37.20586792691995, 49.47337702427625), (-37.21326971175875, 49.46554338635606), (-37.2205824970255, 49.457620778362696), (-37.227806282911295, 49.44960920067909), (-37.234941069608375, 49.44150865368929), (-37.24198685731008, 49.43331913777847), (-37.24894364621088, 49.42504065333291), (-37.25581143650637, 49.416673200740014), (-37.26259022839326, 49.408216780388315), (-37.269280022069374, 49.399671392667464), (-37.27588081773366, 49.39103703796822), (-37.28239261558619, 49.38231371668246), (-37.28881541582816, 49.3735014292032), (-37.295149218661884, 49.36460017592456), (-37.30139402429079, 49.35560995724178), (-37.307549832919435, 49.34653077355123), (-37.31361664475349, 49.337362625250385), (-37.31959445999974, 49.32810551273785), (-37.32548327886611, 49.31875943641334), (-37.33128310156163, 49.309324396677695)]",True
1783882092.3190062,0,-37.24009741645836,49.79008267613393,1.6498715343783537,220.2111995913484,-0.3374896456328562,-32.702855278932674,49.12116406431671,1.411578087913727,225.5375754144394,-0.37448770691269895,4.537242137525688,-0.6689186118172188,-0.2382934464646267,5.326375823091013,-0.03699806127984273,"[(-37.00579650495508, 49.648274954724435), (-37.01527364386251, 49.64255423234132), (-37.024661811857825, 49.6367445636607), (-37.03396100910578, 49.63084594903841), (-37.04317123577223, 49.6248583888314), (-37.05229249202415, 49.61878188339774), (-37.061324778029636, 49.6126164330966), (-37.07026809395791, 49.606362038288296), (-37.079122439979294, 49.60001869933424), (-37.08788781626525, 49.59358641659698), (-37.09656422298835, 49.58706519044016), (-37.10515166032228, 49.58045502122856), (-37.11365012844185, 49.573755909328064), (-37.12205962752298, 49.56696785510569), (-37.13038015774273, 49.560090858929556), (-37.138611719279254, 49.55312492116891), (-37.146754312311835, 49.54607004219411), (-37.15480793702088, 49.53892622237663), (-37.162772593587896, 49.53169346208907), (-37.170648282195536, 49.52437176170515), (-37.178435003027545, 49.51696112159969), (-37.18613275626881, 49.50946154214865), (-37.19374154210532, 49.50187302372909), (-37.20126136072419, 49.494195566719185), (-37.208692212313636, 49.48642917149825), (-37.216034097063016, 49.4785738384467), (-37.2232870151628, 49.47062956794607), (-37.230450966804575, 49.46259636037901), (-37.237525952181045, 49.4544742161293), (-37.244511971486034, 49.44626313558182), (-37.25140902491448, 49.437963119122585), (-37.25821711266245, 49.42957416713872), (-37.26493623492711, 49.42109628001845), (-37.271566391906774, 49.41252945815115), (-37.27810758380084, 49.40387370192729), (-37.284559810809846, 49.39512901173846), (-37.29092307313545, 49.386295387977384), (-37.29719737098042, 49.377372831037874), (-37.303382704548646, 49.36836134131489), (-37.309479074045136, 49.35926091920448), (-37.31548647967601, 49.35007156510384), (-37.32140492164852, 49.34079327941126), (-37.32723440017102, 49.331426062526155), (-37.332974915453, 49.32196991484906), (-37.33862646770506, 49.31242483678163)]",True
1783882092.35083,0,-37.37243170381819,49.85818607222096,1.6570165277212836,220.2111995913484,-0.3374896456328562,-32.78448331726133,49.15688901833554,1.1865885126908062,225.5375754144394,-0.37448770691269895,4.587948386556853,-0.7012970538854191,-0.4704280150304774,5.326375823091013,-0.03699806127984273,"[(-37.013894166783146, 49.639048526904645), (-37.02258828435706, 49.63144783436553), (-37.031202327843346, 49.62376709413001), (-37.039736297388195, 49.616006306549174), (-37.0481901931388, 49.6081654719751), (-37.05656401524338, 49.60024459076088), (-37.06485776385116, 49.59224366326061), (-37.07307143911235, 49.5841626898294), (-37.08120504117818, 49.576001670823345), (-37.08925857020089, 49.56776060659957), (-37.09723202633373, 49.55943949751619), (-37.10512540973094, 49.551038343932326), (-37.11293872054778, 49.54255714620811), (-37.12067195894052, 49.53399590470468), (-37.12832512506642, 49.52535461978418), (-37.13589821908376, 49.51663329180976), (-37.143391241151825, 49.50783192114557), (-37.1508041914309, 49.498950508156774), (-37.1581370700823, 49.48998905320953), (-37.165389877268304, 49.48094755667101)]",True
1783882092.3960168,0,-37.41696996789697,49.88032552645998,1.6587819430783965,220.2111995913484,-0.3374896456328562,-32.81670127135477,49.170781603592125,1.1553616612470197,225.5375754144394,-0.37448770691269895,4.600268696542194,-0.7095439228678515,-0.5034202818313769,5.326375823091013,-0.03699806127984273,"[(-37.31450764635785, 49.818086983199414), (-37.34131318922029, 49.82213799468647), (-37.36800563389281, 49.82607596343885), (-37.394584980275305, 49.829900889900095), (-37.42105122827037, 49.833612774516425), (-37.44740437778332, 49.837211617736784), (-37.47364442872216, 49.840697420012795), (-37.4997713809976, 49.8440701817988), (-37.525785234523056, 49.847329903551824), (-37.55168598921464, 49.850476585731606), (-37.57747364499118, 49.853510228800566), (-37.603148201774204, 49.85643083322385), (-37.62870965948794, 49.85923839946928), (-37.65415801805932, 49.861932928007384), (-37.67949327741799, 49.864514419311405), (-37.70471543749628, 49.86698287385727), (-37.72982449822924, 49.8693382921236), (-37.75482045955463, 49.87158067459173), (-37.77970332141289, 49.873710021745694), (-37.804473083747176, 49.87572633407222), (-37.829129746503355, 49.87762961206073), (-37.85367330962998, 49.879419856203356), (-37.87810377307833, 49.881097066994926), (-37.902421136802374, 49.88266124493296), (-37.92662540075878, 49.8841123905177), (-37.950716564906934, 49.88545050425206), (-37.97469462920891, 49.88667558664167), (-37.9985595936295, 49.88778763819485), (-38.022311458136194, 49.888786659422635), (-38.04595022269918, 49.88967265083874), (-38.06947588729136, 49.89044561295958), (-38.09288845188833, 49.89110554630429), (-38.11618791646839, 49.89165245139468), (-38.13937428101256, 49.892086328755276), (-38.16244754550454, 49.8924071789133), (-38.18540770993074, 49.89261500239868), (-38.20825477428029, 49.89270979974402), (-38.230988738545, 49.89269157148464), (-38.25360960271941, 49.89256031815856), (-38.27611736680072, 49.89231604030649), (-38.29851203078889, 49.89195873847184), (-38.32079359468654, 49.89148841320074), (-38.34296205849901, 49.89090506504199), (-38.365017422234345, 49.890208694547105), (-38.386959685903285, 49.8893993022703)]",True
1783882092.434362,0,-37.521663835204336,49.93081650947483,1.6620234770793496,220.2111995913484,-0.3374896456328562,-32.89065315249811,49.20046216530762,1.1280756458356909,225.5375754144394,-0.37448770691269895,4.631010682706226,-0.7303543441672105,-0.5339478312436587,5.326375823091013,-0.03699806127984273,"[(-37.31450764635785, 49.818086983199414), (-37.34131318922029, 49.82213799468647), (-37.36800563389281, 49.82607596343885), (-37.394584980275305, 49.829900889900095), (-37.42105122827037, 49.833612774516425), (-37.44740437778332, 49.837211617736784), (-37.47364442872216, 49.840697420012795), (-37.4997713809976, 49.8440701817988), (-37.525785234523056, 49.847329903551824), (-37.55168598921464, 49.850476585731606), (-37.57747364499118, 49.853510228800566), (-37.603148201774204, 49.85643083322385), (-37.62870965948794, 49.85923839946928), (-37.65415801805932, 49.861932928007384), (-37.67949327741799, 49.864514419311405), (-37.70471543749628, 49.86698287385727), (-37.72982449822924, 49.8693382921236), (-37.75482045955463, 49.87158067459173), (-37.77970332141289, 49.873710021745694), (-37.804473083747176, 49.87572633407222), (-37.829129746503355, 49.87762961206073), (-37.85367330962998, 49.879419856203356), (-37.87810377307833, 49.881097066994926), (-37.902421136802374, 49.88266124493296), (-37.92662540075878, 49.8841123905177), (-37.950716564906934, 49.88545050425206), (-37.97469462920891, 49.88667558664167), (-37.9985595936295, 49.88778763819485), (-38.022311458136194, 49.888786659422635), (-38.04595022269918, 49.88967265083874), (-38.06947588729136, 49.89044561295958), (-38.09288845188833, 49.89110554630429), (-38.11618791646839, 49.89165245139468), (-38.13937428101256, 49.892086328755276), (-38.16244754550454, 49.8924071789133), (-38.18540770993074, 49.89261500239868), (-38.20825477428029, 49.89270979974402), (-38.230988738545, 49.89269157148464), (-38.25360960271941, 49.89256031815856), (-38.27611736680072, 49.89231604030649), (-38.29851203078889, 49.89195873847184), (-38.32079359468654, 49.89148841320074), (-38.34296205849901, 49.89090506504199), (-38.365017422234345, 49.890208694547105), (-38.386959685903285, 49.8893993022703)]",True
1783882092.4883971,0,-37.604945339299825,49.97025978424534,1.2823640054866212,220.2111995913484,-0.3374896456328562,-32.95462890657991,49.22188611181802,1.122277427454578,225.5375754144394,-0.37448770691269895,4.650316432719912,-0.74837367242732,-0.1600865780320433,5.326375823091013,-0.03699806127984273,"[(-37.31450764635785, 49.818086983199414), (-37.34131318922029, 49.82213799468647), (-37.36800563389281, 49.82607596343885), (-37.394584980275305, 49.829900889900095), (-37.42105122827037, 49.833612774516425), (-37.44740437778332, 49.837211617736784), (-37.47364442872216, 49.840697420012795), (-37.4997713809976, 49.8440701817988), (-37.525785234523056, 49.847329903551824), (-37.55168598921464, 49.850476585731606), (-37.57747364499118, 49.853510228800566), (-37.603148201774204, 49.85643083322385), (-37.62870965948794, 49.85923839946928), (-37.65415801805932, 49.861932928007384), (-37.67949327741799, 49.864514419311405), (-37.70471543749628, 49.86698287385727), (-37.72982449822924, 49.8693382921236), (-37.75482045955463, 49.87158067459173), (-37.77970332141289, 49.873710021745694), (-37.804473083747176, 49.87572633407222), (-37.829129746503355, 49.87762961206073), (-37.85367330962998, 49.879419856203356), (-37.87810377307833, 49.881097066994926), (-37.902421136802374, 49.88266124493296), (-37.92662540075878, 49.8841123905177), (-37.950716564906934, 49.88545050425206), (-37.97469462920891, 49.88667558664167), (-37.9985595936295, 49.88778763819485), (-38.022311458136194, 49.888786659422635), (-38.04595022269918, 49.88967265083874), (-38.06947588729136, 49.89044561295958), (-38.09288845188833, 49.89110554630429), (-38.11618791646839, 49.89165245139468), (-38.13937428101256, 49.892086328755276), (-38.16244754550454, 49.8924071789133), (-38.18540770993074, 49.89261500239868), (-38.20825477428029, 49.89270979974402), (-38.230988738545, 49.89269157148464), (-38.25360960271941, 49.89256031815856), (-38.27611736680072, 49.89231604030649), (-38.29851203078889, 49.89195873847184), (-38.32079359468654, 49.89148841320074), (-38.34296205849901, 49.89090506504199), (-38.365017422234345, 49.890208694547105), (-38.386959685903285, 49.8893993022703)]",True
1783882092.5375795,0,-37.636760371983634,49.984264814650246,1.0561581744976882,220.2111995913484,-0.3374896456328562,-32.98694481785798,49.23126527443247,1.1212094242492843,225.5375754144394,-0.37448770691269895,4.649815554125652,-0.7529995402177789,0.06505124975159604,5.326375823091013,-0.03699806127984273,"[(-37.458923527572125, 49.881086238025446), (-37.490548554167255, 49.88697086271683), (-37.52209289391787, 49.892774842090844), (-37.5535565466814, 49.898498176329596), (-37.58493951231626, 49.9041408656162), (-37.61624179068191, 49.9097029101348), (-37.64746338163882, 49.915184310070536), (-37.67860428504847, 49.920585065609586), (-37.70966450077338, 49.92590517693913), (-37.74064402867706, 49.93114464424738), (-37.77154286862407, 49.936303467723555), (-37.802361020479964, 49.94138164755789), (-37.833098484111325, 49.94637918394164), (-37.86375525938575, 49.95129607706708), (-37.89433134617185, 49.9561323271275), (-37.924826744339285, 49.9608879343172), (-37.95524145375869, 49.9655628988315), (-37.98557547430175, 49.97015722086675), (-38.01582880584115, 49.9746709006203), (-38.046001448250614, 49.97910393829053)]",True
1783882092.5808995,0,-37.6812980326173,50.001988168295526,0.889206627217249,220.2111995913484,-0.3374896456328562,-33.041388705371325,49.2445069436919,1.1204211829080037,225.5375754144394,-0.37448770691269895,4.639909327245974,-0.7574812246036231,0.23121455569075477,5.326375823091013,-0.03699806127984273,"[(-37.458923527572125, 49.881086238025446), (-37.490548554167255, 49.88697086271683), (-37.52209289391787, 49.892774842090844), (-37.5535565466814, 49.898498176329596), (-37.58493951231626, 49.9041408656162), (-37.61624179068191, 49.9097029101348), (-37.64746338163882, 49.915184310070536), (-37.67860428504847, 49.920585065609586), (-37.70966450077338, 49.92590517693913), (-37.74064402867706, 49.93114464424738), (-37.77154286862407, 49.936303467723555), (-37.802361020479964, 49.94138164755789), (-37.833098484111325, 49.94637918394164), (-37.86375525938575, 49.95129607706708), (-37.89433134617185, 49.9561323271275), (-37.924826744339285, 49.9608879343172), (-37.95524145375869, 49.9655628988315), (-37.98557547430175, 49.97015722086675), (-38.01582880584115, 49.9746709006203), (-38.046001448250614, 49.97910393829053)]",True
1783882092.6315796,0,-37.713662157932085,50.01370222049123,0.8383626223233258,220.2111995913484,-0.3374896456328562,-33.09634636778908,49.255309718084426,1.1201466792912345,225.5375754144394,-0.37448770691269895,4.617315790143003,-0.7583925024068066,0.28178405696790865,5.326375823091013,-0.03699806127984273,"[(-37.627530082368615, 49.97195182194703), (-37.667219164963186, 49.98208565497484), (-37.706790868338146, 49.99210218507096), (-37.74624519204591, 50.0020014125629), (-37.78558213564196, 50.01178333778122), (-37.82480169868488, 50.021447961059586), (-37.86390388073631, 50.03099528273473), (-37.90288868136099, 50.040425303146456), (-37.941756100126746, 50.04973802263765), (-37.98050613660447, 50.05893344155427), (-38.01913879036814, 50.068011560245345), (-38.05765406099483, 50.076972379063), (-38.096051948064684, 50.08581589836241), (-38.13433245116093, 50.094542118501856), (-38.172495569869874, 50.103151039842665), (-38.21054130378091, 50.111642662749254), (-38.24846965248651, 50.12001698758912), (-38.28628061558224, 50.12827401473281), (-38.32397419266673, 50.13641374455399), (-38.36155038334171, 50.14443617742937), (-38.399009187211966, 50.152341313738745), (-38.436350603885394, 50.16012915386499), (-38.47357463297296, 50.167799698194045), (-38.51068127408872, 50.17535294711493), (-38.54767052684979, 50.182788901019755), (-38.584542390876386, 50.19010756030368), (-38.621296865791805, 50.197308925364965), (-38.657933951222425, 50.20439299660492), (-38.694453646797704, 50.211359774427955), (-38.730855952150186, 50.21820925924154), (-38.76714086691549, 50.22494145145623), (-38.803308390732326, 50.23155635148566), (-38.83935852324247, 50.238053959746516), (-38.87529126409079, 50.24443427665859), (-38.911106612925245, 50.250697302644724), (-38.94680456939687, 50.256843038130846), (-38.98238513315977, 50.262871483545965), (-39.01784830387114, 50.268782639322154), (-39.053194081191265, 50.27457650589458), (-39.088422464783505, 50.28025308370146), (-39.123533454314305, 50.28581237318411), (-39.158527049453184, 50.291254374786895), (-39.193403249872745, 50.29657908895728), (-39.22816205524868, 50.301786516145796), (-39.26280346525976, 50.30687665680605)]",True
1783882092.6970236,0,-37.744793119972606,50.02476955369627,0.8164975538576735,220.2111995913484,-0.3374896456328562,-33.12949924214421,49.26078945571172,1.1200778958978392,225.5375754144394,-0.37448770691269895,4.6152938778283925,-0.7639800979845432,0.3035803420401657,5.326375823091013,-0.03699806127984273,"[(-37.720423514682466, 50.01217491098634), (-37.76353473915122, 50.02436536575921), (-37.8065535056035, 50.03646341551801), (-37.84947981375585, 50.04846906040626), (-37.892313663326064, 50.06038230056876), (-37.93505505403324, 50.07220313615157), (-37.97770398559775, 50.08393156730205), (-38.02026045774123, 50.09556759416881), (-38.0627244701866, 50.107111216901764), (-38.105096022658074, 50.11856243565207), (-38.14737511488112, 50.1299212505722), (-38.189561746582505, 50.14118766181587), (-38.231655917490265, 50.15236166953809), (-38.27365762733372, 50.163443273895126), (-38.31556687584345, 50.17443247504455), (-38.35738366275133, 50.18532927314518), (-38.399107987790515, 50.19613366835713), (-38.44073985069543, 50.20684566084178), (-38.482279251201774, 50.21746525076179), (-38.52372618904654, 50.227992438281106), (-38.565080663968, 50.238427223564926), (-38.60634267570567, 50.24876960677975), (-38.64751222400038, 50.25901958809334), (-38.68858930859423, 50.26917716767472), (-38.7295739292306, 50.279242345694215), (-38.77046608565413, 50.28921512232342), (-38.811265777610764, 50.2990954977352), (-38.851973004847714, 50.3088834721037), (-38.89258776711346, 50.31857904560433), (-38.93311006415777, 50.328182218413794), (-38.97353989573169, 50.33769299071006), (-39.01387726158754, 50.34711136267238), (-39.05412216147893, 50.356437334481264), (-39.094274595160734, 50.36567090631852), (-39.13433456238911, 50.37481207836722), (-39.174302062921484, 50.38386085081172), (-39.214177096516586, 50.392817223837646), (-39.2539596629344, 50.40168119763189), (-39.293649761936194, 50.410452772382634), (-39.33324739328452, 50.419131948279336), (-39.37275255674322, 50.427718725512726), (-39.41216525207738, 50.436213104274806), (-39.45148547905339, 50.44461508475886), (-39.49071323743891, 50.45292466715944), (-39.52984852700288, 50.46114185167238)]",True
1783882092.776087,0,-37.798478898933865,50.042712997496764,0.8037676020295723,220.2111995913484,-0.3374896456328562,-33.218025628687286,49.27463338879485,1.1200144096661544,225.5375754144394,-0.37448770691269895,4.580453270246579,-0.7680796087019175,0.3162468076365821,5.326375823091013,-0.03699806127984273,"[(-37.78727936208045, 50.0360215181528), (-37.831514575672365, 50.04802827768773), (-37.875658362555995, 50.05994366602419), (-37.91971072243424, 50.071767683307314), (-37.96367165501127, 50.0835003296835), (-38.0075411599925, 50.0951416053004), (-38.05131923708461, 50.1066915103069), (-38.09500588599555, 50.11815004485317), (-38.13860110643449, 50.129517209090594), (-38.18210489811189, 50.140793003171844), (-38.225517260739444, 50.151977427250834), (-38.26883819403012, 50.163070481482734), (-38.31206769769811, 50.17407216602396), (-38.355205771458905, 50.184982481032186), (-38.39825241502923, 50.19580142666634), (-38.44120762812707, 50.206529003086615), (-38.48407141047164, 50.21716521045444), (-38.52684376178347, 50.22771004893251), (-38.56952468178428, 50.23816351868476), (-38.612114170197096, 50.24852561987638), (-38.654612226746174, 50.25879635267384), (-38.69701885115703, 50.268975717244835), (-38.739334043156454, 50.279063713758326), (-38.781557802472456, 50.28906034238453), (-38.823690128834336, 50.29896560329491), (-38.865731021972636, 50.308779496662176), (-38.90768048161915, 50.31850202266032), (-38.949538507506944, 50.32813318146455), (-38.99130509937032, 50.33767297325136), (-39.03298025694485, 50.347121398198475), (-39.07456397996736, 50.356478456484886), (-39.11605626817592, 50.36574414829084), (-39.15745712130987, 50.37491847379782), (-39.1987665391098, 50.38400143318859), (-39.23998452131757, 50.39299302664714), (-39.281111067676264, 50.40189325435873), (-39.32214617793026, 50.410702116509874), (-39.36308985182516, 50.41941961328832), (-39.403942089107844, 50.4280457448831), (-39.44470288952644, 50.43658051148448), (-39.48537225283033, 50.44502391328398), (-39.52595017877015, 50.45337595047438), (-39.566436667097804, 50.46163662324972), (-39.60683171756645, 50.46980593180527), (-39.647135329930485, 50.47788387633757)]",True
1783882092.786413,0,-37.84446249719646,50.056911507974114,0.8010625152088071,220.2111995913484,-0.3374896456328562,-33.27587680914581,49.28360334920374,1.2858970482343062,225.5375754144394,-0.37448770691269895,4.5685856880506535,-0.7733081587703765,0.48483453302549906,5.326375823091013,-0.03699806127984273,"[(-37.78727936208045, 50.0360215181528), (-37.831514575672365, 50.04802827768773), (-37.875658362555995, 50.05994366602419), (-37.91971072243424, 50.071767683307314), (-37.96367165501127, 50.0835003296835), (-38.0075411599925, 50.0951416053004), (-38.05131923708461, 50.1066915103069), (-38.09500588599555, 50.11815004485317), (-38.13860110643449, 50.129517209090594), (-38.18210489811189, 50.140793003171844), (-38.225517260739444, 50.151977427250834), (-38.26883819403012, 50.163070481482734), (-38.31206769769811, 50.17407216602396), (-38.355205771458905, 50.184982481032186), (-38.39825241502923, 50.19580142666634), (-38.44120762812707, 50.206529003086615), (-38.48407141047164, 50.21716521045444), (-38.52684376178347, 50.22771004893251), (-38.56952468178428, 50.23816351868476), (-38.612114170197096, 50.24852561987638), (-38.654612226746174, 50.25879635267384), (-38.69701885115703, 50.268975717244835), (-38.739334043156454, 50.279063713758326), (-38.781557802472456, 50.28906034238453), (-38.823690128834336, 50.29896560329491), (-38.865731021972636, 50.308779496662176), (-38.90768048161915, 50.31850202266032), (-38.949538507506944, 50.32813318146455), (-38.99130509937032, 50.33767297325136), (-39.03298025694485, 50.347121398198475), (-39.07456397996736, 50.356478456484886), (-39.11605626817592, 50.36574414829084), (-39.15745712130987, 50.37491847379782), (-39.1987665391098, 50.38400143318859), (-39.23998452131757, 50.39299302664714), (-39.281111067676264, 50.40189325435873), (-39.32214617793026, 50.410702116509874), (-39.36308985182516, 50.41941961328832), (-39.403942089107844, 50.4280457448831), (-39.44470288952644, 50.43658051148448), (-39.48537225283033, 50.44502391328398), (-39.52595017877015, 50.45337595047438), (-39.566436667097804, 50.46163662324972), (-39.60683171756645, 50.46980593180527), (-39.647135329930485, 50.47788387633757)]",True
1783882092.832625,0,-37.8829979630057,50.067756236751244,0.8003700267629289,220.2111995913484,-0.3374896456328562,-33.34523778063593,49.29450960359776,1.5137832981675383,225.5375754144394,-0.37448770691269895,4.537760182369773,-0.7732466331534837,0.7134132714046094,5.326375823091013,-0.03699806127984273,"[(-37.78727936208045, 50.0360215181528), (-37.831514575672365, 50.04802827768773), (-37.875658362555995, 50.05994366602419), (-37.91971072243424, 50.071767683307314), (-37.96367165501127, 50.0835003296835), (-38.0075411599925, 50.0951416053004), (-38.05131923708461, 50.1066915103069), (-38.09500588599555, 50.11815004485317), (-38.13860110643449, 50.129517209090594), (-38.18210489811189, 50.140793003171844), (-38.225517260739444, 50.151977427250834), (-38.26883819403012, 50.163070481482734), (-38.31206769769811, 50.17407216602396), (-38.355205771458905, 50.184982481032186), (-38.39825241502923, 50.19580142666634), (-38.44120762812707, 50.206529003086615), (-38.48407141047164, 50.21716521045444), (-38.52684376178347, 50.22771004893251), (-38.56952468178428, 50.23816351868476), (-38.612114170197096, 50.24852561987638), (-38.654612226746174, 50.25879635267384), (-38.69701885115703, 50.268975717244835), (-38.739334043156454, 50.279063713758326), (-38.781557802472456, 50.28906034238453), (-38.823690128834336, 50.29896560329491), (-38.865731021972636, 50.308779496662176), (-38.90768048161915, 50.31850202266032), (-38.949538507506944, 50.32813318146455), (-38.99130509937032, 50.33767297325136), (-39.03298025694485, 50.347121398198475), (-39.07456397996736, 50.356478456484886), (-39.11605626817592, 50.36574414829084), (-39.15745712130987, 50.37491847379782), (-39.1987665391098, 50.38400143318859), (-39.23998452131757, 50.39299302664714), (-39.281111067676264, 50.40189325435873), (-39.32214617793026, 50.410702116509874), (-39.36308985182516, 50.41941961328832), (-39.403942089107844, 50.4280457448831), (-39.44470288952644, 50.43658051148448), (-39.48537225283033, 50.44502391328398), (-39.52595017877015, 50.45337595047438), (-39.566436667097804, 50.46163662324972), (-39.60683171756645, 50.46980593180527), (-39.647135329930485, 50.47788387633757)]",True
1783882092.8807745,0,-37.90619466504836,50.073945156623026,0.800196507354496,220.2111995913484,-0.3374896456328562,-33.39176827760139,49.30203508192301,1.6261276920382486,225.5375754144394,-0.37448770691269895,4.514426387446967,-0.7719100747000169,0.8259311846837526,5.326375823091013,-0.03699806127984273,"[(-37.88526982619012, 50.06138304681121), (-37.92896149958539, 50.07079811062873), (-37.97257045265511, 50.080130514019466), (-38.016096685072355, 50.089380257136085), (-38.05954019651136, 50.09854734013243), (-38.102900986647505, 50.107631763163475), (-38.14617905515734, 50.11663352638538), (-38.18937440171858, 50.125552629955436), (-38.23248702601009, 50.13438907403211), (-38.2755169277119, 50.143142858775015), (-38.318464106505196, 50.151813984344926), (-38.36132856207232, 50.160402450903774), (-38.40411029409679, 50.168908258614636), (-38.446809302263254, 50.17733140764175), (-38.48942558625754, 50.18567189815053), (-38.53195914576663, 50.19392973030752), (-38.57440998047866, 50.202104904280425), (-38.61677809008294, 50.21019742023813), (-38.65906347426992, 50.218207278350654), (-38.70126613273123, 50.22613447878917)]",True
1783882092.9306226,0,-37.96055557466072,50.08741872964548,0.8000448861364174,220.2111995913484,-0.3374896456328562,-33.5117582653955,49.320806218708796,1.8324067249475144,225.5375754144394,-0.37448770691269895,4.448797309265217,-0.7666125109366817,1.0323618388110969,5.326375823091013,-0.03699806127984273,"[(-37.88526982619012, 50.06138304681121), (-37.92896149958539, 50.07079811062873), (-37.97257045265511, 50.080130514019466), (-38.016096685072355, 50.089380257136085), (-38.05954019651136, 50.09854734013243), (-38.102900986647505, 50.107631763163475), (-38.14617905515734, 50.11663352638538), (-38.18937440171858, 50.125552629955436), (-38.23248702601009, 50.13438907403211), (-38.2755169277119, 50.143142858775015), (-38.318464106505196, 50.151813984344926), (-38.36132856207232, 50.160402450903774), (-38.40411029409679, 50.168908258614636), (-38.446809302263254, 50.17733140764175), (-38.48942558625754, 50.18567189815053), (-38.53195914576663, 50.19392973030752), (-38.57440998047866, 50.202104904280425), (-38.61677809008294, 50.21019742023813), (-38.65906347426992, 50.218207278350654), (-38.70126613273123, 50.22613447878917)]",True
1783882092.9805584,0,-37.96055557466072,50.08741872964548,0.8000448861364174,220.2111995913484,-0.3374896456328562,-33.5117582653955,49.320806218708796,1.8324067249475144,225.5375754144394,-0.37448770691269895,4.448797309265217,-0.7666125109366817,1.0323618388110969,5.326375823091013,-0.03699806127984273,"[(-37.88526982619012, 50.06138304681121), (-37.92896149958539, 50.07079811062873), (-37.97257045265511, 50.080130514019466), (-38.016096685072355, 50.089380257136085), (-38.05954019651136, 50.09854734013243), (-38.102900986647505, 50.107631763163475), (-38.14617905515734, 50.11663352638538), (-38.18937440171858, 50.125552629955436), (-38.23248702601009, 50.13438907403211), (-38.2755169277119, 50.143142858775015), (-38.318464106505196, 50.151813984344926), (-38.36132856207232, 50.160402450903774), (-38.40411029409679, 50.168908258614636), (-38.446809302263254, 50.17733140764175), (-38.48942558625754, 50.18567189815053), (-38.53195914576663, 50.19392973030752), (-38.57440998047866, 50.202104904280425), (-38.61677809008294, 50.21019742023813), (-38.65906347426992, 50.218207278350654), (-38.70126613273123, 50.22613447878917)]",True
1783882093.0379422,0,-38.00739372639959,50.09791819807015,0.8000126669603899,220.2111995913484,-0.3374896456328562,-33.604530825179495,49.334792129582986,1.346813933926986,225.5375754144394,-0.37448770691269895,4.402862901220097,-0.7631260684871606,0.5468012669665961,5.326375823091013,-0.03699806127984273,"[(-37.88526982619012, 50.06138304681121), (-37.92896149958539, 50.07079811062873), (-37.97257045265511, 50.080130514019466), (-38.016096685072355, 50.089380257136085), (-38.05954019651136, 50.09854734013243), (-38.102900986647505, 50.107631763163475), (-38.14617905515734, 50.11663352638538), (-38.18937440171858, 50.125552629955436), (-38.23248702601009, 50.13438907403211), (-38.2755169277119, 50.143142858775015), (-38.318464106505196, 50.151813984344926), (-38.36132856207232, 50.160402450903774), (-38.40411029409679, 50.168908258614636), (-38.446809302263254, 50.17733140764175), (-38.48942558625754, 50.18567189815053), (-38.53195914576663, 50.19392973030752), (-38.57440998047866, 50.202104904280425), (-38.61677809008294, 50.21019742023813), (-38.65906347426992, 50.218207278350654), (-38.70126613273123, 50.22613447878917)]",True
1783882093.0849562,0,-38.04658344509373,50.10592777042677,0.8000044190154575,223.1267121036343,-0.39315629438639377,-33.66669050222979,49.34524641145947,1.1989875440244602,225.5375754144394,-0.37448770691269895,4.37989294286394,-0.7606813589672967,0.3989831250090027,2.410863310805098,0.01866858747369482,"[(-37.974845082727235, 50.08002818728466), (-38.016992616936776, 50.085431417151185), (-38.05903176373659, 50.09072635758574), (-38.1009625225217, 50.09591300900378), (-38.14278489269011, 50.10099137182379), (-38.18449887364285, 50.10596144646723), (-38.226104464783994, 50.11082323335858), (-38.267601665520594, 50.11557673292533), (-38.30899047526274, 50.120221945597955), (-38.35027089342351, 50.12475887180997), (-38.39144291941904, 50.129187511997884), (-38.432506552668436, 50.1335078666012), (-38.473461792593845, 50.13771993606243), (-38.51430863862043, 50.141823720827105), (-38.555047090176345, 50.145819221343764), (-38.59567714669278, 50.14970643806394), (-38.63619880760394, 50.15348537144216), (-38.676612072347034, 50.157156021936), (-38.71691694036229, 50.160718390006), (-38.75711341109296, 50.16417247611572)]",True
1783882093.1306875,0,-38.078028241451506,50.111862535596714,0.8000019071576201,223.1267121036343,-0.39315629438639377,-33.714307772592036,49.353781582006626,1.1979938175963996,225.5375754144394,-0.37448770691269895,4.363720468859469,-0.7580809535900883,0.39799191043877946,2.410863310805098,0.01866858747369482,"[(-38.02541341073511, 50.09557066363993), (-38.05671629474435, 50.09635098200811), (-38.08792705099816, 50.0970392256987), (-38.119045679374835, 50.09763539501612), (-38.15007217975394, 50.098139490266064), (-38.181006552016335, 50.098551511755524), (-38.211848796044166, 50.09887145979277), (-38.24259891172087, 50.09909933468736), (-38.27325689893116, 50.09923513675013), (-38.30382275756105, 50.099278866293204), (-38.33429648749784, 50.09923052363), (-38.36467808863009, 50.099090109075206), (-38.3949675608477, 50.098857622944806), (-38.42516490404179, 50.09853306555606), (-38.45527011810483, 50.09811643722753), (-38.48528320293053, 50.09760773827904), (-38.51520415841393, 50.09700696903171), (-38.54503298445132, 50.09631412980795), (-38.57476968094029, 50.095529220931446), (-38.60441424777974, 50.09465224272717), (-38.63396668486981, 50.093683195521386), (-38.663426992111965, 50.092622079641636), (-38.692795169408946, 50.091468895416746), (-38.72207121666477, 50.090223643176834), (-38.75125513378476, 50.088886323253305), (-38.78034692067552, 50.08745693597883), (-38.80934657724493, 50.08593548168738), (-38.83825410340217, 50.084321960714206), (-38.86706949905771, 50.08261637339585), (-38.8957927641233, 50.08081872007014), (-38.92442389851196, 50.078929001076176), (-38.952962902138026, 50.07694721675435), (-38.98140977491711, 50.07487336744634), (-39.00976451676611, 50.0727074534951), (-39.03802712760321, 50.07044947524488), (-39.06619760734788, 50.06809943304121), (-39.09427595592089, 50.06565732723091), (-39.12226217324427, 50.06312315816208), (-39.15015625924137, 50.06049692618409), (-39.1779582138368, 50.05777863164763), (-39.20566803695648, 50.054968274904645), (-39.23328572852759, 50.052065856308374), (-39.26081128847862, 50.04907137621334), (-39.28824471673934, 50.04598483497535), (-39.315586013240804, 50.042806232951506)]",True
1783882093.1826425,0,-38.132699280926296,50.12396094831904,0.800000444741469,223.1267121036343,-0.39315629438639377,-33.8042217325175,49.3729367124591,1.268797464792299,225.5375754144394,-0.37448770691269895,4.328477548408799,-0.751024235859937,0.46879702005083,2.410863310805098,0.01866858747369482,"[(-38.0308941343445, 50.096024320446695), (-38.06005948733169, 50.095647314558086), (-38.08913304477871, 50.095178564102795), (-38.118114806594704, 50.094618069397804), (-38.14700477269009, 50.09396583076134), (-38.175802942976546, 50.093221848512904), (-38.204509317367034, 50.09238612297325), (-38.233123895775776, 50.091458654464425), (-38.26164667811826, 50.09043944330971), (-38.29007766431124, 50.089328489833676), (-38.31841685427275, 50.08812579436215), (-38.34666424792207, 50.08683135722223), (-38.37481984517978, 50.08544517874227), (-38.4028836459677, 50.08396725925189), (-38.430855650208926, 50.082397599082), (-38.458735857827826, 50.08073619856474), (-38.48652426875003, 50.07898305803354), (-38.51422088290245, 50.0771381778231), (-38.541825700213245, 50.07520155826936), (-38.56933872061186, 50.07317319970955), (-38.596759944028996, 50.07105310248215), (-38.624089370396625, 50.06884126692692), (-38.651326999648, 50.06653769338487), (-38.67847283171762, 50.06414238219829), (-38.70552686654127, 50.06165533371073), (-38.732489104055986, 50.05907654826701), (-38.75935954420009, 50.0564060262132), (-38.786138186913156, 50.05364376789666), (-38.81282503213605, 50.05078977366599), (-38.839420079810864, 50.04784404387107), (-38.86592332988101, 50.04480657886306), (-38.892334782291115, 50.04167737899436), (-38.91865443698712, 50.03845644461864), (-38.9448822939162, 50.03514377609084), (-38.97101835302683, 50.03173937376718), (-38.99706261426872, 50.028243238005125), (-39.023015077592866, 50.02465536916341), (-39.04887574295153, 50.02097576760205), (-39.07464461029825, 50.017204433682316), (-39.100321679587815, 50.01334136776673), (-39.12590695077629, 50.0093865702191), (-39.151400423821, 50.00534004140449), (-39.17680209868056, 50.00120178168923), (-39.20211197531483, 49.99697179144093), (-39.22733005368495, 49.992650071028436)]",True
1783882093.2342052,0,-38.171615554626165,50.13320849887721,0.8000001626498966,223.1267121036343,-0.39315629438639377,-33.87168684542697,49.38943454355738,1.5003804696362226,225.5375754144394,-0.37448770691269895,4.299928709199193,-0.7437739553198313,0.700380306986326,2.410863310805098,0.01866858747369482,"[(-38.03655072243235, 50.09653965223813), (-38.063732145958916, 50.09509689919004), (-38.09082207596471, 50.09356270166734), (-38.117820512386906, 50.09193705999834), (-38.14472745516392, 50.09021997451261), (-38.171542904235416, 50.08841144554098), (-38.19826685954233, 50.08651147341551), (-38.22489932102683, 50.08452005846954), (-38.25144028863235, 50.082437201037635), (-38.27788976230356, 50.080262901455605), (-38.30424774198638, 50.07799716006052), (-38.330514227628, 50.0756399771907), (-38.35668921917684, 50.073191353185706), (-38.382772716582586, 50.07065128838636), (-38.40876471979616, 50.06801978313472), (-38.434665228769745, 50.065296837774106), (-38.46047424345679, 50.06248245264907), (-38.48619176381195, 50.059576628105425), (-38.51181778979119, 50.056579364490226), (-38.537352321351676, 50.05349066215179), (-38.56279535845185, 50.05031052143966), (-38.5881469010514, 50.04703894270466), (-38.613406949111265, 50.04367592629884), (-38.63857550259363, 50.040221472575496), (-38.66365256146194, 50.036675581889185), (-38.68863812568088, 50.0330382545957), (-38.71353219521641, 50.02930949105211), (-38.7383347700357, 50.025489291616694), (-38.76304585010721, 50.02157765664901), (-38.787665435400626, 50.01757458650985), (-38.8121935258869, 50.01348008156127), (-38.83663012153822, 50.009294142166546), (-38.860975222328044, 50.00501676869023), (-38.88522882823107, 50.000647961498125), (-38.90939093922324, 49.99618772095726), (-38.93346155528177, 49.99163604743592), (-38.95744067638509, 49.98699294130365), (-38.981328302512914, 49.98225840293123), (-39.005124433646195, 49.9774324326907), (-39.02882906976714, 49.97251503095534), (-39.0524422108592, 49.9675061980997), (-39.07596385690708, 49.962405934499536), (-39.099394007896734, 49.9572142405319), (-39.12273266381538, 49.951931116575054), (-39.14597982465147, 49.946556563008535)]",True
1783882093.2818742,0,-38.21040767242126,50.14296342624971,0.8000000644120184,223.1267121036343,-0.39315629438639377,-33.948381009497936,49.41122685257215,1.6818975992912581,225.5375754144394,-0.37448770691269895,4.262026662923326,-0.7317365736775585,0.8818975348792397,2.410863310805098,0.01866858747369482,"[(-38.150689284711646, 50.11996537007637), (-38.18318772898705, 50.11954276606179), (-38.21559812901881, 50.11903217027938), (-38.24792048468546, 50.11843358301076), (-38.28015479586663, 50.11774700453861), (-38.31230106244302, 50.11697243514668), (-38.3443592842964, 50.11610987511982), (-38.376329461309645, 50.11515932474394), (-38.40821159336668, 50.11412078430604), (-38.44000568035253, 50.11299425409418), (-38.47171172215328, 50.111779734397516), (-38.50332971865611, 50.11047722550626), (-38.534859669749274, 50.10908672771171), (-38.56630157532209, 50.10760824130626), (-38.59765543526498, 50.10604176658335), (-38.628921249469435, 50.10438730383751), (-38.66009901782801, 50.10264485336435), (-38.69118874023436, 50.100814415460555), (-38.7221904165832, 50.09889599042388), (-38.753104046770346, 50.09688957855316), (-38.783929630692676, 50.09479518014832), (-38.81466716824815, 50.092612795510334), (-38.845316659335815, 50.09034242494129), (-38.875878103855776, 50.08798406874432), (-38.906351501709246, 50.08553772722364), (-38.93673685279849, 50.083003400684554), (-38.967034157026866, 50.08038108943344), (-38.99724341429881, 50.07767079377774), (-39.02736462451983, 50.07487251402599), (-39.057397787596514, 50.07198625048779), (-39.087342903436536, 50.06901200347382), (-39.117199971948644, 50.06594977329585), (-39.14696899304267, 50.06279956026669), (-39.17664996662951, 50.059561364700265), (-39.206242892621155, 50.05623518691157), (-39.23574777093067, 50.052821027216666), (-39.2651646014722, 50.049318885932685), (-39.29449338416096, 50.04572876337785), (-39.323734118913244, 50.04205065987146), (-39.352886805646435, 50.038284575733876), (-39.381951444279, 50.03443051128655), (-39.41092803473045, 50.030488466852006), (-39.43981657692143, 50.02645844275385), (-39.46861707077361, 50.02234043931676), (-39.49732951620977, 50.01813445686647)]",True
1783882093.3331885,0,-38.241446823172645,50.15074392416799,0.8000000344943133,223.1267121036343,-0.39315629438639377,-34.01514783071078,49.43115358796632,1.7984204814800326,225.5375754144394,-0.37448770691269895,4.226298992461864,-0.7195903362016693,0.9984204469857193,2.410863310805098,0.01866858747369482,"[(-38.188115794224615, 50.12799976859486), (-38.22045776867696, 50.127028519247006), (-38.25270944885748, 50.12596703154657), (-38.28487083463722, 50.12481530580481), (-38.31694192588839, 50.12357334233415), (-38.34892272248443, 50.122241141448214), (-38.380813224299935, 50.12081870346182), (-38.412613431210715, 50.119306028690985), (-38.444323343093764, 50.1177031174529), (-38.47594295982728, 50.116009970065946), (-38.507472281290646, 50.114226586849725), (-38.53891130736445, 50.11235296812501), (-38.57026003793047, 50.11038911421376), (-38.60151847287167, 50.10833502543914), (-38.63268661207221, 50.1061907021255), (-38.66376445541747, 50.103956144598385), (-38.69475200279398, 50.10163135318453), (-38.7256492540895, 50.09921632821185), (-38.75645620919296, 50.09671107000948), (-38.78717286799451, 50.094115578907726), (-38.817799230385454, 50.09142985523808), (-38.848335296258334, 50.08865389933325), (-38.87878106550686, 50.08578771152711), (-38.90913653802594, 50.082831292154744), (-38.93940171371169, 50.079784641552415), (-38.9695765924614, 50.07664776005759), (-38.999661174173575, 50.07342064800891), (-39.02965545874789, 50.07010330574624), (-39.059559446085224, 50.066695733610594), (-39.08937313608766, 50.06319793194422), (-39.11909652865846, 50.05960990109052), (-39.148729623702096, 50.05593164139412), (-39.17827242112422, 50.05216315320081), (-39.20772492083168, 50.048304436857585), (-39.23708712273253, 50.04435549271264), (-39.266359026736005, 50.04031632111535), (-39.29554063275254, 50.03618692241628), (-39.32463194069376, 50.031967296967196), (-39.35363295047249, 50.027657445121044), (-39.38254366200274, 50.02325736723198), (-39.41136407519972, 50.018767063655325), (-39.44009418997984, 50.014186534747616), (-39.46873400626069, 50.00951578086657), (-39.497283523961066, 50.0047548023711), (-39.525742743000954, 49.999903599621305)]",True
1783882093.387829,0,-38.280456267220636,50.159588677916204,0.8000000197820691,223.1267121036343,-0.39315629438639377,-34.095224340582924,49.454987301903984,1.4592030190288139,225.5375754144394,-0.37448770691269895,4.185231926637712,-0.7046013760122207,0.6592029992467447,2.410863310805098,0.01866858747369482,"[(-38.21918347018989, 50.135082686129344), (-38.251001975419825, 50.13358734377644), (-38.282729941005, 50.13200151788459), (-38.31436736682262, 50.13032520877387), (-38.345914252751115, 50.12855841676556), (-38.377370598670105, 50.12670114218214), (-38.40873640446042, 50.12475338534731), (-38.440011670004104, 50.122715146585946), (-38.471196395184386, 50.12058642622414), (-38.502290579885724, 50.118367224589186), (-38.53329422399376, 50.11605754200958), (-38.56420732739534, 50.113657378815006), (-38.595029889978534, 50.111166735336376), (-38.625761911632594, 50.10858561190579), (-38.656403392247995, 50.105914008856544), (-38.68695433171641, 50.103151926523154), (-38.7174147299307, 50.10029936524131), (-38.74778458678496, 50.097356325347945), (-38.77806390217447, 50.09432280718116), (-38.808252675995725, 50.09119881108026), (-38.83835090814641, 50.08798433738578), (-38.868358598525425, 50.08467938643942), (-38.898275747032876, 50.081283958584116), (-38.92810235357007, 50.077798054163985), (-38.957838418039515, 50.07422167352435), (-38.98748394034494, 50.07055481701173), (-39.01703892039124, 50.066797484973875), (-39.046503358084564, 50.0629496777597), (-39.07587725333223, 50.05901139571933), (-39.10516060604277, 50.05498263920412), (-39.13435341612593, 50.0508634085666), (-39.16345568349265, 50.04665370416051), (-39.19246740805508, 50.0423535263408), (-39.221388589726565, 50.0379628754636), (-39.25021922842166, 50.03348175188626), (-39.27895932405614, 50.028910155967324), (-39.30760887654695, 50.02424808806655), (-39.33616788581228, 50.019495548544896), (-39.364636351771495, 50.0146525377645), (-39.39301427434516, 50.00971905608872), (-39.421301653455075, 50.00469510388212), (-39.449498489024215, 49.99958068151046), (-39.47760478097678, 49.9943757893407), (-39.50562052923817, 49.989080427741), (-39.533545733734975, 49.983694597080735)]",True
1783882093.450505,0,-38.31152375956473,50.16725677096578,0.8000000153015512,223.1267121036343,-0.39315629438639377,-34.14733244364463,49.469142240636664,1.265871620232845,225.5375754144394,-0.37448770691269895,4.1641913159201,-0.6981145303291143,0.46587160493129387,2.410863310805098,0.01866858747369482,"[(-38.272682483476316, 50.148296473511415), (-38.30550236979641, 50.14684093867489), (-38.33823256578539, 50.14529577020506), (-38.37087307131079, 50.14366096841288), (-38.40342388624131, 50.14193653361048), (-38.43588501044682, 50.140122466111144), (-38.468256443798325, 50.13821876622932), (-38.500538186168015, 50.13622543428061), (-38.53273023742922, 50.134142470581764), (-38.56483259745645, 50.13196987545071), (-38.596845266125385, 50.12970764920653), (-38.628768243312834, 50.12735579216946), (-38.660601528896784, 50.1249143046609), (-38.69234512275639, 50.1223831870034), (-38.72399902477196, 50.119762439520684), (-38.755563234824976, 50.117052062537624), (-38.78703775279805, 50.114252056380245), (-38.81842257857499, 50.11136242137575), (-38.84971771204075, 50.108383157852494), (-38.88092315308145, 50.10531426613998), (-38.91203890158435, 50.102155746568876), (-38.94306495743791, 50.09890759947102), (-38.97400132053172, 50.09556982517939), (-39.00484799075653, 50.09214242402813), (-39.03560496800428, 50.088625396352555), (-39.06627225216804, 50.085018742489126), (-39.09684984314207, 50.081322462775454), (-39.12733774082176, 50.07753655755034), (-39.15773594510368, 50.07366102715371), (-39.18804445588557, 50.069695871926676), (-39.218263273066306, 50.065641092211486), (-39.248392396545945, 50.06149668835157), (-39.278431826225706, 50.057262660691485), (-39.30838156200795, 50.05293900957699), (-39.33824160379622, 50.048525735354964), (-39.368011951495205, 50.04402283837346), (-39.39769260501077, 50.03943031898169), (-39.42728356424992, 50.03474817753003), (-39.45678482912084, 50.029976414370005), (-39.48619639953287, 50.025115029854305), (-39.51551827539652, 50.02016402433677), (-39.54475045662345, 50.01512339817242), (-39.573892943126474, 50.00999315171741), (-39.60294573481958, 50.004773285329065), (-39.63190883161791, 49.99946379936586)]",True
1783882093.481749,0,-38.35029807262067,50.17708231420936,0.8000000130982245,223.1267121036343,-0.39315629438639377,-34.20631115155445,49.48270928933795,1.1707995301572713,225.5375754144394,-0.37448770691269895,4.143986921066215,-0.6943730248714104,0.3707995170590468,2.410863310805098,0.01866858747369482,"[(-38.29744738626068, 50.153520620385756), (-38.3292846154994, 50.151401475024684), (-38.36103117021974, 50.1491917124829), (-38.39268705029817, 50.14689133309013), (-38.424252255612366, 50.144500337177284), (-38.455726786041225, 50.14201872507649), (-38.487110641464845, 50.1394464971211), (-38.51840382176455, 50.13678365364565), (-38.549606326822854, 50.134030194985904), (-38.5807181565235, 50.13118612147882), (-38.61173931075144, 50.12825143346258), (-38.642669789392826, 50.12522613127656), (-38.67350959233503, 50.12211021526136), (-38.70425871946664, 50.11890368575878), (-38.73491717067744, 50.115606543111824), (-38.76548494585844, 50.112218787664716), (-38.795962044901856, 50.10874041976288), (-38.82634846770111, 50.105171439752965), (-38.85664421415085, 50.1015118479828), (-38.88684928414691, 50.09776164480145), (-38.91696367758637, 50.09392083055918), (-38.946987394367476, 50.089989405607454), (-38.97692043438973, 50.08596737029895), (-39.00676279755382, 50.08185472498757), (-39.03651448376164, 50.077651470028414), (-39.06617549291632, 50.07335760577777), (-39.09574582492218, 50.068973132593165), (-39.125225479684765, 50.06449805083332), (-39.15461445711082, 50.05993236085818), (-39.1839127571083, 50.05527606302888), (-39.21312037958639, 50.050529157707764), (-39.24223732445547, 50.0456916452584), (-39.27126359162713, 50.04076352604556), (-39.30019918101418, 50.03574480043522), (-39.32904409253063, 50.03063546879455), (-39.35779832609171, 50.02543553149196), (-39.38646188161386, 50.020144988897044), (-39.41503475901472, 50.01476384138062), (-39.443516958213166, 50.009292089314705), (-39.47190847912926, 50.00372973307253), (-39.500209321684295, 49.99807677302854), (-39.528419485800754, 49.99233320955836), (-39.556538971402354, 49.98649904303887), (-39.584567778414, 49.98057427384811), (-39.61250590676182, 49.974558902365374)]",True
1783882093.5310812,0,-38.39659287602336,50.18975865114896,0.8000000122529397,223.1267121036343,-0.39315629438639377,-34.26301032114831,49.4926206810311,1.1376908473049443,225.5375754144394,-0.37448770691269895,4.133582554875055,-0.6971379701178648,0.3376908350520046,2.410863310805098,0.01866858747369482,"[(-38.312200181882474, 50.15643168668192), (-38.34247598228309, 50.15353506799233), (-38.37266084003625, 50.15054756288967), (-38.40275475503854, 50.147469171716374), (-38.43275772718782, 50.14429989481608), (-38.46266975638312, 50.14103973253367), (-38.49249084252473, 50.13768868521524), (-38.52222098551415, 50.134246753208096), (-38.551860185254114, 50.13071393686078), (-38.58140844164856, 50.127090236523046), (-38.61086575460266, 50.12337565254587), (-38.640232124022816, 50.11957018528145), (-38.66950754981664, 50.1156738350832), (-38.698692031892975, 50.11168660230577), (-38.72778557016188, 50.107608487305), (-38.75678816453463, 50.10343949043799), (-38.78569981492375, 50.09917961206303), (-38.81452052124298, 50.094828852539656), (-38.843250283407265, 50.09038721222859), (-38.871889101332776, 50.08585469149181), (-38.90043697493692, 50.0812312906925), (-38.92889390413833, 50.07651701019506), (-38.95725988885684, 50.07171185036511), (-38.985534929013525, 50.06681581156951), (-39.01371902453069, 50.061828894176315), (-39.041812175331835, 50.05675109855482), (-39.069814381341715, 50.05158242507553), (-39.09772564248628, 50.04632287411017), (-39.125545958692726, 50.04097244603169), (-39.15327532988945, 50.035531141214264), (-39.18091375600609, 50.02999896003328), (-39.208461236973505, 50.02437590286535), (-39.23591777272377, 50.01866197008831), (-39.263283363190176, 50.01285716208121), (-39.29055800830726, 50.006961479224316), (-39.317741708010765, 50.00097492189913), (-39.344834462237664, 49.994897490488356), (-39.371836270926146, 49.98872918537594), (-39.39874713401562, 49.98247000694703), (-39.42556705144674, 49.97611995558801), (-39.45229602316136, 49.96967903168647), (-39.47893404910256, 49.96314723563122), (-39.50548112921465, 49.95652456781231), (-39.53193726344316, 49.94981102862099), (-39.558302451734846, 49.94300661844974)]",True
1783882093.5907986,0,-38.41210092291813,50.19369442270596,0.8000000121386536,223.1267121036343,-0.39315629438639377,-34.29677725488572,49.49653846713426,1.1293946813591857,225.5375754144394,-0.37448770691269895,4.11532366803241,-0.6971559555717022,0.3293946692205322,2.410863310805098,0.01866858747369482,"[(-38.36376551705751, 50.16870236624771), (-38.3926631797589, 50.16496689939902), (-38.42147076775002, 50.16114141214378), (-38.45018828094833, 50.15722590482595), (-38.47881571927244, 50.15322037779069), (-38.507353082642155, 50.14912483138429), (-38.53580037097846, 50.14493926595427), (-38.56415758420349, 50.140663681849276), (-38.59242472224061, 50.13629807941916), (-38.620601785014316, 50.13184245901495), (-38.648688772450306, 50.127296820988825), (-38.67668568447545, 50.12266116569417), (-38.704592521017794, 50.11793549348552), (-38.73240928200656, 50.11311980471861), (-38.76013596737216, 50.10821409975033), (-38.78777257704617, 50.103218378938756), (-38.815319110961354, 50.09813264264315), (-38.842775569051646, 50.092956891223935), (-38.870141951252165, 50.0876911250427), (-38.897418257499204, 50.082335344462244), (-38.92460448773024, 50.07688954984651), (-38.95170064188392, 50.07135374156063), (-38.97870671990006, 50.0657279199709), (-39.005622721719675, 50.06001208544481), (-39.03244864728496, 50.05420623835102), (-39.05918449653926, 50.04831037905936), (-39.08583026942713, 50.04232450794083), (-39.11238596589427, 50.036248625367634), (-39.138851585887586, 50.030082731713115), (-39.16522712935515, 50.02382682735182), (-39.19151259624623, 50.01748091265945), (-39.21770798651123, 50.0110449880129), (-39.24381330010177, 50.00451905379023), (-39.26982853697063, 49.997903110370686), (-39.29575369707178, 49.99119715813467), (-39.321588780360365, 49.984401197463775), (-39.34733378679269, 49.97751522874078), (-39.37298871632626, 49.97053925234961), (-39.39855356891976, 49.963473268675386), (-39.424028344533035, 49.95631727810441), (-39.44941304312711, 49.94907128102414), (-39.47470766466421, 49.94173527782323), (-39.499912209107706, 49.93430926889149), (-39.52502667642217, 49.926793254619916), (-39.550051066573346, 49.91918723540069)]",True
1783882093.6381924,0,-38.42767367413371,50.197367032392755,0.8000000120637075,223.1267121036343,-0.39315629438639377,-34.31920398752361,49.498929593998746,1.1261608085801764,225.5375754144394,-0.37448770691269895,4.1084696866101,-0.6984374383940093,0.3261607965164689,2.410863310805098,0.01866858747369482,"[(-38.377328186634486, 50.17152637641394), (-38.40256891185789, 50.166287036706045), (-38.427718971610275, 50.16095708277392), (-38.452778365856304, 50.15553651498733), (-38.47774709456185, 50.15002533371729), (-38.50262515769398, 50.14442353933596), (-38.527412555220984, 50.13873113221675), (-38.552109287112344, 50.13294811273424), (-38.576715353338756, 50.12707448126424), (-38.601230753872116, 50.121110238183746), (-38.62565548868553, 50.115055383870974), (-38.64998955775331, 50.10890991870533), (-38.67423296105096, 50.10267384306743), (-38.69838569855521, 50.09634715733909), (-38.72244777024398, 50.08992986190332), (-38.74641917609642, 50.08342195714436), (-38.770299916092846, 50.07682344344763), (-38.79408999021481, 50.07013432119976), (-38.81778939844506, 50.06335459078859), (-38.84139814076755, 50.05648425260316), (-38.86491621716745, 50.049523307033716), (-38.88834362763111, 50.0424717544717), (-38.91168037214611, 50.03532959530975), (-38.934926450701234, 50.028096829941724), (-38.95808186328645, 50.02077345876268), (-38.98114660989297, 50.01335948216888), (-39.00412069051316, 50.005854900557786), (-39.027004105140634, 49.998259714328064), (-39.04979685377019, 49.99057392387958), (-39.07249893639785, 49.982797529613414), (-39.09511035302082, 49.97493053193184), (-39.11763110363753, 49.96697293123833), (-39.1400611882476, 49.958924727937585), (-39.16240060685187, 49.95078592243547), (-39.18464935945237, 49.942556515139096), (-39.20680744605235, 49.93423650645675), (-39.22887486665626, 49.92582589679792), (-39.25085162126975, 49.91732468657331), (-39.272737709899694, 49.908732876194826), (-39.29453313255414, 49.90005046607558), (-39.31623788924237, 49.89127745662987), (-39.33785197997486, 49.882413848273224), (-39.35937540476329, 49.87345964142235), (-39.38080816362056, 49.86441483649517), (-39.402150256560745, 49.85527943391081)]",True
1783882093.6942937,0,-38.45101097429447,50.20296781759676,0.8000000119967512,223.1267121036343,-0.39315629438639377,-34.35275785645926,49.5024435763513,1.1232716838436732,225.5375754144394,-0.37448770691269895,4.098253117835206,-0.7005242412454606,0.32327167184692196,2.410863310805098,0.01866858747369482,"[(-38.395290594089815, 50.17598025576484), (-38.41578464742834, 50.16894934538801), (-38.43618861439489, 50.161828394293615), (-38.45650249501665, 50.154617402867565), (-38.476726289322, 50.14731637149691), (-38.49685999734049, 50.13992530056989), (-38.51690361910284, 50.132444190475915), (-38.53685715464094, 50.12487304160557), (-38.556720603987856, 50.1172118543506), (-38.57649396717784, 50.10946062910394), (-38.596177244246306, 50.10161936625969), (-38.61577043522985, 50.09368806621312), (-38.635273540166246, 50.085666729360675), (-38.65468655909443, 50.07755535609997), (-38.67400949205451, 50.06935394682979), (-38.69324233908778, 50.061062501950104), (-38.71238510023671, 50.05268102186204), (-38.73143777554493, 50.04420950696792), (-38.75040036505726, 50.0356479576712), (-38.76927286881968, 50.02699637437655), (-38.78805528687935, 50.01825475748979), (-38.80674761928462, 50.00942310741792), (-38.82534986608499, 50.0005014245691), (-38.84386202733115, 49.99148970935268), (-38.86228410307495, 49.98238796217917), (-38.88061609336943, 49.97319618346025), (-38.8988579982688, 49.9639143736088), (-38.917009817828436, 49.954542533038826), (-38.93507155210489, 49.945080662165545), (-38.95304320115589, 49.93552876140534), (-38.97092476504036, 49.92588683117574), (-38.98871624381835, 49.91615487189548), (-39.00641763755114, 49.90633288398445), (-39.02402894630114, 49.89642086786371), (-39.041550170131956, 49.8864188239555), (-39.05898130910837, 49.87632675268324), (-39.07632236329632, 49.866144654471505), (-39.093573332762936, 49.855872529746044), (-39.110734217576514, 49.84551037893379), (-39.12780501780653, 49.83505820246284), (-39.14478573352363, 49.82451600076247), (-39.16167636479963, 49.813883774263125), (-39.178476911707534, 49.80316152339641), (-39.1951873743215, 49.79234924859513), (-39.21180775271687, 49.78144695029323)]",True
