timestamp,lap,ego_x,ego_y,ego_vel,ego_s,ego_d,opp_x,opp_y,opp_vel,opp_s,opp_d,rel_x,rel_y,rel_vel,rel_s,rel_d,imm_trajectory,imm_active
1783881276.5934882,0,23.78649281516308,11.63530110936087,0.9194484783245203,95.26471261500063,-0.16211568929666112,23.08270224746505,14.4895865175373,1.3335859635468201,101.06910704395386,-0.43754649457216943,-0.7037905676980287,2.8542854081764286,0.4141374852222999,5.8043944289532305,-0.27543080527550834,"[(23.806521378246323, 11.618275154984152), (23.804961534884946, 11.644610808815886), (23.803392976751184, 11.670957511607792), (23.8018157041031, 11.69731526061291), (23.800229717199624, 11.723684053083215), (23.798635016300558, 11.750063886269615), (23.79703160166655, 11.776454757421954), (23.795419473559125, 11.80285666378901), (23.793798632240662, 11.829269602618501), (23.792169077974407, 11.855693571157081), (23.790530811024464, 11.882128566650339), (23.788883831655806, 11.9085745863428), (23.78722814013426, 11.935031627477924), (23.78556373672652, 11.961499687298117), (23.783890621700145, 11.987978763044714), (23.782208795323555, 12.014468851957991), (23.780518257866028, 12.040969951277164), (23.778819009597704, 12.067482058240385), (23.777111050789593, 12.094005170084747), (23.775394381713557, 12.120539284046282), (23.773669002642333, 12.14708439735996), (23.771934913849506, 12.173640507259691), (23.77019211560953, 12.200207610978325), (23.76844060819772, 12.226785705747652), (23.76668039189026, 12.253374788798405), (23.764911466964186, 12.279974857360257), (23.763133833697395, 12.306585908661821), (23.761347492368657, 12.333207939930652), (23.75955244325759, 12.359840948393245), (23.757748686644685, 12.38648493127504), (23.75593622281129, 12.413139885800419), (23.754115052039612, 12.439805809192704), (23.752285174612727, 12.466482698674163), (23.750446590814565, 12.493170551466005), (23.74859930092992, 12.519869364788383), (23.74674330524445, 12.546579135860394), (23.744878604044676, 12.57329986190008), (23.743005197617972, 12.600031540124428), (23.741123086252582, 12.626774167749366), (23.739232270237608, 12.653527741989768), (23.73733274986301, 12.680292260059456), (23.73542452541962, 12.707067719171196), (23.733507597199118, 12.733854116536698), (23.73158196549405, 12.760651449366621), (23.72964763059783, 12.78745971487057)]",True
1783881276.6348813,0,23.782233442139376,11.643524641316054,0.93278870544755,95.26471261500063,-0.16211568929666112,23.076550536806035,14.514742938799724,1.2600645590157058,101.06910704395386,-0.43754649457216943,-0.7056829053333402,2.8712182974836704,0.3272758535681558,5.8043944289532305,-0.27543080527550834,"[(23.78854883591234, 11.649021498387203), (23.786384146199516, 11.669626778919284), (23.784210419366136, 11.690240042665204), (23.78202765573424, 11.710861287483059), (23.77983585562675, 11.731490511230179), (23.77763501936749, 11.752127711763126), (23.775425147281183, 11.772772886937696), (23.773206239693437, 11.793426034608919), (23.770978296930757, 11.81408715263105), (23.768741319320544, 11.834756238857587), (23.766495307191093, 11.855433291141257), (23.76424026087159, 11.87611830733402), (23.76197618069211, 11.89681128528707), (23.759703066983636, 11.917512222850839), (23.757420920078033, 11.938221117874987), (23.755129740308064, 11.958937968208414), (23.752829528007382, 11.979662771699251), (23.75052028351054, 12.000395526194868), (23.748202007152976, 12.021136229541865), (23.74587469927103, 12.041884879586082), (23.743538360201935, 12.062641474172592), (23.741192990283807, 12.083406011145705), (23.738838589855668, 12.104178488348968), (23.736475159257427, 12.124958903625162), (23.734102698829886, 12.145747254816303), (23.731721208914745, 12.166543539763651), (23.729330689854592, 12.187347756307698), (23.726931141992907, 12.208159902288173), (23.72452256567407, 12.228979975544043), (23.72210496124335, 12.249807973913512), (23.719678329046907, 12.270643895234024), (23.717242669431798, 12.291487737342258), (23.714797982745967, 12.312339498074136), (23.71234426933826, 12.333199175264813), (23.70988152955841, 12.354066766748687), (23.70740976375704, 12.374942270359394), (23.704928972285668, 12.395825683929809), (23.702439155496712, 12.416717005292044), (23.69994031374348, 12.437616232277456), (23.69743244738016, 12.458523362716639), (23.694915556761845, 12.479438394439425), (23.69238964224452, 12.500361325274888), (23.689854704185056, 12.521292153051345), (23.68731074294122, 12.542230875596351), (23.684757758871676, 12.5631774907367)]",True
1783881276.7023506,0,-3.9524242499756244,25.03306609495417,0.06792936209927022,95.26471261500063,-0.16211568929666112,3.0095409688555215,25.246248312012668,0.06340073570992702,101.06910704395386,-0.43754649457216943,6.961965218831146,0.21318221705849894,-0.004528626389343204,5.8043944289532305,-0.27543080527550834,"[(23.779967843582423, 11.663414299495479), (23.777525917105276, 11.682345080274763), (23.775074804482152, 11.701282954315571), (23.77261450606437, 11.720227919653077), (23.77014502220416, 11.739179974321765), (23.76766635325467, 11.758139116355444), (23.765178499569938, 11.777105343787243), (23.762681461504926, 11.796078654649605), (23.760175239415496, 11.815059046974296), (23.75765983365842, 11.8340465187924), (23.75513524459138, 11.85304106813432), (23.752601472572966, 11.872042693029782), (23.750058517962675, 11.891051391507828), (23.74750638112091, 11.910067161596825), (23.744945062408988, 11.929090001324456), (23.742374562189127, 11.948119908717729), (23.739794880824462, 11.967156881802968), (23.737206018679025, 11.986200918605823), (23.734607976117765, 12.005252017151262), (23.732000753506533, 12.024310175463576), (23.72938435121209, 12.043375391566379), (23.72675876960211, 12.062447663482601), (23.724124009045166, 12.081526989234503), (23.72148006991074, 12.100613366843662), (23.718826952569227, 12.11970679433098), (23.716164657391925, 12.138807269716681), (23.713493184751044, 12.157914791020312), (23.710812535019695, 12.177029356260743), (23.708122708571903, 12.196150963456168), (23.705423705782593, 12.215279610624105), (23.702715527027607, 12.234415295781394), (23.699998172683685, 12.253558016944202), (23.697271643128477, 12.272707772128019), (23.694535938740547, 12.291864559347657), (23.691791059899355, 12.311028376617253), (23.689037006985277, 12.330199221950274), (23.686273780379587, 12.349377093359506), (23.683501380464477, 12.36856198885706), (23.68071980762304, 12.387753906454378), (23.677929062239272, 12.406952844162227), (23.675129144698086, 12.426158799990693), (23.672320055385292, 12.445371771949196), (23.669501794687612, 12.464591758046476), (23.666674362992673, 12.483818756290601), (23.66383776068901, 12.50305276468897)]",True
1783881276.737001,0,-3.965515134643162,25.033043155281213,0.35486393107804465,95.26471261500063,-0.16211568929666112,3.0009009251520644,25.237609228667715,0.3312063239219874,101.06910704395386,-0.43754649457216943,6.966416059795226,0.204566073386502,-0.023657607156057248,5.8043944289532305,-0.27543080527550834,"[(-4.823730414408302, 25.712854577621272), (-5.334980414403227, 26.2241045776162), (-5.853730414394769, 26.74285457760774), (-6.379980414382928, 27.2691045775959), (-6.913730414367704, 27.80285457758068), (-7.454980414349096, 28.34410457756207), (-8.003730414327107, 28.89285457754008), (-8.559980414301734, 29.44910457751471), (-9.123730414272979, 30.012854577485953), (-9.69498041424084, 30.584104577453814), (-10.273730414205318, 31.162854577418294), (-10.859980414166413, 31.749104577379388), (-11.453730414124125, 32.3428545773371), (-12.054980414078456, 32.94410457729143), (-12.663730414029402, 33.55285457724237), (-13.279980413976965, 34.169104577189934), (-13.903730413921146, 34.79285457713411), (-14.534980413861943, 35.4241045770749), (-15.173730413799356, 36.06285457701231), (-15.819980413733388, 36.70910457694634), (-16.473730413664036, 37.362854576876984), (-17.1349804135913, 38.02410457680425), (-17.803730413515183, 38.692854576728124), (-18.479980413435683, 39.36910457664862), (-19.1637304133528, 40.05285457656573), (-19.85498041326653, 40.74410457647946), (-20.553730413176883, 41.442854576389806), (-21.25998041308385, 42.14910457629677), (-21.973730412987432, 42.86285457620035), (-22.694980412887634, 43.58410457610054), (-23.42373041278445, 44.312854575997356), (-24.159980412677886, 45.04910457589079), (-24.90373041256794, 45.79285457578084), (-25.654980412454606, 46.544104575667504), (-26.41373041233789, 47.30285457555078), (-27.179980412217795, 48.06910457543068), (-27.953730412094313, 48.84285457530719), (-28.73498041196745, 49.624104575180326), (-29.523730411837203, 50.412854575050076), (-30.319980411703572, 51.209104574916445), (-31.12373041156656, 52.012854574779425), (-31.934980411426164, 52.82410457463902), (-32.75373041128238, 53.64285457449524), (-33.57998041113522, 54.46910457434807), (-34.41373041098467, 55.302854574197525)]",True
1783881276.785039,0,-3.9692646402059917,25.03302125642128,0.3950501534226443,95.26471261500063,-0.16211568929666112,2.9984291029752947,25.23513187371309,0.36871346344623296,101.06910704395386,-0.43754649457216943,6.967693743181286,0.20211061729181168,-0.026336689976411365,5.8043944289532305,-0.27543080527550834,"[(-4.681880608635468, 25.642171149317655), (-5.193128999776917, 26.153419540459105), (-5.711876318345999, 26.672166859028188), (-6.238122564342714, 27.1984131050249), (-6.771867737767061, 27.732158278449248), (-7.313111838619041, 28.273402379301228), (-7.861854866898653, 28.82214540758084), (-8.418096822605898, 29.378387363288088), (-8.981837705740777, 29.942128246422964), (-9.553077516303286, 30.513368056985474), (-10.13181625429343, 31.092106794975617), (-10.718053919711206, 31.678344460393394), (-11.311790512556614, 32.2720810532388), (-11.913026032829656, 32.87331657351184), (-12.521760480530329, 33.48205102121252), (-13.137993855658635, 34.09828439634083), (-13.761726158214575, 34.722016698896766), (-14.392957388198147, 35.353247928880336), (-15.031687545609351, 35.99197808629154), (-15.677916630448188, 36.638207171130375), (-16.331644642714657, 37.291935183396845), (-16.99287158240876, 37.95316212309095), (-17.661597449530497, 38.621887990212684), (-18.337822244079863, 39.298112784762054), (-19.021545966056863, 39.98183650673906), (-19.712768615461496, 40.673059156143694), (-20.411490192293762, 41.37178073297596), (-21.11771069655366, 42.07800123723585), (-21.83143012824119, 42.79172066892338), (-22.552648487356354, 43.512939028038545), (-23.28136577389915, 44.24165631458134), (-24.01758198786958, 44.97787252855177), (-24.761297129267643, 45.721587669949834), (-25.512511198093335, 46.47280173877553), (-26.27122419434666, 47.23151473502886), (-27.03743611802762, 47.99772665870982), (-27.811146969136214, 48.77143750981841), (-28.59235674767244, 49.552647288354635), (-29.381065453636296, 50.34135599431849), (-30.177273087027785, 51.13756362770998), (-30.980979647846908, 51.9412701885291), (-31.792185136093664, 52.75247567677586), (-32.610889551768054, 53.57118009245025), (-33.43709289487008, 54.39738343555227), (-34.27079516539973, 55.23108570608193)]",True
1783881276.8480172,0,-3.9692646402059917,25.03302125642128,0.3950501534226443,95.26471261500063,-0.16211568929666112,2.9984291029752947,25.23513187371309,0.36871346344623296,101.06910704395386,-0.43754649457216943,6.967693743181286,0.20211061729181168,-0.026336689976411365,5.8043944289532305,-0.27543080527550834,"[(-4.681880608635468, 25.642171149317655), (-5.193128999776917, 26.153419540459105), (-5.711876318345999, 26.672166859028188), (-6.238122564342714, 27.1984131050249), (-6.771867737767061, 27.732158278449248), (-7.313111838619041, 28.273402379301228), (-7.861854866898653, 28.82214540758084), (-8.418096822605898, 29.378387363288088), (-8.981837705740777, 29.942128246422964), (-9.553077516303286, 30.513368056985474), (-10.13181625429343, 31.092106794975617), (-10.718053919711206, 31.678344460393394), (-11.311790512556614, 32.2720810532388), (-11.913026032829656, 32.87331657351184), (-12.521760480530329, 33.48205102121252), (-13.137993855658635, 34.09828439634083), (-13.761726158214575, 34.722016698896766), (-14.392957388198147, 35.353247928880336), (-15.031687545609351, 35.99197808629154), (-15.677916630448188, 36.638207171130375), (-16.331644642714657, 37.291935183396845), (-16.99287158240876, 37.95316212309095), (-17.661597449530497, 38.621887990212684), (-18.337822244079863, 39.298112784762054), (-19.021545966056863, 39.98183650673906), (-19.712768615461496, 40.673059156143694), (-20.411490192293762, 41.37178073297596), (-21.11771069655366, 42.07800123723585), (-21.83143012824119, 42.79172066892338), (-22.552648487356354, 43.512939028038545), (-23.28136577389915, 44.24165631458134), (-24.01758198786958, 44.97787252855177), (-24.761297129267643, 45.721587669949834), (-25.512511198093335, 46.47280173877553), (-26.27122419434666, 47.23151473502886), (-27.03743611802762, 47.99772665870982), (-27.811146969136214, 48.77143750981841), (-28.59235674767244, 49.552647288354635), (-29.381065453636296, 50.34135599431849), (-30.177273087027785, 51.13756362770998), (-30.980979647846908, 51.9412701885291), (-31.792185136093664, 52.75247567677586), (-32.610889551768054, 53.57118009245025), (-33.43709289487008, 54.39738343555227), (-34.27079516539973, 55.23108570608193)]",True
1783881276.9617424,0,-3.9692646402059917,25.03302125642128,0.3950501534226443,95.26471261500063,-0.16211568929666112,2.9984291029752947,25.23513187371309,0.36871346344623296,101.06910704395386,-0.43754649457216943,6.967693743181286,0.20211061729181168,-0.026336689976411365,5.8043944289532305,-0.27543080527550834,"[(-4.642816877790244, 25.62190413390457), (-5.154041145095631, 26.13312840120996), (-5.6727482572701255, 26.65183551338445), (-6.198938214313728, 27.178025470428054), (-6.732611016226437, 27.71169827234076), (-7.273766663008255, 28.25285391912258), (-7.8224051546591795, 28.801492410773502), (-8.378526491179212, 29.357613747293534), (-8.942130672568352, 29.921217928682672), (-9.5132176988266, 30.49230495494092), (-10.091787569953954, 31.070874826068273), (-10.677840285950417, 31.656927542064736), (-11.271375846815987, 32.250463102930304), (-11.872394252550665, 32.85148150866498), (-12.48089550315445, 33.45998275926877), (-13.096879598627343, 34.075966854741665), (-13.720346538969343, 34.699433795083664), (-14.351296324180451, 35.33038358029477), (-14.989728954260666, 35.96881621037499), (-15.63564442920999, 36.614731685324315), (-16.28904274902842, 37.268130005142744), (-16.94992391371596, 37.92901116983028), (-17.618287923272607, 38.59737517938693), (-18.29413477769836, 39.27322203381269), (-18.977464476993223, 39.956551733107545), (-19.66827702115719, 40.647364277271514), (-20.36657241019027, 41.34565966630459), (-21.072350644092452, 42.05143790020678), (-21.785611722863745, 42.76469897897807), (-22.506355646504144, 43.485442902618466), (-23.23458241501365, 44.213669671127974), (-23.970292028392265, 44.94937928450659), (-24.713484486639988, 45.69257174275431), (-25.464159789756817, 46.44324704587114), (-26.222317937742755, 47.20140519385708), (-26.9879589305978, 47.967046186712125), (-27.761082768321952, 48.740170024436274), (-28.54168945091521, 49.52077670702953), (-29.32977897837758, 50.3088662344919), (-30.125351350709053, 51.10443860682338), (-30.928406567909636, 51.90749382402396), (-31.738944629979326, 52.71803188609365), (-32.55696553691812, 53.53605279303245), (-33.38246928872603, 54.361556544840354), (-34.21545588540304, 55.194543141517364)]",True
1783881277.011624,0,-3.977921568116617,25.032931495416065,0.4697808946435732,95.26471261500063,-0.16211568929666112,2.9927265692765253,25.229407231202423,0.43846215277782263,101.06910704395386,-0.43754649457216943,6.970648137393143,0.19647573578635757,-0.031318741865750566,5.8043944289532305,-0.27543080527550834,"[(-4.605258938276368, 25.601016948981886), (-5.107637575012465, 26.09986312323495), (-5.611601954429432, 26.597940065253116), (-6.117152076527269, 27.095247775036384), (-6.624287941305976, 27.591786252584754), (-7.133009548765553, 28.087555497898226), (-7.643316898906, 28.5825555109768), (-8.155209991727316, 29.076786291820476), (-8.668688827229504, 29.570247840429257), (-9.183753405412562, 30.06294015680314), (-9.700403726276488, 30.554863240942126), (-10.218639789821284, 31.046017092846213), (-10.73846159604695, 31.536401712515403), (-11.259869144953486, 32.02601709994969), (-11.782862436540892, 32.51486325514908), (-12.307441470809168, 33.002940178113576), (-12.833606247758315, 33.49024786884318), (-13.361356767388331, 33.97678632733788), (-13.890693029699218, 34.46255555359768), (-14.421615034690975, 34.947555547622585), (-14.954122782363601, 35.431786309412594), (-15.488216272717098, 35.9152478389677), (-16.023895505751465, 36.397940136287914), (-16.5611604814667, 36.879863201373226), (-17.100011199862806, 37.36101703422364), (-17.64044766093978, 37.84140163483916), (-18.182469864697627, 38.32101700321978), (-18.726077811136342, 38.7998631393655), (-19.271271500255928, 39.277940043276324), (-19.818050932056384, 39.755247714952255), (-20.36641610653771, 40.23178615439328), (-20.916367023699905, 40.70755536159942), (-21.46790368354297, 41.18255533657065), (-22.021026086066907, 41.65678607930699), (-22.575734231271714, 42.13024758980843), (-23.13202811915739, 42.60293986807497), (-23.689907749723936, 43.07486291410661), (-24.249373122971353, 43.54601672790336), (-24.81042423889964, 44.0164013094652), (-25.373061097508796, 44.48601665879215), (-25.937283698798822, 44.9548627758842), (-26.50309204276972, 45.422939660741356), (-27.070486129421486, 45.890247313363616), (-27.639465958754123, 46.356785733750975), (-28.21003153076763, 46.82255492190344)]",True
1783881277.0638778,0,-3.9876257812666487,25.03275120608434,0.5004381064469379,95.26471261500063,-0.16211568929666112,2.9860906426033456,25.222735906855302,0.5017354437149285,101.06910704395386,-0.43754649457216943,6.973716423869995,0.18998470077096385,0.0012973372679906392,5.8043944289532305,-0.27543080527550834,"[(-4.562929764647448, 25.57670192135163), (-5.054500362424704, 26.068272519128882), (-5.540081071942717, 26.553853228646894), (-6.019671893201489, 27.03344404990566), (-6.49327282620102, 27.50704498290519), (-6.960883870941309, 27.974656027645473), (-7.422505027422357, 28.436277184126517), (-7.878136295644163, 28.891908452348318), (-8.327777675606727, 29.34154983231088), (-8.77142916731005, 29.785201324014196), (-9.20909077075413, 30.222862927458273), (-9.64076248593897, 30.65453464264311), (-10.066444312864567, 31.080216469568704), (-10.486136251530922, 31.499908408235058), (-10.899838301938038, 31.913610458642168), (-11.307550464085912, 32.321322620790035), (-11.709272737974544, 32.723044894678665), (-12.105005123603934, 33.11877728030805), (-12.494747620974083, 33.508519777678195), (-12.87850023008499, 33.8922723867891), (-13.256262950936657, 34.270035107640766), (-13.628035783529082, 34.641807940233186), (-13.993818727862266, 35.00759088456636), (-14.353611783936207, 35.3673839406403), (-14.707414951750907, 35.721187108455), (-15.055228231306366, 36.06900038801045), (-15.397051622602584, 36.41082377930667), (-15.73288512563956, 36.74665728234364), (-16.062728740417295, 37.07650089712137), (-16.386582466935785, 37.40035462363986), (-16.704446305195034, 37.71821846189911), (-17.01632025519504, 38.03009241189912), (-17.322204316935807, 38.33597647363988), (-17.62209849041733, 38.63587064712141), (-17.916002775639612, 38.92977493234369), (-18.203917172602655, 39.21768932930673), (-18.485841681306454, 39.49961383801053), (-18.761776301751013, 39.77554845845509), (-19.03172103393633, 40.04549319064041), (-19.295675877862404, 40.309448034566486), (-19.55364083352924, 40.56741299023332), (-19.805615900936832, 40.819388057640914), (-20.051601080085184, 41.06537323678926), (-20.291596370974293, 41.305368527678375), (-20.525601773604162, 41.539373930308244)]",True
1783881277.110712,0,-3.9926758534814955,25.032268852211374,0.5146822750522262,95.26471261500063,-0.16211568929666112,2.98241189907998,25.219111432648464,0.5311339235930197,101.06910704395386,-0.43754649457216943,6.975087752561476,0.1868425804370908,0.016451648540793506,5.8043944289532305,-0.27543080527550834,"[(-4.559059675087825, 25.576060340275863), (-5.058416251838236, 26.07541691702627), (-5.553280189167266, 26.5702808543553), (-6.043651487074915, 27.060652152262946), (-6.529530145561185, 27.546530810749214), (-7.010916164626074, 28.0279168298141), (-7.487809544269582, 28.504810209457606), (-7.960210284491709, 28.977210949679733), (-8.428118385292457, 29.44511905048048), (-8.891533846671823, 29.908534511859845), (-9.35045666862981, 30.36745733381783), (-9.804886851166417, 30.821887516354433), (-10.254824394281643, 31.271825059469656), (-10.700269297975488, 31.7172699631635), (-11.141221562247953, 32.158222227435964), (-11.577681187099037, 32.594681852287046), (-12.00964817252874, 33.02664883771674), (-12.437122518537063, 33.45412318372506), (-12.860104225124005, 33.877104890312), (-13.278593292289568, 34.29559395747756), (-13.69258972003375, 34.70959038522173), (-14.102093508356552, 35.119094173544525), (-14.507104657257972, 35.52410532244594), (-14.907623166738013, 35.92462383192598), (-15.303649036796672, 36.320649701984635), (-15.695182267433951, 36.71218293262191), (-16.08222285864985, 37.0992235238378), (-16.464770810444367, 37.481771475632314), (-16.842826122817502, 37.85982678800545), (-17.21638879576926, 38.2333894609572), (-17.585458829299636, 38.60245949448757), (-17.95003622340863, 38.96703688859656), (-18.310120978096247, 39.32712164328417), (-18.66571309336248, 39.682713758550406), (-19.016812569207335, 40.033813234395254), (-19.363419405630808, 40.38042007081872), (-19.7055336026329, 40.72253426782081), (-20.043155160213615, 41.06015582540152), (-20.376284078372947, 41.393284743560855), (-20.7049203571109, 41.7219210222988), (-21.02906399642747, 42.04606466161537), (-21.348714996322663, 42.365715661510556), (-21.663873356796472, 42.680874021984366), (-21.974539077848902, 42.99153974303679), (-22.280712159479954, 43.29771282466783)]",True
1783881277.1419096,0,-4.014106307491251,25.02935403887724,0.5652003241274374,95.26471261500063,-0.16211568929666112,2.965107261885959,25.203375149834542,0.6353979133260985,101.06910704395386,-0.43754649457216943,6.97921356937721,0.17402111095730177,0.07019758919866115,5.8043944289532305,-0.27543080527550834,"[(-4.48549371789261, 25.265248414536124), (-4.938014966977049, 25.478433857616324), (-5.389645473845678, 25.690735888150698), (-5.840384399508521, 25.902154135398195), (-6.290230906764079, 26.112688230367148), (-6.7391841602008835, 26.322337805815895), (-7.187243326199034, 26.53110249625342), (-7.634407572931743, 26.73898193793998), (-8.080676070366877, 26.94597576888771), (-8.526047990268486, 27.152083628861273), (-8.97052250619833, 27.35730515937845), (-9.414098793517418, 27.561640003710757), (-9.85677602938752, 27.765087806884072), (-10.29855339277269, 27.967648215679223), (-10.739430064440784, 28.169320878632593), (-11.179405226964965, 28.370105446036728), (-11.618478064725224, 28.570001569940917), (-12.056647763909876, 28.769008904151796), (-12.493913512517063, 28.967127104233942), (-12.930274500356251, 29.164355827510434), (-13.36572991904973, 29.36069473306346), (-13.800278962034097, 29.556143481734882), (-14.233920824561746, 29.750701736126814), (-14.666654703702351, 29.94436916060219), (-15.09847979834435, 30.137145421285336), (-15.529395309196417, 30.32903018606253), (-15.959400438788931, 30.520023124582565), (-16.38849439147545, 30.710123908257305), (-16.81667637343418, 30.899332210262244), (-17.243945592669427, 31.087647705537048), (-17.67030125901305, 31.275070070786104), (-18.095742584125947, 31.461598984479064), (-18.52026878149946, 31.647234126851387), (-18.94387906645686, 31.831975179904873), (-19.366572656154762, 32.015821827408196), (-19.788348769584594, 32.19877375489744), (-20.209206627573998, 32.38083064967661), (-20.629145452788293, 32.56199220081816), (-21.04816446973189, 32.74225809916352), (-21.466262904749716, 32.92162803732361), (-21.88343998602863, 33.100101709679336), (-22.299694943598862, 33.27767881238212), (-22.7150270093354, 33.454359043354394), (-23.129435416959424, 33.630142102290094), (-23.54291940203969, 33.80502769065517)]",True
1783881277.1886353,0,-4.037464854378748,25.027156413595932,0.6067737022180337,95.26471261500063,-0.16211568929666112,2.943925504601621,25.186340019530274,0.7212010341068316,101.06910704395386,-0.43754649457216943,6.981390358980369,0.15918360593434144,0.11442733188879783,5.8043944289532305,-0.27543080527550834,"[(-4.414590683356462, 25.228297725714853), (-4.796998644310694, 25.408256834192372), (-5.17888314118641, 25.587696136377026), (-5.560243911195898, 25.7666155176064), (-5.941080691943412, 25.94501486360248), (-6.321393221425351, 26.122894060471737), (-6.701181238030441, 26.300252994705193), (-7.080444480539906, 26.477091553178486), (-7.4591826881276555, 26.65340962315196), (-7.837395600360459, 26.829207092270714), (-8.215082957198124, 27.00448384856469), (-8.592244498993674, 27.17923978044872), (-8.968879966493525, 27.35347477672262), (-9.344989100837667, 27.527188726571243), (-9.720571643559834, 27.70038151956455), (-10.095627336587688, 27.87305304565768), (-10.470155922242986, 28.045203195191025), (-10.844157143241768, 28.21683185889029), (-11.21763074269452, 28.38793892786656), (-11.590576464106363, 28.558524293616376), (-11.962994051377212, 28.728587848021785), (-12.334883248801967, 28.898129483350427), (-12.706243801070675, 29.067149092255583), (-13.077075453268712, 29.235646567776257), (-13.447377950876955, 29.403621803337238), (-13.817151039771952, 29.571074692749157), (-14.186394466226103, 29.738005130208563), (-14.555107976907822, 29.90441301029798), (-14.923291318881722, 30.07029822798597), (-15.290944239608775, 30.235660678627212), (-15.658066486946499, 30.400500257962552), (-16.024657809149115, 30.56481686211907), (-16.39071795486773, 30.728610387610146), (-16.756246673150493, 30.89188073133553), (-17.121243713442794, 31.05462779058138), (-17.485708825587402, 31.21685146302036), (-17.849641759824657, 31.378551646711685), (-18.21304226679263, 31.539728240101166), (-18.575910097527302, 31.7003811420213), (-18.938245003462722, 31.860510251691327), (-19.300046736431188, 32.02011546871727), (-19.661315048663404, 32.179196693092024), (-20.022049692788656, 32.33775382519539), (-20.38225042183498, 32.49578676579418), (-20.741916989229328, 32.6532954160422)]",True
1783881277.2686415,0,-4.037464854378748,25.027156413595932,0.6067737022180337,95.26471261500063,-0.16211568929666112,2.943925504601621,25.186340019530274,0.7212010341068316,101.06910704395386,-0.43754649457216943,6.981390358980369,0.15918360593434144,0.11442733188879783,5.8043944289532305,-0.27543080527550834,"[(-4.314464081911351, 25.177295517002538), (-4.598558760605574, 25.31064731832786), (-4.882365025987278, 25.443711934945355), (-5.165882827407858, 25.576489345432197), (-5.449112114275444, 25.70897952842161), (-5.732052836054916, 25.841182462602863), (-6.01470494226791, 25.973098126721275), (-6.297068382492825, 26.104726499578238), (-6.5791431063648345, 26.236067560031184), (-6.8609290635758935, 26.367121286993626), (-7.14242620387475, 26.49788765943513), (-7.423634477066953, 26.628366656381335), (-7.704553833014859, 26.758558256913965), (-7.985184221637643, 26.8884624401708), (-8.265525592911308, 27.018079185345716), (-8.54557789686869, 27.14740847168866), (-8.825341083599472, 27.27645027850567), (-9.104815103250191, 27.405204585158877), (-9.383999906024245, 27.533671371066497), (-9.662895442181904, 27.661850615702843), (-9.941501662040315, 27.789742298598327), (-10.219818515973518, 27.917346399339465), (-10.497845954412446, 28.044662897568873), (-10.775583927844938, 28.171691772985277), (-11.053032386815753, 28.29843300534351), (-11.33019128192657, 28.42488657445453), (-11.607060563835999, 28.551052460185392), (-11.883640183259592, 28.67693064245929), (-12.159930090969853, 28.80252110125553), (-12.435930237796242, 28.92782381660955), (-12.711640574625186, 29.05283876861291), (-12.987061052400085, 29.177565937413306), (-13.262191622121332, 29.30200530321457), (-13.537032234846302, 29.426156846276672), (-13.811582841689379, 29.55002054691572), (-14.085843393821955, 29.67359638550397), (-14.35981384247244, 29.796884342469816), (-14.633494138926268, 29.91988439829781), (-14.906884234525918, 30.042596533528656), (-15.179984080670907, 30.165020728759213), (-15.452793628817808, 30.287156964642495), (-15.72531283048025, 30.40900522188768), (-15.99754163722894, 30.53056548126011), (-16.269480000691654, 30.651837723581288), (-16.541127872553265, 30.772821929728902)]",True
1783881277.2871184,0,-4.037464854378748,25.027156413595932,0.6067737022180337,95.26471261500063,-0.16211568929666112,2.943925504601621,25.186340019530274,0.7212010341068316,101.06910704395386,-0.43754649457216943,6.981390358980369,0.15918360593434144,0.11442733188879783,5.8043944289532305,-0.27543080527550834,"[(-4.314464081911351, 25.177295517002538), (-4.598558760605574, 25.31064731832786), (-4.882365025987278, 25.443711934945355), (-5.165882827407858, 25.576489345432197), (-5.449112114275444, 25.70897952842161), (-5.732052836054916, 25.841182462602863), (-6.01470494226791, 25.973098126721275), (-6.297068382492825, 26.104726499578238), (-6.5791431063648345, 26.236067560031184), (-6.8609290635758935, 26.367121286993626), (-7.14242620387475, 26.49788765943513), (-7.423634477066953, 26.628366656381335), (-7.704553833014859, 26.758558256913965), (-7.985184221637643, 26.8884624401708), (-8.265525592911308, 27.018079185345716), (-8.54557789686869, 27.14740847168866), (-8.825341083599472, 27.27645027850567), (-9.104815103250191, 27.405204585158877), (-9.383999906024245, 27.533671371066497), (-9.662895442181904, 27.661850615702843), (-9.941501662040315, 27.789742298598327), (-10.219818515973518, 27.917346399339465), (-10.497845954412446, 28.044662897568873), (-10.775583927844938, 28.171691772985277), (-11.053032386815753, 28.29843300534351), (-11.33019128192657, 28.42488657445453), (-11.607060563835999, 28.551052460185392), (-11.883640183259592, 28.67693064245929), (-12.159930090969853, 28.80252110125553), (-12.435930237796242, 28.92782381660955), (-12.711640574625186, 29.05283876861291), (-12.987061052400085, 29.177565937413306), (-13.262191622121332, 29.30200530321457), (-13.537032234846302, 29.426156846276672), (-13.811582841689379, 29.55002054691572), (-14.085843393821955, 29.67359638550397), (-14.35981384247244, 29.796884342469816), (-14.633494138926268, 29.91988439829781), (-14.906884234525918, 30.042596533528656), (-15.179984080670907, 30.165020728759213), (-15.452793628817808, 30.287156964642495), (-15.72531283048025, 30.40900522188768), (-15.99754163722894, 30.53056548126011), (-16.269480000691654, 30.651837723581288), (-16.541127872553265, 30.772821929728902)]",True
1783881277.343902,0,-4.037464854378748,25.027156413595932,0.6067737022180337,95.26471261500063,-0.16211568929666112,2.943925504601621,25.186340019530274,0.7212010341068316,101.06910704395386,-0.43754649457216943,6.981390358980369,0.15918360593434144,0.11442733188879783,5.8043944289532305,-0.27543080527550834,"[(-4.282472963947383, 25.158675664612247), (-4.533661111930535, 25.2762126637588), (-4.784608450797089, 25.393509837152184), (-5.035314946880165, 25.51056717082929), (-5.285780566548883, 25.627384650862584), (-5.536005276208369, 25.743962263360118), (-5.785989042299758, 25.860299994465517), (-6.035731831300199, 25.976397830357996), (-6.285233609722859, 26.09225575725235), (-6.534494344116928, 26.207873761398965), (-6.783514001067626, 26.323251829083805), (-7.032292547196203, 26.438389946628433), (-7.280829949159944, 26.55328810039), (-7.529126173652178, 26.667946276761242), (-7.777181187402276, 26.7823644621705), (-8.02499495717566, 26.8965426430817), (-8.272567449773804, 27.01048080599437), (-8.519898632034245, 27.124178937443634), (-8.76698847083058, 27.237637024000225), (-9.01383693307247, 27.35085505227046), (-9.260443985705653, 27.46383300889627), (-9.506809595711939, 27.576570880555188), (-9.75293373010922, 27.68906865396035), (-9.99881635595147, 27.801326315860504), (-10.244457440328757, 27.913343853039997), (-10.489856950367237, 28.025121252318797), (-10.735014853229169, 28.136658500552475), (-10.979931116112908, 28.247955584632223), (-11.22460570625292, 28.359012491484837), (-11.469038590919778, 28.46982920807274), (-11.713229737420175, 28.58040572139396), (-11.957179113096917, 28.69074201848215), (-12.200886685328939, 28.80083808640659), (-12.4443524215313, 28.910693912272162), (-12.687576289155196, 29.020309483219393), (-12.930558255687954, 29.129684786424416), (-13.173298288653045, 29.238819809099), (-13.415796355610086, 29.347714538490536), (-13.658052424154839, 29.45636896188205), (-13.900066461919225, 29.564783066592184), (-14.14183843657132, 29.672956839975228), (-14.383368315815362, 29.780890269421093), (-14.624656067391758, 29.88858334235533), (-14.865701659077082, 29.996036046239116), (-15.106505058684085, 30.103248368569275)]",True
1783881277.4011555,0,-4.049766320459069,25.026547407215684,0.624712639101475,95.26471261500063,-0.16211568929666112,2.932030596342363,25.177537196330842,0.7582251307470808,101.06910704395386,-0.43754649457216943,6.981796916801432,0.15098978911515815,0.13351249164560575,5.8043944289532305,-0.27543080527550834,"[(-4.237552595509736, 25.130239798762293), (-4.43734815568391, 25.222995213151655), (-4.636932738998603, 25.315540362798185), (-4.836306324627632, 25.407875239470336), (-5.035468891769924, 25.499999834961415), (-5.23442041964952, 25.591914141089593), (-5.433160887515569, 25.683618149697917), (-5.631690274642338, 25.775111852654288), (-5.830008560329212, 25.866395241851475), (-6.02811572390069, 25.957468309207123), (-6.226011744706398, 26.04833104666373), (-6.4236966021210815, 26.138983446188675), (-6.621170275544614, 26.229425499774198), (-6.818432744401995, 26.31965719943741), (-7.015483988143354, 26.40967853722029), (-7.2123239862439545, 26.499489505189697), (-7.408952718204189, 26.58909009543735), (-7.60537016354959, 26.67848030007984), (-7.801576301830827, 26.76766011125864), (-7.997571112623708, 26.856629521140086), (-8.193354575529188, 26.94538852191539), (-8.38892667017336, 27.033937105800643), (-8.584287376207469, 27.12227526503681), (-8.779436673307904, 27.210402991889726), (-8.974374541176207, 27.298320278650106), (-9.169100959539074, 27.38602711763354), (-9.363615908148352, 27.473523501180495), (-9.557919366781048, 27.560809421656316), (-9.752011315239328, 27.64788487145123), (-9.945891733350514, 27.73474984298033), (-10.139560600967096, 27.82140432868361), (-10.333017897966728, 27.907848321025927), (-10.52626360425223, 27.99408181249703), (-10.719297699751593, 28.080104795611533), (-10.912120164417974, 28.16591726290895), (-11.10473097822971, 28.251519206953667), (-11.29713012119031, 28.336910620334955), (-11.48931757332846, 28.42209149566697), (-11.681293314698024, 28.507061825588746), (-11.873057325378051, 28.59182160276421), (-12.06460958547277, 28.67637081988217), (-12.255950075111597, 28.76070946965632), (-12.447078774449137, 28.84483754482524), (-12.63799566366518, 28.9287550381524), (-12.82870072296471, 29.01246194242615)]",True
1783881277.4411278,0,-4.068870223721326,25.026398205424893,0.6485472525323777,95.26471261500063,-0.16211568929666112,2.91244613352384,25.1645555065901,0.8074172895011081,101.06910704395386,-0.43754649457216943,6.981316357245166,0.13815730116520797,0.15887003696873048,5.8043944289532305,-0.27543080527550834,"[(-4.197736176086756, 25.100944505758086), (-4.344844040367275, 25.16828864648124), (-4.49176065536917, 25.23544200979098), (-4.638486009219068, 25.302404591430527), (-4.785020090062004, 25.36917638716139), (-4.931362886061429, 25.435757392763346), (-5.077514385399202, 25.502147604034466), (-5.2234745762756, 25.56834701679109), (-5.369243446909312, 25.63435562686784), (-5.514820985537442, 25.700173430117623), (-5.660207180415512, 25.765800422411616), (-5.805402019817459, 25.83123659963928), (-5.95040549203564, 25.89648195770836), (-6.095217585380831, 25.96153649254488), (-6.239838288182227, 26.026400200093143), (-6.384267588787445, 26.09107307631573), (-6.528505475562523, 26.15555511719351), (-6.672551936891921, 26.21984631872563), (-6.816406961178524, 26.283946676929514), (-6.9600705368436415, 26.347856187840875), (-7.1035426523270075, 26.4115748475137), (-7.246823296086783, 26.47510265202027), (-7.389912456599554, 26.53843959745113), (-7.532810122360338, 26.601585679915125), (-7.675516281882579, 26.664540895539368), (-7.81803092369815, 26.727305240469263), (-7.9603540363573595, 26.789878710868496), (-8.102485608428942, 26.85226130291904), (-8.24442562850007, 26.914453012821134), (-8.386174085176343, 26.976453836793322), (-8.5277309670818, 27.038263771072415), (-8.669096262858913, 27.09988281191352), (-8.810269961168588, 27.161310955590018), (-8.951252050690172, 27.22254819839357), (-9.092042520121447, 27.283594536634137), (-9.232641358178636, 27.344449966639953), (-9.3730485535964, 27.40511448475754), (-9.513264095127838, 27.465588087351698), (-9.653287971544495, 27.525870770805515), (-9.793120171636355, 27.58596253152037), (-9.932760684211845, 27.64586336591592), (-10.072209498097838, 27.705573270430104), (-10.21146660213965, 27.765092241519156), (-10.350531985201041, 27.824420275657587), (-10.48940563616422, 27.8835573693382)]",True
1783881277.4870903,0,-4.1020593374958905,25.02863075363823,0.6812897888582633,95.26471261500063,-0.16211568929666112,2.8755988867974116,25.144159806446666,0.8749944729793248,101.06910704395386,-0.43754649457216943,6.977658224293302,0.11552905280843717,0.19370468412106145,5.8043944289532305,-0.27543080527550834,"[(-4.167354369991296, 25.064625086698555), (-4.2458677559787015, 25.099002725991898), (-4.324213203266663, 25.13321264625595), (-4.402390707886058, 25.167254846661727), (-4.480400265879755, 25.201129326392202), (-4.55824187330262, 25.234836084642282), (-4.635915526221514, 25.26837512061884), (-4.7134212207152935, 25.30174643354068), (-4.790758952874809, 25.334950022638566), (-4.867928718802906, 25.36798588715521), (-4.944930514614429, 25.400854026345268), (-5.021764336436215, 25.433554439475348), (-5.0984301804070995, 25.466087125824), (-5.174928042677913, 25.49845208468173), (-5.251257919411483, 25.530649315350995), (-5.327419806782633, 25.56267881714619), (-5.403413700978183, 25.594540589393656), (-5.479239598196951, 25.6262346314317), (-5.554897494649752, 25.657760942610558), (-5.630387386559397, 25.689119522292426), (-5.7057092701606935, 25.72031036985144), (-5.780863141700449, 25.751333484673687), (-5.855848997437468, 25.782188866157203), (-5.930666833642551, 25.812876513711966), (-6.005316646598498, 25.843396426759913), (-6.079798432600107, 25.873748604734917), (-6.1541121879541745, 25.903933047082806), (-6.2282579089794945, 25.933949753261345), (-6.30223559200686, 25.96379872274026), (-6.376045233379062, 25.993479955001217), (-6.449686829450893, 26.02299344953782), (-6.523160376589139, 26.052339205855642), (-6.596465871172592, 26.081517223472186), (-6.669603309592038, 26.110527501916906), (-6.742572688250264, 26.1393700407312), (-6.815374003562057, 26.168044839468422), (-6.888007251954204, 26.19655189769386), (-6.960472429865491, 26.22489121498476), (-7.032769533746704, 26.253062790930304), (-7.1048985600606285, 26.28106662513163), (-7.176859505282052, 26.30890271720181), (-7.248652365897762, 26.336571066765877), (-7.320277138406544, 26.364071673460803), (-7.391733819319186, 26.391404536935504), (-7.463022405158478, 26.418569656850845)]",True
1783881277.53563,0,-4.115661431847111,25.030545601609486,0.6923107269604025,95.26471261500063,-0.16211568929666112,2.859713188527323,25.136286550035386,0.8977405409325743,101.06910704395386,-0.43754649457216943,6.975374620374434,0.10574094842590043,0.20542981397217175,5.8043944289532305,-0.27543080527550834,"[(-4.169616533067193, 25.05552191838316), (-4.225594970417174, 25.079205131739887), (-4.28141284143211, 25.10272792964004), (-4.337070143982152, 25.126090312021503), (-4.39256687594776, 25.14929227883244), (-4.447903035219698, 25.172333830031285), (-4.503078619699041, 25.19521496558675), (-4.558093627297167, 25.217935685477826), (-4.61294805593576, 25.240495989693787), (-4.667641903546815, 25.26289587823418), (-4.72217516807263, 25.285135351108828), (-4.776547847465811, 25.30721440833784), (-4.830759939689272, 25.32913304995159), (-4.884811442716231, 25.35089127599074), (-4.938702354530216, 25.37248908650622), (-4.99243267312506, 25.393926481559244), (-5.046002396504903, 25.415203461221303), (-5.099411522684194, 25.43632002557416), (-5.152660049687686, 25.45727617470986), (-5.205747975550442, 25.47807190873072), (-5.25867529831783, 25.498707227749332), (-5.311442016045528, 25.51918213188857), (-5.364048126799517, 25.539496621281586), (-5.416493628656088, 25.559650696071802), (-5.468778519701839, 25.57964435641292), (-5.520902798033675, 25.59947760246892), (-5.572866461758808, 25.61915043441405), (-5.624669508994758, 25.63866285243284), (-5.676311937869352, 25.658014856720094), (-5.727793746520724, 25.677206447480895), (-5.779114933097316, 25.696237624930596), (-5.830275495757877, 25.715108389294834), (-5.881275432671464, 25.733818740809507), (-5.932114742017441, 25.752368679720806), (-5.98279342198548, 25.77075820628518), (-6.033311470775561, 25.788987320769365), (-6.08366888659797, 25.80705602345037), (-6.1338656676733, 25.824964314615475), (-6.183901812232454, 25.842712194562235), (-6.233777318516643, 25.86029966359848), (-6.283492184777383, 25.877726722042315), (-6.333046409276499, 25.894993370222124), (-6.382439990286125, 25.91209960847656), (-6.431672926088699, 25.92904543715455), (-6.480745214976971, 25.945830856615295)]",True
1783881277.5962512,0,-4.122505232368492,25.031747594779496,0.6974313524602755,95.26471261500063,-0.16211568929666112,2.851555378608167,25.132414258857487,0.9083089784379664,101.06910704395386,-0.43754649457216943,6.974060610976659,0.10066666407799119,0.21087762597769089,5.8043944289532305,-0.27543080527550834,"[(-4.171505338822782, 25.05423144972314), (-4.2229697378659505, 25.075795962452702), (-4.274275027297914, 25.097201503440573), (-4.3254212053171495, 25.11844807275854), (-4.3764082701321225, 25.139535670488364), (-4.427236219961293, 25.160464296721774), (-4.477905053033111, 25.181233951560454), (-4.528414767586017, 25.20184463511606), (-4.578765361868443, 25.222296347510216), (-4.628956834138817, 25.24258908887451), (-4.6789891826655525, 25.262722859350493), (-4.7288624057270585, 25.28269765908968), (-4.778576501611732, 25.30251348825356), (-4.828131468617966, 25.32217034701358), (-4.877527305054142, 25.341668235551143), (-4.926764009238633, 25.361007154057642), (-4.975841579499806, 25.38018710273441), (-5.024760014176017, 25.399208081792757), (-5.073519311615617, 25.418070091453952), (-5.122119470176944, 25.436773131949238), (-5.1705604882283325, 25.45531720351981), (-5.218842364148105, 25.473702306416836), (-5.2669650963245775, 25.491928440901447), (-5.314928683156058, 25.50999560724473), (-5.3627331230508455, 25.527903805727746), (-5.410378414427231, 25.54565303664152), (-5.457864555713496, 25.563243300287038), (-5.505191545347917, 25.580674596975243), (-5.552359381778758, 25.597946927027046), (-5.599368063464278, 25.61506029077333), (-5.646217588872728, 25.63201468855493), (-5.69290795648235, 25.648810120722647), (-5.739439164781376, 25.665446587637252), (-5.785811212268031, 25.68192408966947), (-5.8320240974505335, 25.69824262719999), (-5.878077818847092, 25.714402200619467), (-5.923972374985906, 25.73040281032852), (-5.96970776440517, 25.74624445673773), (-6.015283985653068, 25.761927140267638), (-6.060701037287776, 25.777450861348743), (-6.105958917877463, 25.792815620421518), (-6.151057626000288, 25.808021417936388), (-6.195997160244403, 25.82306825435374), (-6.240777519207952, 25.83795613014393), (-6.285398701499071, 25.852685045787272)]",True
1783881277.651652,0,-4.136252500132288,25.03462034991597,0.7069537239795215,95.26471261500063,-0.16211568929666112,2.834832836163642,25.12482354127052,0.9279621611022274,101.06910704395386,-0.43754649457216943,6.97108533629593,0.09020319135455068,0.2210084371227059,5.8043944289532305,-0.27543080527550834,"[(-4.176503247327255, 25.052718152792718), (-4.219990065380248, 25.07057091461738), (-4.263320329468629, 25.0882672379321), (-4.306494038339878, 25.10580712302938), (-4.349511190750929, 25.123190570211154), (-4.3923717854681685, 25.1404175797888), (-4.435075821267435, 25.15748815208311), (-4.477623296934021, 25.174402287424325), (-4.520014211262672, 25.191159986152105), (-4.562248563057586, 25.207761248615547), (-4.604326351132414, 25.224206075173186), (-4.646247574310261, 25.240494466192978), (-4.688012231423684, 25.25662642205232), (-4.729620321314694, 25.272601943138035), (-4.771071842834751, 25.288421029846383), (-4.812366794844773, 25.304083682583045), (-4.853505176215129, 25.31958990176314), (-4.894486985825639, 25.334939687811225), (-4.935312222565578, 25.350133041161275), (-4.975980885333674, 25.3651699622567), (-5.016492973038106, 25.38005045155035), (-5.0568484845965065, 25.394774509504494), (-5.097047418935963, 25.409342136590837), (-5.1370897749930124, 25.423753333290517), (-5.176975551713647, 25.438008100094095), (-5.21670474805331, 25.452106437501566), (-5.256277362976897, 25.466048346022358), (-5.295693395458759, 25.479833826175327), (-5.3349528444826975, 25.493462878488753), (-5.374055709041967, 25.506935503500358), (-5.413001988139274, 25.52025170175729), (-5.45179168078678, 25.533411473816113), (-5.490424786006097, 25.54641482024284), (-5.528901302828288, 25.5592617416129), (-5.567221230293874, 25.57195223851116), (-5.6053845674528215, 25.584486311531904), (-5.643391313364556, 25.596863961278864), (-5.6812414670979505, 25.609085188365185), (-5.718935027731333, 25.621149993413443), (-5.756471994352483, 25.63305837705565), (-5.793852366058634, 25.644810339933244), (-5.831076141956471, 25.65640588269708), (-5.86814332116213, 25.66784500600746), (-5.9050539028012, 25.6791277105341), (-5.941807886008721, 25.69025399695615)]",True
1783881277.743554,0,-4.157069077444185,25.03959114836671,0.7196056467540626,95.26471261500063,-0.16211568929666112,2.7908419256301302,25.106986583416358,0.9694787772244344,101.06910704395386,-0.43754649457216943,6.947911003074315,0.06739543504964729,0.24987313047037185,5.8043944289532305,-0.27543080527550834,"[(-4.196755683941145, 25.052954284933982), (-4.220058295772976, 25.061667395409096), (-4.243209824826238, 25.07022948543383), (-4.266210271067385, 25.078640555781284), (-4.289059634471227, 25.086900607232902), (-4.3117579150209355, 25.09500964057848), (-4.33430511270804, 25.10296765661616), (-4.356701227532427, 25.11077465615243), (-4.378946259502344, 25.118430640002135), (-4.401040208634396, 25.12593560898846), (-4.422983074953547, 25.13328956394294), (-4.444774858493118, 25.140492505705467), (-4.46641555929479, 25.147544435124264), (-4.4879051774086, 25.15444535305591), (-4.509243712892948, 25.161195260365336), (-4.530431165814587, 25.167794157925815), (-4.551467536248631, 25.174242046618975), (-4.57235282427855, 25.18053892733478), (-4.593087029996174, 25.186684800971545), (-4.6136701535016895, 25.192679668435936), (-4.634102194903641, 25.198523530642962), (-4.654383154318932, 25.204216388515977), (-4.674513031872821, 25.20975824298669), (-4.694491827698926, 25.215149094995155), (-4.714319541939222, 25.220388945489763), (-4.733996174744043, 25.225477795427256), (-4.753521726272076, 25.230415645772727), (-4.77289619669037, 25.235202497499607), (-4.792119586174328, 25.239838351589682), (-4.811191894907712, 25.24432320903308), (-4.83011312308264, 25.24865707082827), (-4.848883270899587, 25.25283993798207), (-4.867502338567385, 25.256871811509647), (-4.885970326303223, 25.26075269243451), (-4.904287234332647, 25.264482581788513), (-4.9224530628895575, 25.268061480611856), (-4.940467812216215, 25.271489389953082), (-4.958331482563234, 25.274766310869083), (-4.976044074189585, 25.27789224442509), (-4.993605587362596, 25.28086719169468), (-5.011016022357952, 25.283691153759776), (-5.028275379459692, 25.28636413171065), (-5.045383658960212, 25.28888612664591), (-5.062340861160264, 25.291257139672517), (-5.079146986368956, 25.293477171905764)]",True
1783881277.81512,0,-4.200201790630466,25.051125965855853,0.7943722039223556,95.26471261500063,-0.16211568929666112,2.7536531277456433,25.09420364368445,0.9961299025395943,101.06910704395386,-0.43754649457216943,6.953854918376109,0.043077677828595284,0.2017576986172387,5.8043944289532305,-0.27543080527550834,"[(-4.2116622647972335, 25.055805106437525), (-4.229414958731976, 25.061996152652686), (-4.247019178483166, 25.06803877280334), (-4.264474924312447, 25.07393296776368), (-4.2817821964893295, 25.07967873841576), (-4.298940995291194, 25.085276085649483), (-4.315951321003291, 25.09072501036263), (-4.332813173918736, 25.096025513460834), (-4.349526554338519, 25.101177595857592), (-4.366091462571496, 25.10618125847426), (-4.382507898934389, 25.111036502240054), (-4.398775863751793, 25.115743328092055), (-4.414895357356171, 25.120301736975204), (-4.430866380087852, 25.124711729842303), (-4.446688932295034, 25.12897330765401), (-4.4623630143337865, 25.13308647137885), (-4.477888626568043, 25.137051221993204), (-4.493265769369607, 25.14086756048131), (-4.508494443118151, 25.144535487835277), (-4.523574648201214, 25.14805500505506), (-4.538506385014203, 25.151426113148485), (-4.553289653960394, 25.15464881313123), (-4.567924455450929, 25.157723106026847), (-4.58241078990482, 25.16064899286673), (-4.596748657748944, 25.163426474690134), (-4.6109380594180465, 25.166055552544186), (-4.62497899535474, 25.168536227483866), (-4.6388714660095065, 25.170868500572006), (-4.652615471840693, 25.173052372879305), (-4.666211013314513, 25.17508784548432), (-4.679658090905049, 25.176974919473466), (-4.6929567050942484, 25.178713595941012), (-4.706106856371927, 25.180303875989093), (-4.719108545235769, 25.181745760727697), (-4.731961772191322, 25.18303925127467), (-4.744666537752, 25.18418434875572), (-4.757222842439086, 25.18518105430441), (-4.7696306867817295, 25.186029369062165), (-4.781890071316945, 25.18672929417826), (-4.794000996589612, 25.187280830809833), (-4.805963463152479, 25.18768398012188), (-4.817777471566158, 25.187938743287244), (-4.829443022399128, 25.188045121486645), (-4.840960116227734, 25.188003115908646), (-4.852328753636187, 25.187812727749666)]",True
1783881277.8396165,0,-4.215839059364428,25.055614051319633,0.832030286295247,95.26471261500063,-0.16211568929666112,2.7344736385759494,25.088399557356905,1.0076298786507365,101.06910704395386,-0.43754649457216943,6.950312697940378,0.03278550603727126,0.1755995923554895,5.8043944289532305,-0.27543080527550834,"[(-4.217495426876908, 25.057157364813516), (-4.2336936459577394, 25.062642685281464), (-4.249743894587029, 25.067980079655456), (-4.2656461731058615, 25.07316954883943), (-4.281400481863101, 25.078211093745097), (-4.297006821215388, 25.083104715291935), (-4.312465191527138, 25.08785041440719), (-4.327775593170544, 25.092448192025884), (-4.342938026525574, 25.096898049090804), (-4.357952491979973, 25.101199986552505), (-4.372818989929262, 25.10535400536931), (-4.387537520776737, 25.10936010650732), (-4.402108084933472, 25.11321829094039), (-4.416530682818314, 25.11692855965016), (-4.430805314857887, 25.12049091362602), (-4.444931981486591, 25.123905353865148), (-4.458910683146601, 25.127171881372472), (-4.472741420287869, 25.130290497160704), (-4.486424193368118, 25.133261202250317), (-4.499959002852853, 25.136083997669548), (-4.513345849215347, 25.138758884454408), (-4.526584732936654, 25.14128586364867), (-4.5396756545056, 25.14366493630388), (-4.552618614418785, 25.145896103479355), (-4.565413613180588, 25.14797936624217), (-4.578060651303157, 25.14991472566717), (-4.5905597293064195, 25.15170218283697), (-4.602910847718076, 25.153341738841952), (-4.6151140070736005, 25.154833394780262), (-4.627169207916242, 25.156177151757813), (-4.639076450797024, 25.15737301088829), (-4.650835736274744, 25.158420973293136), (-4.662447064915975, 25.159321040101563), (-4.673910437295061, 25.160073212450556), (-4.6852258539941225, 25.160677491484858), (-4.6963933156030535, 25.16113387835698), (-4.707412822719521, 25.161442374227203), (-4.718284375948965, 25.161602980263574), (-4.729007975904601, 25.161615697641896), (-4.739583623207416, 25.16148052754575), (-4.750011318486172, 25.16119747116647), (-4.760291062377404, 25.16076652970317), (-4.7704228555254184, 25.16018770436272), (-4.780406698582297, 25.15946099635975), (-4.790242592207893, 25.158586406916665)]",True
1783881277.8942077,0,-4.232120812929929,25.060455391192416,0.8661922300528666,95.26471261500063,-0.16211568929666112,2.7149418393057516,25.08302546717914,1.0180622085084463,101.06910704395386,-0.43754649457216943,6.94706265223568,0.022570075986724447,0.1518699784555797,5.8043944289532305,-0.27543080527550834,"[(-4.230110007482131, 25.06027340178318), (-4.2435688111946535, 25.064514200725824), (-4.25688052865518, 25.068607951237336), (-4.270045160341516, 25.072554654272714), (-4.283062706739084, 25.07635431079457), (-4.295933168340921, 25.080006921773133), (-4.308656545647679, 25.083512488186233), (-4.3212328391676245, 25.08687101101931), (-4.33366204941664, 25.090082491265413), (-4.345944176918223, 25.093146929925204), (-4.358079222203486, 25.09606432800695), (-4.370067185811155, 25.098834686526526), (-4.381908068287571, 25.101458006507425), (-4.393601870186691, 25.103934288980735), (-4.405148592070084, 25.10626353498516), (-4.416548234506936, 25.10844574556701), (-4.4278007980740455, 25.11048092178021), (-4.438906283355826, 25.11236906468628), (-4.449864690944306, 25.114110175354366), (-4.4606760214391254, 25.115704254861203), (-4.471340275447541, 25.117151304291145), (-4.481857453584421, 25.11845132473615), (-4.492227556472249, 25.11960431729579), (-4.502450584741123, 25.12061028307723), (-4.512526539028752, 25.121469223195255), (-4.522455419980459, 25.12218113877226), (-4.5322372282491825, 25.12274603093823), (-4.541871964495473, 25.123163900830775), (-4.551359629387494, 25.123434749595102), (-4.560700223601022, 25.123558578384028), (-4.569893747819447, 25.123535388357972), (-4.578940202733771, 25.123365180684967), (-4.58783958904261, 25.123047956540645), (-4.596591907452193, 25.122583717108252), (-4.60519715867636, 25.121972463578633), (-4.613655343436564, 25.12121419715024), (-4.621966462461872, 25.120308919029135), (-4.630130516488961, 25.119256630428985), (-4.638147506262122, 25.118057332571063), (-4.646017432533258, 25.11671102668424), (-4.653740296061882, 25.115217714004995), (-4.661316097615121, 25.113577395777423), (-4.668744837967713, 25.111790073253214), (-4.6760265179020095, 25.109855747691665), (-4.683161138207971, 25.10777442035968)]",True
1783881277.9399402,0,-4.248958306071378,25.06570693827526,0.8971826131993774,95.26471261500063,-0.16211568929666112,2.6950854815973795,25.07810692656467,1.027526011320577,101.06910704395386,-0.43754649457216943,6.9440437876687575,0.012399988289409691,0.13034339812119966,5.8043944289532305,-0.27543080527550834,"[(-4.251069432565419, 25.06603418149115), (-4.261200613035404, 25.068774283217834), (-4.271185784261683, 25.071368405686393), (-4.281024946882495, 25.073816549910784), (-4.2907181015435, 25.076118716912383), (-4.300265248897782, 25.078274907719983), (-4.309666389605845, 25.080285123369787), (-4.318921524335617, 25.082149364905423), (-4.328030653762445, 25.08386763337793), (-4.336993778569097, 25.08543992984577), (-4.345810899445764, 25.086866255374815), (-4.354482017090057, 25.08814661103836), (-4.36300713220701, 25.08928099791711), (-4.371386245509076, 25.090269417099194), (-4.37961935771613, 25.091111869680148), (-4.387706469555467, 25.091808356762932), (-4.395647581761803, 25.09235887945792), (-4.403442695077274, 25.092763438882894), (-4.411091810251439, 25.093022036163063), (-4.418594928041275, 25.09313467243105), (-4.42595204921118, 25.093101348826888), (-4.4331631745329725, 25.09292206649803), (-4.440228304785892, 25.09259682659934), (-4.447147440756595, 25.0921256302931), (-4.453920583239162, 25.091508478749013), (-4.4605477330350904, 25.090745373144184), (-4.467028890953298, 25.089836314663142), (-4.473364057810123, 25.08878130449783), (-4.479553234429322, 25.0875803438476), (-4.4855964216420725, 25.08623343391922), (-4.491493620286971, 25.084740575926883), (-4.497244831210033, 25.08310177109218), (-4.502850055264691, 25.081317020644132), (-4.5083092933118, 25.07938632581916), (-4.513622546219633, 25.07730968786111), (-4.51878981486388, 25.075087108021233), (-4.523811100127652, 25.0727185875582), (-4.528686402901478, 25.07020412773809), (-4.533415724083305, 25.067543729834405), (-4.537999064578498, 25.064737395128045), (-4.542436425299842, 25.06178512490734), (-4.546727807167539, 25.058686920468016), (-4.550873211109209, 25.055442783113225), (-4.554872638059892, 25.05205271415353), (-4.558726088962041, 25.0485167149069)]",True
1783881277.9907076,0,-4.302525286281426,25.08284270813729,0.9739347022247764,95.26471261500063,-0.16211568929666112,2.6338405638726665,25.06630487502709,1.0509644642277738,101.06910704395386,-0.43754649457216943,6.936365850154093,-0.016537833110199074,0.07702976200299738,5.8043944289532305,-0.27543080527550834,"[(-4.289273404832357, 25.07738238702766), (-4.294357375080231, 25.077923256263986), (-4.299296946852972, 25.0783197451434), (-4.304092121020856, 25.07857185476083), (-4.308742898461298, 25.07867958621834), (-4.313249280058849, 25.078642940625123), (-4.317611266705199, 25.078461919097514), (-4.321828859299176, 25.078136522758975), (-4.325902058746745, 25.07766675274011), (-4.329830865961011, 25.077052610178658), (-4.333615281862212, 25.076294096219485), (-4.337255307377727, 25.075391212014598), (-4.340750943442069, 25.074343958723137), (-4.344102190996891, 25.07315233751138), (-4.347309050990981, 25.07181634955273), (-4.350371524380267, 25.070335996027737), (-4.353289612127809, 25.068711278124074), (-4.356063315203808, 25.06694219703655), (-4.358692634585599, 25.065028753967113), (-4.361177571257653, 25.06297095012484), (-4.363518126211582, 25.06076878672594), (-4.365714300446128, 25.058422264993766), (-4.367766094967173, 25.05593138615879), (-4.369673510787736, 25.05329615145863), (-4.371436548927969, 25.05051656213802), (-4.37305521041516, 25.04759261944885), (-4.374529496283735, 25.044524324650123), (-4.375859407575254, 25.041311679007986), (-4.377044945338412, 25.037954683795714), (-4.378086110629042, 25.03445334029372), (-4.37898290451011, 25.030807649789537), (-4.379735328051719, 25.027017613577843), (-4.380343382331105, 25.023083232960445), (-4.380807068432641, 25.019004509246276), (-4.381126387447834, 25.01478144375141), (-4.381301340475325, 25.01041403779905), (-4.381331928620891, 25.00590229271952), (-4.381218152997442, 25.001246209850294), (-4.380960014725025, 24.99644579053596), (-4.3805575149308185, 24.991501036128255), (-4.380010654749137, 24.98641194798603), (-4.379319435321429, 24.98117852747528), (-4.378483857796277, 24.975800775969116), (-4.377503923329396, 24.9702786948478), (-4.376379633083637, 24.96461228549871)]",True
1783881278.0358512,0,-4.363288946529712,25.102870102852687,1.1503593605324063,95.26471261500063,-0.16211568929666112,2.570636496319687,25.059307731908056,1.068462208248066,101.06910704395386,-0.43754649457216943,6.933925442849399,-0.04356237094463111,-0.08189715228434036,5.8043944289532305,-0.27543080527550834,"[(-4.315357589783521, 25.085788071874696), (-4.3190037486914115, 25.085688832638265), (-4.322506000895055, 25.085445701555827), (-4.325864347327801, 25.08505867974436), (-4.329078788930051, 25.0845277683279), (-4.332149326649259, 25.08385296843753), (-4.335075961439931, 25.083034281211386), (-4.337858694263627, 25.082071707794654), (-4.340497526088958, 25.080965249339567), (-4.34299245789159, 25.079714907005414), (-4.345343490654239, 25.078320681958523), (-4.347550625366671, 25.076782575372285), (-4.349613863025709, 25.075100588427134), (-4.351533204635226, 25.073274722310554), (-4.353308651206144, 25.071304978217082), (-4.354940203756442, 25.0691913573483), (-4.356427863311145, 25.06693386091284), (-4.3577716309023335, 25.06453249012639), (-4.358971507569137, 25.061987246211675), (-4.360027494357739, 25.05929813039848), (-4.3609395923213725, 25.056465143923635), (-4.36170780252032, 25.053488288031012), (-4.3623321260219186, 25.05036756397154), (-4.362812563900552, 25.047102973003202), (-4.363149117237659, 25.043694516391014), (-4.363341787121726, 25.040142195407054), (-4.3633905746482915, 25.036446011330437), (-4.363295480919945, 25.032605965447335), (-4.363056507046323, 25.028622059050967), (-4.362673654144117, 25.02449429344159), (-4.362146923337064, 25.020222669926525), (-4.361476315755954, 25.015807189820126), (-4.360661832538627, 25.011247854443802), (-4.359703474829971, 25.006544665126007), (-4.358601243781925, 25.001697623202244), (-4.3573551405534765, 24.996706730015063), (-4.355965166310663, 24.991571986914057), (-4.354431322226573, 24.986293395255874), (-4.352753609481342, 24.9808709564042), (-4.350932029262154, 24.975304671729774), (-4.348966582763244, 24.969594542610377), (-4.346857271185895, 24.96374057043084), (-4.34460409573844, 24.957742756583034), (-4.3422070576362595, 24.951601102465887), (-4.339666158101782, 24.945315609485366)]",True
1783881278.0961962,0,-4.397066504693944,25.114094086592488,1.2210172324749762,95.26471261500063,-0.16211568929666112,2.5385163168686615,25.057728201733134,1.0754700345243333,101.06910704395386,-0.43754649457216943,6.935582821562606,-0.056365884859353343,-0.14554719795064286,5.8043944289532305,-0.27543080527550834,"[(-4.315357589783521, 25.085788071874696), (-4.3190037486914115, 25.085688832638265), (-4.322506000895055, 25.085445701555827), (-4.325864347327801, 25.08505867974436), (-4.329078788930051, 25.0845277683279), (-4.332149326649259, 25.08385296843753), (-4.335075961439931, 25.083034281211386), (-4.337858694263627, 25.082071707794654), (-4.340497526088958, 25.080965249339567), (-4.34299245789159, 25.079714907005414), (-4.345343490654239, 25.078320681958523), (-4.347550625366671, 25.076782575372285), (-4.349613863025709, 25.075100588427134), (-4.351533204635226, 25.073274722310554), (-4.353308651206144, 25.071304978217082), (-4.354940203756442, 25.0691913573483), (-4.356427863311145, 25.06693386091284), (-4.3577716309023335, 25.06453249012639), (-4.358971507569137, 25.061987246211675), (-4.360027494357739, 25.05929813039848), (-4.3609395923213725, 25.056465143923635), (-4.36170780252032, 25.053488288031012), (-4.3623321260219186, 25.05036756397154), (-4.362812563900552, 25.047102973003202), (-4.363149117237659, 25.043694516391014), (-4.363341787121726, 25.040142195407054), (-4.3633905746482915, 25.036446011330437), (-4.363295480919945, 25.032605965447335), (-4.363056507046323, 25.028622059050967), (-4.362673654144117, 25.02449429344159), (-4.362146923337064, 25.020222669926525), (-4.361476315755954, 25.015807189820126), (-4.360661832538627, 25.011247854443802), (-4.359703474829971, 25.006544665126007), (-4.358601243781925, 25.001697623202244), (-4.3573551405534765, 24.996706730015063), (-4.355965166310663, 24.991571986914057), (-4.354431322226573, 24.986293395255874), (-4.352753609481342, 24.9808709564042), (-4.350932029262154, 24.975304671729774), (-4.348966582763244, 24.969594542610377), (-4.346857271185895, 24.96374057043084), (-4.34460409573844, 24.957742756583034), (-4.3422070576362595, 24.951601102465887), (-4.339666158101782, 24.945315609485366)]",True
1783881278.1354306,0,-4.432710205528656,25.125957297452597,1.2820674353851853,95.26471261500063,-0.16211568929666112,2.5061627396422317,25.057473970465672,1.0815249751043912,101.06910704395386,-0.43754649457216943,6.938872945170887,-0.06848332698692516,-0.20054246028079414,5.8043944289532305,-0.27543080527550834,"[(-4.315357589783521, 25.085788071874696), (-4.3190037486914115, 25.085688832638265), (-4.322506000895055, 25.085445701555827), (-4.325864347327801, 25.08505867974436), (-4.329078788930051, 25.0845277683279), (-4.332149326649259, 25.08385296843753), (-4.335075961439931, 25.083034281211386), (-4.337858694263627, 25.082071707794654), (-4.340497526088958, 25.080965249339567), (-4.34299245789159, 25.079714907005414), (-4.345343490654239, 25.078320681958523), (-4.347550625366671, 25.076782575372285), (-4.349613863025709, 25.075100588427134), (-4.351533204635226, 25.073274722310554), (-4.353308651206144, 25.071304978217082), (-4.354940203756442, 25.0691913573483), (-4.356427863311145, 25.06693386091284), (-4.3577716309023335, 25.06453249012639), (-4.358971507569137, 25.061987246211675), (-4.360027494357739, 25.05929813039848), (-4.3609395923213725, 25.056465143923635), (-4.36170780252032, 25.053488288031012), (-4.3623321260219186, 25.05036756397154), (-4.362812563900552, 25.047102973003202), (-4.363149117237659, 25.043694516391014), (-4.363341787121726, 25.040142195407054), (-4.3633905746482915, 25.036446011330437), (-4.363295480919945, 25.032605965447335), (-4.363056507046323, 25.028622059050967), (-4.362673654144117, 25.02449429344159), (-4.362146923337064, 25.020222669926525), (-4.361476315755954, 25.015807189820126), (-4.360661832538627, 25.011247854443802), (-4.359703474829971, 25.006544665126007), (-4.358601243781925, 25.001697623202244), (-4.3573551405534765, 24.996706730015063), (-4.355965166310663, 24.991571986914057), (-4.354431322226573, 24.986293395255874), (-4.352753609481342, 24.9808709564042), (-4.350932029262154, 24.975304671729774), (-4.348966582763244, 24.969594542610377), (-4.346857271185895, 24.96374057043084), (-4.34460409573844, 24.957742756583034), (-4.3422070576362595, 24.951601102465887), (-4.339666158101782, 24.945315609485366)]",True
1783881278.2029994,0,-4.457356787419303,25.134254830303277,1.3180827017974113,95.26471261500063,-0.16211568929666112,2.4953405517267266,25.057688314746144,1.0833544627649134,101.06910704395386,-0.43754649457216943,6.952697339146029,-0.07656651555713267,-0.23472823903249784,5.8043944289532305,-0.27543080527550834,"[(-4.324638639652298, 25.08877055809447), (-4.327906821155615, 25.088498080473876), (-4.331031248689662, 25.08808186290704), (-4.334011923203791, 25.087521906516447), (-4.336848845654378, 25.086818212431613), (-4.339542017004828, 25.085970781789072), (-4.3420914382255695, 25.08497961573239), (-4.34449711029406, 25.083844715412148), (-4.346759034194782, 25.082566081985956), (-4.348877210919245, 25.081143716618453), (-4.350851641465984, 25.079577620481288), (-4.352682326840559, 25.07786779475315), (-4.354369268055557, 25.07601424061974), (-4.355912466130589, 25.07401695927379), (-4.357311922092294, 25.07187595191505), (-4.358567636974335, 25.069591219750297), (-4.359679611817401, 25.067162763993323), (-4.360647847669204, 25.06459058586496), (-4.361472345584485, 25.061874686593047), (-4.362153106625007, 25.059015067412453), (-4.362690131859559, 25.056011729565068), (-4.363083422363955, 25.052864674299805), (-4.363332979221034, 25.049573902872602), (-4.3634388035206575, 25.046139416546414), (-4.363400896359715, 25.042561216591224), (-4.363219258842117, 25.038839304284036), (-4.362893892078801, 25.03497368090887), (-4.362424797187727, 25.03096434775678), (-4.361811975293881, 25.02681130612583), (-4.361055427529269, 25.02251455732111), (-4.360155155032926, 25.018074102654733), (-4.359111158950906, 25.01348994344583), (-4.357923440436291, 25.00876208102056), (-4.356592000649184, 25.003890516712097), (-4.35511684075671, 24.99887525186064), (-4.353497961933021, 24.993716287813406), (-4.351735365359289, 24.988413625924636), (-4.349829052223712, 24.98296726755559), (-4.347779023721508, 24.977377214074547), (-4.3455852810549205, 24.97164346685681), (-4.343247825433214, 24.9657660272847), (-4.340766658072676, 24.95974489674756), (-4.338141780196616, 24.95358007664175), (-4.335373193035368, 24.947271568370653), (-4.3324608978262855, 24.94081937334467)]",True
1783881278.2361405,0,-4.482598191729238,25.14293515839288,1.3507543469812306,95.26471261500063,-0.16211568929666112,2.4628028806688445,25.059239455273236,1.0883373221321877,101.06910704395386,-0.43754649457216943,6.945401072398083,-0.0836957031196448,-0.26241702484904295,5.8043944289532305,-0.27543080527550834,"[(-4.323424598839298, 25.08647363217034), (-4.324989147179478, 25.08538457707644), (-4.326424322400286, 25.084166159372952), (-4.327730125423465, 25.082818380111377), (-4.3289065571770795, 25.081341240349538), (-4.329953618595517, 25.07973474115158), (-4.330871310619488, 25.077998883587966), (-4.331659634196026, 25.07613366873549), (-4.332318590278487, 25.074139097677257), (-4.332848179826551, 25.0720151715027), (-4.333248403806219, 25.069761891307568), (-4.333519263189815, 25.067379258193935), (-4.333660758955986, 25.064867273270192), (-4.333672892089701, 25.062225937651053), (-4.33355566358225, 25.059455252457553), (-4.333309074431247, 25.05655521881705), (-4.332933125640626, 25.053525837863212), (-4.332427818220644, 25.05036711073604), (-4.331793153187881, 25.04707903858185), (-4.331029131565238, 25.043661622553277)]",True
1783881278.307129,0,-4.534806844582201,25.160843861839375,1.4072796284980689,95.26471261500063,-0.16211568929666112,2.4193629295154016,25.06344765987769,1.093943482382939,101.06910704395386,-0.43754649457216943,6.954169774097602,-0.0973962019616863,-0.31333614611512983,5.8043944289532305,-0.27543080527550834,"[(-4.4378095055756885, 25.12614686341427), (-4.444408666360656, 25.126837037668917), (-4.4508641900449675, 25.127383598109777), (-4.45717607741051, 25.127786545806025), (-4.463344329246151, 25.1280458818338), (-4.469368946347742, 25.128161607276226), (-4.475249929518113, 25.128133723223403), (-4.480987279567077, 25.127962230772415), (-4.486580997311428, 25.127647131027317), (-4.492031083574942, 25.127188425099146), (-4.497337539188374, 25.126586114105912), (-4.50250036498946, 25.125840199172607), (-4.507519561822921, 25.1249506814312), (-4.512395130540453, 25.123917562020637), (-4.517127072000736, 25.122740842086834), (-4.521715387069431, 25.121420522782696), (-4.5261600766191785, 25.119956605268097), (-4.530461141529599, 25.11834909070989), (-4.534618582687292, 25.11659798028191), (-4.5386324009858425, 25.11470327516496), (-4.54250259732581, 25.112664976546824), (-4.546229172614736, 25.11048308562226), (-4.549812127767143, 25.108157603593007), (-4.553251463704532, 25.105688531667777), (-4.556547181355383, 25.103075871062256), (-4.559699281655159, 25.10031962299911), (-4.562707765546299, 25.097419788707978), (-4.565572633978222, 25.09437636942548), (-4.568293887907328, 25.091189366395206), (-4.570871528296995, 25.087858780867723), (-4.573305556117581, 25.084384614100575), (-4.575595972346421, 25.080766867358278), (-4.577742777967831, 25.077005541912325), (-4.579745973973107, 25.073100639041186), (-4.5816055613605196, 25.069052160030306), (-4.583321541135321, 25.064860106172098), (-4.584893914309742, 25.06052447876596), (-4.58632268190299, 25.056045279118255), (-4.587607844941252, 25.05142250854233), (-4.588749404457694, 25.0466561683585), (-4.589747361492458, 25.04174625989405), (-4.5906017170926665, 25.036692784483254), (-4.591312472312417, 25.031495743467346), (-4.591879628212787, 25.02615513819454), (-4.592303185861832, 25.02067097002002)]",True
1783881278.358708,0,-4.575307805948972,25.174576561646187,1.4430028946499938,95.26471261500063,-0.16211568929666112,2.386841333958395,25.068221825629795,1.097486505068607,101.06910704395386,-0.43754649457216943,6.962149139907368,-0.10635473601639234,-0.34551638958138686,5.8043944289532305,-0.27543080527550834,"[(-4.450871410352155, 25.130479167540905), (-4.457137671735567, 25.131027146297832), (-4.463259698061285, 25.131430912760425), (-4.469237490138724, 25.13169046802003), (-4.475071048784408, 25.1318058131751), (-4.480760374821969, 25.13177694933119), (-4.486305469082149, 25.131603877600963), (-4.491706332402799, 25.131286599104182), (-4.49696296562888, 25.130825114967728), (-4.502075369612461, 25.13021942632557), (-4.507043545212721, 25.1294695343188), (-4.511867493295944, 25.12857544009561), (-4.516547214735529, 25.12753714481129), (-4.521082710411977, 25.12635464962824), (-4.525473981212903, 25.12502795571597), (-4.529721028033027, 25.12355706425109), (-4.533823851774177, 25.121941976417318), (-4.537782453345292, 25.120182693405468), (-4.541596833662417, 25.118279216413466), (-4.545266993648705, 25.11623154664634), (-4.548792934234418, 25.11403968531622), (-4.552174656356925, 25.111703633642353), (-4.555412160960703, 25.109223392851078), (-4.558505448997336, 25.106598964175834), (-4.561454521425515, 25.103830348857176), (-4.564259379211039, 25.100917548142757), (-4.566920023326817, 25.09786056328733), (-4.56943645475286, 25.09465939555276), (-4.571808674476289, 25.09131404620801), (-4.574036683491332, 25.087824516529142), (-4.5761204827993245, 25.08419080779933), (-4.5780600734087065, 25.080412921308852), (-4.579855456335026, 25.07649085835508), (-4.581506632600937, 25.072424620242494), (-4.583013603236201, 25.068214208282672), (-4.584376369277685, 25.063859623794304), (-4.585594931769362, 25.059360868103177), (-4.586669291762312, 25.054717942542172), (-4.58759945031472, 25.04993084845129), (-4.588385408491877, 25.04499958717762), (-4.589027167366182, 25.039924160075362), (-4.589524728017136, 25.034704568505806), (-4.589878091531348, 25.029340813837354), (-4.590087259002532, 25.02383289744551), (-4.5901522315315075, 25.018180820712875)]",True
1783881278.404255,0,-4.602819834477189,25.183975927302665,1.4640770743618725,95.26471261500063,-0.16211568929666112,2.3652302552876785,25.07217769869479,1.0995766358109498,101.06910704395386,-0.43754649457216943,6.968050089764867,-0.11179822860787425,-0.36450043855092273,5.8043944289532305,-0.27543080527550834,"[(-4.542310382088874, 25.16181015541503), (-4.5522616946448275, 25.16362638291353), (-4.562070979723211, 25.165300614629448), (-4.571738237929118, 25.16683285155461), (-4.5812634698743935, 25.168223094687583), (-4.5906466761776334, 25.169471345033696), (-4.599887857464185, 25.17057760360501), (-4.608987014366146, 25.17154187142035), (-4.617944147522368, 25.17236414950527), (-4.626759257578451, 25.17304443889208), (-4.635432345186746, 25.173582740619832), (-4.643963411006356, 25.17397905573433), (-4.652352455703136, 25.174233385288115), (-4.660599479949688, 25.174345730340487), (-4.668704484425368, 25.174316091957483), (-4.676667469816282, 25.174144471211882), (-4.684488436815284, 25.17383086918322), (-4.692167386121983, 25.173375286957775), (-4.699704318442732, 25.172777725628567), (-4.707099234490641, 25.172038186295364), (-4.714352134985565, 25.171156670064672), (-4.721463020654111, 25.17013317804976), (-4.7284318922296364, 25.168967711370623), (-4.735258750452249, 25.167660271154013), (-4.741943596068803, 25.16621085853342), (-4.748486429832907, 25.16461947464909), (-4.754887252504915, 25.162886120647997), (-4.761146064851934, 25.161010797683872), (-4.767262867647817, 25.15899350691719), (-4.773237661673171, 25.156834249515168), (-4.779070447715348, 25.154533026651762), (-4.78476122656845, 25.15208983950768), (-4.790309999033329, 25.149504689270373), (-4.795716765917587, 25.146777577134035), (-4.800981528035572, 25.143908504299596), (-4.806104286208384, 25.140897471974746), (-4.811085041263869, 25.137744481373904), (-4.815923794036625, 25.13444953371824), (-4.820620545367993, 25.13101263023567), (-4.825175296106069, 25.127433772160842), (-4.829588047105694, 25.12371296073516), (-4.833858799228456, 25.119850197206766), (-4.837987553342694, 25.115845482830544), (-4.841974310323494, 25.111698818868117), (-4.845819071052688, 25.107410206587865)]",True
1783881278.4436107,0,-4.659033467788065,25.20290292866731,1.5005375566622972,95.26471261500063,-0.16211568929666112,2.3222748345472715,25.081944067403203,1.1031927753702893,101.06910704395386,-0.43754649457216943,6.981308302335337,-0.12095886126410704,-0.3973447812920079,5.8043944289532305,-0.27543080527550834,"[(-4.582279490970383, 25.175267495147548), (-4.589527805621566, 25.176070341534857), (-4.596631738296598, 25.176728831655705), (-4.603591289758742, 25.177242966592075), (-4.610406460778394, 25.17761274743308), (-4.617077252133094, 25.177838175274978), (-4.623603664607514, 25.177919251221148), (-4.629985698993469, 25.177855976382112), (-4.636223356089908, 25.177648351875522), (-4.642316636702919, 25.177296378826167), (-4.648265541645728, 25.176800058365966), (-4.654070071738698, 25.17615939163397), (-4.659730227809328, 25.17537437977637), (-4.6652460106922575, 25.174445023946483), (-4.6706174212292595, 25.173371325304764), (-4.6758444602692455, 25.172153285018805), (-4.680927128668265, 25.17079090426332), (-4.685865427289502, 25.169284184220167), (-4.69065935700328, 25.16763312607833), (-4.695308918687057, 25.165837731033925), (-4.699814113225429, 25.163898000290207), (-4.704174941510127, 25.161813935057555), (-4.708391404440019, 25.15958553655349), (-4.712463502921111, 25.157212806002654), (-4.7163912378665405, 25.15469574463683), (-4.720174610196587, 25.15203435369493), (-4.723813620838661, 25.149228634422997), (-4.727308270727312, 25.146278588074203), (-4.730658560804224, 25.143184215908864), (-4.733864492018216, 25.13994551919441), (-4.736926065325243, 25.136562499205414), (-4.739843281688397, 25.13303515722358), (-4.742616142077902, 25.12936349453774), (-4.745244647471122, 25.125547512443852), (-4.747728798852551, 25.121587212245018), (-4.75006859721382, 25.117482595251456), (-4.752264043553699, 25.113233662780527), (-4.754315138878085, 25.108840416156713), (-4.756221884200016, 25.104302856711637), (-4.757984280539663, 25.09962098578404), (-4.75960232892433, 25.0947948047198), (-4.761076030388455, 25.08982431487193), (-4.762405385973614, 25.08470951760056), (-4.763590396728514, 25.079450414272966), (-4.764631063708996, 25.074047006263534)]",True
1783881278.632672,0,-4.687629315669938,25.21252089391749,1.5162702760314524,95.26471261500063,-0.16211568929666112,2.300973448707099,25.087751731139086,1.1047531416983598,101.06910704395386,-0.43754649457216943,6.9886027643770365,-0.12476916277840289,-0.41151713433309256,5.8043944289532305,-0.27543080527550834,"[(-4.594341732188665, 25.17936231948858), (-4.600006537792454, 25.179596936720607), (-4.605527374128479, 25.179687606237483), (-4.610904242031838, 25.179634329140768), (-4.6161371423446935, 25.17943710653909), (-4.621226075916271, 25.179095939548134), (-4.626171043602856, 25.178610829290648), (-4.6309720462677975, 25.177981776896434), (-4.635629084781509, 25.17720878350236), (-4.640142160021463, 25.176291850252344), (-4.644511272872196, 25.17523097829737), (-4.648736424225306, 25.17402616879548), (-4.652817614979455, 25.172677422911768), (-4.6567548460403625, 25.171184741818397), (-4.660548118320814, 25.169548126694583), (-4.6641974327406555, 25.1677675787266), (-4.667702790226794, 25.165843099107782), (-4.671064191713197, 25.16377468903852), (-4.674281638140896, 25.161562349726264), (-4.677355130457983, 25.159206082385523), (-4.680284669619609, 25.156705888237862), (-4.683070256587988, 25.1540617685119), (-4.685711892332394, 25.151273724443325), (-4.688209577829165, 25.14834175727487), (-4.690563314061694, 25.14526586825633), (-4.69277310202044, 25.14204605864456), (-4.694838942702919, 25.13868232970347), (-4.696760837113711, 25.13517468270403), (-4.698538786264453, 25.13152311892426), (-4.700172791173843, 25.127727639649244), (-4.701662852867642, 25.12378824617112), (-4.703008972378667, 25.119704939789077), (-4.704211150746797, 25.115477721809373), (-4.705269389018971, 25.111106593545312), (-4.706183688249187, 25.106591556317255), (-4.706954049498504, 25.101932611452625), (-4.707580473835037, 25.097129760285895), (-4.708062962333965, 25.0921830041586), (-4.708401516077525, 25.08709234441932), (-4.708596136155011, 25.081857782423704), (-4.708646823662777, 25.07647931953445), (-4.708553579704238, 25.070956957121304), (-4.708316405389865, 25.065290696561085), (-4.70793530183719, 25.059480539237654), (-4.7074102701708025, 25.053526486541926)]",True
1783881278.6963315,0,-4.716498503080911,25.222266748935887,1.5305423855064264,95.26471261500063,-0.16211568929666112,2.2798176736587488,25.094172416775343,1.1061686451807995,101.06910704395386,-0.43754649457216943,6.9963161767396596,-0.12809433216054344,-0.4243737403256269,5.8043944289532305,-0.27543080527550834,"[(-4.607799359777803, 25.183943806467106), (-4.613232002699226, 25.18408964714128), (-4.618520815347938, 25.18409167850337), (-4.623665798568717, 25.183949901657062), (-4.62866695321338, 25.183664317713074), (-4.633524280140788, 25.18323492778917), (-4.638237780216843, 25.182661733010153), (-4.642807454314487, 25.181944734507862), (-4.647233303313704, 25.181083933421174), (-4.651515328101519, 25.180079330896007), (-4.655653529571999, 25.17893092808531), (-4.65964790862625, 25.17763872614908), (-4.663498466172421, 25.176202726254342), (-4.667205203125701, 25.174622929575165), (-4.670768120408319, 25.17289933729265), (-4.674187218949545, 25.17103195059494), (-4.677462499685689, 25.169020770677218), (-4.680593963560102, 25.166865798741696), (-4.683581611523175, 25.164567035997628), (-4.686425444532341, 25.1621244836613), (-4.6891254635520685, 25.159538142956045), (-4.69168166955387, 25.156808015112222), (-4.694094063516297, 25.153934101367234), (-4.69636264642494, 25.150916402965517), (-4.698487419272429, 25.147754921158548), (-4.7004683830584355, 25.14444965720483), (-4.702305538789668, 25.14100061236991), (-4.703998887479875, 25.137407787926374), (-4.705548430149846, 25.133671185153833), (-4.706954167827407, 25.129790805338946), (-4.708216101547424, 25.125766649775397), (-4.709334232351803, 25.121598719763913), (-4.710308561289487, 25.117287016612256), (-4.711139089416461, 25.112831541635217), (-4.711825817795743, 25.108232296154625), (-4.712368747497395, 25.103489281499353), (-4.712767879598515, 25.098602499005295), (-4.71302321518324, 25.093571950015388), (-4.713134755342743, 25.088397635879602), (-4.713102501175237, 25.08307955795494), (-4.7129264537859745, 25.077617717605445), (-4.7126066142872425, 25.07201211620219), (-4.712142983798367, 25.066262755123276), (-4.711535563445714, 25.06036963575385), (-4.710784354362683, 25.05433275948609)]",True
1783881278.741766,0,-4.731028002926532,25.22718259658213,1.5371735930349713,95.26471261500063,-0.16211568929666112,2.2693008443835536,25.09761158703793,1.1068263263291886,101.06910704395386,-0.43754649457216943,7.000328847310086,-0.12957100954419687,-0.4303472667057826,5.8043944289532305,-0.27543080527550834,"[(-4.621478292176753, 25.18855262298573), (-4.626708044333429, 25.18861720414957), (-4.6317940614662945, 25.188538070749082), (-4.6367363444287255, 25.188315223890203), (-4.641534894081126, 25.187948664685894), (-4.646189711290924, 25.187438394256137), (-4.650700796932574, 25.186784413727935), (-4.6550681518875585, 25.18598672423532), (-4.659291777044382, 25.185045326919337), (-4.663371673298577, 25.183960222928064), (-4.667307841552699, 25.182731413416594), (-4.671100282716331, 25.181358899547043), (-4.674748997706081, 25.17984268248855), (-4.678253987445581, 25.17818276341728), (-4.681615252865488, 25.176379143516414), (-4.684832794903485, 25.174431823976157), (-4.687906614504279, 25.172340805993738), (-4.6908367126196024, 25.170106090773405), (-4.69362309020821, 25.16772767952643), (-4.696265748235884, 25.1652055734711), (-4.698764687675429, 25.162539773832727), (-4.701119909506675, 25.159730281843647), (-4.703331414716475, 25.156777098743216), (-4.705399204298708, 25.153680225777812), (-4.707323279254274, 25.150439664200825), (-4.7091036405911, 25.14705541527268), (-4.710740289324135, 25.143527480260804), (-4.712233226475352, 25.139855860439663), (-4.713582453073747, 25.136040557090734), (-4.714787970155341, 25.13208157150251), (-4.715849778763178, 25.12797890497052), (-4.716767879947324, 25.123732558797293), (-4.717542274764868, 25.11934253429239), (-4.7181729642799235, 25.11480883277239), (-4.7186599495636266, 25.11013145556089), (-4.719003231694135, 25.10531040398851), (-4.719202811756631, 25.100345679392884), (-4.7192586908433185, 25.09523728311867), (-4.719170870053423, 25.089985216517544), (-4.718939350493194, 25.084589480948196), (-4.718564133275903, 25.07905007777634), (-4.718045219521842, 25.07336700837471), (-4.717382610358327, 25.06754027412305), (-4.716576306919697, 25.061569876408136), (-4.715626310347309, 25.05545581662375)]",True
1783881278.7898514,0,-4.789679682013188,25.247194021996492,1.5606916850091541,95.26471261500063,-0.16211568929666112,2.2276996639549163,25.112881435763654,1.1091588435473452,101.06910704395386,-0.43754649457216943,7.017379345968104,-0.13431258623283782,-0.45153284146180894,5.8043944289532305,-0.27543080527550834,"[(-4.677332540407256, 25.207279588508385), (-4.681945863876514, 25.207087861879426), (-4.686415698458902, 25.206752665346794), (-4.6907420450341695, 25.206274000024194), (-4.694924904489052, 25.205651867032312), (-4.698964277717267, 25.20488626749881), (-4.7028601656195175, 25.203977202558345), (-4.706612569103489, 25.20292467335254), (-4.71022148908385, 25.201728681030012), (-4.713686926482254, 25.200389226746346), (-4.717008882227337, 25.198906311664114), (-4.72018735725472, 25.197279936952864), (-4.723222352507004, 25.195510103789132), (-4.726113868933775, 25.193596813356432), (-4.728861907491602, 25.191540066845253), (-4.731466469144037, 25.189339865453068), (-4.733927554861613, 25.186996210384333), (-4.736245165621849, 25.184509102850473), (-4.738419302409243, 25.181878544069907), (-4.7404499662152775, 25.179104535268024), (-4.742337158038417, 25.176187077677195), (-4.744080878884109, 25.17312617253677), (-4.745681129764782, 25.169921821093077), (-4.747137911699847, 25.166574024599427), (-4.748451225715696, 25.163082784316106), (-4.749621072845706, 25.15944810151038), (-4.750647454130232, 25.155669977456498), (-4.751530370616612, 25.151748413435676), (-4.752269823359166, 25.147683410736125), (-4.752865813419196, 25.14347497065302), (-4.753318341864984, 25.139123094488525), (-4.753627409771792, 25.134627783551775), (-4.753793018221868, 25.129989039158882), (-4.7538151683044365, 25.125206862632947), (-4.753693861115704, 25.120281255304036), (-4.7534290977588585, 25.115212218509196), (-4.753020879344068, 25.10999975359246), (-4.752469206988481, 25.10464386190483), (-4.751774081816228, 25.099144544804286), (-4.750935504958417, 25.093501803655787), (-4.749953477553141, 25.08771563983127), (-4.748828000745467, 25.081786054709646), (-4.747559075687447, 25.075713049676807), (-4.746146703538112, 25.06949662612562), (-4.744590885463469, 25.063136785455924)]",True
1783881278.8390274,0,-5.106644096666987,25.359642145206156,1.630704808252377,95.26471261500063,-0.16211568929666112,2.0269271530009343,25.23089193983522,1.1161027238434595,101.06910704395386,-0.43754649457216943,7.133571249667921,-0.12875020537093462,-0.5146020844089174,5.8043944289532305,-0.27543080527550834,"[(-4.734393304755792, 25.224221480572808), (-4.736925699261669, 25.22305608948818), (-4.7393291095039904, 25.221761728722452), (-4.741603536350846, 25.220338399323236), (-4.743748980676582, 25.2187861023444), (-4.7457654433618055, 25.21710483884606), (-4.747652925293381, 25.215294609894595), (-4.749411427364434, 25.213355416562646), (-4.751040950474345, 25.211287259929094), (-4.752541495528758, 25.209090141079095), (-4.7539130634395725, 25.206764061104046), (-4.7551556551249465, 25.204309021101615), (-4.756269271509298, 25.20172502217572), (-4.757253913523302, 25.199012065436527), (-4.7581095821038915, 25.19617015200047), (-4.758836278194259, 25.193199282990232), (-4.759434002743855, 25.190099459534757), (-4.759902756708385, 25.18687068276924), (-4.760242541049817, 25.18351295383513), (-4.760453356736373, 25.180026273880138)]",True
1783881278.8940465,0,-5.163890952263187,25.380749150438703,1.347273292579352,95.26471261500063,-0.16211568929666112,1.9931042768070555,25.260043699172,1.1167927721775917,101.06910704395386,-0.43754649457216943,7.156995229070242,-0.1207054512667014,-0.23048052040176037,5.8043944289532305,-0.27543080527550834,"[(-4.791932849628619, 25.2461018376919), (-4.7949521895622045, 25.245306962233798), (-4.797828526158596, 25.244369098410075), (-4.800561860365899, 25.24328824735276), (-4.80315219313911, 25.242064410200772), (-4.805599525440121, 25.240697588099927), (-4.8079038582377125, 25.239187782202926), (-4.810065192507563, 25.237534993669364), (-4.812083529232239, 25.23573922366572), (-4.813958869401201, 25.233800473365378), (-4.815691214010802, 25.231718743948594), (-4.817280564064286, 25.22949403660252), (-4.81872692057179, 25.227126352521204), (-4.820030284550343, 25.224615692905576), (-4.821190657023866, 25.221962058963463), (-4.82220803902317, 25.21916545190957), (-4.82308243158596, 25.21622587296551), (-4.823813835756831, 25.213143323359766), (-4.82440225258727, 25.20991780432772), (-4.824847683135657, 25.20654931711164), (-4.825150128467259, 25.203037862960688), (-4.825309589654238, 25.19938344313091), (-4.825326067775645, 25.195586058885237), (-4.8251995639174226, 25.1916457114935), (-4.824930079172404, 25.18756240223241), (-4.824517614640314, 25.183336132385566), (-4.823962171427766, 25.17896690324346), (-4.823263750648266, 25.17445471610347), (-4.82242235342221, 25.16979957226986), (-4.821437980876883, 25.165001473053785), (-4.820310634146462, 25.160060419773284), (-4.819040314372011, 25.154976413753293), (-4.817627022701488, 25.149749456325623), (-4.816070760289738, 25.14437954882898), (-4.814371528298497, 25.138866692608953), (-4.81252932789639, 25.133210889018027), (-4.810544160258931, 25.127412139415565), (-4.808416026568525, 25.12147044516782), (-4.806144928014467, 25.11538580764793), (-4.803730865792936, 25.109158228235923), (-4.801173841107006, 25.10278770831871), (-4.7984738551666375, 25.096274249290097), (-4.79563090918868, 25.089617852550766), (-4.7926450043968725, 25.08281851950829), (-4.789516142021841, 25.075876251577128)]",True
1783881278.9400933,0,-5.208245130536993,25.396548662439077,1.0401254737812835,95.26471261500063,-0.16211568929666112,1.961003304222274,25.29111746947226,1.1173606413020098,101.06910704395386,-0.43754649457216943,7.169248434759266,-0.1054311929668188,0.07723516752072634,5.8043944289532305,-0.27543080527550834,"[(-5.106407491626017, 25.357866790806195), (-5.128057028425964, 25.363916591664736), (-5.14958277898175, 25.36984265445161), (-5.170984743326216, 25.375644979714572), (-5.192262921496292, 25.381323568005445), (-5.213417313532994, 25.386878419880148), (-5.234447919481426, 25.39230953589868), (-5.255354739390783, 25.397616916625115), (-5.276137773314344, 25.40280056262762), (-5.296797021309479, 25.40786047447844), (-5.317332483437644, 25.412796652753908), (-5.337744159764382, 25.417609098034433), (-5.358032050359325, 25.422297810904514), (-5.3781961552961945, 25.42686279195273), (-5.398236474652796, 25.43130404177174), (-5.418153008511026, 25.435621560958285), (-5.437945756956866, 25.439815350113197), (-5.457614720080387, 25.443885409841382), (-5.477159897975746, 25.447831740751834), (-5.496581290741189, 25.45165434345763), (-5.515878898479049, 25.455353218575922), (-5.535052721295747, 25.458928366727957), (-5.554102759301791, 25.46237978853905), (-5.573029012611776, 25.465707484638607), (-5.591831481344385, 25.46891145566012), (-5.6105101656223875, 25.471991702241155), (-5.629065065572642, 25.474948225023365), (-5.647496181326094, 25.477781024652483), (-5.665803513017776, 25.480490101778322), (-5.683987060786807, 25.483075457054788), (-5.702046824776394, 25.485537091139857), (-5.7199828051338315, 25.487875004695592), (-5.7377950020105, 25.49008919838814), (-5.755483415561868, 25.492179672887723), (-5.773048045947492, 25.49414642886865), (-5.790488893331014, 25.495989467009313), (-5.807805957880165, 25.497708787992188), (-5.824999239766759, 25.499304392503827), (-5.842068739166703, 25.500776281234863), (-5.859014456259986, 25.502124454880015), (-5.8758363912306875, 25.503348914138083), (-5.892534544266971, 25.504449659711945), (-5.909108915561089, 25.505426692308568), (-5.92555950530938, 25.506280012638992), (-5.941886313712268, 25.507009621418344)]",True
1783881278.999734,0,-5.319528055435265,25.423545987007206,0.8154649880796891,95.26471261500063,-0.16211568929666112,1.85780447499451,25.412957780399598,1.1634803244786682,101.06910704395386,-0.43754649457216943,7.1773325304297755,-0.01058820660760773,0.3480153363989791,5.8043944289532305,-0.27543080527550834,"[(-5.1569344798626995, 25.3761141987076), (-5.17924880940513, 25.382331045348405), (-5.201417299376689, 25.388402118037426), (-5.223439949796406, 25.39432741761462), (-5.245316760690752, 25.400106944927373), (-5.2670477320936415, 25.40574070083051), (-5.288632864046428, 25.411228686186288), (-5.31007215659791, 25.416570901864386), (-5.331365609804324, 25.421767348741923), (-5.3525132237293525, 25.426818027703444), (-5.373514998444117, 25.431722939640927), (-5.39437093402718, 25.43648208545379), (-5.415081030564548, 25.44109546604887), (-5.435645288149666, 25.445563082340442), (-5.456063706883422, 25.44988493525021), (-5.4763362868741465, 25.45406102570731), (-5.496463028237608, 25.458091354648307), (-5.51644393109702, 25.4619759230172), (-5.536278995583033, 25.465714731765416), (-5.555968221833742, 25.469307781851814), (-5.575511609994681, 25.47275507424268), (-5.594909160218826, 25.476056609911737), (-5.614160872666594, 25.479212389840132), (-5.633266747505841, 25.482222415016444), (-5.652226784911867, 25.485086686436684), (-5.671040985067409, 25.48780520510429), (-5.689709348162645, 25.490377972030135), (-5.708231874395197, 25.49280498823251), (-5.726608563970124, 25.495086254737153), (-5.744839417099926, 25.497221772577216), (-5.762924434004545, 25.499211542793287), (-5.780863614911362, 25.501055566433383), (-5.7986569600551965, 25.50275384455295), (-5.816304469678311, 25.50430637821486), (-5.833806144030407, 25.50571316848942), (-5.851161983368626, 25.506974216454363), (-5.8683719879575476, 25.508089523194847), (-5.885436158069194, 25.509059089803465), (-5.902354493983025, 25.50988291738023), (-5.919126995985941, 25.510561007032592), (-5.935753664372283, 25.511093359875424), (-5.952234499443828, 25.51147997703103), (-5.968569501509798, 25.51172085962914), (-5.984758670886849, 25.51181600880691), (-6.00080200789908, 25.51176542570893)]",True
1783881279.0362897,0,-5.343580868498221,25.42730555225016,0.8082126478762739,95.26471261500063,-0.16211568929666112,1.8437600069403226,25.431313173359992,1.1485133566459238,101.06910704395386,-0.43754649457216943,7.187340875438544,0.0040076211098316605,0.3403007087696499,5.8043944289532305,-0.27543080527550834,"[(-5.1569344798626995, 25.3761141987076), (-5.17924880940513, 25.382331045348405), (-5.201417299376689, 25.388402118037426), (-5.223439949796406, 25.39432741761462), (-5.245316760690752, 25.400106944927373), (-5.2670477320936415, 25.40574070083051), (-5.288632864046428, 25.411228686186288), (-5.31007215659791, 25.416570901864386), (-5.331365609804324, 25.421767348741923), (-5.3525132237293525, 25.426818027703444), (-5.373514998444117, 25.431722939640927), (-5.39437093402718, 25.43648208545379), (-5.415081030564548, 25.44109546604887), (-5.435645288149666, 25.445563082340442), (-5.456063706883422, 25.44988493525021), (-5.4763362868741465, 25.45406102570731), (-5.496463028237608, 25.458091354648307), (-5.51644393109702, 25.4619759230172), (-5.536278995583033, 25.465714731765416), (-5.555968221833742, 25.469307781851814), (-5.575511609994681, 25.47275507424268), (-5.594909160218826, 25.476056609911737), (-5.614160872666594, 25.479212389840132), (-5.633266747505841, 25.482222415016444), (-5.652226784911867, 25.485086686436684), (-5.671040985067409, 25.48780520510429), (-5.689709348162645, 25.490377972030135), (-5.708231874395197, 25.49280498823251), (-5.726608563970124, 25.495086254737153), (-5.744839417099926, 25.497221772577216), (-5.762924434004545, 25.499211542793287), (-5.780863614911362, 25.501055566433383), (-5.7986569600551965, 25.50275384455295), (-5.816304469678311, 25.50430637821486), (-5.833806144030407, 25.50571316848942), (-5.851161983368626, 25.506974216454363), (-5.8683719879575476, 25.508089523194847), (-5.885436158069194, 25.509059089803465), (-5.902354493983025, 25.50988291738023), (-5.919126995985941, 25.510561007032592), (-5.935753664372283, 25.511093359875424), (-5.952234499443828, 25.51147997703103), (-5.968569501509798, 25.51172085962914), (-5.984758670886849, 25.51181600880691), (-6.00080200789908, 25.51176542570893)]",True
1783881279.0854597,0,-5.3595706842921835,25.429456440943824,0.8053856618056867,95.26471261500063,-0.16211568929666112,1.823062025757707,25.458583993772894,1.1351419472086994,101.06910704395386,-0.43754649457216943,7.182632710049891,0.029127552829070424,0.3297562854030127,5.8043944289532305,-0.27543080527550834,"[(-5.1746379038377075, 25.380244027295245), (-5.1952316820811175, 25.385633573583576), (-5.215694202628208, 25.390891924153465), (-5.236025465470051, 25.396019079771357), (-5.256225470604417, 25.401015041210393), (-5.276294218035776, 25.405879809250393), (-5.296231707775295, 25.41061338467787), (-5.316037939840839, 25.415215768286025), (-5.335712914256969, 25.419686960874753), (-5.355256631054948, 25.424026963250625), (-5.374669090272732, 25.428235776226913), (-5.3939502919549795, 25.432313400623574), (-5.413100236153043, 25.436259837267244), (-5.432118922924974, 25.440075086991257), (-5.451006352335522, 25.443759150635632), (-5.469762524456133, 25.447312029047076), (-5.488387439364951, 25.45073372307898), (-5.506881097146818, 25.454024233591426), (-5.525243497893272, 25.457183561451185), (-5.543474641702549, 25.460211707531712)]",True
1783881279.1519227,0,-5.375570703393111,25.431135768866582,0.8035317920751819,95.26471261500063,-0.16211568929666112,1.8093349248398,25.476597687313276,1.1299297278197977,101.06910704395386,-0.43754649457216943,7.184905628232911,0.04546191844669423,0.32639793574461584,5.8043944289532305,-0.27543080527550834,"[(-5.328809089802084, 25.427743623941804), (-5.3525748372061015, 25.433912296231217), (-5.376190029941576, 25.439930488300494), (-5.399654667950019, 25.44579820105149), (-5.422968751181165, 25.451515435394263), (-5.446132279592973, 25.457082192247093), (-5.469145253151621, 25.462498472536453), (-5.492007671831509, 25.467764277197038), (-5.514719535615259, 25.472879607171745), (-5.537280844493718, 25.477844463411685), (-5.559691598465949, 25.482658846876184), (-5.581951797539241, 25.487322758532763), (-5.604061441729103, 25.491836199357163), (-5.6260205310592655, 25.49619917033333), (-5.64782906556168, 25.50041167245342), (-5.669487045276521, 25.5044737067178), (-5.690994470252182, 25.508385274135037), (-5.712351340545278, 25.51214637572192), (-5.733557656220648, 25.515757012503432), (-5.754613417351347, 25.519217185512776), (-5.775518624018657, 25.52252689579136), (-5.796273276312076, 25.525686144388793), (-5.816877374329324, 25.528694932362903), (-5.837330918176343, 25.53155326077972), (-5.857633907967294, 25.53426113071348), (-5.877786343824561, 25.53681854324663), (-5.897788225878747, 25.53922549946982), (-5.917639554268676, 25.54148200048191), (-5.93734032914139, 25.54358804738997), (-5.9568905506521554, 25.545543641309273), (-5.976290218964455, 25.5473487833633), (-5.995539334249995, 25.549003474683744), (-6.014637896688699, 25.550507716410497), (-6.033585906468713, 25.55186150969166), (-6.052383363786401, 25.553064855683537), (-6.071030268846347, 25.554117755550646), (-6.089526621861356, 25.555020210465706), (-6.107872423052453, 25.555772221609644), (-6.1260676726488805, 25.55637379017159), (-6.144112370888101, 25.556824917348884), (-6.162006518015799, 25.557125604347068), (-6.1797501142858735, 25.557275852379888), (-6.1973431599604485, 25.5572756626693), (-6.214785655309864, 25.557125036445466), (-6.232077600612679, 25.55682397494675)]",True
1783881279.2105138,0,-5.383571007837895,25.43184774293051,0.802860047489843,95.26471261500063,-0.16211568929666112,1.8024041115298604,25.48550969663398,1.1280410944954165,101.06910704395386,-0.43754649457216943,7.185975119367755,0.05366195370346816,0.3251810470055735,5.8043944289532305,-0.27543080527550834,"[(-5.334867594559865, 25.428276839413492), (-5.35672107646901, 25.433694232164196), (-5.3784252264612515, 25.438962361941385), (-5.399980044581635, 25.44408122967251), (-5.421385530883227, 25.449050836293026), (-5.442641685427117, 25.453871182746408), (-5.463748508282415, 25.45854226998414), (-5.484705999526255, 25.46306409896571), (-5.5055141592437895, 25.467436670658625), (-5.526172987528195, 25.471659986038397), (-5.546682484480669, 25.475734046088547), (-5.567042650210428, 25.479658851800615), (-5.587253484834714, 25.483434404174144), (-5.607314988478788, 25.487060704216685), (-5.627227161275933, 25.490537752943805), (-5.646990003367451, 25.493865551379074), (-5.666603514902668, 25.497044100554078), (-5.68606769603893, 25.50007340150841), (-5.705382546941602, 25.502953455289674), (-5.724548067784074, 25.505684262953483), (-5.743564258747752, 25.508265825563452), (-5.762431120022067, 25.510698144191213), (-5.781148651804468, 25.512981219916405), (-5.799716854300425, 25.515115053826676), (-5.818135727723429, 25.517099647017684), (-5.836405272294991, 25.51893500059309), (-5.854525488244644, 25.520621115664564), (-5.872496375809937, 25.522157993351794), (-5.890317935236443, 25.52354563478247), (-5.907990166777756, 25.52478404109228), (-5.9255130706954855, 25.525873213424937), (-5.9428866472592645, 25.52681315293215), (-5.9601108967467455, 25.52760386077364), (-5.977185819443599, 25.52824533811714), (-5.994111415643516, 25.528737586138384), (-6.01088768564821, 25.529080606021108), (-6.027514629767409, 25.529274398957064), (-6.043992248318864, 25.529318966146015), (-6.060320541628346, 25.52921430879572), (-6.076499510029641, 25.528960428121948), (-6.0925291538645565, 25.528557325348476), (-6.108409473482921, 25.52800500170709), (-6.1241404692425805, 25.52730345843758), (-6.1397221415094, 25.52645269678774), (-6.155154490657263, 25.525452718013373)]",True
1783881279.236417,0,-5.407568707407517,25.433622671030665,0.8015188264800788,95.26471261500063,-0.16211568929666112,1.7811519159162625,25.5117642719671,1.1242702048601498,101.06910704395386,-0.43754649457216943,7.188720623323779,0.07814160093643352,0.32275137838007106,5.8043944289532305,-0.27543080527550834,"[(-5.353516109335529, 25.429957110759318), (-5.370343376571302, 25.43339020661637), (-5.387022890729466, 25.436675604731203), (-5.403554652116909, 25.43981330611186), (-5.4199386610482545, 25.442803311774103), (-5.436174917845867, 25.445645622741427), (-5.452263422839844, 25.44834024004506), (-5.468204176368022, 25.45088716472395), (-5.4839971787759705, 25.453286397824783), (-5.499642430417001, 25.45553794040196), (-5.515139931652158, 25.457641793517617), (-5.530489682850222, 25.459597958241616), (-5.5456916843877115, 25.46140643565155), (-5.56074593664888, 25.463067226832734), (-5.575652440025718, 25.464580332878217), (-5.5904111949179525, 25.465945754888768), (-5.605022201733044, 25.467163493972887), (-5.619485460886192, 25.468233551246797), (-5.633800972800331, 25.469155927834453), (-5.647968737906128, 25.46993062486753), (-5.66198875664199, 25.470557643485435), (-5.675861029454058, 25.471036984835308), (-5.6895855567962075, 25.471368650071998), (-5.70316233913005, 25.471552640358095), (-5.716591376924933, 25.471588956863904), (-5.729872670657939, 25.471477600767468), (-5.743006220813884, 25.471218573254543), (-5.755992027885321, 25.470811875518617), (-5.768830092372537, 25.47025750876091), (-5.781520414783554, 25.46955547419035), (-5.794062995634128, 25.46870577302361), (-5.806457835447753, 25.467708406485077), (-5.818704934755653, 25.466563375806867), (-5.830804294096789, 25.465270682228816), (-5.842755914017856, 25.463830326998487), (-5.8545597950732855, 25.46224231137117), (-5.866215937825238, 25.460506636609882), (-5.877724342843613, 25.458623303985352), (-5.889085010706041, 25.456592314776046), (-5.900297941997889, 25.45441367026815), (-5.911363137312255, 25.452087371755574), (-5.922280597249974, 25.44961342053995), (-5.933050322419612, 25.44699181793064), (-5.94367231343747, 25.444222565244722), (-5.954146570927581, 25.441305663807)]",True
1783881279.2893827,0,-5.431570883549268,25.434846917594985,0.8008065745001354,98.6605043545647,-0.3300451526172083,1.7667195892310577,25.52898633200482,1.1228002996745656,101.06910704395386,-0.43754649457216943,7.198290472780326,0.09413941440983464,0.32199372517443026,2.40860268938917,-0.10750134195496114,"[(-5.37310692433868, 25.43158549377461), (-5.385902065701816, 25.43340374807562), (-5.398550669481831, 25.435075509569746), (-5.411052736186056, 25.43660077932727), (-5.423408266329335, 25.437979558425976), (-5.435617260434031, 25.439211847951157), (-5.447679719030021, 25.44029764899562), (-5.459595642654698, 25.441236962659676), (-5.47136503185297, 25.442029790051148), (-5.48298788717726, 25.442676132285367), (-5.494464209187509, 25.44317599048517), (-5.5057939984511695, 25.443529365780904), (-5.516977255543212, 25.443736259310427), (-5.528013981046122, 25.443796672219097), (-5.538904175549898, 25.44371060565979), (-5.549647839652054, 25.443478060792877), (-5.56024497395762, 25.443099038786254), (-5.570695579079141, 25.442573540815307), (-5.580999655636674, 25.441901568062942), (-5.591157204257794, 25.44108312171957), (-5.601168225577586, 25.4401182029831), (-5.611032720238655, 25.439006813058963), (-5.620750688891116, 25.437748953160085), (-5.6303221321926, 25.4363446245069), (-5.63974705080825, 25.43479382832736), (-5.649025445410726, 25.43309656585691), (-5.6581573166802, 25.431252838338505), (-5.667142665304359, 25.42926264702261), (-5.675981491978402, 25.427125993167195), (-5.684673797405043, 25.424842878037737), (-5.6932195822945095, 25.422413302907216), (-5.701618847364541, 25.419837269056117), (-5.7098715933403925, 25.41711477777244), (-5.71797782095483, 25.414245830351675), (-5.725937530948134, 25.411230428096832), (-5.733750724068098, 25.40806857231842), (-5.741417401070028, 25.404760264334453), (-5.748937562716743, 25.40130550547045), (-5.756311209778574, 25.397704297059438), (-5.763538343033367, 25.393956640441946), (-5.770618963266476, 25.39006253696601), (-5.777553071270773, 25.386021987987164), (-5.784340667846639, 25.381834994868456), (-5.790981753801967, 25.377501558980434), (-5.797476329952164, 25.373021681701154)]",True
1783881279.3532412,0,-5.44757510067096,25.435377217650167,0.8005289363351331,98.6605043545647,-0.3300451526172083,1.7444487902996006,25.554225701822304,1.1214870942016877,101.06910704395386,-0.43754649457216943,7.19202389097056,0.11884848417213689,0.32095815786655457,2.40860268938917,-0.10750134195496114,"[(-5.393589238655211, 25.4325297481759), (-5.4031611306135385, 25.432997376215468), (-5.412587461013523, 25.433319479452855), (-5.421868230516607, 25.433496059008718), (-5.431003439791576, 25.433527116011035), (-5.439993089514557, 25.433412651595134), (-5.448837180369018, 25.433152666903666), (-5.4575357130457665, 25.432747163086628), (-5.4660886882429525, 25.43219614130135), (-5.474496106666067, 25.431499602712492), (-5.482757969027942, 25.430657548492054), (-5.490874276048748, 25.42966997981937), (-5.498845028455999, 25.42853689788111), (-5.506670226984547, 25.427258303871277), (-5.514349872376587, 25.425834198991208), (-5.521883965381652, 25.424264584449578), (-5.529272506756617, 25.422549461462392), (-5.536515497265696, 25.420688831252995), (-5.543612937680442, 25.418682695052063), (-5.550564828779751, 25.416531054097604), (-5.557371171349856, 25.414233909634962), (-5.564031966184331, 25.411791262916818), (-5.5705472140840895, 25.409203115203184), (-5.576916915857384, 25.4064694677614), (-5.583141072319808, 25.40359032186615), (-5.589219684294293, 25.40056567879945), (-5.59515275261111, 25.39739553985064), (-5.600940278107868, 25.3940799063164), (-5.606582261629518, 25.39061877950074), (-5.612078704028347, 25.38701216071501), (-5.617429606163983, 25.383260051277883), (-5.62263496890339, 25.37936245251537), (-5.627694793120875, 25.375319365760813), (-5.632609079698079, 25.37113079235489), (-5.637377829523984, 25.366796733645607), (-5.64200104349491, 25.362317190988303), (-5.646478722514516, 25.35769216574565), (-5.650810867493797, 25.352921659287652), (-5.654997479351087, 25.348005672991647), (-5.659038559012058, 25.342944208242297), (-5.662934107409721, 25.337737266431606), (-5.666684125484423, 25.3323848489589), (-5.670288614183849, 25.32688695723084), (-5.673747574463023, 25.32124359266142), (-5.677061007284303, 25.315454756671965)]",True
1783881279.396135,0,-5.463580757870779,25.43567645899804,0.8003468678787351,98.6605043545647,-0.3300451526172083,1.7289838588389124,25.570462613719936,1.1209752023880775,101.06910704395386,-0.43754649457216943,7.192564616709691,0.1347861547218976,0.32062833450934236,2.40860268938917,-0.10750134195496114,"[(-5.407643863796163, 25.432942296050545), (-5.415434436541107, 25.432641005556132), (-5.423079991682566, 25.432194729938075), (-5.4305805299647965, 25.431603470344978), (-5.437936052139297, 25.43086722793268), (-5.445146558964813, 25.429986003864265), (-5.4522120512073355, 25.428959799310057), (-5.459132529640099, 25.427788615447618), (-5.465907995043583, 25.426472453461752), (-5.472538448205513, 25.425011314544502), (-5.4790238899208585, 25.423405199895146), (-5.485364320991832, 25.421654110720212), (-5.491559742227894, 25.419758048233454), (-5.497610154445745, 25.41771701365588), (-5.503515558469332, 25.41553100821573), (-5.509275955129848, 25.41320003314848), (-5.514891345265726, 25.41072408969685), (-5.520361729722647, 25.408103179110796), (-5.525687109353533, 25.405337302647517), (-5.53086748501855, 25.402426461571448), (-5.53590285758511, 25.399370657154257), (-5.540793227927864, 25.39616989067486), (-5.545538596928712, 25.392824163419405), (-5.550138965476794, 25.389333476681283), (-5.5545943344684945, 25.38569783176112), (-5.558904704807439, 25.381917229966778), (-5.5630700774044985, 25.377991672613355), (-5.567090453177785, 25.373921161023198), (-5.570965833052657, 25.369705696525884), (-5.574696217961712, 25.365345280458225), (-5.57828160884479, 25.360839914164274), (-5.581722006648977, 25.35618959899532), (-5.5850174123285985, 25.35139433630989), (-5.588167826845223, 25.34645412747375), (-5.591173251167661, 25.341368973859893), (-5.594033686271967, 25.336138876848562), (-5.596749133141434, 25.330763837827227), (-5.5993195927666, 25.3252438581906), (-5.601745066145243, 25.319578939340627), (-5.604025554282385, 25.31376908268649), (-5.606161058190287, 25.30781428964461), (-5.608151578888454, 25.30171456163864), (-5.609997117403629, 25.29546990009947), (-5.611697674769799, 25.289080306465227), (-5.613253252028191, 25.282545782181273)]",True
1783881279.4458752,0,-5.479585008592274,25.435888025557624,0.8002274717473895,98.6605043545647,-0.3300451526172083,1.7129320198646625,25.586107046453957,1.1206395160016398,101.06910704395386,-0.43754649457216943,7.192517028456936,0.15021902089633343,0.3204120442542503,2.40860268938917,-0.10750134195496114,"[(-5.421968618497258, 25.43320980143429), (-5.428224701664461, 25.432230466833364), (-5.43433623787612, 25.431106614172755), (-5.440303227946482, 25.429838244625333), (-5.446125672696958, 25.428425359371136), (-5.451803572956118, 25.42686795959735), (-5.457336929559698, 25.425166046498315), (-5.462725743350595, 25.423319621275546), (-5.467970015178867, 25.421328685137702), (-5.473069745901737, 25.419193239300604), (-5.478024936383586, 25.416913284987235), (-5.482835587495962, 25.414488823427728), (-5.487501700117572, 25.411919855859377), (-5.492023275134283, 25.40920638352663), (-5.496400313439128, 25.4063484076811), (-5.500632815932299, 25.403345929581555), (-5.50472078352115, 25.400198950493913), (-5.508664217120196, 25.396907471691254), (-5.512463117651114, 25.39347149445382), (-5.516117486042741, 25.389891020069), (-5.5196273232310755, 25.38616604983135), (-5.522992630159278, 25.382296585042564), (-5.52621340777767, 25.378282627011515), (-5.529289657043731, 25.37412417705422), (-5.532221378922104, 25.369821236493852), (-5.535008574384593, 25.36537380666074), (-5.537651244410158, 25.360781888892383), (-5.540149389984927, 25.356045484533414), (-5.54250301210218, 25.35116459493563), (-5.544712111762363, 25.346139221457985), (-5.546776689973078, 25.34096936546659), (-5.548696747749092, 25.335655028334713), (-5.550472286112327, 25.330196211442768), (-5.552103306091866, 25.324592916178332), (-5.553589808723953, 25.318845143936134), (-5.55493179505199, 25.312952896118055), (-5.55612926612654, 25.30691617413314), (-5.557182223005324, 25.300734979397575), (-5.558090666753222, 25.294409313334715), (-5.5588545984422755, 25.287939177375055), (-5.559474019151681, 25.281324572956258), (-5.559948929967797, 25.274565501523128), (-5.56027933198414, 25.26766196452763), (-5.5604652263013845, 25.260613963428884), (-5.560506614027363, 25.25342149969316)]",True
1783881279.4905236,0,-5.495586414018472,25.436157964277918,0.8001491746251843,98.6605043545647,-0.3300451526172083,1.6962419089552456,25.6010598879871,1.1204193809124599,101.06910704395386,-0.43754649457216943,7.191828322973718,0.16490192370918066,0.32027020628727554,2.40860268938917,-0.10750134195496114,"[(-5.436527749557244, 25.433328348611433), (-5.441462040883021, 25.431749675496114), (-5.446252192494017, 25.430026888562626), (-5.450898205263765, 25.42815998900505), (-5.45540008007289, 25.42614897802455), (-5.45975781780911, 25.423993856829387), (-5.463971419367234, 25.4216946266349), (-5.468040885649163, 25.419251288663517), (-5.471966217563888, 25.41666384414476), (-5.475747416027492, 25.413932294315234), (-5.479384481963149, 25.41105664041863), (-5.482877416301124, 25.40803688370573), (-5.486226219978773, 25.404873025434398), (-5.489430893940543, 25.40156506686959), (-5.492491439137972, 25.398113009283346), (-5.495407856529688, 25.39451685395479), (-5.498180147081409, 25.390776602170142), (-5.500808311765945, 25.3868922552227), (-5.503292351563195, 25.382863814412854), (-5.5056322674601486, 25.37869128104807), (-5.507828060450886, 25.37437465644291), (-5.509879731536577, 25.36991394191902), (-5.511787281725481, 25.365309138805124), (-5.513550712032948, 25.360560248437046), (-5.515170023481416, 25.35566727215769), (-5.516645217100415, 25.35063021131704), (-5.517976293926563, 25.345449067272167), (-5.519163255003568, 25.340123841387232), (-5.520206101382226, 25.334654535033476), (-5.5211048341204245, 25.329041149589234), (-5.521859454283137, 25.32328368643991), (-5.522469962942429, 25.317382146978012), (-5.522936361177453, 25.311336532603118), (-5.5232586500744505, 25.305146844721893), (-5.5234368307267525, 25.29881308474809), (-5.523470904234777, 25.29233525410255), (-5.523360871706032, 25.285713354213186), (-5.523106734255113, 25.278947386515007), (-5.522708493003704, 25.272037352450102), (-5.522166149080577, 25.264983253467637), (-5.521479703621591, 25.25778509102387), (-5.520649157769693, 25.25044286658214), (-5.5196745126749205, 25.242956581612873), (-5.518555769494396, 25.235326237593572), (-5.5172929293923305, 25.22755183600883)]",True
1783881279.557692,0,-5.527589377852443,25.4363255896337,0.8000641581806084,98.6605043545647,-0.3300451526172083,1.6613803390937365,25.628559887285494,1.0402963510398369,101.06910704395386,-0.43754649457216943,7.18896971694618,0.1922342976517939,0.24023219285922848,2.40860268938917,-0.10750134195496114,"[(-5.466224486298666, 25.43308213069015), (-5.469039431494414, 25.430498809006576), (-5.47171089515198, 25.42777202709639), (-5.474238878237988, 25.42490178618886), (-5.476623381726039, 25.42188808752025), (-5.478864406596714, 25.418730932333776), (-5.48096195383757, 25.41543032187964), (-5.482916024443141, 25.41198625741502), (-5.484726619414941, 25.40839874020406), (-5.48639373976146, 25.404667771517886), (-5.4879173864981645, 25.400793352634597), (-5.4892975606475005, 25.396775484839264), (-5.49053426323889, 25.392614169423936), (-5.491627495308731, 25.388309407687633), (-5.492577257900401, 25.383861200936344), (-5.493383552064253, 25.37926955048304), (-5.494046378857615, 25.374534457647663), (-5.494565739344795, 25.369655923757126), (-5.494941634597075, 25.364633950145315), (-5.495174065692716, 25.359468538153095), (-5.495263033716952, 25.3541596891283), (-5.495208539761998, 25.348707404425735), (-5.495010584927038, 25.343111685407177), (-5.494669170318239, 25.337372533441386), (-5.49418429704874, 25.331489949904086), (-5.493555966238659, 25.32546393617797), (-5.492784179015085, 25.319294493652713), (-5.491868936512086, 25.31298162372495), (-5.490810239870705, 25.306525327798308), (-5.48960809023896, 25.299925607283367), (-5.488262488771845, 25.29318246359768), (-5.486773436631328, 25.286295898165786), (-5.485140934986353, 25.279265912419184), (-5.483364985012837, 25.272092507796348), (-5.481445587893676, 25.26477568574272), (-5.479382744818737, 25.257315447710717), (-5.4771764569848616, 25.249711795159726), (-5.474826725595868, 25.24196472955611), (-5.4723335518625476, 25.23407425237319), (-5.469696937002666, 25.226040365091272), (-5.466916882240963, 25.217863069197627), (-5.463993388809155, 25.20954236618649), (-5.460926457945928, 25.201078257559075), (-5.457716090896944, 25.19247074482357), (-5.454362288914838, 25.18371982949512)]",True
1783881279.5887747,0,-5.535589883946294,25.436291933196213,0.8000519575620174,98.6605043545647,-0.3300451526172083,1.6532429997044689,25.634507610154145,0.9755719828046991,101.06910704395386,-0.43754649457216943,7.188832883650763,0.19821567695793263,0.17552002524268173,2.40860268938917,-0.10750134195496114,"[(-5.473748923177789, 25.432942332927052), (-5.476125716598942, 25.430143651005597), (-5.478359167252899, 25.427201646718064), (-5.480449276125193, 25.424116321301184), (-5.48239604420831, 25.420887675998646), (-5.4841994725016905, 25.417515712061082), (-5.485859562011729, 25.414000430746082), (-5.487376313751773, 25.41034183331818), (-5.488749728742125, 25.406539921048868), (-5.489979808010039, 25.40259469521658), (-5.491066552589726, 25.398506157106713), (-5.492009963522348, 25.3942743080116), (-5.49281004185602, 25.389899149230533), (-5.493466788645813, 25.385380682069755), (-5.493980204953749, 25.380718907842457), (-5.494350291848801, 25.37591382786878), (-5.4945770504069, 25.370965443475807), (-5.494660481710926, 25.365873755997587), (-5.494600586850713, 25.360638766775104), (-5.494397366923048, 25.355260477156303), (-5.494050823031669, 25.34973888849607), (-5.493560956287268, 25.344074002156244), (-5.492927767807489, 25.338265819505615), (-5.492151258716927, 25.332314341919915), (-5.49123143014713, 25.32621957078183), (-5.490168283236599, 25.319981507480996), (-5.488961819130786, 25.313600153413994), (-5.4876120389820935, 25.307075509984355), (-5.486118943949878, 25.30040757860256), (-5.484482535200445, 25.293596360686035), (-5.482702813907053, 25.28664185765916), (-5.480779781249911, 25.279544070953257), (-5.478713438416181, 25.2723030020066), (-5.476503786599975, 25.264918652264406), (-5.474150827002354, 25.257391023178844), (-5.471654560831333, 25.249720116209033), (-5.469014989301877, 25.241905932821034), (-5.466232113635901, 25.233948474487857), (-5.4633059350622695, 25.225847742689457), (-5.460236454816799, 25.21760373891274), (-5.457023674142257, 25.209216464651554), (-5.453667594288359, 25.200685921406706), (-5.450168216511773, 25.192012110685933), (-5.446525542076114, 25.183195034003933), (-5.442739572251949, 25.174234692882337)]",True
1783881279.7081926,0,-5.543590337602904,25.436296794846122,0.8000420775010824,98.6605043545647,-0.3300451526172083,1.6454824627888363,25.639975740857516,0.9231581894078846,101.06910704395386,-0.43754649457216943,7.18907280039174,0.2036789460113937,0.12311611190680227,2.40860268938917,-0.10750134195496114,"[(-5.4813069030078205, 25.43284235560967), (-5.483277100681641, 25.429845328412025), (-5.485104086691791, 25.426705109102933), (-5.486787862041219, 25.42342169892588), (-5.488328427739806, 25.419995099131288), (-5.489725784804362, 25.4164253109765), (-5.490979934258631, 25.412712335725793), (-5.492090877133288, 25.408856174650367), (-5.493058614465938, 25.404856829028358), (-5.493883147301119, 25.400714300144823), (-5.494564476690299, 25.39642858929175), (-5.495102603691877, 25.39199969776806), (-5.495497529371183, 25.387427626879592), (-5.4957492548004785, 25.382712377939125), (-5.495857781058955, 25.377853952266356), (-5.495823109232735, 25.372852351187916), (-5.495645240414872, 25.367707576037354), (-5.495324175705347, 25.36241962815516), (-5.494859916211075, 25.356988508888737), (-5.494252463045899, 25.35141421959243), (-5.493501817330592, 25.3456967616275), (-5.492607980192858, 25.339836136362145), (-5.49157095276733, 25.333832345171473), (-5.490390736195573, 25.327685389437537), (-5.489067331626076, 25.321395270549306), (-5.4876007402142655, 25.314961989902677), (-5.4859909631224895, 25.30838554890048), (-5.484238001520031, 25.301665948952458), (-5.4823418565830995, 25.294803191475292), (-5.480302529494835, 25.287797277892587), (-5.478120021445304, 25.280648209634865), (-5.475794333631504, 25.273355988139585), (-5.473325467257362, 25.26592061485113), (-5.470713423533732, 25.2583420912208), (-5.467958203678395, 25.25062041870683), (-5.465059808916066, 25.242755598774377), (-5.462018240478381, 25.23474763289552), (-5.458833499603909, 25.22659652254927), (-5.455505587538146, 25.21830226922155), (-5.452034505533517, 25.20986487440522), (-5.448420254849371, 25.201284339600065), (-5.4446628367519905, 25.192560666312787), (-5.44076225251458, 25.183693856057012), (-5.436718503417277, 25.1746839103533), (-5.43253159074714, 25.16553083072912)]",True
1783881279.7399895,0,-5.567588832740228,25.436625244395024,0.8000223507394634,98.6605043545647,-0.3300451526172083,1.6236324690072086,25.654021777403543,0.8185075789831139,101.06910704395386,-0.43754649457216943,7.1912213017474365,0.21739653300851813,0.01848522824365051,2.40860268938917,-0.10750134195496114,"[(-5.5195267924979, 25.432434867255257), (-5.519862480143562, 25.42863263600748), (-5.520055478888636, 25.42468773205398), (-5.520105789805276, 25.42060015666545), (-5.520013413972481, 25.41636991111944), (-5.51977835247609, 25.411996996700328), (-5.519400606408786, 25.40748141469934), (-5.518880176870095, 25.402823166414535), (-5.518217064966381, 25.39802225315082), (-5.517411271810855, 25.393078676219936), (-5.516462798523569, 25.38799243694047), (-5.515371646231415, 25.382763536637835), (-5.5141378160681285, 25.3773919766443), (-5.5127613091742855, 25.371877758298968), (-5.511242126697305, 25.366220882947772), (-5.509580269791447, 25.360421351943494), (-5.507775739617811, 25.354479166645753), (-5.505828537344341, 25.348394328421005), (-5.5037386641458195, 25.342166838642548), (-5.501506121203872, 25.335796698690512), (-5.499130909706963, 25.329283909951876), (-5.4966130308504, 25.322628473820444), (-5.4939524858363304, 25.315830391696874), (-5.491149275873741, 25.308889664988648), (-5.48820340217846, 25.30180629511009), (-5.485114865973157, 25.294580283482368), (-5.481883668487339, 25.287211631533484), (-5.478509810957357, 25.279700340698273), (-5.4749932946264, 25.272046412418415), (-5.471334120744498, 25.264249848142423), (-5.467532290568518, 25.25631064932565), (-5.46358780536217, 25.248228817430277), (-5.459500666396003, 25.24000435392534), (-5.455270874947403, 25.231637260286693), (-5.450898432300599, 25.223127537997044), (-5.4463833397466574, 25.214475188545926), (-5.441725598583483, 25.205680213429705), (-5.436925210115821, 25.1967426141516), (-5.431982175655256, 25.18766239222165), (-5.426896496520209, 25.17843954915674), (-5.4216681740359425, 25.169074086480585), (-5.416297209534556, 25.15956600572374), (-5.410783604354988, 25.149915308423594), (-5.405127359843014, 25.14012199612437), (-5.3993284773512515, 25.130186070377135)]",True
1783881279.7986155,0,-5.591578346291942,25.43732224251188,0.8000118748932616,98.6605043545647,-0.3300451526172083,1.603181700456448,25.665885368267993,0.762933140516461,101.06910704395386,-0.43754649457216943,7.19476004674839,0.22856312575611426,-0.03707873437680065,2.40860268938917,-0.10750134195496114,"[(-5.542737280672403, 25.431970011384287), (-5.542348081411643, 25.42778999004149), (-5.541816431091217, 25.423467532436636), (-5.541142330813401, 25.419002639853137), (-5.540325781687278, 25.414395313581203), (-5.5393667848287285, 25.409645554917837), (-5.538265341360437, 25.404753365166854), (-5.53702145241189, 25.39971874563886), (-5.5356351191193784, 25.394541697651267), (-5.534106342625989, 25.38922222252828), (-5.532435124081617, 25.38376032160091), (-5.530621464642955, 25.378155996206964), (-5.528665365473498, 25.372409247691046), (-5.526566827743543, 25.36652007740457), (-5.524325852630187, 25.360488486705734), (-5.52194244131733, 25.354314476959548), (-5.519416594995673, 25.34799804953781), (-5.516748314862716, 25.341539205819124), (-5.513937602122761, 25.33493794718889), (-5.510984457986911, 25.328194275039312), (-5.507888883673071, 25.321308190769383), (-5.5046508804059435, 25.3142796957849), (-5.501270449417033, 25.30710879149846), (-5.497747591944646, 25.299795479329454), (-5.494082309233884, 25.29233976070407), (-5.490274602536656, 25.2847416370553), (-5.486324473111664, 25.27700110982293), (-5.482231922224416, 25.26911818045354), (-5.4779969511472135, 25.26109285040051), (-5.473619561159163, 25.252925121124022), (-5.469099753546168, 25.244614994091048), (-5.464437529600931, 25.236162470775366), (-5.459632890622957, 25.22756755265754), (-5.454685837918545, 25.21883024122494), (-5.449596372800797, 25.209950537971725), (-5.444364496589613, 25.200928444398862), (-5.438990210611693, 25.1917639620141), (-5.433473516200533, 25.182457092331997), (-5.42781441469643, 25.1730078368739), (-5.422012907446478, 25.163416197167955), (-5.41606899580457, 25.1536821747491), (-5.409982681131398, 25.143805771159073), (-5.403753964794451, 25.13378698794641), (-5.397382848168016, 25.123625826666437), (-5.39086933263318, 25.113322288881278)]",True
1783881279.8450518,0,-5.6315227372622525,25.439434876934417,0.8000041431795175,98.6605043545647,-0.3300451526172083,1.5705008195374488,25.68312251815487,0.7219163442177696,101.06910704395386,-0.43754649457216943,7.202023556799701,0.24368764122045405,-0.07808779896174789,2.40860268938917,-0.10750134195496114,"[(-5.581751017813872, 25.432202619900057), (-5.580463334598851, 25.427602301237297), (-5.5790335075534685, 25.422859851631536), (-5.577461537816707, 25.417975272379184), (-5.575747426534302, 25.4129485647834), (-5.573891174858736, 25.407779730154086), (-5.571892783949246, 25.402468769807903), (-5.569752254971816, 25.39701568506825), (-5.567469589099184, 25.391420477265285), (-5.565044787510833, 25.385683147735904), (-5.562477851393, 25.379803697823757), (-5.559768781938669, 25.37378212887924), (-5.556917580347577, 25.3676184422595), (-5.553924247826209, 25.361312639328425), (-5.550788785587798, 25.35486472145666), (-5.54751119485233, 25.34827469002159), (-5.544091476846537, 25.34154254640735), (-5.540529632803903, 25.334668292004825), (-5.536825663964659, 25.327651928211644), (-5.532979571575786, 25.32049345643218), (-5.528991356891013, 25.31319287807756), (-5.524861021170819, 25.305750194565658), (-5.520588565682432, 25.298165407321086), (-5.516173991699826, 25.290438517775208), (-5.511617300503727, 25.28256952736614), (-5.506918493381606, 25.274558437538733), (-5.5020775716276855, 25.266405249744594), (-5.497094536542934, 25.25810996544207), (-5.491969389435067, 25.249672586096256), (-5.486702131618552, 25.241093113178998), (-5.481292764414599, 25.232371548168878), (-5.475741289151171, 25.22350789255123), (-5.470047707162973, 25.214502147818134), (-5.464212019791462, 25.205354315468412), (-5.45823422838484, 25.196064397007635), (-5.4521143342980585, 25.186632393948116), (-5.445852338892813, 25.177058307808917), (-5.439448243537549, 25.167342140115835), (-5.432902049607455, 25.157483892401427), (-5.426213758484471, 25.147483566204983), (-5.419383371557281, 25.13734116307254), (-5.412410890221315, 25.127056684556887), (-5.405296315878751, 25.116630132217544), (-5.398039649938512, 25.106061507620787), (-5.390640893816267, 25.095350812339625)]",True
1783881279.8894112,0,-5.67142418158631,25.442182610964174,0.800001450624236,98.6605043545647,-0.3300451526172083,1.53823761541306,25.698351602747618,0.707632319335258,101.06910704395386,-0.43754649457216943,7.209661796999369,0.25616899178344354,-0.09236913128897795,2.40860268938917,-0.10750134195496114,"[(-5.621025801311609, 25.43394006378434), (-5.619118499111346, 25.42912794483105), (-5.617069264339199, 25.42417390458044), (-5.614878098159225, 25.4190779443341), (-5.612545001742194, 25.41384006540033), (-5.610069976265592, 25.408460269094146), (-5.607453022913622, 25.402938556737276), (-5.6046941428772, 25.39727492965816), (-5.601793337353957, 25.39146938919195), (-5.59875060754824, 25.38552193668051), (-5.595565954671109, 25.379432573472428), (-5.592239379940339, 25.373201300922993), (-5.588770884580421, 25.366828120394214), (-5.585160469822557, 25.3603130332548), (-5.581408136904666, 25.353656040880193), (-5.5775138870713805, 25.34685714465253), (-5.573477721574046, 25.339916345960674), (-5.569299641670724, 25.332833646200186), (-5.564979648626186, 25.325609046773348), (-5.56051774371192, 25.318242549089153), (-5.555913928206128, 25.310734154563303), (-5.551168203393725, 25.303083864618213), (-5.546280570566336, 25.295291680683015), (-5.541251031022303, 25.28735760419354), (-5.5360795860666805, 25.279281636592348), (-5.5307662370112345, 25.271063779328692), (-5.525310985174445, 25.262704033858547), (-5.519713831881506, 25.2542024016446), (-5.513974778464322, 25.245558884156242), (-5.508093826261509, 25.236773482869577), (-5.502070976618398, 25.22784619926742), (-5.495906230887032, 25.218777034839306), (-5.489599590426164, 25.209565991081465), (-5.483151056601262, 25.200213069496844), (-5.476560630784503, 25.1907182715951), (-5.469828314354778, 25.1810815988926), (-5.46295410869769, 25.17130305291242), (-5.455938015205551, 25.161382635184353), (-5.448780035277388, 25.15132034724489), (-5.441480170318936, 25.14111619063724), (-5.434038421742643, 25.130770166911322), (-5.426454790967667, 25.120282277623755), (-5.41872927941988, 25.109652524337875), (-5.410861888531861, 25.098880908623727), (-5.4028526197429025, 25.087967432058065)]",True
1783881279.936273,0,-5.727125057950973,25.447957762892855,0.8000003404816545,98.6605043545647,-0.3300451526172083,1.4926943236581633,25.717157750186534,0.7017430050604464,101.06910704395386,-0.43754649457216943,7.2198193816091365,0.26919998729367833,-0.09825733542120807,2.40860268938917,-0.10750134195496114,"[(-5.660482575453555, 25.43625946924831), (-5.658147719123019, 25.431332485260103), (-5.6556710805464805, 25.426263729070165), (-5.653052660905075, 25.421053201982033), (-5.650292461386633, 25.415700905305933), (-5.647390483185674, 25.410206840358782), (-5.644346727503405, 25.404571008464185), (-5.641161195547724, 25.398793410952432), (-5.637833888533222, 25.392874049160508), (-5.634364807681174, 25.38681292443208), (-5.630753954219549, 25.380610038117503), (-5.6270013293830035, 25.37426539157383), (-5.623106934412884, 25.367778986164787), (-5.619070770557224, 25.3611508232608), (-5.614892839070749, 25.354380904238973), (-5.610573141214873, 25.347469230483103), (-5.606111678257698, 25.340415803383678), (-5.601508451474015, 25.333220624337866), (-5.596763462145304, 25.325883694749525), (-5.591876711559733, 25.3184050160292), (-5.586848201012159, 25.31078458959412), (-5.581677931804125, 25.30302241686821), (-5.576365905243867, 25.295118499282072), (-5.5709121226463045, 25.287072838272998), (-5.565316585333048, 25.27888543528497), (-5.5595792946323925, 25.27055629176865), (-5.553700251879325, 25.26208540918139), (-5.547679458415517, 25.25347278898722), (-5.5415169155893285, 25.244718432656878), (-5.5352126247558076, 25.235822341667763), (-5.528766587276689, 25.226784517503976), (-5.522178804520395, 25.217604961656292), (-5.515449277862033, 25.208283675622177), (-5.5085780086834015, 25.198820660905785), (-5.501564998372982, 25.189215919017954), (-5.494410248325943, 25.179469451476205), (-5.487113759944142, 25.169581259804744), (-5.479675534636122, 25.15955134553446), (-5.472095573817112, 25.149379710202936), (-5.4643738789090275, 25.13906635535443), (-5.456510451340469, 25.128611282539886), (-5.448505292546724, 25.118014493316938), (-5.440358403969766, 25.1072759892499), (-5.432069787058255, 25.09639577190977), (-5.423639443267536, 25.085373842874226)]",True
1783881279.9857032,0,-5.735075888710791,25.448843318080254,0.8000002779894044,98.6605043545647,-0.3300451526172083,1.4861227938995492,25.719614503277167,0.7014114832305888,101.06910704395386,-0.43754649457216943,7.221198682610341,0.2707711851969137,-0.09858879475881566,2.40860268938917,-0.10750134195496114,"[(-5.69206275422271, 25.439343368785405), (-5.689479722638314, 25.434421196203736), (-5.68675499502187, 25.429357336645445), (-5.683888572564416, 25.424151791411862), (-5.680880456463667, 25.418804561810983), (-5.677730647924012, 25.413315649157482), (-5.674439148156516, 25.407685054772706), (-5.67100595837892, 25.401912779984677), (-5.667431079815643, 25.395998826128093), (-5.663714513697774, 25.389943194544323), (-5.65985626126308, 25.383745886581412), (-5.655856323756005, 25.37740690359408), (-5.651714702427665, 25.37092624694371), (-5.647431398535851, 25.364303917998377), (-5.643006413345031, 25.35753991813282), (-5.638439748126347, 25.350634248728444), (-5.633731404157613, 25.343586911173336), (-5.628881382723321, 25.33639790686226), (-5.623889685114635, 25.329067237196643), (-5.618756312629396, 25.321594903584593), (-5.613481266572114, 25.313980907440886), (-5.608064548253978, 25.30622525018697), (-5.602506158992848, 25.298327933250967), (-5.596806100113261, 25.290288958067674), (-5.590964372946424, 25.282108326078554), (-5.584980978830218, 25.27378603873175), (-5.578855919109199, 25.265322097482073), (-5.572589195134598, 25.256716503791008), (-5.566180808264315, 25.24796925912671), (-5.559630759862926, 25.239080364964003), (-5.552939051301678, 25.23004982278439), (-5.546105683958492, 25.220877634076036), (-5.539130659217963, 25.211563800333785), (-5.5320139784713565, 25.202108323059146), (-5.524755643116612, 25.192511203760308), (-5.51735565455834, 25.182772443952125), (-5.509814014207825, 25.172892045156118), (-5.502130723483022, 25.162870008900487), (-5.49430578380856, 25.1527063367201), (-5.486339196615738, 25.142401030156496), (-5.4782309633425275, 25.131954090757876), (-5.469981085433572, 25.12136552007912), (-5.461589564340187, 25.11063531968178), (-5.453056401520358, 25.09976349113407), (-5.444381598438744, 25.08875003601088)]",True
1783881280.0361705,0,-5.743027060146671,25.449725809157876,0.8000002273831804,98.6605043545647,-0.3300451526172083,1.4795389856267227,25.72202947318079,0.7011430168527701,101.06910704395386,-0.43754649457216943,7.2225660457733944,0.27230366402291395,-0.0988572105304103,2.40860268938917,-0.10750134195496114,"[(-5.699962451795229, 25.44018618881693), (-5.697327728302169, 25.4352697000848), (-5.694551326365654, 25.43021154174082), (-5.691633247178787, 25.425011715085645), (-5.6885734919413435, 25.4196702214266), (-5.685372061859773, 25.414187062077673), (-5.682028958147199, 25.40856223835953), (-5.678544182023413, 25.402795751599513), (-5.6749177347148825, 25.396887603131628), (-5.6711496174547475, 25.39083779429655), (-5.66723983148282, 25.38464632644164), (-5.663188378045582, 25.37831320092091), (-5.6589952583961916, 25.371838419095056), (-5.654660473794475, 25.36522198233144), (-5.650184025506932, 25.3584638920041), (-5.645565914806734, 25.351564149493733), (-5.640806142973724, 25.344522756187715), (-5.635904711294416, 25.33733971348009), (-5.630861621061998, 25.330015022771576), (-5.625676873576325, 25.322548685469556), (-5.620350470143927, 25.314940702988086), (-5.614882412078002, 25.307191076747884), (-5.609272700698422, 25.29929980817635), (-5.603521337331728, 25.291266898707548), (-5.597628323311131, 25.28309234978221), (-5.591593659976516, 25.274776162847733), (-5.585417348674436, 25.266318339358197), (-5.579099390758112, 25.257718880774338), (-5.572639787587442, 25.248977788563565), (-5.566038540528988, 25.240095064199956), (-5.559295650955983, 25.23107070916426), (-5.552411120248333, 25.22190472494389), (-5.545384949792612, 25.21259711303293), (-5.538217140982064, 25.20314787493214), (-5.530907695216601, 25.193557012148933), (-5.523456613902807, 25.183824526197398), (-5.515863898453934, 25.173950418598295), (-5.508129550289904, 25.163934690879042), (-5.500253570837306, 25.15377734457374), (-5.492235961529402, 25.143478381223144), (-5.484076723806118, 25.13303780237468), (-5.475775859114053, 25.12245560958245), (-5.467333368906473, 25.111731804407206), (-5.458749254643313, 25.10086638841638), (-5.450023517791174, 25.089859363184075)]",True
1783881280.0955327,0,-5.766886066432403,25.452319874337192,0.8000001263416054,98.6605043545647,-0.3300451526172083,1.4596759831081378,25.72892217906544,0.7006069905799807,101.06910704395386,-0.43754649457216943,7.226562049540541,0.27660230472824665,-0.09939313576162478,2.40860268938917,-0.10750134195496114,"[(-5.715770645642106, 25.441899964267336), (-5.713043242505567, 25.436995803294696), (-5.7101741919983064, 25.431950003373643), (-5.707163495317137, 25.42676256580353), (-5.704011153665539, 25.421433491890376), (-5.70071716825366, 25.41596278294687), (-5.697281540298315, 25.410350440292365), (-5.693704271022986, 25.40459646525288), (-5.689985361657822, 25.398700859161103), (-5.686124813439642, 25.392663623356384), (-5.682122627611929, 25.38648475918474), (-5.677978805424835, 25.380164267998857), (-5.673693348135178, 25.373702151158085), (-5.669266257006443, 25.367098410028436), (-5.664697533308782, 25.360353045982595), (-5.659987178319015, 25.35346606039991), (-5.655135193320624, 25.346437454666386), (-5.650141579603762, 25.339267230174702), (-5.645006338465246, 25.3319553883242), (-5.639729471208559, 25.324501930520885), (-5.6343109791438515, 25.31690685817743), (-5.628750863587939, 25.309170172713166), (-5.623049125864303, 25.3012918755541), (-5.61720576730309, 25.29327196813289), (-5.611220789241113, 25.28511045188887), (-5.60509419302185, 25.27680732826803), (-5.598825979995446, 25.268362598723037), (-5.592416151518708, 25.2597762647132), (-5.585864708955111, 25.25104832770451), (-5.579171653674793, 25.242178789169614), (-5.57233698705456, 25.233167650587827), (-5.565360710477878, 25.224014913445124), (-5.558242825334883, 25.214720579234143), (-5.55098333302237, 25.20528464945419), (-5.543582234943804, 25.19570712561123), (-5.53603953250931, 25.185988009217887), (-5.5283552271356795, 25.17612730179346), (-5.520529320246369, 25.1661250048639), (-5.512561813271495, 25.155981119961822), (-5.504452707647842, 25.14569564862651), (-5.496202004818856, 25.135268592403904), (-5.487809706234647, 25.12469995284661), (-5.4792758133519905, 25.11398973151389), (-5.470600327634322, 25.103137929971677), (-5.461783250551742, 25.09214454979256)]",True
1783881280.1473837,0,-5.79079410507132,25.45441588202523,0.800000072683736,98.6605043545647,-0.3300451526172083,1.439666496786445,25.735338268399467,0.7003223352015483,101.06910704395386,-0.43754649457216943,7.230460601857764,0.28092238637423605,-0.09967773748218767,2.40860268938917,-0.10750134195496114,"[(-5.731587761288437, 25.443660194134388), (-5.728780284214568, 25.43877002220311), (-5.725831187328935, 25.43373823851599), (-5.722740471831536, 25.428564844371095), (-5.719508138929031, 25.423249841073147), (-5.716134189834746, 25.417793229933533), (-5.712618625768668, 25.412195012270296), (-5.708961447957447, 25.40645518940815), (-5.7051626576343955, 25.400573762678462), (-5.701222256039489, 25.394550733419265), (-5.697140244419366, 25.388386102975254), (-5.692916624027327, 25.38207987269778), (-5.688551396123336, 25.37563204394486), (-5.684044561974018, 25.369042618081174), (-5.679396122852659, 25.362311596478055), (-5.674606080039211, 25.355438980513508), (-5.669674434820283, 25.34842477157219), (-5.66460118848915, 25.341268971045423), (-5.659386342345745, 25.333971580331184), (-5.654029897696666, 25.326532600834117), (-5.64853185585517, 25.318952033965523), (-5.642892218141177, 25.31122988114336), (-5.637110985881266, 25.30336614379225), (-5.631188160408681, 25.295360823343483), (-5.625123743063323, 25.287213921234994), (-5.618917735191757, 25.278925438911386), (-5.6125701381472055, 25.27049537782392), (-5.606080953289554, 25.26192373943051), (-5.5994501819853495, 25.253210525195744), (-5.592677825607797, 25.244355736590855), (-5.585763885536765, 25.23535937509374), (-5.5787083631587775, 25.22622144218896), (-5.571511259867022, 25.216941939367732), (-5.5641725770613455, 25.207520868127926), (-5.556692316148255, 25.197958229974077), (-5.549070478540917, 25.18825402641738), (-5.541307065659156, 25.178408258975676), (-5.53340207892946, 25.16842092917348), (-5.525355519784973, 25.15829203854196), (-5.517167389665499, 25.148021588618935), (-5.508837690017501, 25.13760958094889), (-5.500366422294102, 25.127056017082964), (-5.491753587955085, 25.116360898578957), (-5.482999188466888, 25.10552422700132), (-5.474103225302611, 25.094546003921167)]",True
1783881280.1876612,0,-5.806751179515162,25.455586667284248,0.8000000517677219,98.6605043545647,-0.3300451526172083,1.4262448694433032,25.739338808145444,0.7002113755985545,101.06910704395386,-0.43754649457216943,7.232996048958466,0.28375214086119627,-0.09978867616916742,2.40860268938917,-0.10750134195496114,"[(-5.747412100003876, 25.44546366382853), (-5.744535432333774, 25.44058871022567), (-5.741517169477881, 25.435572169164363), (-5.738357312638927, 25.430414041941397), (-5.735055863026305, 25.425114329860207), (-5.731612821856062, 25.419673034230886), (-5.728028190350906, 25.414090156370186), (-5.724301969740205, 25.408365697601518), (-5.720434161259985, 25.40249965925495), (-5.716424766152929, 25.39649204266721), (-5.71227378566838, 25.39034284918168), (-5.707981221062341, 25.384052080148397), (-5.70354707359747, 25.377619736924064), (-5.698971344543085, 25.371045820872034), (-5.694254035175161, 25.36433033336232), (-5.689395146776334, 25.35747327577159), (-5.6843946806358945, 25.350474649483168), (-5.679252638049791, 25.343334455887035), (-5.67396902032063, 25.336052696379827), (-5.668543828757676, 25.328629372364844), (-5.662977064676853, 25.321064485252037), (-5.657268729400737, 25.31335803645801), (-5.651418824258566, 25.305510027406026), (-5.645427350586234, 25.297520459526005), (-5.6392943097262895, 25.289389334254523), (-5.63301970302794, 25.281116653034807), (-5.62660353184705, 25.272702417316747), (-5.62004579754614, 25.264146628556883), (-5.613346501494386, 25.25544928821841), (-5.606505645067622, 25.246610397771185), (-5.599523229648337, 25.23762995869171), (-5.5923992566256775, 25.22850797246315), (-5.585133727395444, 25.219244440575316), (-5.577726643360095, 25.209839364524687), (-5.570178005928744, 25.200292745814384), (-5.56248781651716, 25.19060458595419), (-5.554656076547767, 25.18077488646054), (-5.5466827874496465, 25.17080364885652), (-5.538567950658533, 25.160690874671875), (-5.530311567616817, 25.150436565443005), (-5.521913639773545, 25.140040722712957), (-5.513374168584417, 25.129503348031438), (-5.50469315551179, 25.118824442954807), (-5.495870602024673, 25.108004009046077), (-5.4869065095987315, 25.09704204787491)]",True
1783881280.248278,0,-5.830660333092204,25.457669773530995,0.8000000330814663,98.6605043545647,-0.3300451526172083,1.40599652021359,25.744922634088862,0.700112244879547,101.06910704395386,-0.43754649457216943,7.236656853305794,0.28725286055786725,-0.09988778820191924,2.40860268938917,-0.10750134195496114,"[(-5.771195028477762, 25.44790055700544), (-5.7682336045131395, 25.443028341297452), (-5.7651306117920615, 25.43801456421987), (-5.761886051520682, 25.43285922706873), (-5.758499924911809, 25.427562331146728), (-5.754972233184904, 25.422123877763216), (-5.751302977566085, 25.41654386823419), (-5.7474921592881225, 25.41082230388231), (-5.743539779590443, 25.40495918603688), (-5.739445839719126, 25.398954516033868), (-5.735210340926907, 25.392808295215886), (-5.730833284473172, 25.3865205249322), (-5.726314671623963, 25.380091206538733), (-5.721654503651977, 25.37352034139806), (-5.716852781836562, 25.366807930879403), (-5.711909507463722, 25.359953976358643), (-5.706824681826113, 25.35295847921831), (-5.701598306223045, 25.345821440847583), (-5.69623038196048, 25.338542862642303), (-5.690720910351036, 25.331122746004954), (-5.685069892713981, 25.323561092344676), (-5.679277330375236, 25.315857903077262), (-5.673343224667377, 25.308013179625153), (-5.667267576929632, 25.30002692341744), (-5.66105038850788, 25.29189913588987), (-5.6546916607546525, 25.283629818484844), (-5.648191395029136, 25.275218972651405), (-5.641549592697167, 25.266666599845255), (-5.634766255131235, 25.257972701528743), (-5.62784138371048, 25.249137279170874), (-5.620774979820696, 25.240160334247296), (-5.613567044854326, 25.231041868240315), (-5.606217580210469, 25.22178188263888), (-5.598726587294871, 25.212380378938594), (-5.59109406751993, 25.202837358641712), (-5.5833200223047, 25.193152823257137), (-5.5754044530748805, 25.183326774300426), (-5.567347361262824, 25.17335921329378), (-5.5591487483075355, 25.16325014176605), (-5.550808615654669, 25.15299956125274), (-5.542326964756531, 25.142607473296007), (-5.533703797072075, 25.132073879444647), (-5.5249391140669095, 25.12139878125412), (-5.51603291721329, 25.110582180286517), (-5.506985207990124, 25.09962407811059)]",True
1783881280.292495,0,-5.846820416088628,25.45889522201722,0.8413685256344599,98.6605043545647,-0.3300451526172083,1.392427177785192,25.74837486455003,0.7000736033991503,101.06910704395386,-0.43754649457216943,7.23924759387382,0.289479642532811,-0.1412949222353096,2.40860268938917,-0.10750134195496114,"[(-5.787086462790522, 25.44925673411618), (-5.784079731853265, 25.44436990886963), (-5.780931450175968, 25.439341540149773), (-5.777641618966527, 25.434171629252923), (-5.774210239439488, 25.42886017748204), (-5.77063731281605, 25.423407186146736), (-5.766922840324064, 25.417812656563274), (-5.763066823198032, 25.412076590054568), (-5.759069262679106, 25.40619898795018), (-5.754930160015092, 25.40017985158633), (-5.750649516460444, 25.394019182305875), (-5.74622733327627, 25.38771698145833), (-5.741663611730326, 25.381273250399857), (-5.7369583530970205, 25.37468799049328), (-5.732111558657413, 25.367961203108052), (-5.727123229699212, 25.361092889620288), (-5.721993367516778, 25.354083051412747), (-5.716721973411121, 25.346931689874847), (-5.711309048689902, 25.339638806402643), (-5.705754594667431, 25.332204402398848), (-5.700058612664669, 25.324628479272818), (-5.694221104009226, 25.316911038440562), (-5.688242070035361, 25.309052081324737), (-5.682121512083986, 25.301051609354644), (-5.67585943150266, 25.292909623966235), (-5.669455829645592, 25.284626126602117), (-5.66291070787364, 25.276201118711537), (-5.656224067554311, 25.267634601750395), (-5.649395910061763, 25.25892657718123), (-5.6424262367768, 25.250077046473244), (-5.635315049086878, 25.24108601110227), (-5.6280623483860985, 25.2319534725508), (-5.6206681360752135, 25.222679432307974), (-5.613132413561624, 25.213263891869573), (-5.60545518225938, 25.203706852738033), (-5.5976364435891774, 25.194008316422426), (-5.589676198978361, 25.18416828443848), (-5.581574449860924, 25.17418675830857), (-5.5733311976775095, 25.16406373956171), (-5.564946443875406, 25.153799229733565), (-5.5564201899085495, 25.143393230366453), (-5.547752437237524, 25.13284574300933), (-5.538943187329563, 25.122156769217803), (-5.529992441658545, 25.11132631055412), (-5.520900201704997, 25.100354368587183)]",True
1783881280.349692,0,-5.873741202099692,25.46048399118957,0.9540412728360139,98.6605043545647,-0.3300451526172083,1.3719752090026833,25.753145901621142,0.7000390813061371,101.06910704395386,-0.43754649457216943,7.245716411102376,0.29266191043157264,-0.2540021915298768,2.40860268938917,-0.10750134195496114,"[(-5.810957022220628, 25.451041021333385), (-5.8078952793667264, 25.44612134418352), (-5.804692015164213, 25.4410601528638), (-5.801347230822937, 25.435857448671392), (-5.79786092755939, 25.430513232910126), (-5.794233106596717, 25.42502750689047), (-5.790463769164705, 25.419400271929526), (-5.7865529164997875, 25.41363152935106), (-5.782500549845047, 25.40772128048548), (-5.77830667045021, 25.40166952666983), (-5.773971279571651, 25.39547626924781), (-5.769494378472388, 25.38914150956975), (-5.764875968422091, 25.382665248992645), (-5.760116050697068, 25.37604748888012), (-5.755214626580278, 25.369288230602447), (-5.750171697361324, 25.362387475536543), (-5.744987264336455, 25.355345225065978), (-5.739661328808565, 25.348161480580956), (-5.734193892087195, 25.340836243478332), (-5.728584955488528, 25.3333695151616), (-5.722834520335395, 25.325761297040902), (-5.716942587957272, 25.318011590533022), (-5.710909159690277, 25.310120397061386), (-5.704734236877177, 25.302087718056068), (-5.69841782086738, 25.293913554953782), (-5.691959913016942, 25.28559790919789), (-5.6853605146885595, 25.27714078223839), (-5.678619627251576, 25.268542175531934), (-5.671737252081979, 25.259802090541807), (-5.664713390562398, 25.250920528737943), (-5.657548044082111, 25.241897491596912), (-5.650241214037035, 25.232732980601934), (-5.642792901829734, 25.22342699724287), (-5.635203108869414, 25.213979543016226), (-5.627471836571925, 25.20439061942514), (-5.619599086359761, 25.194660227979405), (-5.611584859662059, 25.18478837019545), (-5.603429157914599, 25.17477504759634), (-5.595131982559804, 25.1646202617118), (-5.586693335046739, 25.154324014078178), (-5.578113216831114, 25.14388630623847), (-5.56939162937528, 25.133307139742325), (-5.560528574148233, 25.12258651614601), (-5.5515240526256076, 25.111724437012455), (-5.542378066289683, 25.100720903911217)]",True
1783881280.388451,0,-5.893448402575945,25.461836830695244,1.020510159333077,98.6605043545647,-0.3300451526172083,1.3582781604224523,25.75604510003254,0.7000256244807073,101.06910704395386,-0.43754649457216943,7.251726562998398,0.2942082693372967,-0.3204845348523697,2.40860268938917,-0.10750134195496114,"[(-5.826859122715553, 25.45246551681522), (-5.823766325871338, 25.447542092747952), (-5.820532027054072, 25.442477173779398), (-5.817156227474649, 25.437270761206463), (-5.813638928350607, 25.431922856332704), (-5.809980130906128, 25.42643346046831), (-5.806179836372037, 25.42080257493012), (-5.802238045985801, 25.415030201041617), (-5.798154760991532, 25.40911634013292), (-5.793929982639984, 25.403060993540787), (-5.7895637121885555, 25.396864162608633), (-5.785055950901287, 25.3905258486865), (-5.780406700048863, 25.38404605313108), (-5.775615960908606, 25.377424777305702), (-5.770683734764488, 25.37066202258034), (-5.76561002290712, 25.36375779033161), (-5.760394826633756, 25.356712081942767), (-5.755038147248292, 25.349524898803708), (-5.749539986061264, 25.342196242310973), (-5.743900344389855, 25.334726113867738), (-5.738119223557886, 25.327114514883824), (-5.732196624895822, 25.31936144677569), (-5.726132549740768, 25.311466910966445), (-5.719926999436472, 25.303430908885822), (-5.713579975333323, 25.29525344197021), (-5.7070914787883495, 25.28693451166263), (-5.7004615111652255, 25.278474119412742), (-5.693690073834262, 25.269872266676852), (-5.686777168172415, 25.261128954917904), (-5.6797227955632765, 25.25224418560548), (-5.672526957397085, 25.243217960215805), (-5.665189655070714, 25.234050280231735), (-5.657710889987682, 25.224741147142776), (-5.650090663558146, 25.215290562445073), (-5.642328977198904, 25.205698527641403), (-5.6344258323333944, 25.195965044241188), (-5.6263812303916945, 25.186090113760482), (-5.618195172810522, 25.176073737721985), (-5.6098676610332365, 25.165915917655035), (-5.601398696509835, 25.155616655095603), (-5.592788280696955, 25.145175951586307), (-5.584036415057873, 25.134593808676396), (-5.575143101062506, 25.123870227921763), (-5.56610834018741, 25.113005210884936), (-5.556932133915778, 25.101998759135082)]",True
1783881280.44536,0,-5.922291468937218,25.463941632343364,0.9171013605789803,98.6605043545647,-0.3300451526172083,1.3376481412325703,25.759969766932386,0.7000136022244589,101.06910704395386,-0.43754649457216943,7.259939610169789,0.29602813458902233,-0.21708775835452143,2.40860268938917,-0.10750134195496114,"[(-5.851580730016667, 25.45418622319777), (-5.848506278282515, 25.449233837453832), (-5.84529038805598, 25.444140020467078), (-5.841933060545743, 25.43890477353433), (-5.838434296967118, 25.43352809795904), (-5.834794098542053, 25.4280099950513), (-5.831012466499129, 25.42235046612782), (-5.82708940207356, 25.416549512511953), (-5.823024906507192, 25.410607135533677), (-5.818818981048504, 25.40452333652961), (-5.814471626952608, 25.39829811684299), (-5.80998284548125, 25.3919314778237), (-5.805352637902806, 25.385423420828246), (-5.800581005492288, 25.378773947219763), (-5.795667949531334, 25.371983058368027), (-5.790613471308221, 25.365050755649435), (-5.785417572117854, 25.357977040447025), (-5.780080253261771, 25.350761914150457), (-5.7746015160481425, 25.343405378156024), (-5.768981361791769, 25.33590743386665), (-5.763219791814085, 25.328268082691892), (-5.757316807443153, 25.32048732604794), (-5.75127241001367, 25.3125651653576), (-5.745086600866965, 25.304501602050326), (-5.738759381350993, 25.29629663756219), (-5.732290752820346, 25.2879502733359), (-5.725680716636244, 25.279462510820792), (-5.7189292741665385, 25.270833351472834), (-5.712036426785711, 25.26206279675462), (-5.705002175874874, 25.253150848135373), (-5.69782652282177, 25.244097507090945), (-5.690509469020773, 25.234902775103823), (-5.683051015872887, 25.22556665366312), (-5.675451164785744, 25.216089144264576), (-5.667709917173609, 25.20647024841056), (-5.659827274457376, 25.196709967610076), (-5.651803238064567, 25.186808303378747), (-5.643637809429336, 25.17676525723883), (-5.6353309899924655, 25.166580830719216), (-5.626882781201368, 25.15625502535541), (-5.618293184510083, 25.145787842689558), (-5.609562201379283, 25.13517928427043), (-5.600689833276268, 25.12442935165342), (-5.591676081674963, 25.11353804640055), (-5.5825209480559295, 25.102505370080475)]",True
1783881280.5012982,0,-5.948855703610504,25.465528026902593,0.8621863830175139,98.6605043545647,-0.3300451526172083,1.3169312614254498,25.763404951609942,0.7000072178360889,101.06910704395386,-0.43754649457216943,7.265786965035954,0.2978769247073494,-0.16217916518142506,2.40860268938917,-0.10750134195496114,"[(-5.879745781102412, 25.45588806517214), (-5.876901996203522, 25.45091599108845), (-5.8739168515486595, 25.44580256545832), (-5.870790348334077, 25.44054778957775), (-5.867522487762645, 25.435151664749373), (-5.864113271043856, 25.42961419228244), (-5.860562699393826, 25.423935373492814), (-5.856870774035289, 25.418115209702982), (-5.853037496197598, 25.412153702242048), (-5.8490628671167295, 25.406050852445738), (-5.844946888035278, 25.3998066616564), (-5.84068956020246, 25.39342113122299), (-5.83629088487411, 25.386894262501098), (-5.831750863312684, 25.38022605685292), (-5.827069496787257, 25.37341651564728), (-5.822246786573525, 25.366465640259605), (-5.817282733953801, 25.359373432071962), (-5.81217734021702, 25.352139892473023), (-5.806930606658736, 25.34476502285808), (-5.801542534581121, 25.337248824629047), (-5.796013125292967, 25.329591299194448), (-5.790342380109686, 25.32179244796943), (-5.784530300353307, 25.313852272375758), (-5.778576887352479, 25.305770773841815), (-5.772482142442469, 25.2975479538026), (-5.766246066965164, 25.28918381369973), (-5.759868662269068, 25.28067835498144), (-5.753349929709303, 25.272031579102578), (-5.746689870647612, 25.26324348752462), (-5.739888486452354, 25.25431408171564), (-5.732945778498506, 25.24524336315035), (-5.725861748167663, 25.236031333310066), (-5.718636396848039, 25.22667799368272), (-5.711269725934465, 25.217183345762866), (-5.7037617368283895, 25.207547391051673), (-5.696112430937877, 25.19777013105692), (-5.688321809677611, 25.187851567293013), (-5.6803898744688945, 25.177791701280967), (-5.672316626739644, 25.16759053454841), (-5.664102067924393, 25.157248068629592), (-5.655746199464294, 25.14676430506538), (-5.647249022807114, 25.136139245403243), (-5.638610539407239, 25.125372891197284), (-5.629830750725671, 25.114465244008212), (-5.620909658230027, 25.10341630540335)]",True
1783881280.5392127,0,-5.990754522140728,25.467086546874945,0.8216563028127912,98.6605043545647,-0.3300451526172083,1.2822350742038306,25.767989510126608,0.7000025058288335,101.06910704395386,-0.43754649457216943,7.2729895963445585,0.3009029632516622,-0.12165379698395773,2.40860268938917,-0.10750134195496114,"[(-5.889858508547646, 25.456584450924282), (-5.887128641764111, 25.451615280288216), (-5.884257427752864, 25.446504771061228), (-5.881244867704578, 25.441252924538926), (-5.878090962816544, 25.435859742023542), (-5.8747957142926746, 25.43032522482392), (-5.871359123343497, 25.42464937425553), (-5.867781191186161, 25.41883219164045), (-5.864061919044431, 25.412873678307385), (-5.860201308148695, 25.406773835591647), (-5.856199359735956, 25.400532664835175), (-5.852056075049835, 25.39415016738652), (-5.847771455340572, 25.38762634460085), (-5.843345501865027, 25.380961197839948), (-5.838778215886674, 25.374154728472217), (-5.834069598675609, 25.367206937872677), (-5.829219651508542, 25.360117827422965), (-5.824228375668804, 25.352887398511328), (-5.8190957724463415, 25.345515652532637), (-5.813821843137718, 25.338002590888372), (-5.808406589046115, 25.330348214986635), (-5.802850011481332, 25.322552526242145), (-5.797152111759784, 25.31461552607623), (-5.791312891204504, 25.30653721591684), (-5.785332351145143, 25.298317597198537), (-5.779210492917966, 25.289956671362493), (-5.772947317865857, 25.28145443985651), (-5.766542827338315, 25.272810904134996), (-5.759997022691456, 25.26402606565897), (-5.753309905288012, 25.255099925896076), (-5.746481476497332, 25.246032486320562), (-5.7395117376953815, 25.2368237484133), (-5.732400690264739, 25.227473713661777), (-5.725148335594601, 25.217982383560084), (-5.71775467508078, 25.208349759608936), (-5.710219710125704, 25.198575843315663), (-5.702543442138417, 25.1886606361942), (-5.694725872534575, 25.178604139765103), (-5.686767002736454, 25.16840635555554), (-5.678666834172942, 25.158067285099296), (-5.670425368279544, 25.147586929936764), (-5.662042606498376, 25.136965291614953), (-5.653518550278175, 25.126202371687484), (-5.644853201074288, 25.115298171714596), (-5.636046560348677, 25.10425269326314)]",True
1783881280.5967693,0,-6.023330292404306,25.467947529219305,0.809313131216912,98.6605043545647,-0.3300451526172083,1.2543628698871299,25.770647784311624,0.7000010708177548,101.06910704395386,-0.43754649457216943,7.277693162291436,0.30270025509231857,-0.1093120603991572,2.40860268938917,-0.10750134195496114,"[(-5.899942279051074, 25.457310596850046), (-5.897316024051565, 25.45234547335061), (-5.894548398768137, 25.447238988590517), (-5.891639404387114, 25.44199114386574), (-5.888589042101444, 25.436601940478873), (-5.885397313110697, 25.431071379739144), (-5.882064218621068, 25.42539946296239), (-5.878589759845371, 25.419586191471076), (-5.874973938003047, 25.413631566594287), (-5.871216754320154, 25.407535589667724), (-5.867318210029379, 25.401298262033716), (-5.863278306370026, 25.394919585041208), (-5.859097044588021, 25.38839956004577), (-5.854774425935916, 25.381738188409592), (-5.850310451672881, 25.374935471501484), (-5.84570512306471, 25.36799141069687), (-5.840958441383818, 25.360906007377807), (-5.836070407909242, 25.353679262932964), (-5.831041023926639, 25.346311178757627), (-5.82587029072829, 25.338801756253712), (-5.820558209613096, 25.33115099682975), (-5.815104781886577, 25.323358901900885), (-5.809510008860875, 25.315425472888894), (-5.803773891854756, 25.307350711222163), (-5.797896432193603, 25.299134618335703), (-5.791877631209423, 25.29077719567114), (-5.78571749024084, 25.282278444676727), (-5.779416010633101, 25.273638366807326), (-5.772973193738072, 25.264856963524423), (-5.76638904091424, 25.255934236296124), (-5.759663553526713, 25.24687018659715), (-5.752796732947217, 25.237664815908843), (-5.745788580554098, 25.228318125719163), (-5.7386390977323245, 25.218830117522693), (-5.731348285873481, 25.209200792820628), (-5.723916146375775, 25.19943015312078), (-5.71634268064403, 25.189518199937588), (-5.7086278900896925, 25.1794649347921), (-5.700771776130825, 25.169270359211986), (-5.69277434019211, 25.158934474731527), (-5.684635583704851, 25.148457282891634), (-5.676355508106966, 25.137838785239826), (-5.667934114842996, 25.12707898333024), (-5.6593714053641, 25.116177878723636), (-5.650667381128053, 25.105135472987385)]",True
1783881280.636637,0,-6.055576967941529,25.468557852428592,0.8040050463681621,98.6605043545647,-0.3300451526172083,1.226419170423864,25.772400974809777,0.7000004537024125,101.06910704395386,-0.43754649457216943,7.281996138365393,0.3038431223811848,-0.10400459266574957,2.40860268938917,-0.10750134195496114,"[(-5.9634151453624185, 25.460949456724407), (-5.963380494016595, 25.455979757050528), (-5.9631975663383034, 25.450861799605256), (-5.962866363415492, 25.44559558571298), (-5.962386886343208, 25.440181116705187), (-5.961759136223597, 25.434618393920456), (-5.960983114165907, 25.428907418704473), (-5.960058821286484, 25.42304819241001), (-5.9589862587087765, 25.417040716396947), (-5.957765427563329, 25.410884992032255), (-5.956396328987789, 25.40458102069), (-5.954878964126899, 25.398128803751348), (-5.953213334132505, 25.39152834260456), (-5.9513994401635495, 25.384779638644996), (-5.949437283386077, 25.377882693275108), (-5.947326864973228, 25.37083750790445), (-5.945068186105242, 25.36364408394967), (-5.94266124796946, 25.356302422834503), (-5.94010605176032, 25.348812525989796), (-5.937402598679356, 25.341174394853482), (-5.934550889935205, 25.333388030870587), (-5.9315509267436, 25.325453435493237), (-5.92840271032737, 25.317370610180657), (-5.925106241916447, 25.30913955639916), (-5.921661522747858, 25.30076027562216), (-5.918068554065727, 25.29223276933016), (-5.914327337121279, 25.283557039010763), (-5.910437873172833, 25.274733086158665), (-5.906400163485807, 25.265760912275656), (-5.902214209332717, 25.256640518870622), (-5.897880011993177, 25.247371907459545), (-5.893397572753895, 25.237955079565495), (-5.888766892908681, 25.22839003671864), (-5.883987973758437, 25.218676780456242), (-5.879060816611165, 25.20881531232266), (-5.873985422781963, 25.19880563386934), (-5.868761793593025, 25.18864774665483), (-5.863389930373643, 25.17834165224476), (-5.857869834460202, 25.167887352211867), (-5.852201507196187, 25.15728484813597), (-5.846384949932179, 25.146534141603986), (-5.8404201640258515, 25.13563523420993), (-5.834307150841978, 25.124588127554897), (-5.828045911752426, 25.11339282324709), (-5.821636448136158, 25.10204932290179)]",True
1783881280.6877944,0,-6.071642040709784,25.46865369518228,0.8026264175507991,98.6605043545647,-0.3300451526172083,1.212429682489827,25.772937552044453,0.7000002934237021,101.06910704395386,-0.43754649457216943,7.284071723199611,0.30428385686217396,-0.10262612412709704,2.40860268938917,-0.10750134195496114,"[(-5.990688764044911, 25.46194163627354), (-5.991105714494545, 25.45703517354143), (-5.991379610170831, 25.45198567684243), (-5.991510452143273, 25.44679314750177), (-5.9914982414882445, 25.441457586851556), (-5.991342979288986, 25.43597899623075), (-5.991044666635609, 25.430357376985196), (-5.9906033046250915, 25.42459273046758), (-5.9900188943612775, 25.418685058037475), (-5.989291436954882, 25.412634361061308), (-5.988420933523486, 25.406440640912365), (-5.9874073851915375, 25.40010389897081), (-5.986250793090354, 25.393624136623657), (-5.984951158358119, 25.387001355264804), (-5.983508482139883, 25.380235556294995), (-5.981922765587566, 25.37332674112184), (-5.980194009859951, 25.366274911159824), (-5.978322216122692, 25.359080067830284), (-5.976307385548307, 25.35174221256143), (-5.9741495193161835, 25.34426134678833), (-5.971848618612573, 25.336637471952915), (-5.969404684630596, 25.328870589503985), (-5.966817718570235, 25.3209607008972), (-5.964087721638345, 25.312907807595078), (-5.961214695048642, 25.304711911067013), (-5.9581986400217115, 25.29637301278925), (-5.955039557785003, 25.2878911142449), (-5.951737449572833, 25.279266216923936), (-5.948292316626382, 25.270498322323196), (-5.944704160193699, 25.261587431946374), (-5.940972981529696, 25.25253354730404), (-5.937098781896152, 25.243336669913614), (-5.933081562561711, 25.233996801299377), (-5.92892132480188, 25.224513942992484), (-5.924618069899036, 25.21488809653094), (-5.920171799142416, 25.20511926345962), (-5.915582513828125, 25.195207445330247), (-5.9108502152591305, 25.185152643701425), (-5.905974904745266, 25.174954860138605), (-5.90095658360323, 25.164614096214102), (-5.895795253156583, 25.154130353507092), (-5.890490914735754, 25.14350363360362), (-5.8850435696780306, 25.132733938096578), (-5.879453219327569, 25.121821268585727), (-5.873719865035389, 25.11076562667769)]",True
1783881280.7439535,0,-6.111723293054135,25.46874529036781,0.8009146529156922,98.6605043545647,-0.3300451526172083,1.177433933013512,25.773293015119197,0.7000000944147847,101.06910704395386,-0.43754649457216943,7.289157226067648,0.30454772475138725,-0.10091455850090747,2.40860268938917,-0.10750134195496114,"[(-5.9987118677441105, 25.462149316538955), (-5.998910842958307, 25.457215653757107), (-5.998967500774861, 25.45213969356391), (-5.998881842264326, 25.446921437274348), (-5.998653868504028, 25.441560886210162), (-5.998283580578067, 25.436058041699866), (-5.997770979577318, 25.430412905078754), (-5.997116066599426, 25.42462547768888), (-5.996318842748811, 25.418695760879075), (-5.9953793091366645, 25.412623756004937), (-5.994297466880952, 25.406409464428833), (-5.993073317106411, 25.400052887519898), (-5.991706860944553, 25.393554026654044), (-5.99019809953366, 25.386912883213945), (-5.988547034018787, 25.380129458589046), (-5.986753665551762, 25.373203754175567), (-5.984817995291185, 25.36613577137649), (-5.982740024402427, 25.358925511601576), (-5.980519754057634, 25.351572976267338), (-5.97815718543572, 25.344078166797072), (-5.9756523197223705, 25.336441084620844), (-5.9730051581100465, 25.328661731175476), (-5.9702157017979784, 25.32074010790457), (-5.967283951992168, 25.312676216258488), (-5.964209909905388, 25.30447005769437), (-5.960993576757183, 25.296121633676115), (-5.9576349537738675, 25.287630945674398), (-5.95413404218853, 25.278997995166655), (-5.950490843241027, 25.27022278363709), (-5.946705358177986, 25.26130531257668), (-5.942777588252806, 25.25224558348317), (-5.938707534725657, 25.243043597861064), (-5.934495198863478, 25.23369935722164), (-5.930140581939979, 25.224212863082936), (-5.92564368523564, 25.21458411696977), (-5.9210045100377116, 25.204813120413718), (-5.916223057640215, 25.194899874953123), (-5.911299329343939, 25.184844382133093), (-5.906233326456445, 25.174646643505515), (-5.901025050292061, 25.164306660629023), (-5.895674502171887, 25.153824435069033), (-5.8901816834237914, 25.14319996839772), (-5.884546595382412, 25.132433262194027), (-5.878769239389156, 25.12152431804366), (-5.872849616792199, 25.110473137539095)]",True
