timestamp,ego_x,ego_y,opp_x,opp_y,distance,ego_speed,opp_speed,ego_laps,opp_laps
1779581636.7005138,0.0,0.0,0.0,0.0,0.0,0.0,0.0,0,0
1779581636.7505052,0.0,0.0,0.0,0.0,0.0,0.0,0.0,0,0
1779581636.8005755,0.0,0.0,0.0,0.0,0.0,0.0,0.0,0,0
1779581636.850563,0.0,0.0,0.0,0.0,0.0,0.0,0.0,0,0
1779581636.9007535,0.0,0.0,0.0,0.0,0.0,0.0,0.0,0,0
1779581636.9505723,0.0,0.0,0.0,0.0,0.0,0.0,0.0,0,0
1779581637.000574,0.0,0.0,0.0,0.0,0.0,0.0,0.0,0,0
1779581637.0505834,0.0,0.0,0.0,0.0,0.0,0.0,0.0,0,0
1779581637.100551,0.0,0.0,0.0,0.0,0.0,0.0,0.0,0,0
1779581637.1506479,0.0,0.0,0.0,0.0,0.0,0.0,0.0,0,0
1779581637.2005484,0.0,0.0,0.0,0.0,0.0,0.0,0.0,0,0
1779581637.251057,0.0,0.0,0.0,0.0,0.0,0.0,0.0,0,0
1779581637.3005548,0.0,0.0,0.0,0.0,0.0,0.0,0.0,0,0
1779581637.3505716,0.0,0.0,0.0,0.0,0.0,0.0,0.0,0,0
1779581637.4006016,0.0,0.0,0.0,0.0,0.0,0.0,0.0,0,0
1779581637.4505985,0.0,0.0,0.0,0.0,0.0,0.0,0.0,0,0
1779581637.500554,0.0,0.0,0.0,0.0,0.0,0.0,0.0,0,0
1779581637.5505676,0.0,0.0,0.0,0.0,0.0,0.0,0.0,0,0
1779581637.6005676,0.0,0.0,0.0,0.0,0.0,0.0,0.0,0,0
1779581637.6505654,0.0,0.0,0.0,0.0,0.0,0.0,0.0,0,0
1779581637.7005668,0.0,0.0,0.0,0.0,0.0,0.0,0.0,0,0
1779581637.750563,0.0,0.0,0.0,0.0,0.0,0.0,0.0,0,0
1779581637.8005388,0.0,0.0,0.0,0.0,0.0,0.0,0.0,0,0
1779581637.850503,0.0,0.0,0.0,0.0,0.0,0.0,0.0,0,0
1779581637.9004998,0.0,0.0,0.0,0.0,0.0,0.0,0.0,0,0
1779581637.9504912,0.0,0.0,0.0,0.0,0.0,0.0,0.0,0,0
1779581638.000518,0.0,0.0,0.0,0.0,0.0,0.0,0.0,0,0
1779581638.0508156,0.0,0.0,0.0,0.0,0.0,0.0,0.0,0,0
1779581638.1008666,0.0,0.0,0.0,0.0,0.0,0.0,0.0,0,0
1779581638.1505735,0.0,0.0,0.0,0.0,0.0,0.0,0.0,0,0
1779581638.20059,0.0,0.0,0.0,0.0,0.0,0.0,0.0,0,0
1779581638.2505584,0.0,0.0,0.0,0.0,0.0,0.0,0.0,0,0
1779581638.3005662,0.0,0.0,0.0,0.0,0.0,0.0,0.0,0,0
1779581638.3505564,0.0,0.0,0.0,0.0,0.0,0.0,0.0,0,0
1779581638.4006581,0.0,0.0,0.0,0.0,0.0,0.0,0.0,0,0
1779581638.4505017,0.0,0.0,0.0,0.0,0.0,0.0,0.0,0,0
1779581638.5014634,0.0,0.0,0.0,0.0,0.0,0.0,0.0,0,0
1779581638.5505104,0.0,0.0,0.0,0.0,0.0,0.0,0.0,0,0
1779581638.6005108,0.0,0.0,0.0,0.0,0.0,0.0,0.0,0,0
1779581638.6505122,0.0,0.0,0.0,0.0,0.0,0.0,0.0,0,0
1779581638.7005277,0.0,0.0,0.0,0.0,0.0,0.0,0.0,0,0
1779581638.7504978,0.0,0.0,0.0,0.0,0.0,0.0,0.0,0,0
1779581638.8005586,0.0,0.0,0.0,0.0,0.0,0.0,0.0,0,0
1779581638.8506048,0.0,0.0,0.0,0.0,0.0,0.0,0.0,0,0
1779581638.9006174,0.0,0.0,0.0,0.0,0.0,0.0,0.0,0,0
1779581638.9506457,0.0,0.0,0.0,0.0,0.0,0.0,0.0,0,0
1779581639.0005615,0.0,0.0,0.0,0.0,0.0,0.0,0.0,0,0
1779581639.050576,0.0,0.0,0.0,0.0,0.0,0.0,0.0,0,0
1779581639.1005826,0.0,0.0,0.0,0.0,0.0,0.0,0.0,0,0
1779581639.1505504,0.0,0.0,0.0,0.0,0.0,0.0,0.0,0,0
1779581639.2010813,0.0,0.0,0.0,0.0,0.0,0.0,0.0,0,0
1779581639.2504816,0.0,0.0,0.0,0.0,0.0,0.0,0.0,0,0
1779581639.300571,0.0,0.0,0.0,0.0,0.0,0.0,0.0,0,0
1779581639.3505065,0.0,0.0,0.0,0.0,0.0,0.0,0.0,0,0
1779581639.4005291,0.0,0.0,0.0,0.0,0.0,0.0,0.0,0,0
1779581639.4505203,0.0,0.0,0.0,0.0,0.0,0.0,0.0,0,0
1779581639.5005193,0.0,0.0,0.0,0.0,0.0,0.0,0.0,0,0
1779581639.5505111,0.0,0.0,0.0,0.0,0.0,0.0,0.0,0,0
1779581639.6004992,0.0,0.0,0.0,0.0,0.0,0.0,0.0,0,0
1779581639.650545,0.0,0.0,0.0,0.0,0.0,0.0,0.0,0,0
1779581639.7010586,0.0,0.0,0.0,0.0,0.0,0.0,0.0,0,0
1779581639.7511322,0.002042650128388211,1.1215701201183655e-07,0.004793591727940718,0.6999993492729714,0.7000046425864683,0.11863986351769068,0.28838277128747797,0,0
1779581639.8006256,0.009274469557538354,1.0557061320826283e-05,0.02256883415738374,0.6997403086770293,0.6998560319282064,0.23928075248831845,0.5914398616283659,0,0
1779581639.8503587,0.0280952039408796,0.00021530995932167175,0.059972297567316306,0.697333983488573,0.697847113686982,0.3814006228039537,0.8959561456764332,0,0
1779581639.9003787,0.04950249708384505,0.0009491667308700051,0.12232306363948971,0.6923644225864376,0.6952394486386004,0.47189752599337265,1.1757870356622926,0,0
1779581639.950432,0.07492384152800818,0.004869514207793123,0.18546675489574957,0.6864796764643176,0.6905158571583955,0.5799655273498469,1.3539734419981369,0,0
1779581640.0004377,0.1065426618276329,0.012294009607232313,0.25644095344146384,0.6794061801310642,0.6837456733974727,0.714010644040335,1.493637771180784,0,0
1779581640.0503948,0.1439686752510219,0.021017826861188447,0.33346723889065877,0.6706322712309197,0.6766894649359336,0.8190765785735276,1.6031081019829763,0,0
1779581640.1004417,0.18747299274980073,0.03154395598022925,0.4152113723308527,0.6603872889934476,0.668811413635695,1.0102079295554158,1.6889120677920961,0,0
1779581640.1507206,0.23029837668396969,0.04172828046848668,0.4835813127416824,0.6538105241212109,0.6624174806668135,1.1854594401615877,1.7439929597074024,0,0
1779581640.2004933,0.3057718332468398,0.05982964685478837,0.5743377728017348,0.6493879768866613,0.6478477355050137,1.3919128422583869,1.3563261897411345,0,0
1779581640.2504241,0.3769951469222692,0.07588208819766463,0.6391641746968264,0.6507338789370295,0.6318126149741797,1.523375061448329,1.2544403429879705,0,0
1779581640.3004525,0.45396006048657295,0.09299680150090263,0.6930164776434762,0.6555310106544663,0.6112223057545598,1.6264164944823367,0.9582580325939266,0,0
1779581640.3503983,0.5351225545059526,0.11225922050216489,0.7370342492889406,0.6643285953261148,0.5878340982867916,1.707181424415257,0.8551130804474989,0,0
1779581640.4004297,0.6116699094082173,0.1332425750257362,0.7772130765168809,0.6755149794149231,0.566977866180327,1.4262288580602664,0.8191930380278999,0,0
1779581640.4509478,0.6774509311826077,0.1549418638082408,0.8161101927312785,0.6874730251559206,0.550287042024007,1.3090207497009363,0.8268813563395244,0,0
1779581640.5003805,0.736578065759,0.17775378252019738,0.8574533690850411,0.7008022511670579,0.5368338099523802,1.2379663093337643,0.9075457982059272,0,0
1779581640.55045,0.7834052012913716,0.19762285635681948,0.8929337752860942,0.7125291854583224,0.5264266675141969,1.3353441756202822,0.9593274304644633,0,0
1779581640.600386,0.8616335997675502,0.23191182089099455,0.9492294813986385,0.731717312875767,0.5074234605306185,1.5038078015370404,1.020328297783228,0,0
1779581640.6506102,0.9325218277253012,0.26439233065941775,0.9882705883968299,0.7456953562185973,0.484520924964889,1.6110794758755314,1.0521407829743563,0,0
1779581640.700411,1.006926253212307,0.3005750401399423,1.0482210736728887,0.768950560524518,0.4701923971018606,1.6951601122431943,1.089617183458126,0,0
1779581640.7503808,1.0837226874627583,0.34031087632721935,1.101749744448899,0.7913318704368361,0.4513811160330131,1.7610633756683873,1.255127952828474,0,0
1779581640.8004847,1.1624562311439586,0.3826468936436112,1.1633576751534165,0.8175094769108371,0.4348635175858595,1.812719028119667,1.4161616649979605,0,0
1779581640.8504016,1.2429005870631162,0.42663868385870035,1.231127999798438,0.8474395002714501,0.42096546284052944,1.8532072572526022,1.5423815369199105,0,0
1779581640.9007308,1.3244757733807584,0.47229790611731276,1.2885883901987294,0.8741477282142612,0.40344910929509176,1.8849423456800922,1.6234069657254147,0,0
1779581640.9504766,1.3902296607002194,0.5100426854190682,1.3634854625474224,0.9105707060294476,0.40141991409109806,1.905314329178919,1.7048225249703735,0,0
1779581641.0003579,1.489560769480074,0.5681361188783702,1.4557671225769955,0.9587548788838798,0.3920778318640979,1.9293133537022746,1.6735368736673528,0,0
1779581641.0503783,1.5723440890394984,0.6184245978127652,1.5297691772201663,1.0015875369167242,0.38552102539188204,1.9445950830910443,1.7441148599395324,0,0
1779581641.100502,1.6544014892214245,0.6711531467987389,1.6031267012593602,1.047509360063352,0.37983299375308827,1.9565730590080765,1.5917883062558147,0,0
1779581641.150379,1.7355916758221979,0.7261611117017917,1.662397442484255,1.0880754332486322,0.3692416172841831,1.9659615191371012,1.2733855380692587,0,0
1779581641.2004828,1.8148319965971256,0.7838259688492838,1.704949883931599,1.122365953835002,0.3559261160942952,1.8768883356454238,0.9648556624032977,0,0
1779581641.2504034,1.8792630700093929,0.835328587294639,1.7373313007512297,1.153764694102461,0.34863473900871544,1.458454615717143,0.8574106930566451,0,0
1779581641.30033,1.9293873867492979,0.8812851930770581,1.765843210696175,1.1842999230337532,0.3443321421122688,1.290006382013295,0.8199931774498191,0,0
1779581641.351225,1.973650826516218,0.9258154086438203,1.7929897323466084,1.215722451695157,0.34159116580691923,1.2313445902897504,0.8657180899660578,0,0
1779581641.400505,2.014858484613587,0.9707467719275926,1.8159622361950079,1.2432427476379406,0.3373629713132721,1.2109157277688967,0.9249056908852025,0,0
1779581641.4505408,2.046406635176057,1.0073133024944523,1.845991630850542,1.280417551185477,0.3387508001641991,1.204694250921828,0.984378274989222,0,0
1779581641.5006285,2.0918720759371974,1.0633434193502187,1.8764284430018399,1.320623269937576,0.3355724668244371,1.2013238664194694,1.0309934951648339,0,0
1779581641.5503726,2.1285381470778346,1.1118338274880668,1.9125931639073517,1.3724544874738924,0.3384602844765505,1.2749089850093274,1.07382988596543,0,0
1779581641.6003885,2.1684379010203387,1.1666701045919186,1.9424940172831802,1.4178981092898173,0.3378848160878468,1.4316662404978002,1.1011065834649152,0,0
1779581641.6503916,2.209360029540917,1.2258209383351297,1.971614061200062,1.4652719138752572,0.3374313487947579,1.4140383809567532,1.1224863381663108,0,0
1779581641.7018654,2.2465775074547136,1.2831475812197495,1.9998070437267705,1.5143027937386537,0.33812482021165474,1.3078698454268978,1.1392440087421012,0,0
1779581641.7503502,2.280263834230236,1.3392089676291692,2.027293641760831,1.5645815906274183,0.3388019148043866,1.3698994498236954,1.1523788424690933,0,0
1779581641.8006477,2.3156135903815365,1.40196998411205,2.0535727820331853,1.6161566089329578,0.33843950049016086,1.506120739131335,1.1626740595910345,0,0
1779581641.8508682,2.352767331910475,1.4706405681711587,2.0799703275005545,1.6714392392322626,0.33873044137622416,1.6128923800369162,1.3123906801436598,0,0
1779581641.9003837,2.389770415969705,1.5447280615135166,2.1094259440952587,1.734366867902597,0.33846107575205336,1.6965810850815766,1.4610447768026316,0,0
1779581641.9503856,2.4262199985060797,1.6232083442135916,2.1406431770307583,1.8037443338132821,0.33785701784140454,1.7621771487240343,1.5775613793710466,0,0
1779581642.0003855,2.462918759274321,1.7047764530221727,2.172319821316468,1.8785631873262318,0.3385994267010824,1.8135920148411426,1.6688882851154003,0,0
1779581642.05055,2.491504945071696,1.7721872938581562,2.197430064524264,1.9417167602324867,0.33944112204939414,1.8465972105419617,1.727514566276515,0,0
1779581642.1004636,2.528844719949281,1.8696848115427653,2.233921285501201,2.0410416182398534,0.3410908784885256,1.709225833615111,1.7965787081839422,0,0
1779581642.1505353,2.549642507949636,1.9321553876369073,2.257079064811362,2.1098531648367556,0.34230084470051925,1.666594881675,1.832596261511289,0,0
1779581642.2006736,2.5783477643776913,2.030702889118713,2.2838628914988535,2.1984557807889353,0.3389135184943005,1.7510997232366492,1.8687872362461477,0,0
1779581642.25057,2.5960516397484996,2.0994100362926917,2.304409122408181,2.277990462802504,0.34197416079730997,1.7951697363187693,1.45415254764272,0,0
1779581642.3003807,2.6201566040048903,2.206050772035212,2.320796103624711,2.3569818845442088,0.33525648377186484,1.8470860028307323,1.2716739450669285,0,0
1779581642.350328,2.6377247638376504,2.297590478513019,2.3303540001737253,2.4184600354425623,0.330282055443054,1.8801444438077384,1.224960352388963,0,0
1779581642.4003913,2.6533097132622294,2.3909772362202464,2.3373115928737613,2.478831375238201,0.3279834779857529,1.9060559882281105,1.2086924285046965,0,0
1779581642.450414,2.666306150744745,2.4859181120147418,2.3422371203320287,2.538896647972408,0.32837092097939474,1.9263657219725394,1.203027153531549,0,0
1779581642.5008802,2.676399489250081,2.5821178607467496,2.3447787755573226,2.5869102717293826,0.3316553406069632,1.9422846991696412,1.2013018309864618,0,0
1779581642.5505779,2.6823465735081444,2.659790356507986,2.346232394761021,2.6469304977307453,0.3363601003725381,1.9525037077449139,1.200453391356699,0,0
1779581642.6003826,2.6868809264242395,2.777217332144975,2.3454776364820713,2.7189375440047785,0.34634194099040666,1.9645421151693294,1.2001278957587966,0,0
1779581642.6505961,2.686468837124243,2.875634717586163,2.3434576218562233,2.7668971012908696,0.3598340770372175,1.9722077469266803,1.2000550277530606,0,0
1779581642.7006524,2.6818184539349237,2.974284311631865,2.3392357803009083,2.8267475620839106,0.37300131466444747,1.9782161475626623,1.200019194393099,0,0
1779581642.7503855,2.6732173384092373,3.071009214292472,2.3316689607955037,2.8983452558193945,0.38271155823435243,1.7909781960749336,1.2000054472736619,0,0
1779581642.8003886,2.66220520089624,3.1478600857711503,2.3226792358848427,2.9576623646382894,0.38916969825649833,1.3154781960749338,1.2000019280811165,0,0
1779581642.8509862,2.6472996522628938,3.202123772004292,2.3112062869355188,3.0165515068357704,0.38392162718041345,1.0316456729560384,1.2000007025286985,0,0
1779581642.9004006,2.626806170039368,3.2553323602259883,2.2975273810128702,3.074967818540017,0.37544092584632716,1.2409939664937144,1.2000002757322927,0,0
1779581642.950607,2.608381156561582,3.304394976580648,2.285012184471594,3.1213057771941837,0.3716034809343313,1.3753827516770794,1.2000001457542309,0,0
1779581643.000621,2.581081605087341,3.3875086721547767,2.267550600131651,3.178706587622654,0.3766961661252799,1.5336982024757355,0.0,0,0
1779581643.0507808,2.5624457626807313,3.452715212909185,2.270941640863674,3.17870933496716,0.40006733706104264,1.1471056307796352,0.15103853857426466,0,0
1779581643.1003819,2.5460698183002086,3.5007471162477026,2.2851718808275927,3.178736157416159,0.4144379222333245,0.9208789138354486,0.3155242752068872,0,0
1779581643.15053,2.5278387163448226,3.540495670583674,2.299336126046409,3.1787068967253767,0.42790717528802286,0.8420958701674874,0.3564082243466417,0,0
1779581643.20054,2.511697294745658,3.571538647903327,2.31964523204483,3.178426914800274,0.4375166619580659,0.90546599570689,0.452308228263068,0,0
1779581643.2506993,2.4841968781318857,3.6210914234591614,2.3417374206961186,3.177643830131128,0.46576868190263493,0.9801185790920981,0.3745771357565333,0,0
1779581643.3020988,2.464347765778982,3.655826692111517,2.3580717378073226,3.1766807401758417,0.49079062478594393,1.019050553468975,0.29338376147127615,0,0
1779581643.3504949,2.4298776084347025,3.715547089550481,2.3745121622778513,3.1755119797774367,0.542865777532284,1.267681942139759,0.262234714465888,0,0
1779581643.4005775,2.402835176122839,3.7615682788027267,2.384815602822936,3.1747475075014577,0.5870973706741726,1.397345383297192,0.25526144370437504,0,0
1779581643.4504051,2.3568187664458424,3.8373276432352816,2.3999536947657134,3.173623997699456,0.6651038649254004,1.5500941867850375,0.2514837870027474,0,0
1779581643.5005379,2.3145901225373935,3.905310626120368,2.4124652965820665,3.1726954695461584,0.739124155562872,1.6473592184153003,0.25051672613124754,0,0
1779581643.550466,2.270024082887576,3.9769237680289002,2.4224518420248677,3.1719542935557166,0.8192741156592521,1.723596545801351,0.2502222140498431,0,0
1779581643.6006188,2.2229956137803435,4.0509854319908625,2.437418270009737,3.1708435234119485,0.9058845703186482,1.7833521433635018,0.25006266689097345,0,0
1779581643.6504474,2.174590499643514,4.127314540833977,2.4498859192392044,3.1699181556515423,0.9961904468578083,1.830189192384492,0.25002182363106706,0,0
1779581643.7003841,2.1239786417490016,4.2046921242569875,2.46235231295264,3.168992982330475,1.0895730604007892,1.866900550826067,0.25000760003991823,0,0
1779581643.7506425,2.0812986205020145,4.2665590861629905,2.4723250905758003,3.1682528282110054,1.1658380404476678,1.8904669949562003,0.2500032683379978,0,0
1779581643.8003876,2.014442849880256,4.35926553411928,2.484790903033935,3.1673275967872097,1.2813833686906064,1.9182292239330658,0.2500011381927771,0,0
1779581643.8504071,1.9557810389189636,4.43571843533545,2.4997497999606644,3.166217385611676,1.3811353765069545,1.9359072287219956,0.2500003209833164,0,0
1779581643.900456,1.8944994047621755,4.511104554666887,2.5122155287505255,3.1652922616337023,1.480805165413205,1.949763429825687,0.2500001117818575,0,0
1779581643.9504044,1.8311505264295462,4.5855729022657075,2.5246812435990127,3.1643670374551025,1.581395259202978,1.9606240620813227,0.250000038927829,0,0
1779581644.0004416,1.7653946276499244,4.658573355159563,2.5371469636669084,3.163441914124374,1.682563429449134,1.9691367368115367,0.25000001355654583,0,0
1779581644.0504353,1.6970224832821912,4.729652371829069,2.549612675477991,3.162516690171229,1.78404716320888,1.9758090583998882,0.2500000047210425,0,0
1779581644.1007462,1.6261194045804208,4.798632771923381,2.562078394488115,3.161591566918997,1.8857155505725767,1.9810388923579938,0.25000000164409447,0,0
1779581644.1505284,1.5565482951401906,4.86309031947423,2.5720509666349796,3.160851428050327,1.9821359487404318,1.6974992225829673,0.25000000070703005,0,0
1779581644.2006853,1.5096840619957281,4.902885537765423,2.5845166780487188,3.159926204126676,2.047723709695656,1.4139456946380082,0.25000000024622193,0,0
1779581644.2503726,1.4454875501002964,4.949406485495687,2.596982396920468,3.159001080884712,2.12873011326321,1.2603351549435717,0.2500000000857463,0,0
1779581644.3004115,1.3931301601758812,4.982359466192875,2.611941255076996,3.157890872586439,2.194125368822461,1.221011639303715,0.2500000000241814,0,0
1779581644.350611,1.340473323581891,5.012443592870795,2.6244069664696195,3.156965648664355,2.2563873782609916,1.2073172963380387,0.2500000000084211,0,0
1779581644.400465,1.2867407442153116,5.039636290735807,2.6368726853340156,3.1560405254229367,2.317496335603044,1.2025482662498062,0.25000000000293265,0,0
1779581644.45069,1.2432977407632277,5.060211121838182,2.6468452574364996,3.1553003865575597,2.3661425445114395,1.2010958892392591,0.2500000000012612,0,0
1779581644.5004122,1.1770884075092032,5.0885709336781115,2.6618041155901495,3.1541901782595003,2.4384851118586273,1.2003090874736566,0.2500000000003557,0,0
1779581644.5510266,1.1209990833387125,5.109896160180422,2.671776687692564,3.1534500393941287,2.4965160928191925,1.2001076702297835,0.250000000000153,0,0
1779581644.6004016,1.0642629244422075,5.129421638095049,2.686735545846176,3.152339831096072,2.5575906394049466,1.2000375270400934,0.25000000000004313,0,0
1779581644.6503358,1.0069521274335729,5.147167624582512,2.699201257238053,3.151414607174043,2.61662707006922,1.2000130998015648,0.250000000000015,0,0
1779581644.7004123,0.9489462384356028,5.16249587434535,2.711666976102189,3.1504894839326445,2.6749493666350768,1.2000045930600725,0.2500000000000052,0,0
1779581644.7503793,0.8877918833369767,5.17729246480332,2.7241326874940652,3.149564260010617,2.7356588276910814,1.3416502007946574,0.2500000000000018,0,0
1779581644.8004682,0.8187592918506056,5.192913705551044,2.736598406358201,3.148639136769219,2.803063570756717,1.4839786885861443,0.2500000000000006,0,0
1779581644.8503919,0.7434184144898174,5.209269929368772,2.7490641177500774,3.147713912847191,2.8762176371517287,1.5955372141759825,0.2500000000000002,0,0
1779581644.9004676,0.6630559213557704,5.225812450325794,2.7615298366142134,3.146788789605793,2.953968881835706,1.6829779284341928,0.2500000000000001,0,0
1779581644.9504664,0.5786336484945221,5.241827568295989,2.7739955480060896,3.1458635656837655,3.0352395243330124,1.751514855303388,0.2500000000000001,0,0
1779581645.0004687,0.49097897531709916,5.257073620085558,2.7864612668702256,3.1449384424423674,3.1193515286789695,1.8052348001199683,0.2500000000000001,0,0
1779581645.050406,0.40090361587622253,5.272312432199267,2.798926978262102,3.1440132185203398,3.2062709787999544,1.8473410427386971,0.2500000000000001,0,0
1779581645.1003807,0.3088436243363492,5.286994934588712,2.8113926971262377,3.1430880952789417,3.2953130954980194,1.8803443466981618,0.2500000000000001,0,0
1779581645.1504245,0.21514736152898356,5.300666248910487,2.823858408518114,3.142162871356914,3.3859282564155593,1.9062126741598084,0.2500000000000001,0,0
1779581645.2004688,0.12015809382011522,5.31338512873903,2.8269507542572314,3.141977887311009,3.4701204467168414,1.926488534009624,0.036047846410934746,0,0
1779581645.2506156,0.024255080240299622,5.3260615734549,2.8285725498713807,3.141977884604761,3.5544926544275346,1.9423809605013989,0.014151949874999997,0,0
1779581645.300391,-0.07248103076128279,5.337744916934286,2.830604474964167,3.1419778869808863,3.6399585579211697,1.9548376070587952,0.06513988419711873,0,0
1779581645.3505003,-0.15049126999231965,5.345107875780926,2.832955763565312,3.141977882674398,3.70873805607371,1.9628340113763005,0.0023775,0,0
1779581645.4010231,-0.26826547891223684,5.353352618997711,2.835070335907473,3.1419778850187834,3.8106261156958294,1.9722541006535932,0.06513988419711873,0,0
1779581645.4504678,-0.34713408959189,5.357750744962236,2.8366413804649246,3.141977886509897,3.878927120221459,1.9771667595026388,0.014151949874999997,0,0
1779581645.500382,-0.46583140257565625,5.362936526243323,2.837335114191686,3.1419778868717594,3.9803977584271752,1.9829540712879596,0.014151949874999997,0,0
1779581645.5503829,-0.5650436640058127,5.365288047114611,2.8378367211863935,3.1419778868400194,4.064812785935668,1.9866392265952364,0.0023775,0,0
1779581645.6004674,-0.6644482312581065,5.365093747949655,2.838108437934518,3.1419778869352393,4.148511462247586,1.9895276890459277,0.0,0,0
1779581645.6504235,-0.7440537833984139,5.363674726543975,2.8387076369119044,3.141977887265362,4.2156987843683265,1.991381905066687,0.0,0,0
1779581645.7005363,-0.863533778405225,5.359630338788915,2.8390942987833205,3.141977886889551,4.315951468146996,1.993566246898515,0.014151949874999997,0,0
1779581645.7504854,-0.9630608221222747,5.353561276946199,2.839678553027403,3.141977886889551,4.399082614192216,1.9949571584638615,0.014151949874999997,0,0
1779581645.8007002,-1.0625002004429365,5.345381935060018,2.8406064503440334,3.1419778880832534,4.482101172625519,1.996047369185999,0.0023775,0,0
1779581645.8505256,-1.161785863245626,5.335048503398796,2.8416169949100385,3.141977886921291,4.564733636648032,1.9969018875092883,0.0023775,0,0
1779581645.9003935,-1.2608325793186224,5.322328595814135,2.8427101867254185,3.1419778881149933,4.646826061013746,1.9975716677178388,0.014151949874999997,0,0
1779581645.9503963,-1.3521107424829324,5.308806995783346,2.843321273202805,3.141977888445116,4.721948557391226,1.6172871349178557,0.0023775,0,0
1779581646.0004442,-1.4234580329559214,5.293796632897361,2.8438936399468875,3.141977888445116,4.779185517345234,1.3453195186096645,0.025366524658443745,0,0
1779581646.0512314,-1.4864169300301011,5.275866718889088,2.846423322001481,3.141977886739456,4.829801879746004,1.3442782461431415,0.0,0,0
1779581646.1004484,-1.5502917096381765,5.25629651052284,2.8470344084788675,3.1419778864093333,4.879223322758197,1.1814436295886526,0.0023775,0,0
1779581646.1507537,-1.6000642005903747,5.241866559210609,2.8474091828502837,3.1419778867216643,4.918287500061427,0.9328370596114343,0.025366524658443745,0,0
1779581646.2004557,-1.643537721792804,5.23269966755104,2.848316669792997,3.1419778876030358,4.954581055584579,0.911469230188686,0.014151949874999997,0,0
1779581646.2507238,-1.6872929377414525,5.227390787372912,2.8492445671096274,3.1419778864093333,4.992906918862578,0.8581299636805846,0.0023775,0,0
1779581646.3004577,-1.7292375400537556,5.223445444619577,2.8503377589250074,3.141977887539556,5.030409238838635,0.8392120717462805,0.0,0,0
1779581646.3503816,-1.7760654945995225,5.218126827970027,2.8509488454023937,3.1419778878696785,5.071455030271211,0.9688503699248607,0.0023775,0,0
1779581646.4004657,-1.8265069167200814,5.212365788167915,2.851959389968399,3.141977886707716,5.116107215973109,1.079387272003704,0.0023775,0,0
1779581646.450439,-1.8747575815924582,5.206066055657722,2.85264123619516,3.1419778863458534,5.158367915640856,0.8972961182725219,0.014151949874999997,0,0
1779581646.5005772,-1.9169141548192739,5.197580861970605,2.8532523226725464,3.141977886015731,5.194226777658177,0.8338832044057108,0.0023775,0,0
1779581646.5504084,-1.9592928744806184,5.1850342230033855,2.853524039420671,3.141977885920511,5.228507037695256,0.8436501593834603,0.0,0,0
1779581646.600582,-1.9893975067806848,5.175883962820603,2.854135125898057,3.1419778855903884,5.253244930023524,0.4643976146494319,0.0023775,0,0
1779581646.6505606,-2.0048385396068946,5.172471108298957,2.8545099002694734,3.1419778859661993,5.266514026001275,0.34220002501696367,0.014151949874999997,0,0
1779581646.700452,-2.022558381136612,5.168545449998569,2.855718037208145,3.141977886752351,5.282476398639209,0.2760014563416117,0.0,0,0
1779581646.750411,-2.035549644092603,5.16566736222503,2.856104699079561,3.14197788637654,5.293732266344326,0.2590549599890855,0.014151949874999997,0,0
1779581646.8004029,-2.0480278709488062,5.16290293260245,2.856901490429614,3.1419778864222283,5.304947698365239,0.2531533733851946,0.0,0,0
1779581646.8505414,-2.057874633571537,5.160721478250443,2.857205505051655,3.1419778867662993,5.313505289095559,0.2513560836741499,0.025366524658443745,0,0
1779581646.9004245,-2.0725647775038354,5.157467019943635,2.8581129919943686,3.1419778876476707,5.326704394747932,0.25038243102908586,0.014151949874999997,0,0
1779581646.950856,-2.084780453308755,5.154760755949229,2.859539662916874,3.14197788841434,5.338313992596857,0.25013318091192516,0.0,0,0
1779581647.0004516,-2.096988583346967,5.152056163645943,2.8602333966436353,3.1419778887762027,5.349248959433956,0.2500463800109097,0.0,0,0
1779581647.0505314,-2.1091940855856155,5.149352153506055,2.8606200585150514,3.1419778884003917,5.3599070950074825,0.2500161517546388,0.014151949874999997,0,0
1779581647.100421,-2.1213986726978344,5.1466483461035155,2.8614168498651043,3.1419778891063253,5.370954679854551,0.2500056248192442,0.0,0,0
1779581647.150401,-2.1336029411189354,5.1439446093038885,2.8618035117365204,3.1419778887305143,5.381631386439732,0.2500019588330951,0.0,0,0
1779581647.2004871,-2.145807098556432,5.141240897091598,2.8621901736079365,3.1419778891063253,5.392317614264212,0.2500006821600709,0.014151949874999997,0,0
1779581647.2504015,-2.1580112173440904,5.138537193441803,2.8629869649579893,3.141977889060637,5.403394470385425,0.25000023756100687,0.0,0,0
1779581647.3007917,-2.1702153226720124,5.135833492773881,2.863176034456739,3.141977888997157,5.413916209430125,0.2500000827301896,0.0,0,0
1779581647.3506017,-2.182419423312606,5.133129793144391,2.8638697681835,3.1419778886352945,5.424916636321763,0.25000002881063843,0.0,0,0
1779581647.4004264,-2.194623522320846,5.130426093876533,2.8644808546608864,3.141977888305172,5.4358498289996655,0.2500000100332526,0.0023775,0,0
1779581647.450376,-2.206827620760622,5.127722394734613,2.8648675165323025,3.141977888617503,5.446583590583641,0.25000000349406204,0.0023775,0,0
1779581647.5003843,-2.219031719002431,5.125018695636551,2.865549362759064,3.1419778889793655,5.457601636055391,0.25000000121680077,0.0,0,0
1779581647.5504107,-2.2312358171752984,5.122314996553762,2.8657503197578134,3.1419778890428454,5.468180935144066,0.25000000042374865,0.0023775,0,0
1779581647.6004376,-2.2434399153241573,5.119611297476292,2.866322686501896,3.1419778890428454,5.479115598814489,0.25000000014756973,0.025366524658443745,0,0
1779581647.650888,-2.2532031938368884,5.117448338215724,2.8681570192220156,3.14197789104316,5.489154208031954,0.25000000006346124,0.06513988419711873,0,0
1779581647.7004168,-2.2678481116022406,5.114203899325701,2.8690533255552393,3.1419778873371853,5.502493236473327,0.25000000001789674,0.014151949874999997,0,0
1779581647.7503412,-2.2800522097388125,5.111500200250952,2.8696525245326256,3.141977887667308,5.513481385653034,0.25000000000623257,0.014151949874999997,0,0
1779581647.80043,-2.2922563078750313,5.108796501176282,2.870346258259387,3.1419778880291704,5.524567015873697,0.2500000000021705,0.014151949874999997,0,0
1779581647.8504713,-2.304460406011127,5.106092802101639,2.8711430496094397,3.141977887323237,5.535758171044552,0.2500000000007559,0.0,0,0
1779581647.9004674,-2.3166645041471803,5.103389103027005,2.871529711480856,3.141977887699048,5.546574904812023,0.25000000000026323,0.014151949874999997,0,0
1779581647.950388,-2.3288686022832183,5.100685403952376,2.8723265028309086,3.1419778876533595,5.557784239773025,0.25000000000009165,0.0,0,0
1779581648.0004542,-2.3410727004192515,5.097981704877747,2.8727131647023247,3.1419778880291704,5.568618677811198,0.2500000000000319,0.0,0,0
1779581648.0503998,-2.353276798555282,5.095278005803118,2.87372370926833,3.141977886867208,5.580046206208632,0.2500000000000111,0.0,0,0
1779581648.100589,-2.3630400770641065,5.093115046543415,2.8743229082457162,3.1419778865370853,5.588998770535826,0.2500000000000048,0.0,0,0
1779581648.1504054,-2.377684994827343,5.089870607653861,2.8750166419724774,3.141977886175223,5.6022460263388085,0.25000000000000133,0.014151949874999997,0,0
1779581648.200427,-2.3898890929633736,5.087166908579232,2.8758134333225303,3.141977886220911,5.613500104928927,0.25000000000000044,0.0,0,0
1779581648.2505724,-2.402093191099404,5.084463209504603,2.8768239778885354,3.1419778850589486,5.624963618791004,0.2500000000000001,0.0462212713140948,0,0
1779581648.3004143,-2.4142972892354346,5.081759510429975,2.8776386536164518,3.1419778866752495,5.636252191936074,0.2500000000000001,0.0023775,0,0
1779581648.3503764,-2.426501387371465,5.079055811355346,2.879147971788332,3.14197788587684,5.648202015839101,0.2500000000000001,0.05591094986310959,0,0
1779581648.4003818,-2.4387054855074957,5.076352112280717,2.880740702415128,3.1419778856577314,5.660239517443393,0.2500000000000001,0.0,0,0
1779581648.450838,-2.450909583643526,5.073648413206088,2.8810447170371694,3.1419778853136604,5.671074650617428,0.2500000000000001,0.0023775,0,0
1779581648.5004246,-2.4577214452757694,5.072026193761311,2.8815140261579604,3.1419778856577314,5.67736927555621,0.097364449875,0.014151949874999997,0,0
1779581648.5505202,-2.446661738116523,5.072033719717578,2.8824419234745906,3.141977884464029,5.667844507674862,0.33574297966358047,0.0023775,0,0
1779581648.6006975,-2.425030866872856,5.072385168620585,2.8833213620740183,3.1419778851382225,5.648457813128023,0.5225865113284899,0.0,0,0
1779581648.6503618,-2.3954255632641335,5.0767798771419,2.8837080239454345,3.1419778847624116,5.622518135259307,0.6690363839574482,0.014151949874999997,0,0
1779581648.700386,-2.3594204905947445,5.082347213132383,2.8845048152954873,3.141977885468345,5.591402841997287,0.783825293168942,0.036047846410934746,0,0
1779581648.7503746,-2.3182342465190358,5.088986302876627,2.8855153598614924,3.1419778836461374,5.556064412015029,0.9118380129082995,0.0,0,0
1779581648.8004308,-2.271705921871519,5.096972697739302,2.8861264463388787,3.141977883316015,5.515907854830502,0.9741356952315995,0.0023775,0,0
1779581648.8504183,-2.2227697515724096,5.107105523129591,2.886737532816265,3.141977882985892,5.474375885092078,1.0229652563088807,0.0023775,0,0
1779581648.9006133,-2.172047791830351,5.119184600860664,2.88773618988227,3.1419778818239297,5.432380725924835,1.0612383660953126,0.0,0,0
1779581648.9506388,-2.120129748302834,5.1334388985551005,2.8887586219482753,3.141977882985892,5.390257849321195,1.0912372213052937,0.0023775,0,0
1779581649.0004177,-2.067425346821157,5.149743389338666,2.889330988692358,3.141977882985892,5.3479487374275925,1.1147506310838855,0.0,0,0
1779581649.0503914,-2.014279046518634,5.16806088371776,2.889717650563774,3.141977882673561,5.30605276378924,1.1331806823490425,0.0,0,0
1779581649.1004007,-1.9601563141022258,5.188304948330582,2.89010431243519,3.141977882985892,5.264264678347902,1.221897538751758,0.025366524658443745,0,0
1779581649.1504195,-1.899161878738936,5.212079030478937,2.8911148570011953,3.1419778834597127,5.218435585868953,1.390115326301738,0.025366524658443745,0,0
1779581649.200409,-1.8313782225568322,5.238989684297257,2.892438470300409,3.141977884633933,5.168355892897076,1.5219661500423307,0.014151949874999997,0,0
1779581649.250671,-1.7747463873364164,5.26135198979933,2.8930376692777955,3.1419778849640556,5.126397818685958,1.4402411642279533,0.014151949874999997,0,0
1779581649.3003983,-1.698618002018643,5.286497624166679,2.894245806216467,3.141977884114424,5.068862088917957,1.2677507766247949,0.025366524658443745,0,0
1779581649.3503976,-1.637942982746701,5.2996191503593,2.895486772266306,3.141977882971944,5.020697280495032,1.223594116097917,0.0023775,0,0
1779581649.400566,-1.5778670776809496,5.30848873797467,2.8963662108657338,3.141977882985892,4.971170164571263,1.2082166391954932,0.025366524658443745,0,0
1779581649.450456,-1.5180315435345961,5.315569662104025,2.8971910505590723,3.1419778838355237,4.921249005481398,1.2028614607679797,0.0023775,0,0
1779581649.5004005,-1.4553046180683915,5.3217323485618495,2.897763417303155,3.1419778838355237,4.86831909873088,1.3435540679737483,0.0,0,0
1779581649.5503752,-1.384736183559771,5.328194748257937,2.898150079174571,3.1419778834597127,4.8086025952917675,1.4854709591688926,0.014151949874999997,0,0
1779581649.6004434,-1.3078863852071334,5.33513544791644,2.8995886375970765,3.1419778826930433,4.744764079848218,1.5967068711334595,0.0023775,0,0
1779581649.6504333,-1.2261741727038293,5.343099740680764,2.900161004341159,3.1419778826930433,4.676706044539277,1.6838947175299441,0.025366524658443745,0,0
1779581649.7004972,-1.1406425368762603,5.351767418762171,2.9010672751738906,3.1419778836973595,4.606363858197095,1.752233443980791,0.0,0,0
1779581649.7505796,-1.0520704306140254,5.360513370208619,2.9014539370453067,3.1419778833850285,4.5334594552032454,1.805798037280712,0.0,0,0
1779581649.800492,-0.9611033300455815,5.36919373210337,2.902464481611312,3.141977884546991,4.4595567791965065,1.8477825137905224,0.0,0,0
1779581649.8506863,-0.8683403749003196,5.378648726845909,2.902768496233353,3.14197788420292,4.384513493681184,1.880690376227432,0.0023775,0,0
1779581649.9004214,-0.7740954792366571,5.3879567073138075,2.904883068575514,3.1419778865473056,4.310371679866347,1.906483895646771,0.06513988419711873,0,0
1779581649.9504154,-0.6785556044094163,5.395638117040979,2.9061776168873745,3.1419778825112084,4.234300027226418,1.9267011201872988,0.036047846410934746,0,0
1779581650.000382,-0.5819704558425958,5.4011703114009055,2.909181387560226,3.14197788664509,4.158376077962283,1.942547587723469,0.08230211202599214,0,0
1779581650.0505922,-0.4845877811684419,5.404781770499521,2.9110795494147275,3.141977888343219,4.080543839868831,1.9549682111810318,0.014151949874999997,0,0
1779581650.1003907,-0.3866236153803521,5.407469760762933,2.9121834126201254,3.141977888971724,4.001822238572996,1.9647036229832162,0.036047846410934746,0,0
1779581650.1507385,-0.2882074013433347,5.409250811122341,2.914406022819374,3.1419778900031905,3.923934153813919,1.972334338404381,0.07392998270354574,0,0
1779581650.2004445,-0.18943679636545974,5.409543094700498,2.920243941543582,3.1419778917535486,3.8486317362587914,1.9783153712586605,0.11855667886868985,0,0
1779581650.2503815,-0.09043661121594208,5.406966005092232,2.9230307188726363,3.1419778919027963,3.769768759804854,1.9830033660310444,0.025366524658443745,0,0
1779581650.3004024,0.008682182209871853,5.401994458458574,2.92556040092723,3.1419778936084564,3.6899665874130454,1.9866778643194418,0.07392998270354574,0,0
1779581650.350373,0.10782105295049875,5.394705638071485,2.930245563666188,3.1419778849589273,3.6112134315673248,1.9895579736896514,0.11199451820955415,0,0
1779581650.400442,0.20687693336795748,5.384974311197079,2.9366202142284825,3.141977896266612,3.533062594519677,1.9918154328945068,0.14182989076359553,0,0
1779581650.450373,0.3057348187570893,5.372555500335316,2.944319102639813,3.14197787484627,3.4550837278545443,1.9935848525263788,0.16521516116307114,0,0
1779581650.5003765,0.4043717030018157,5.3579452503682115,2.9530559422317686,3.1419778968994696,3.377321818088768,1.9949717417454265,0.18354477547125622,0,0
1779581650.5504646,0.4830650644592229,5.344604820207853,2.960640223682797,3.1419778964619276,3.3151084499322425,1.9958620396990523,0.19531126545849511,0,0
1779581650.6004126,0.6004457847061575,5.320776399035284,2.9636168831492777,3.1419778658177875,3.214302519811659,1.9969108468720695,0.0462212713140948,0,0
1779581650.6504295,0.6974898087050218,5.297235027676845,2.9670721995265787,3.141977862693722,3.1298782206243083,1.9975786901580939,0.09027614659915621,0,0
1779581650.700442,0.7939023433349879,5.271111122708336,2.9702078452482406,3.141977871975505,3.0445876628919795,1.9981021525616507,0.014151949874999997,0,0
1779581650.750384,0.8896349738988487,5.242518400588067,2.9722397703410266,3.1419778695993794,2.957957616412075,1.9985124477516625,0.06513988419711873,0,0
1779581650.8003893,0.9843321873839884,5.210608024369389,2.9765347860784055,3.141977874500132,2.8719508859297878,1.9988340413213306,0.1051047490257275,0,0
1779581650.850394,1.0708972255983946,5.178496525350619,2.9826036354274157,3.1419778607326663,2.7932113541081445,1.6184894826565015,0.13642961915438662,0,0
1779581650.900424,1.1334389206828268,5.149221254570625,2.9845941319541396,3.141977876293632,2.7305313760976584,1.1547648653225957,0.036047846410934746,0,0
1779581650.9510272,1.178739298494952,5.121478444129828,2.986816742153388,3.1419778773250986,2.6809637327361724,1.0554021449549076,0.07392998270354574,0,0
1779581651.0004,1.2228880886797064,5.091120911207947,2.992654660877596,3.1419778790754567,2.6327233580039717,1.0866627314365216,0.11855667886868985,0,0
1779581651.0503721,1.2672889043932956,5.058717221239609,2.999320571805455,3.1419778627087007,2.5833744338481064,1.1111650991007629,0.14697337945778657,0,0
1779581651.1004338,1.3115441131694148,5.024318000772565,3.0072477530725914,3.141977880663307,2.533498601174632,1.1303703056795569,0.1692466802497671,0,0
1779581651.150385,1.355164759969284,4.987773209070266,3.016163530941649,3.1419778523846897,2.483118486084331,1.1454235431784145,0.186704721397598,0,0
1779581651.200386,1.4005786787436336,4.9478058235417,3.0258541809463426,3.1419778798221594,2.4295133299446237,1.2988695488050448,0.20038851274787203,0,0
1779581651.250393,1.4526522517086833,4.902718849934479,3.0361521836623258,3.1419778425659923,2.368054249700835,1.4504467756586004,0.21111400847401202,0,0
1779581651.3005314,1.509161780195834,4.852489195939372,3.0447386362423314,3.1419778388396544,2.2986616505246618,1.5692545575943717,0.2179991199634253,0,0
1779581651.350892,1.5683481533350923,4.797366959859696,3.058073419930052,3.1419778334508868,2.2270147125162745,1.6623773131791213,0.22611006112386672,0,0
1779581651.4004502,1.6290909929458657,4.737890886732284,3.069513069119749,3.1419778723239746,2.149826529533697,1.735367882200813,0.23127482137407918,0,0
1779581651.4503229,1.690510888782715,4.674519362118592,3.0811819552993502,3.141977824916427,2.0694563485361295,1.792578637323515,0.23532301332411806,0,0
1779581651.5003977,1.7518665019589357,4.607598319331079,3.093030519778119,3.141977866754821,1.9866464792968905,1.8374210127917359,0.23849602761140964,0,0
1779581651.5503964,1.8131519406791805,4.537936341974064,3.1050199179468887,3.1419778167946992,1.9020050143758054,1.8725689256853892,0.2409830686884168,0,0
1779581651.6004033,1.873796866374862,4.465672409087583,3.1252792355363215,3.1419913226537055,1.821631065530216,1.9001182195816362,0.5124849280812788,0,0
1779581651.6505678,1.9212301590097116,4.405821230262561,3.151014977518138,3.1422239931267693,1.7632494654843962,1.9178031793050352,0.7378227358367259,0,0
1779581651.7003915,1.9902934917005128,4.3129809796969445,3.1996894007948775,3.1420301207971946,1.6833788578012516,1.938636780614444,0.8366490614705514,0,0
1779581651.7503335,2.039021815935318,4.240596245561983,3.245912554943836,3.139866353790915,1.6334599935544412,1.6855206463723216,0.9779951464291551,0,0
1779581651.8004143,2.082514502686564,4.168798741258148,3.2973865638675197,3.1359675192099603,1.5945703052156768,1.5507906470987536,1.0967299319811372,0,0
1779581651.8504183,2.1213189336544254,4.098774579739353,3.353497295509456,3.1310753179256436,1.5667499407175813,1.647905111138083,1.0830439132360228,0,0
1779581651.9003804,2.15965244319904,4.023617358799098,3.40748984880601,3.127975556037158,1.535992327352774,1.7240244221051664,1.0876360059651646,0,0
1779581651.9503784,2.197686483660215,3.944539499719485,3.458678153232903,3.125708633765075,1.5035238534095043,1.7836875171901276,1.0052476077393766,0,0
1779581652.000433,2.2333284734206473,3.863735893599425,3.512262607837266,3.120449689140755,1.4792386223711715,1.6229004995694258,1.1131641712556894,0,0
1779581652.050376,2.2637058547396083,3.7862185889546147,3.5662154294485515,3.113628063026093,1.46591582561117,1.7044255516131772,1.0239233518668185,0,0
1779581652.100782,2.2934056890404704,3.7045724853092783,3.607085131929681,3.107051307844843,1.4431857940640187,1.7683257218866066,1.0818058560645416,0,0
1779581652.150544,2.3164390951993075,3.636803028515915,3.655448193182274,3.0985310567351316,1.4431500545979028,1.8093457183286166,0.9724859118047064,0,0
1779581652.2007012,2.348882912034781,3.531619576163845,3.7030267331942124,3.09289860407804,1.4234400513306416,1.8576689412792171,1.0246699742725356,0,0
1779581652.2505088,2.3685791388245416,3.459436297569441,3.758298469170767,3.088358887257345,1.4384082388466402,1.8828699241844338,1.2026588145226957,0,0
1779581652.300408,2.3941309989911272,3.348442077890262,3.830682793779934,3.080849579014112,1.461262058826453,1.9125577062695605,1.2660331589034868,0,0
1779581652.350372,2.411766860220953,3.253962011209883,3.889938744536833,3.0731731461984055,1.4891866012337396,1.931461835124304,1.1708390042121701,0,0
1779581652.400402,2.426410695980074,3.1581192064659787,3.9502740637242364,3.0662490450430346,1.5266301746370854,1.9462790848212523,1.2359971193338066,0,0
1779581652.451073,2.4363401774930598,3.0807072725440006,4.000028189483322,3.0598454096991046,1.563827169531025,1.9557908518047895,1.2056153733090667,0,0
1779581652.5003867,2.448380479213343,2.9655797845036087,4.0715588080797,3.0491695990105008,1.6253292418432257,1.773418475641322,1.274270428817251,0,0
1779581652.5509477,2.451957193812776,2.8858521509236077,4.122505523713225,3.0414465022517554,1.6777786876398229,1.558820219315447,1.2376933118587,0,0
1779581652.6005642,2.452105171013555,2.8054356595648007,4.195321082254665,3.034332391581639,1.7581795776120717,1.6541987720313518,1.3043770604609402,0,0
1779581652.650401,2.4505242821663513,2.720800668045009,4.258891128958684,3.0311076960722376,1.8347972924060945,1.7289574579345366,1.257258814702417,0,0
1779581652.7004101,2.4468052470624153,2.6329109625142264,4.324744776390604,3.0310345825908893,1.9196768719439026,1.7875540811672042,1.303778331145777,0,0
1779581652.7503762,2.4415774781254047,2.5424924141366763,4.381158542454659,3.0326526336581905,2.00055785867492,1.8334827142456107,1.0221103222117334,0,0
1779581652.8003979,2.4343840673336996,2.4501659554003927,4.431838520566262,3.0381817047557997,2.0822071977179877,1.8694820469729423,0.9978390864264111,0,0
1779581652.8503718,2.4251906730436055,2.36850820558265,4.483914251838287,3.044860745169477,2.166978433600743,1.4545215250985175,1.112283815271391,0,0
1779581652.900584,2.4123236020481573,2.301871420577285,4.536862426065869,3.0497483682721964,2.2523288267151442,1.2886366903422901,0.9983220655508173,0,0
1779581652.9504406,2.395910116153713,2.2413196164221936,4.589298442212926,3.0520362856221857,2.3384212337839316,1.2308675976507464,1.112830306607169,0,0
1779581653.0006034,2.3769449162732017,2.1833904432157345,4.640557993391286,3.053144105028699,2.4249568233552248,1.2107496159479076,1.062111402519566,0,0
1779581653.0504453,2.3566399235933213,2.126578137336087,4.681613931910292,3.052673492689274,2.5026299659670475,1.2037435653257038,1.0248683997033798,0,0
1779581653.1003904,2.3351289752742503,2.070444776924172,4.738076036776199,3.050467607272569,2.5951106582157406,1.2013037209096031,0.9629007112143663,0,0
1779581653.1503794,2.311041931690344,2.0154571012650244,4.789272526309681,3.049213710984475,2.6851963816909117,1.200454049519004,0.9743575894205944,0,0
1779581653.200411,2.28418489927974,1.9617917509882754,4.839249387478261,3.0486152269613163,2.776605806876318,1.2001581529990295,1.056117282316173,0,0
1779581653.2505429,2.2611448686149647,1.9196819333571529,4.881093289678128,3.0477536985876914,2.8524858696480346,1.2000680396436594,1.0681003621174139,0,0
1779581653.300387,2.2240758079948453,1.8579591884070703,4.948740478691176,3.043660295049941,2.971478534675099,1.2000192221902057,1.1732506065784238,0,0
1779581653.350786,2.190900084802157,1.8059764667026474,4.997950163578618,3.041032333658505,3.0667398225576648,1.3087905081488398,1.2766087132704858,0,0
1779581653.400471,2.156009244909008,1.7510247006438906,5.075174287181696,3.0362867246921095,3.1895803821956625,1.2609187405777575,1.2570866666769196,0,0
1779581653.4503622,2.12041012470164,1.6992675317579964,5.122075104578251,3.034400701117209,3.2852052038405195,1.2498976800267276,1.1019907367000839,0,0
1779581653.5004866,2.083799996407836,1.6497983899138926,5.188865041229255,3.03387449655015,3.3995728557472074,1.2173768076036207,1.0671078305419435,0,0
1779581653.5507045,2.0455337317875033,1.6018928319652432,5.230776048358029,3.0343672102600387,3.4925279468806876,1.282642417595877,1.0183134038837653,0,0
1779581653.6004415,2.0019808551823006,1.5494634076990697,5.296691229072763,3.0356827255291465,3.6144106446989013,1.43772778411771,1.1647670906378091,0,0
1779581653.6504045,1.9533546313516112,1.4923061300978335,5.348651726575633,3.0354085727555367,3.729504995756521,1.5592852818344123,0.9648087093823358,0,0
1779581653.7008502,1.9006917359977862,1.431503627880459,5.3978840228032805,3.03161862549674,3.845870759202445,1.6545632927940463,1.036369203397733,0,0
1779581653.7503984,1.8443239495217478,1.3683280225186087,5.450661481571426,3.025892626033597,3.969028950498593,1.7292431730395312,1.0464360602385359,0,0
1779581653.8003776,1.78458687591947,1.3037356760466705,5.501411666440873,3.022186405415037,4.094857681617414,1.787778027591048,0.9384402419600958,0,0
1779581653.8503501,1.721815360588886,1.2384340676165722,5.553358371497105,3.020844459411345,4.22583821853341,1.8336582457449107,1.1334301931602342,0,0
1779581653.9004188,1.656279123727455,1.172992555869089,5.6096664559790765,3.0199428200332767,4.3635417583774485,1.8696196303588148,1.160641251638292,0,0
1779581653.950371,1.5882407404991272,1.1078270199289189,5.668402272067381,3.0203799027216602,4.506170952501494,1.897806531716002,1.205583231578459,0,0
1779581654.0004332,1.5178871999711054,1.0433024209426704,5.731258788568288,3.0211295381877923,4.654492480314916,1.9198997135178117,1.2912532368645702,0,0
1779581654.050695,1.4454100785977935,0.9796763390195679,5.7813060656982715,3.0217459836491445,4.79270721455751,1.9372165755574686,1.3068933255592623,0,0
1779581654.1004162,1.3709404725991596,0.9171917828702641,5.850985316579267,3.022556207822928,4.950086985693181,1.950789709277662,1.1077659786788447,0,0
1779581654.1504405,1.2946242183162247,0.8560088440762229,5.894616478344621,3.024602894009924,5.085541165473838,1.9614284704206653,1.14227832502565,0,0
1779581654.2003827,1.2165574089058706,0.7962954839828661,5.967524203746657,3.0300692157349114,5.249898148568712,1.9697672403017494,1.2360268990247716,0,0
1779581654.250406,1.1368564830508503,0.7381511903065429,6.031441649921465,3.0336064093717066,5.4061149283458025,1.976303253489282,1.3085028386055133,0,0
1779581654.300475,1.0554458382588698,0.6819177245055716,6.095041321980964,3.0356805183596687,5.562168815245,1.9814262475275877,1.1231113166326119,0,0
1779581654.350375,0.9739727422799404,0.6288089478177482,6.15496392426408,3.0352740421755597,5.7125951964199215,1.7937518042920058,1.2336284614485356,0,0
1779581654.4004629,0.9056369800590625,0.5892396945189378,6.211111285953026,3.0336593655713533,5.84151051858413,1.4144413534287144,1.0361807514232182,0,0
1779581654.4503818,0.8455898993840325,0.5603445752180426,6.264439455308942,3.03060020078191,5.955341582594363,1.274678843287203,1.084658475386536,0,0
1779581654.501029,0.7994886832416935,0.5409306164311127,6.307233844407303,3.026950526296523,6.042809921931221,1.232115082331544,1.1261102857897949,0,0
1779581654.5504017,0.7309907780421314,0.5154301167531543,6.372625966812453,3.0229419807010522,6.173788411584171,1.2090568529411028,1.1032537682907733,0,0
1779581654.600379,0.6736893672692539,0.49674201453436384,6.4272124529434675,3.0214728511255773,6.283095868647931,1.2031540636802482,1.143656850651397,0,0
1779581654.6504729,0.617026576316629,0.4816330372877938,6.481393109876116,3.019186743463374,6.389833616899421,1.0634088317208665,1.1198478619746841,0,0
1779581654.700385,0.5697135920199957,0.4726782815464751,6.538809454564166,3.0179314942640185,6.489100040305352,0.891731655438279,1.1321294264318018,0,0
1779581654.750377,0.5271496464989052,0.467854231632938,6.5969988762482705,3.0199825460223733,6.584559864182057,0.8319453903208827,1.179669887970591,0,0
1779581654.8003905,0.48622652532162763,0.46554550147027307,6.657483742510493,3.025026073728511,6.680969723062141,0.8111249319810738,1.247486565639368,0,0
1779581654.8510683,0.4539302009789555,0.46527200310296224,6.707202540337998,3.0290869187904397,6.758443746314272,0.8047841971812653,1.2548233349305227,0,0
1779581654.900403,0.4058418741108531,0.46780560216667827,6.778129833187822,3.0369320053056374,6.870696057074789,0.8013492066109947,1.1228782352825322,0,0
1779581654.9504633,0.3739994491123438,0.4713096651846057,6.820086412916991,3.041992683919444,6.93977293056076,0.8005802225934228,1.0654452731406447,0,0
1779581655.000469,0.3265209658369789,0.47848247165957686,6.885089252451719,3.047112278996942,7.043626697755255,0.8001636379336877,1.1497464110331452,0,0
1779581655.0503714,0.28731708672056017,0.4864006300466044,6.926679110738957,3.0502795529580475,7.117204733413758,0.8000569943829586,0.9959203893171821,0,0
1779581655.1004336,0.24863587431619652,0.49657947997157076,6.983787086871049,3.058409607019925,7.205916697813797,0.8000198559599312,0.9245441733164443,0,0
1779581655.1504025,0.21053442653177676,0.5087468354242547,7.034062919730418,3.0681987041773127,7.287752394665809,0.8000069225715027,1.024252424180281,0,0
1779581655.200432,0.1730782574697029,0.5227694488640445,7.085368811465519,3.077196646315682,7.369183062588444,0.8000024185424514,1.1274080805819302,0,0
1779581655.2504003,0.13635304273620483,0.538608861611982,7.142758722855566,3.0855137342110464,7.45496109879037,0.800000850022507,1.1021595939652216,0,0
1779581655.3006864,0.10046392761427272,0.5562640781774119,7.197611713830272,3.092358974240878,7.536662658048974,0.8000003037882827,1.0324326635136107,0,0
1779581655.3505275,0.06520575135970952,0.5751532617063436,7.248301044968928,3.100317602892828,7.614020813411971,0.8000001135632052,1.0602292177484232,0,0
1779581655.4003627,0.02993055569671145,0.5947959332616468,7.299992038248509,3.1107144805104356,7.693090412602318,0.837135663206822,1.0771124586790748,0,0
1779581655.45051,-0.008329821835849228,0.6163097446007284,7.34229546850431,3.1188660156291985,7.764952031316888,0.9155832288904813,1.1190216277116192,0,0
1779581655.5004423,-0.04963014159281761,0.6395213928691453,7.408500824701638,3.1325886483017804,7.863784194044918,0.9770712338540558,1.1911805678954344,0,0
1779581655.5503953,-0.09718657223794538,0.666340320507063,7.469082532818485,3.141701969630381,7.96089463967976,1.1982179625075768,1.2495672070664785,0,0
1779581655.600392,-0.1531739152993137,0.6981907540681966,7.530907971585256,3.1477306133678673,8.065070363403247,1.3715550320599903,1.251107234421111,0,0
1779581655.6506598,-0.20296338932313812,0.7262572052515541,7.57654970955245,3.1509149049368848,8.148606568992038,1.4828268165620264,1.0406411613733348,0,0
1779581655.7003894,-0.28484586572730314,0.7705303051883684,7.641794757445948,3.1572660831427095,8.278172457898407,1.6139095010328683,1.0216233181889165,0,0
1779581655.7505367,-0.3582964338078966,0.808888308261556,7.682959556996227,3.1626239967377487,8.378655596266606,1.6973783149293433,1.1182365481842942,0,0
1779581655.8005042,-0.435230388044913,0.8485771370388286,7.7532892348914695,3.1748502187548806,8.512543689516718,1.762802025639072,1.2380898842401362,0,0
1779581655.85039,-0.5151206394593798,0.8888602526115518,7.802362272763638,3.1852647589677674,8.628672878950448,1.8140817997633212,1.2900395001715141,0,0
1779581655.9004893,-0.5973868949910891,0.9294772179220872,7.879152254377523,3.202887585791106,8.776110223300133,1.85427541161608,1.3839869130864597,0,0
1779581655.9503813,-0.6818912879170191,0.9695659132990259,7.9440668946320345,3.2183310026160834,8.914263794280274,1.8857795760036977,1.2962475649637826,0,0
1779581656.000404,-0.7681474823252706,1.009209189408894,8.004187806669005,3.2326627728941055,9.049729955111783,1.9104728625239016,1.179591618176207,0,0
1779581656.0503976,-0.8557632180619756,1.0485077399419198,8.061682298537388,3.2466882151587293,9.184379779992904,1.9298277132562238,1.2198289678917813,0,0
1779581656.1005864,-0.9266637625275189,1.0796754350365827,8.107339512750636,3.258162818023196,9.292955528547864,1.9422523422482627,1.1424532541217554,0,0
1779581656.1505823,-1.01124298679058,1.1184352749526225,8.161376200179083,3.2706291270966537,9.421723893554223,1.6623135769019073,1.03803323648349,0,0
1779581656.200512,-1.074311158441294,1.153885049277925,8.213061929830964,3.2808928803545316,9.527825627824273,1.217874183112846,1.1351070298509622,0,0
1779581656.2507727,-1.1239719535508894,1.191699430431491,8.271130376437196,3.292603232244373,9.627135844861614,0.9576242729864631,1.2119364645392812,0,0
1779581656.300641,-1.1606390345924804,1.2245658580255745,8.332245961834442,3.3052144849837886,9.718228452976934,1.0100234345440267,1.2544556323018006,0,0
1779581656.3503673,-1.1991253328722695,1.2588882349660904,8.407411950805523,3.3186981078579056,9.824885510536705,1.0510944337249448,1.2124187983506227,0,0
1779581656.4004455,-1.238366185862048,1.2950915052967582,8.46860200370908,3.3287074463436244,9.917702618501208,1.0832863032812148,1.2190035303703197,0,0
1779581656.450493,-1.281228388163253,1.3357647703543145,8.528564955746573,3.3383115583204037,10.012104628309215,1.236925784733713,1.2005201107710284,0,0
1779581656.5004048,-1.326007946134547,1.3800011858810048,8.585180322938204,3.3467040887118618,10.104433344478483,1.3297020329060123,1.098017870484339,0,0
1779581656.5505865,-1.3641108574847736,1.4192019977145336,8.631748334699088,3.354472069578948,10.181476869345659,1.3860758749699462,1.2577218481757235,0,0
1779581656.6007874,-1.4238230463057329,1.483910531507445,8.699165484536854,3.3654216499587593,10.296357651345765,1.5416810473715503,0.9930837180316506,0,0
1779581656.6504927,-1.476327477256126,1.5438146453233943,8.744954783058807,3.3694733002240036,10.38304582332382,1.640764913627032,0.8672410622069822,0,0
1779581656.7003589,-1.530862427380951,1.60777722166144,8.789605222524276,3.3692399700543794,10.469708855871605,1.7184278622097215,0.955192235035942,0,0
1779581656.750373,-1.586426973654705,1.675371522065412,8.841411379526642,3.368599022130541,10.564413475771225,1.7793008762583014,1.1119702555020436,0,0
1779581656.8004048,-1.642855592709116,1.7457451485196325,8.894529720093484,3.3696529053600215,10.66178060331361,1.8270137677591078,1.101894008424788,0,0
1779581656.8504,-1.6985319244191377,1.8193835129120808,8.948086924188967,3.3725198527298654,10.75930877880173,1.8644116205013912,1.1082422801440512,0,0
1779581656.9014761,-1.7530231265978422,1.8959530781198415,9.002632045729833,3.3774081381767846,10.857201632142022,1.8937244402811328,1.1471492105525067,0,0
1779581656.9504445,-1.7990808929641176,1.9652584551120422,9.048272499146368,3.3802764277002675,10.939257354870053,1.4678349785006555,1.0869409524195064,0,0
1779581657.0004864,-1.8351590155353927,2.027267833881495,9.115265846747947,3.3837718170522346,11.034124692102731,1.3777335963843187,1.2053264184547243,0,0
1779581657.0503995,-1.8658996283942553,2.0851119850140023,9.165683087189207,3.3861608592812784,11.108039673317336,1.261895433505877,1.2182817638867736,0,0
1779581657.1004276,-1.8952469314270444,2.145607902491279,9.239946155496002,3.3905526785308076,11.204571057316157,1.4214660856241026,1.264619070867123,0,0
1779581657.1506248,-1.9266717667205153,2.212957568826723,9.295440288016918,3.3944843031570704,11.284139506095295,1.5465391961021513,1.09900376468224,0,0
1779581657.2003717,-1.9588667888903215,2.2860513900882773,9.350353119709924,3.3962131187915476,11.363578397888473,1.6445727803295573,1.137698870690388,0,0
1779581657.250786,-1.9909617298874382,2.3633303947805917,9.394447523631687,3.3975303594138104,11.432283824195684,1.6124043383989388,1.0603076218780523,0,0
1779581657.3004322,-2.016426067971661,2.430323362996919,9.457491472982262,3.396990846575384,11.514565982286003,1.2288062893550196,1.1242492521765637,0,0
1779581657.3508997,-2.030467042403878,2.4816983589527655,9.503573020462797,3.394670437614193,11.570116602188106,0.9493310199314484,1.0988630341662862,0,0
1779581657.4004242,-2.0380859816213652,2.525669093390845,9.570312793365343,3.390452255498068,11.640565795380269,0.8520042644866236,1.004540089611653,0,0
1779581657.4503741,-2.0435530101963915,2.5669182073754238,9.611064276451733,3.388885194575828,11.683566828083135,0.8181103985107392,1.0682436230229173,0,0
1779581657.5004022,-2.0473149210399444,2.607302473715394,9.676371259685139,3.3911256681629722,11.749859423170912,0.8063069211879749,1.158782341540227,0,0
1779581657.5503983,-2.049909508908007,2.6483808593756395,9.72732481985394,3.395240487049988,11.800891819604937,0.8546816088054485,0.9249453071694279,0,0
1779581657.6003814,-2.0518525004361026,2.6930114526795577,9.77752823949008,3.4032100372290386,11.850680601536464,0.9293359206490693,1.0864536019438298,0,0
1779581657.6503804,-2.0540219265036055,2.740948952071268,9.828343307892485,3.412626368436975,11.901334131736684,0.9878507344254893,1.051204892479374,0,0
1779581657.7004385,-2.056104088024864,2.791488486250138,9.8799237832674,3.423592869456991,11.95275354449907,1.0337152444146962,1.0664179192945078,0,0
1779581657.7503474,-2.0566111009429715,2.8448553109913184,9.930497204286107,3.433345911632816,12.001545180031417,1.143935510381448,1.0356360130572853,0,0
1779581657.8004525,-2.0559334331798413,2.906855131523813,9.972974032153326,3.4396326888324937,12.040700425437045,1.3290078904542735,1.099246533260784,0,0
1779581657.850385,-2.0546270944793563,2.9770598059418405,10.042722874273219,3.449412958955492,12.10656820769783,1.4740695163360422,1.2201490388411973,0,0
1779581657.900455,-2.0512072952007365,3.0536388104041765,10.10192671157847,3.4587973680282285,12.159885675595358,1.5877703035371464,1.2535092797911191,0,0
1779581657.9505656,-2.046293191353986,3.135193712323471,10.163352746990547,3.4688931480790135,12.214205223965934,1.6768901443742232,1.2527218826029691,0,0
1779581658.000426,-2.040869929964854,3.2206806368340155,10.216609077388313,3.4780166817522313,12.260179992794466,1.7467431878432904,0.957659581883144,0,0
1779581658.0509288,-2.035566470713198,3.309280739962243,10.256568531970423,3.4875091310707154,12.293427035761711,1.801494718322476,1.0116422887622263,0,0
1779581658.100425,-2.0311947448898184,3.400364993646067,10.317229350027333,3.502463999110606,12.348846174232122,1.8444095283427535,1.0187386528387752,0,0
1779581658.1507077,-2.026373402218495,3.4933339820444984,10.359086637292373,3.5132492615833946,12.385476050950954,1.8780465957079597,1.1199313226207184,0,0
1779581658.2004292,-2.022023180314486,3.58781980934232,10.427330627883647,3.529578382265437,12.449490041986671,1.9044116734141596,1.2445029879860077,0,0
1779581658.250416,-2.016061799871967,3.683385905580761,10.490075260191345,3.5438246845767645,12.506915746877691,1.9250768911903375,1.3133054517978944,0,0
1779581658.3003974,-2.0071539084687005,3.779646555767357,10.556631851657599,3.557732058120661,12.565745448266018,1.94127450041022,1.4043409954059891,0,0
1779581658.350393,-1.995982235300993,3.876395968588045,10.623734888747379,3.5695385577128786,12.62344730101919,1.9539703523137244,1.3007325369363043,0,0
1779581658.4003925,-1.9833476743205272,3.9735326677179663,10.685497926951593,3.5802666212372167,12.674948009841561,1.963921490989046,1.1286629544312408,0,0
1779581658.4504013,-1.9682501958136758,4.070763797719653,10.74052057716407,3.5902426248912573,12.717851829520178,1.9717212953415326,1.1589491072509746,0,0
1779581658.501001,-1.95082222176165,4.167956241522666,10.798277050993656,3.600585282544882,12.76171783388354,1.977834861830958,1.2045134772387158,0,0
1779581658.5503805,-1.9310832393315227,4.264982740107456,10.8584533835703,3.6113793684766375,12.806226782153834,1.9826267378231692,1.1039263028702613,0,0
1779581658.6004384,-1.9090722324667906,4.361737302510565,10.907658202685338,3.6190092068849427,12.83823290298889,1.9863826592749843,0.9815463076197023,0,0
1779581658.6509154,-1.884314488712694,4.457997008666952,10.947785226377144,3.622674193136792,12.859259205107964,1.989326588954119,0.9561130839903724,0,0
1779581658.7003994,-1.8573567644796314,4.553800644683845,11.008329924728002,3.625424250255168,12.899138603588492,1.9916340711703675,0.9957339074074925,0,0
1779581658.750362,-1.8284586681559216,4.648646274379815,11.05853936838375,3.625483432561496,12.927551221892532,1.8980153334564538,1.016578939848644,0,0
1779581658.8003817,-1.8028597352746039,4.727869997259259,11.111494249535655,3.626304488162446,12.961249377117019,1.4391168861024792,1.128781106095019,0,0
1779581658.8506448,-1.7779114394197366,4.788986345731054,11.158690468248553,3.627702311239269,12.988620000841212,1.1497383956324951,1.2089187142448947,0,0
1779581658.9004006,-1.7520055985665315,4.8406040859026005,11.232643467795253,3.6305214724680677,13.040912978312006,1.160604450333183,1.2117550195847697,0,0
1779581658.950531,-1.729485481153873,4.881363894708868,11.282415072826202,3.6318356406202903,13.071758752533365,1.1675797920772446,1.2671378277814247,0,0
1779581659.000434,-1.6932885796434771,4.943601668786154,11.357590158767431,3.6329277406314557,13.116527817629573,1.24240486682657,1.1766576670989524,0,0
1779581659.0503774,-1.6605106572261095,4.997086705571368,11.416523931038885,3.6312600300295297,13.148167786056758,1.2337275996349542,1.1817040508513177,0,0
1779581659.1004124,-1.625362186916044,5.0508287366745375,11.478349328860878,3.628096233623652,13.180721651864975,1.3641238089426575,1.2740627351931297,0,0
1779581659.1503775,-1.5931951087176086,5.0989494882161015,11.544010481154121,3.625400548909155,13.21958838947301,1.0017000443101152,1.324739097147522,0,0
1779581659.2004845,-1.5647157444891446,5.13536646232568,11.612138792027066,3.623703689584361,13.26328088426841,0.8702416821983916,1.347872217393048,0,0
1779581659.2503834,-1.5350185191693437,5.165287738111536,11.673859354131285,3.622146610186152,13.298711938096325,0.824461546135498,1.0569106092226197,0,0
1779581659.3004608,-1.504299368239185,5.192068976432116,11.72454333568961,3.623067606508345,13.3215631434195,0.8085186968235931,1.0329066633369532,0,0
1779581659.3504002,-1.472577609887082,5.216860777183308,11.776250627485782,3.6278425937145484,13.343778642153913,0.8029666284803947,1.0347611614081655,0,0
1779581659.4003942,-1.4398075999509408,5.239949075290883,11.828325811692949,3.6344928239364576,13.364911298029401,0.8010331307545818,1.1344112889721836,0,0
1779581659.450543,-1.4059933838354406,5.261368301616895,11.872037972000205,3.6395045088549636,13.376717043012711,0.8003597936800655,1.0850915750507613,0,0
1779581659.5003958,-1.3711670362632185,5.281059690278232,11.936458620016513,3.644427970392379,13.40788812580904,0.8001253052656933,1.0141268346893277,0,0
1779581659.550396,-1.3353922047895557,5.2989520994500765,11.988599807698856,3.6488758677235857,13.425777993075995,0.8000436451008877,1.069653349992096,0,0
1779581659.6004045,-1.2987900428778771,5.3150765193520435,12.045391059037781,3.655059466370399,13.4470378112398,0.8000152070966735,1.2394800958101786,0,0
1779581659.650558,-1.2689635398941255,5.326665579301649,12.095578897109469,3.6609984324154317,13.467941253015846,0.8000065464879579,1.201970842688954,0,0
1779581659.700408,-1.2234011577596204,5.3417461105189865,12.168571530379529,3.6674504361033957,13.496229046857188,0.8000018547431981,1.2574748148751431,0,0
1779581659.7504625,-1.1848049342704274,5.3522302550443746,12.219947329730141,3.6715505864286553,13.509702713521369,0.8000006536804402,1.2072669150790225,0,0
1779581659.8004713,-1.1457413249309913,5.360812704857218,12.290030199941182,3.679709424443675,13.540534136731205,0.8000002354125142,1.1327717979104708,0,0
1779581659.850471,-1.1062963291068668,5.367432828491551,12.347924233961619,3.6892944067375195,13.558473347772676,0.800000089751468,1.2560854534217476,0,0
1779581659.9004924,-1.0665667884294054,5.372040435981198,12.405493201774272,3.698533675419653,13.575604047602887,0.800000039025273,1.138343504561443,0,0
1779581659.9503655,-1.0267066842140078,5.375380728341237,12.461801306858305,3.708950185532249,13.591057301741769,0.8000000213599676,1.1545503432488686,0,0
1779581660.00041,-0.9845986570110158,5.3787917422886515,12.521397334235099,3.7214802777331957,13.607299842588281,0.886475932694539,1.3060232281211963,0,0
1779581660.0503783,-0.9386884177291932,5.382791886790791,12.583415642476114,3.734735506124208,13.622165321595414,0.9542566371565684,1.211462904106702,0,0
1779581660.1004734,-0.8853085895911122,5.387474366182363,12.64255933444645,3.7447148896174602,13.627247310739177,1.1803356480883636,1.2413524455785891,0,0
1779581660.1504154,-0.8218760091451082,5.3923389432350275,12.702240012527383,3.7522892425213517,13.623196291196482,1.357538690976792,1.1140905745842766,0,0
1779581660.2003856,-0.750541901604186,5.396959720853673,12.75769680608487,3.755380939132056,13.607618964407678,1.496432249823753,1.1872778132653832,0,0
1779581660.250661,-0.6729822869455914,5.4006791831556695,12.806247766279661,3.7572352152340254,13.57904823260706,1.6052984429473143,1.2584784749945137,0,0
1779581660.3004086,-0.5905554618248865,5.40365061839682,12.880894336354743,3.7621334694377784,13.571092005258846,1.690628879460035,1.1725234903708068,0,0
1779581660.3503659,-0.5043116670889319,5.405717300799761,12.942411916815614,3.767064441639561,13.546200881973093,1.7575117490317431,1.2672062280426433,0,0
1779581660.4004214,-0.4151062259837161,5.408096877117534,13.003396703080371,3.7716419073764045,13.517921649620993,1.8099352268078024,1.2416810908620457,0,0
1779581660.4514632,-0.3420383201227544,5.409930435673217,13.05578212408303,3.7738753132268856,13.497343035533378,1.8435878894321762,1.3759482145499105,0,0
1779581660.5003958,-0.23018843047035617,5.411316017222234,13.136675136973537,3.776704368858972,13.466439650910843,1.883232093721124,1.3044404786107322,0,0
1779581660.5512655,-0.135391881979478,5.409622867438589,13.199786650216977,3.7790944183381123,13.434493273245524,1.9084761198350695,1.125289637978768,0,0
1779581660.6004431,-0.03955283433838368,5.405321465603524,13.260116791839145,3.7838269228735735,13.398151242524925,1.9282626458982768,1.272152757592013,0,0
1779581660.650528,0.057035247261843613,5.398716347203047,13.310423304134055,3.7891323799316496,13.350769847980306,1.9437715275593406,1.2672993994003272,1,0
1779581660.7003872,0.15412250412726686,5.389733252549127,13.384728125156002,3.797417904643184,13.326079440944886,1.9559275477525024,1.2591071546831563,1,0
1779581660.7504318,0.2515027526850692,5.378366097246447,13.449160509746418,3.806883182673015,13.290888940297329,1.9654555608075992,1.3162651572696609,1,0
1779581660.8004205,0.34899529772636856,5.364566752086851,13.510998344872629,3.817639194947835,13.25259631468957,1.972923714967886,1.2727358664626027,1,0
1779581660.8504012,0.44645092829580996,5.348349546373119,13.567092852508644,3.8296397019407653,13.208244550090189,1.9787773306419298,1.0511306180010127,1,0
1779581660.900721,0.5242683350303462,5.333475914504593,13.60947556314008,3.8416872870812235,13.169968925987826,1.9825349934634016,1.1482288760968573,1,0
1779581660.9505374,0.6405401516471906,5.3077413182065,13.67204702866453,3.860921739640174,13.11157726509946,1.9869616729866888,1.165889251820137,1,0
1779581661.0005999,0.7369194732739365,5.28334437225601,13.728132578066445,3.879228236868236,13.066872619559314,1.989780425828074,1.1295383367820269,1,0
1779581661.0504901,0.832821773954734,5.256665875390902,13.773899387935886,3.8941335326791564,13.012608662217566,1.9919897931575983,1.2387885617458207,1,0
1779581661.1004193,0.9279891311494647,5.227144472149528,13.845308766783925,3.917409402615715,12.983549303696364,1.9937215178853223,1.2687530682789656,1,0
1779581661.150395,1.0206324013240737,5.195775520027562,13.906653889544847,3.9358834343472684,12.947466078829763,1.8043752313715204,1.2876858480165672,1,0
1779581661.2003987,1.0938554077729963,5.166883524630459,13.965290348842634,3.9537917596274257,12.928473578597998,1.3451991114341002,1.2193137209239964,1,0
1779581661.2504644,1.1446082223499892,5.140593777217454,14.01775120608378,3.971985159968443,12.926076604289609,0.9935616254821794,1.1030725502197498,1,0
1779581661.3004367,1.1847545598232514,5.115131191207454,14.072306169852396,3.9928389672214326,12.936325843808369,0.9640632255720633,1.2234955655899475,1,0
1779581661.3511844,1.2172990202373069,5.092882315134535,14.117785026897653,4.010588309452786,12.94580625232643,1.00583794343186,1.2496388586887066,1,0
1779581661.400677,1.2674624336371672,5.056628809045937,14.186359994414493,4.038637245186083,12.958943668754339,1.0550502588861341,1.1723230971488505,1,0
1779581661.4504325,1.3093948131420075,5.023302197773359,14.242447769691308,4.059511713254492,12.968914791722463,1.0863869195339495,1.1289425409741844,1,0
1779581661.500393,1.351431380856711,4.987905760628843,14.295868865674736,4.07783404081431,12.97638980354583,1.1109489149083462,1.1954526330395576,1,0
1779581661.5503461,1.3956725458699448,4.948921878082318,14.353306629794533,4.097708404719962,12.985562961616944,1.271847982288432,1.099561281720081,1,0
1779581661.6004388,1.4468435946012097,4.9046248166443,14.40852582100684,4.117241376546635,12.98557579855663,1.4292669952330728,1.2198268139460071,1,0
1779581661.6504047,1.5028977844585107,4.855300400746468,14.464701808803031,4.1378861170643475,12.981642685729142,1.5526536289029218,1.2542785669480605,1,0
1779581661.7004797,1.5616349757306938,4.80077759476856,14.52500596657269,4.160600121443789,12.979168488141152,1.649365335345468,1.3207644521712347,1,0
1779581661.7503703,1.6219785758307974,4.741719564862466,14.583538189293762,4.183147359672183,12.973589731518619,1.7251689607856104,1.1863527479564477,1,0
1779581661.800606,1.6830272529375978,4.678618997513815,14.640350497489045,4.20667218361969,12.965915295841558,1.7845846183232323,1.1567870423070714,1,0
1779581661.8504012,1.7440073995744925,4.61183566548196,14.692720919974441,4.228311829356644,12.954392010675944,1.8311552188734077,1.179332371469814,1,0
1779581661.9003835,1.80526157268511,4.542515735518221,14.743766658680121,4.248204007276571,12.941852002464692,1.8676577322762211,1.0408286431878155,1,0
1779581661.9503767,1.8670506437633492,4.471510909132483,14.795037953290882,4.269746474559629,12.929561661648219,1.8962687759170904,1.1790929487764117,1,0
1779581662.0004063,1.9272898459170709,4.397551940301016,14.850512917561732,4.2939073427625605,12.923638681195314,1.9186944047823244,1.2462119996767607,1,0
1779581662.0503585,1.9804238194674568,4.326296476376315,14.896920964310755,4.31472211924326,12.916502330681014,1.7654122431996178,1.2876360939971514,1,0
1779581662.1004052,2.0245749098807764,4.261641691186954,14.966175597115122,4.345767224578957,12.941874108999553,1.4759221345307414,1.3185341447808374,1,0
1779581662.1507142,2.056267578574566,4.2100960612035445,15.014634033506539,4.366186027995093,12.959306511462687,1.4811490955439408,1.3378953442904202,1,0
1779581662.200439,2.0990282482833615,4.135942994150728,15.088661026449026,4.395196831881324,12.992219681947109,1.42159885459368,1.3472966470326528,1,0
1779581662.2503667,2.133908022864011,4.070308887271893,15.150663617441008,4.4181547004554265,13.021402494305322,1.5466432617795147,1.328524347671575,1,0
1779581662.3004112,2.1700694416088004,3.9990869987062903,15.210451681305779,4.443475928539031,13.047951964900939,1.6446543480726799,1.2476799932842322,1,0
1779581662.3504243,2.206328720892245,3.923066133720426,15.267589631082336,4.471264420113275,13.072760149458253,1.7214764407400471,1.2946139464770252,1,0
1779581662.4004228,2.239590325588142,3.846430090682868,15.323128115360335,4.499104273063511,13.099807047614988,1.5868456066768337,1.2548846365819224,1,0
1779581662.4504004,2.2693225955048786,3.7703788195500483,15.381222701911488,4.528816237426786,13.133817103843848,1.6761653575100142,1.371971828821923,1,0
1779581662.5004165,2.298313313594526,3.6898113717462193,15.442008090747645,4.560282357637253,13.172487697175514,1.7461750924802841,1.3943414773985185,1,0
1779581662.5504975,2.3261525878309444,3.605560621190075,15.501437257066929,4.594368731941076,13.212337703650014,1.8010494393619896,1.3481875021643428,1,0
1779581662.600411,2.3522676775738622,3.518214795342289,15.5591924838625,4.628414882814158,13.2535054635815,1.8440605141356974,1.2532007544488906,1,0
1779581662.6504824,2.375508055826086,3.4280922292850087,15.613575825939753,4.660372736817863,13.295298173992476,1.8777730347999977,1.2554255367282106,1,0
1779581662.7004118,2.3957070830500617,3.3357022893555404,15.668598932877885,4.6932664483618325,13.342137703645705,1.9041972535743592,1.3283055069772338,1,0
1779581662.7504992,2.4129940268865355,3.2415328025421073,15.720350259197488,4.724932443219937,13.389779848361522,1.9249088267251242,1.173680368922768,1,0
1779581662.8003962,2.427798498467181,3.1460079284617497,15.77410803214236,4.756287947580385,13.443101573247214,1.9411427697620962,1.3112923701833241,1,0
1779581662.8505585,2.4383603223980783,3.0688681815823577,15.81984851627452,4.781785629922932,13.490675018978266,1.9515639671198957,1.3335872527752088,1,0
1779581662.9004576,2.449965845455353,2.9563694115132098,15.890579718079922,4.8223024502409135,13.569517580887084,1.6728500326262392,1.3940334413773408,1,0
1779581662.950583,2.453202453296112,2.878382451857825,15.948563773774126,4.854565249022629,13.639284278072079,1.576699858599214,1.1699951198787897,1,0
1779581663.000379,2.453103814924299,2.797173269816943,15.995570898117368,4.881686464836359,13.701956428173965,1.6682130163160054,1.0376559327863146,1,0
1779581663.0504177,2.451211271474213,2.711921628892361,16.032557645529227,4.9053519238682,13.757329166338032,1.7399419660531232,1.1354991294957193,1,0
1779581663.1004903,2.4473001092371307,2.6235539898941207,16.092155886127262,4.946552128152092,13.84118526436526,1.7961638510667788,1.281000458837855,1,0
1779581663.1503623,2.4415251185446203,2.5327857626631025,16.14235557153611,4.981678431994406,13.917967897919711,1.8402311400215625,1.2555616073940756,1,0
1779581663.2003787,2.4342391128648946,2.440165722157511,16.193358675798997,5.0166673277168226,13.99827602494556,1.8747715321722833,1.1780637281179531,1,0
1779581663.2503777,2.424042670996732,2.358408723949094,16.24094446657863,5.050045387165189,14.076636073846737,1.4573304926576924,1.1509588915213582,1,0
1779581663.3008847,2.4098182789725837,2.291956098496361,16.28486082284231,5.085901106099887,14.1535484702497,1.2896149081976593,1.134532534269266,1,0
1779581663.3503852,2.392422011869307,2.2316444696637747,16.317921228272567,5.116151513831937,14.2211078792724,1.2312082602438181,1.119770819406456,1,0
1779581663.400423,2.372801365155098,2.1739232348554762,16.36333968668325,5.1572425508998485,14.305081498112173,1.210868251077783,0.9126881473105894,1,0
1779581663.4507997,2.3521041094435504,2.117248369820705,16.390348447149332,5.184892896080577,14.369507542870792,1.203784879794409,1.0361076810241878,1,0
1779581663.5003896,2.33028815768521,2.0612317281500037,16.43397008000013,5.232643406499635,14.45585334040869,1.2013181085983613,1.021438972458502,1,0
1779581663.5504045,2.3065209801504984,2.0060989243147254,16.469287722789364,5.270592696086809,14.534128160723512,1.200459060005506,1.0860083210163358,1,0
1779581663.600423,2.2800171501073985,1.952264197626903,16.503206842252887,5.308530020542757,14.613816931001521,1.200159897891862,1.0008132725568533,1,0
1779581663.650733,2.25061939603808,1.8999604117600635,16.530243576135423,5.335946508976266,14.687193986091549,1.2000557152286406,0.9477777698562011,1,0
1779581663.7004158,2.219404804938394,1.848719742996678,16.575229086691248,5.377973432306377,14.783278473061076,1.2000194338052224,1.059088152218527,1,0
1779581663.7508702,2.1864374641253383,1.797366239140756,16.613440248056655,5.415324201649416,14.873736220131166,1.2673894069852458,1.1506232259973739,1,0
1779581663.8004012,2.1505921287475958,1.7430754495926244,16.652745291224353,5.451630019626088,14.968828389251133,1.2719060969975964,1.0355914191534608,1,0
1779581663.8503356,2.114340218398433,1.6909489263044306,16.683202406644277,5.480858718579387,15.053742448098449,1.2496533563084964,1.102741430359611,1,0
1779581663.9003859,2.0761448873665898,1.64036519897497,16.732964051414864,5.526323433463695,15.163212700737382,1.3369135668377088,1.1320976360418222,1,0
1779581663.9504611,2.0325311302748683,1.584888709115093,16.775002223126645,5.5634480525816645,15.269885015056774,1.4802660664070197,1.0910533763261592,1,0
1779581664.0004418,1.9836566766010404,1.5254777360042853,16.816569729546572,5.603393418582643,15.383260576043703,1.5926272229099891,1.1804196109724943,1,0
1779581664.0503786,1.930740340688553,1.4629436208182829,16.855104659624885,5.640869898955379,15.498119831446923,1.680697047493554,1.0141652301129243,1,0
1779581664.1005962,1.8859608097962626,1.4112490660179289,16.887287884981536,5.66898769751252,15.593849821990982,1.7372324819940856,1.0526433719066177,1,0
1779581664.150426,1.8148350889262557,1.3322179787748083,16.931625933336274,5.706384416208393,15.73692147327453,1.8038335215587884,0.9286330253763062,1,0
1779581664.200368,1.752220643980273,1.2657834120598188,16.968367240431032,5.737482832057467,15.859609482817897,1.8462427062591102,1.0241607961256336,1,0
1779581664.2505422,1.6868545469945058,1.199386223889092,17.001030686620993,5.763472571255825,15.979827127404246,1.8794834593230092,0.981464206686254,1,0
1779581664.300398,1.618939476063778,1.1334624657554837,17.04442628696285,5.800708551884179,16.11610465905781,1.9055379018232148,0.9983052649774619,1,0
1779581664.3505795,1.5486997505522395,1.0683084272271721,17.074068196405225,5.8277257661586015,16.23850728317134,1.9259596405453063,1.0106700327451748,1,0
1779581664.400389,1.4765971504093478,1.0038550443106813,17.11827179527384,5.865543222819799,16.379804566625698,1.9419664083903707,0.9000770755312109,1,0
1779581664.450379,1.4023744493323587,0.9407517033884425,17.153510922844426,5.899058106859918,16.513119105665908,1.9545126768708612,1.0216598151177172,1,0
1779581664.5003881,1.3265159308926926,0.8787419252346469,17.18748294122619,5.933665535187421,16.646997543261232,1.964346570528105,0.898969876132504,1,0
1779581664.5504777,1.2487518784146736,0.8184239599975562,17.211554467778956,5.961847771877383,16.770983126090954,1.972054477035315,0.9961862295033042,1,0
1779581664.600473,1.1692374039568185,0.7598541737738471,17.248767766928484,6.010440569507749,16.91508067355263,1.9780960130529561,1.077122759339055,1,0
1779581664.6503806,1.088094240047547,0.7030933376274668,17.28183035543418,6.052114733702659,17.054299143337662,1.9828314308240866,1.0643312362262194,1,0
1779581664.7003837,1.0053942669794826,0.6482445748952375,17.315369347918285,6.090664778106969,17.194046202368188,1.9865430997443185,1.0767101981001244,1,0
1779581664.7503788,0.9307924896949163,0.6024930545477847,17.342572480894614,6.119843831566248,17.314377900352323,1.528894691242392,0.9970189530849802,1,0
1779581664.8003983,0.8685275572190071,0.5701090987235018,17.384866684962084,6.1616052912058334,17.43715251562483,1.3145370104953824,1.025414604610047,1,0
1779581664.8503814,0.8103141475343324,0.5446339819020259,17.42392995362538,6.19844183985118,17.549295525661588,1.2398873371457002,1.1340657160380667,1,0
1779581664.9014714,0.753134481854614,0.5227248576891423,17.463260930469445,6.235658653646804,17.65972645557377,1.2138907238599317,1.0468553965146472,1,0
1779581664.9504645,0.695989257947381,0.5030895870305964,17.498832692032348,6.271975786000486,17.765573321653246,1.2048374504562553,1.0229149610871726,1,0
1779581665.0004175,0.6404382550630657,0.4876650315426318,17.532647084011135,6.309826311378116,17.8674083484205,1.1370058893386552,1.038690159945044,1,0
1779581665.0503788,0.5912268338902902,0.47658281413971354,17.565671457764182,6.34799702427909,17.96121585850991,0.9173616972054777,1.0199252644495354,1,0
1779581665.1004179,0.5481121213975259,0.46992351301094654,17.59435944031836,6.384985295642582,18.043350674144897,0.8408710058583924,0.8765885820407139,1,0
1779581665.1503978,0.5069953915876969,0.4664893265488048,17.61955343762067,6.424009662950471,18.119925260262175,0.8142332613957138,0.9801122323859252,1,0
1779581665.2003903,0.4665659524243145,0.46595521084719294,17.645919019224294,6.465332340112021,18.196777124889884,0.8049567152230664,0.9731331755173502,1,0
1779581665.2507665,0.43444717550251816,0.4669284094228303,17.66966300457039,6.498991378009479,18.260297049378632,0.8021316035862841,1.0842095035488415,1,0
1779581665.3004184,0.3865171295681392,0.4705149097769243,17.7104534067632,6.553295592783782,18.36080033587524,0.8006011450292408,1.0777401890884235,1,0
1779581665.3508425,0.35477794632557946,0.4747023215787632,17.73656405491153,6.58758842775936,18.425359287453997,0.8002585245341197,1.1194608430504422,1,0
1779581665.400409,0.3074609958264923,0.4828084351360452,17.778332186954916,6.6446695066764825,18.52565442951926,0.800072915419864,1.1205236549578552,1,0
1779581665.4503393,0.2684730377504922,0.4917235620510445,17.812352182202048,6.690443650755888,18.606768289341254,0.8000254004321434,1.173936833393955,1,0
1779581665.50041,0.23005382927445742,0.5028476751105232,17.84494576876793,6.7363234141479715,18.685305398339104,0.8000088534238897,1.1255226857191443,1,0
1779581665.5503795,0.19225586689004767,0.5159244323144365,17.877233274535527,6.781950648723171,18.762236286052165,0.8000030909582914,1.1159446114056053,1,0
1779581665.6003842,0.15514188614186178,0.5308297015518328,17.90749474951254,6.828392563571934,18.83627697255272,0.8000010841901033,1.1504733784687466,1,0
1779581665.6503847,0.11880540941571534,0.5475444210558613,17.94232896071331,6.879718694790208,18.9149259268072,0.8000003853367231,1.2817004401910193,1,0
1779581665.7007992,0.0833209292547384,0.5660022797079499,17.97122920868348,6.923300827048233,18.98400662224047,0.8000001419623016,1.3031674980344552,1,0
1779581665.7504334,0.04820977264045266,0.5853614991857531,18.010871628138215,6.986742965966619,19.069213555314754,0.8190200668855774,1.096798232856782,1,0
1779581665.800462,0.010573299459370841,0.6063439800702385,18.03907614610061,7.03382152334947,19.139994317154592,0.9013840390646226,1.175753890833316,1,0
1779581665.8504982,-0.03013374359566605,0.6293246869244162,18.06695911716473,7.080148574200859,19.212441251325693,0.9659417635271902,1.0820877969821048,1,0
1779581665.9003782,-0.0760825154914365,0.6554392582212919,18.094506572744397,7.123300006943233,19.287393045157064,1.156627041804937,0.9458429600623762,1,0
1779581665.9503796,-0.1304400377566892,0.6864211137595967,18.119011838248227,7.164277209541465,19.365048757291515,1.3389556426931348,0.9560205665406876,1,0
1779581666.0004134,-0.19188057753796658,0.721317730125891,18.14223035511127,7.207529994962292,19.447636700514597,1.4818666663649682,0.9912868376867825,1,0
1779581666.050441,-0.25938577738856167,0.7583627484826234,18.167513555319555,7.251400414897833,19.537404053641456,1.5938817895405957,1.067399232842432,1,0
1779581666.1004226,-0.33183202278808144,0.7967188140178764,18.196153912901273,7.30082480962449,19.636436989311182,1.6816803896602306,1.1209183307542834,1,0
1779581666.1503706,-0.4083523831101174,0.8356860381071679,18.2188465106629,7.341243797633483,19.730555501321085,1.7504978311308912,1.167530053374369,1,0
1779581666.2004101,-0.487806581178232,0.8756210743298498,18.250315063849868,7.4021913278787945,19.84221061420276,1.8044376461634166,1.14964854812553,1,0
1779581666.2503738,-0.5696341252219115,0.9161604199888207,18.27363195878505,7.454361780784729,19.94534416215976,1.8467162253079712,1.2094894480256357,1,0
1779581666.3003774,-0.6540032691092035,0.9557471729484415,18.296251504531835,7.507736303782581,20.050953033620964,1.879854608400396,1.217985782210801,1,0
1779581666.350415,-0.7403284316582507,0.9946039718273452,18.31993451314069,7.560845203352932,20.159591946154624,1.9058288122691118,1.1476923954785445,1,0
1779581666.4004097,-0.8277861345465516,1.0337528885012857,18.343133378943204,7.613127376471163,20.268505708257116,1.9261876591305276,1.2079478677698106,1,0
1779581666.4504008,-0.9160806619756443,1.0732433896575455,18.36713870247316,7.670344892958043,20.38048815171764,1.9421451316914404,1.1719350704177671,1,0
1779581666.500853,-1.0028057100957282,1.113181192310683,18.38985572922171,7.723300019715992,20.48826465595385,1.7598119186655976,1.1126178958869026,1,0
1779581666.550538,-1.0699590594604915,1.1489295955373788,18.41443143644822,7.776117632502554,20.580599949329756,1.2843119186655978,1.1990448954984876,1,0
1779581666.6007807,-1.1150336406817638,1.1803995317019782,18.440737390329325,7.829744099161726,20.655313209780648,0.9686607546191149,1.0782780319184655,1,0
1779581666.6504414,-1.1504068146571387,1.2108544376898043,18.470317294260862,7.880226988789099,20.723256133716845,0.9499542123873677,1.2408233916690372,1,0
1779581666.7003818,-1.1871251952609105,1.2431511618289595,18.503654151755548,7.934344533685125,20.796606935566718,1.004011562536552,1.3200318261771657,1,0
1779581666.7504122,-1.2250792021342694,1.2776658022129952,18.536664072622884,7.98945831313369,20.870425390179776,1.0463822669086202,1.2582010387210092,1,0
1779581666.800434,-1.2638776725130343,1.3140365953506392,18.567465599745375,8.042319814224294,20.94163248305933,1.079592858697354,1.2760216797203154,1,0
1779581666.8504617,-1.304258830519352,1.3531643404167157,18.592228256279995,8.083872570994107,21.004109875934645,1.1369283374681902,1.1397981000085196,1,0
1779581666.9003985,-1.3445231988918953,1.3937908714806113,18.629644864545224,8.14279473919764,21.083558595097053,1.1505637956216435,1.1921431538560283,1,0
1779581666.9504557,-1.3760922891878495,1.4277831958364766,18.65622655668311,8.180761780778331,21.139927107521444,1.1973569225329133,1.2013160090894843,1,0
1779581667.00043,-1.428059868252095,1.4862618023071763,18.69915623103125,8.238770940554819,21.229724623022516,1.400794789451901,1.229077297907798,1,0
1779581667.0503576,-1.4765868958240014,1.5413373191094826,18.73561719817567,8.287433964471228,21.30828510899125,1.5303368225732477,1.0905791149613828,1,0
1779581667.1004052,-1.5282137262002535,1.6013363975178843,18.766094887078097,8.331685251232484,21.381219744993064,1.6318731941118751,1.0353715559261214,1,0
1779581667.15046,-1.5813927146533087,1.6659164770343287,18.793433567088293,8.37314428617563,21.45041843169654,1.7114584414390712,0.9728016332255027,1,0
1779581667.2004473,-1.6353116949889308,1.7344376497605072,18.821868935397543,8.413723826898185,21.51996986941111,1.7738381729200352,1.0568891674747853,1,0
1779581667.2503934,-1.6894509985781712,1.8062828947505825,18.849195391427116,8.45404206938303,21.58769782949509,1.8227320449669395,0.9608908154781789,1,0
1779581667.30048,-1.7434369486507466,1.8809399181484088,18.880450627798204,8.495676707945115,21.65870452183822,1.8610555623496423,1.1164368611827165,1,0
1779581667.3504908,-1.7849529129022446,1.9408958960068572,18.907256689974055,8.530765894615083,21.716213409522457,1.683755024649303,1.1467862799367832,1,0
1779581667.4005487,-1.8312384181563512,2.016332416406741,18.951424643634653,8.587435125930298,21.79675376653689,1.3364244565848393,1.260219842194462,1,0
1779581667.4504745,-1.861933303370361,2.072749087190978,18.9814649823721,8.628058587224526,21.84992756828548,1.2475096005296984,1.1745800232948247,1,0
1779581667.5005007,-1.890257361885928,2.129372490109508,19.02171809703999,8.68832053949162,21.91644398868606,1.33569889933816,1.1976796505057246,1,0
1779581667.5503588,-1.920364115650933,2.1931350843295245,19.054449847764936,8.74166570492681,21.973303668060602,1.4793139975876697,1.1997994109106815,1,0
1779581667.600383,-1.9513980744223096,2.2634823701085423,19.08493194905315,8.794983378873386,22.02697633094636,1.5918809816241097,1.257183873246169,1,0
1779581667.650677,-1.9829785822303552,2.339032059949444,19.10888142655182,8.837795513912173,22.070353079654765,1.6801121359352373,1.1161795282049471,1,0
1779581667.7004437,-2.0118534519740288,2.41104063256202,19.14198876293289,8.895438960338463,22.125380496760908,1.3346208432584374,1.1242026045279194,1,0
1779581667.7509692,-2.0298402985265316,2.4648785919789415,19.16797606724726,8.943304441781724,22.16568113477364,0.9890125236088819,1.0837522250172011,1,0
1779581667.8005028,-2.039176531269633,2.5097577143460157,19.193709663911285,8.995121458039227,22.2012476916392,0.8658232761367857,1.2110960170375438,1,0
1779581667.8504066,-2.0450485626640207,2.551384621201807,19.216042638192164,9.03846593233486,22.228725176860145,0.8229228442421219,1.1544780583313556,1,0
1779581667.9005008,-2.049399727730192,2.5918597253324567,19.242368360433645,9.08552211385786,22.259987410964573,0.807982846681332,0.995120862899021,1,0
1779581667.9503767,-2.0521566642280042,2.6321079726974173,19.27824885008423,9.139341395343711,22.300903260222594,0.822289732505982,1.1476052668657728,1,0
1779581668.0003912,-2.053851587915935,2.6753096624822037,19.309992456096428,9.185758730768665,22.333825901704227,0.9039468364458362,1.0064185382684385,1,0
1779581668.0503783,-2.056069175327771,2.7221161156043916,19.340281266463528,9.227487555378909,22.363444944761454,0.9679505103470997,1.0757604724305396,1,0
1779581668.1005354,-2.0574160312389984,2.761657480925253,19.364510681675203,9.258907283265792,22.38555782390694,1.0090369497802212,0.9584985877826279,1,0
1779581668.1504982,-2.0581431429025927,2.8239047425919144,19.39931762420712,9.307196494073752,22.41552351623502,1.0954784430073776,0.9575398745280562,1,0
1779581668.2006326,-2.057862553741198,2.882183157557026,19.4252248560645,9.34813506499603,22.435052456516928,1.2597220680583903,1.042587389783958,1,0
1779581668.2503943,-2.056285702306791,2.949306986851889,19.447473230748088,9.385419686832368,22.446273520069816,1.4197625795400313,1.073925129688143,1,0
1779581668.300402,-2.0534257657541324,3.0234968448685815,19.482571256054392,9.446764640524263,22.47348519696162,1.545203970596554,1.230692920403432,1,0
1779581668.3503773,-2.0489644813418884,3.1031856916505904,19.513441137375786,9.501142559915973,22.49158038365227,1.6435262169110474,1.2720666832112364,1,0
1779581668.400394,-2.0435403861357004,3.1871886875400968,19.547173576014416,9.558029030578153,22.5110314306534,1.7205921999881324,1.2434139136429267,1,0
1779581668.4507754,-2.039240431124474,3.2568994033479797,19.569319879628964,9.596595648344337,22.519361162836958,1.7700638420525436,1.081337047522128,1,0
1779581668.500427,-2.0333475610178455,3.364772929039994,19.59847435381947,9.656097597748143,22.528126540889538,1.8283434470396012,1.1182036370593984,1,0
1779581668.5506232,-2.0287778757224446,3.45704084309377,19.61698407660087,9.695631168302581,22.526851083594362,1.8654538367318936,1.1117912757062078,1,0
1779581668.6003811,-2.024124675331613,3.5509528624207016,19.64146138587495,9.74431222727721,22.533426716720296,1.8945413400306124,1.083974667863927,1,0
1779581668.650597,-2.0199416706145805,3.646178490907824,19.665219675370366,9.795116964539726,22.540090216188364,1.9173404228526578,1.0732147993844852,1,0
1779581668.7004037,-2.0130122271275055,3.742256476685245,19.686652251641302,9.851212406916748,22.543175930836618,1.9352105773375008,1.052299688557989,1,0
1779581668.7503762,-2.003825442735015,3.838942333364028,19.702839505970175,9.902473816691916,22.537651103090912,1.9492173873396723,1.096729200441001,1,0
1779581668.8004105,-1.992156917887403,3.9359876987653397,19.719597510635893,9.95514675543428,22.53065813761286,1.9601960683915531,1.0021102642200657,1,0
1779581668.850424,-1.9785860752204716,4.033278088158489,19.735789272506075,10.00075549562403,22.519433459804578,1.9688012709765987,1.0051381418320668,1,0
1779581668.9005854,-1.9625575604381924,4.130576441810636,19.75481981411254,10.048067854414889,22.509135581956343,1.975546116844672,0.9785893749681359,1,0
1779581668.9503853,-1.9435411248713377,4.227644463986174,19.77268651760677,10.09708276165796,22.49544062582697,1.9808327960755743,1.133594817587248,1,0
1779581669.000426,-1.9226417669597764,4.3245643939181955,19.790657464772092,10.149866454611535,22.48113670669359,1.9849765493706273,1.1245197644282392,1,0
1779581669.0507452,-1.8993886869850418,4.421135463512537,19.804947123309628,10.188078456406775,22.457422480091775,1.9882244656182961,0.9395572049829748,1,0
1779581669.100443,-1.8738395258136373,4.517272273402593,19.830308376539236,10.244637912125247,22.447110133084603,1.9907702156185354,1.1441647681298281,1,0
1779581669.1503603,-1.8460958175749171,4.612919476306101,19.84889626578321,10.285490093408148,22.42433363342111,1.9927656005267422,1.1281471617270415,1,0
1779581669.2004247,-1.8187118332925896,4.700790716888866,19.875318648379018,10.351957253421267,22.41799816583364,1.6127095962216957,1.2012913643239316,1,0
1779581669.250672,-1.7973096983824142,4.755957323259029,19.892244877507526,10.39411415207998,22.41039022701052,1.3774825759392715,1.1075507323717386,1,0
1779581669.3004284,-1.7637481179273389,4.826426486271696,19.91905898655494,10.449889835779736,22.400166605930576,1.2500521405002485,0.9739785988223288,1,0
1779581669.3504956,-1.740107115747102,4.871150156723791,19.93893772220713,10.485403530269338,22.394214119463925,1.2455172459131834,1.0485061139254668,1,0
1779581669.4003892,-1.7034770512542317,4.934929250907689,19.969081689306986,10.536729741806203,22.38481563700955,1.2128364155950937,1.039153589856301,1,0
1779581669.4503336,-1.669503498173387,4.988150627484103,19.997679331003592,10.580820054309516,22.37732698672318,1.2917025577943635,1.0978136554252316,1,0
1779581669.500418,-1.632688791993357,5.044100092323828,20.02556098381235,10.625463618093532,22.365853486017038,1.2571528964605125,1.012788237183324,1,0
1779581669.5503852,-1.600654595445775,5.087759978074676,20.05090695978968,10.665759692858813,22.358537487910112,0.9592026744185775,0.936199802402102,1,0
1779581669.6004074,-1.56989170260534,5.1204783188754455,20.0801029622417,10.706018738194938,22.358902718240827,0.8554420502487995,1.064138240874499,1,0
1779581669.6503985,-1.538758107566362,5.148239093247036,20.11366525689518,10.752530215632111,22.36594546488756,0.8193076011642587,1.1939135736077053,1,0
1779581669.700865,-1.507050507004476,5.173585668182958,20.14171115402181,10.792061520484383,22.3659596789142,0.8067238448396358,1.1410425691458945,1,0
1779581669.7505193,-1.481026530323309,5.192515823831763,20.171696953550665,10.837528354515326,22.376474269658342,0.8028915439201461,1.1103301453778935,1,0
1779581669.8005474,-1.4407350402786754,5.218772451281343,20.20740526018176,10.893704054520207,22.37960739534674,0.8008154568519275,1.1888675528986306,1,0
1779581669.8503895,-1.4060644656398713,5.238761307415802,20.239369239254685,10.947244090262444,22.385521569868366,0.8002839891384542,1.2764668918549518,1,0
1779581669.9005306,-1.3704704064780668,5.257020261814581,20.271565908664233,11.004642463462169,22.392250821183882,0.8000989064716311,1.3261013096671666,1,0
1779581669.9504406,-1.3340122019173106,5.273475585793599,20.305604999118763,11.062575953649182,22.400596324126777,0.8000344517687582,1.3614597366678087,1,0
1779581670.0004964,-1.2967676777842787,5.288056294135597,20.342039663627,11.121226040866867,22.411243884552583,0.8000120055354415,1.375913604391876,1,0
1779581670.050524,-1.2588575735615128,5.300802302896489,20.379075354559255,11.174943380710475,22.42109887592298,0.8000041886754196,1.294932593799043,1,0
1779581670.1003852,-1.2203648874892685,5.311667025873317,20.41655268855879,11.226256701754602,22.430750616658795,0.8000014664681012,1.2376891724245886,1,0
1779581670.150784,-1.189197614962233,5.318912038637716,20.446582141776286,11.267311765590346,22.438592313104365,0.8000006374376162,1.1950463612175666,1,0
1779581670.2004452,-1.1419787340763596,5.327489792840892,20.490458664758126,11.329094826087895,22.44953475664003,0.8000001883237535,1.3088902572169645,1,0
1779581670.2503836,-1.1023110142783306,5.332613687301065,20.520614201869588,11.370172392302477,22.45001135900523,0.8000000733528925,1.230593624833281,1,0
1779581670.3003848,-1.0621641750361723,5.336905379068272,20.5636107011621,11.421534199946821,22.465458973363404,0.8371356438356837,1.1128571072046198,1,0
1779581670.3503823,-1.0185116090582498,5.341504367797749,20.601162982667535,11.46297295529504,22.469595170359202,0.9155832137071848,1.0704285085106533,1,0
1779581670.4004276,-0.970653465224288,5.3465928458359055,20.638269935692904,11.503597015013547,22.46896239006104,1.0513424155263242,1.145521784291679,1,0
1779581670.4503822,-0.913099214387777,5.352851862386691,20.679029626486994,11.5463264081574,22.462839420475003,1.2564324749340121,1.1854701782809434,1,0
1779581670.500488,-0.8464914635640953,5.360058528834638,20.71615416653078,11.588819972874154,22.444267769205638,1.4171841627772275,1.1336943475343593,1,0
1779581670.5504696,-0.7879870469698602,5.36608421632892,20.746826742592066,11.624877281849335,22.425893417835397,1.5203769028772909,1.133180417076011,1,0
1779581670.6004186,-0.693313080206152,5.374399676916816,20.789929687671258,11.673080394991004,22.387565714293206,1.641942144692665,1.119728126765031,1,0
1779581670.6504455,-0.6093477556936072,5.379263465275625,20.830494146079673,11.715807602730626,22.356623456572073,1.7193505879689739,1.2020929004252032,1,0
1779581670.7003822,-0.5219055173242015,5.383470712973874,20.867512766129693,11.756361448662595,22.318623408122168,1.7800241181533234,0.9727457453252313,1,0
1779581670.7504296,-0.43177166380660353,5.387768783334473,20.903503157107217,11.79329597293657,22.276102223249268,1.827580652159451,1.1306553953962242,1,0
1779581670.8004153,-0.33953314024446235,5.39224568386517,20.94451942861362,11.832571938404882,22.23710179000015,1.8648559502969468,1.0467788209367699,1,0
1779581670.850801,-0.2644814956525978,5.394492302198734,20.974892810951665,11.863052204171172,22.202551388105082,1.8887844091794852,1.0460530329648103,1,0
1779581670.9004102,-0.15027490890944184,5.394416400541625,21.020265785126607,11.911571117642008,22.150961579228568,1.9169731062477509,1.1511197696423225,1,0
1779581670.9509869,-0.054012208465372635,5.391410974484448,21.057027867432396,11.951282396885675,22.106739383378045,1.934922670822762,1.1258852076402321,1,0
1779581671.000467,0.04293772062098471,5.3858352909342155,21.096126658919943,11.990114071006849,22.06475158882672,1.9489917232664404,1.1605476440805966,2,0
1779581671.0504494,0.1403752972395628,5.37822861023403,21.129244382734434,12.02359503624372,22.015756185604417,1.960019190581081,1.1253957440191464,2,0
1779581671.1004145,0.23807572685306724,5.368126915142646,21.1726783766025,12.06991351994665,21.98116311297531,1.9686626323382488,0.9657164041617656,2,0
1779581671.1504,0.33588139232478464,5.355579548844358,21.208043583189866,12.104869404799711,21.936272884915518,1.9754374504608432,1.0427903393004792,2,0
1779581671.2004478,0.43368041694571785,5.340812200469945,21.245050889960037,12.141563354652462,21.894368162296143,1.980747622251632,0.9559244159084455,2,0
1779581671.2503996,0.5313502717334323,5.32378313347707,21.283012773609308,12.17790181326161,21.854300251170994,1.9849097892555914,1.1090944699344083,2,0
1779581671.3015099,0.6092448488845432,5.30814111160532,21.315469462487705,12.208523796882726,21.825742116873407,1.9875816456053146,1.0319907778414734,2,0
1779581671.3510234,0.7063207582890225,5.286555782903886,21.355444755821807,12.247635618427452,21.790891545368606,1.9902663667125249,1.0958567421869447,2,0
1779581671.4005177,0.8221548187378045,5.257236337499773,21.39439087278563,12.285331119600531,21.73961850009464,1.9927334528295877,0.9814889180532825,2,0
1779581671.4508696,0.9178343308664446,5.229307604198091,21.44152041505809,12.326288638129101,21.716096110452686,1.9943044059482469,1.042645488774737,2,0
1779581671.500387,1.0121356134691408,5.198307195471337,21.483278685334337,12.359773325299345,21.687653072599815,1.9002128616544245,1.1361339489501399,2,0
1779581671.5505404,1.0900370735503062,5.169346260743336,21.52692645184976,12.395186921341361,21.676697643165134,1.4247128616544247,1.1639279101617046,2,0
1779581671.6003964,1.144137622984507,5.142850601380257,21.570045711112762,12.431781075627919,21.68746708776937,1.0307469471988944,1.111151582222586,2,0
1779581671.6506257,1.185342813310869,5.116652983582409,21.606310514193233,12.461318474928953,21.701613604067727,0.9851326972890739,1.2340217166783007,2,0
1779581671.7003803,1.2269068800800096,5.0880385594216415,21.663598098608926,12.506226347623636,21.74138583491232,1.0315848190856423,1.133859585664712,2,0
1779581671.7505317,1.2607110489231592,5.063320748923171,21.70037316142799,12.536950503347772,21.76315530844703,1.0614042368221763,1.2490472946430886,2,0
1779581671.8004327,1.3115180234650365,5.023130590280685,21.758304190427722,12.585677034727436,21.800531490812574,1.096532722841836,1.1872404343216258,2,0
1779581671.8504896,1.3538007712304039,4.98732518077922,21.803957014754438,12.623276403508443,21.829261129512492,1.1189012993924032,1.1080172362948033,2,0
1779581671.9004138,1.398680435472143,4.948536513300468,21.848892611067612,12.662706900604762,21.856797633487748,1.2780811426467755,1.2606421235576977,2,0
1779581671.9503925,1.4500575568591438,4.904054750122687,21.895948495094498,12.705763801584231,21.883809549113508,1.4341526101238917,1.2837784366895333,2,0
1779581672.0004187,1.5064990335637847,4.854841971005057,21.94469836726762,12.749240496456643,21.909849841632052,1.5564830238629668,1.203721431922811,2,0
1779581672.0503798,1.5652202161181137,4.800056510240643,21.98871319870836,12.785255075175447,21.929032393868862,1.6523668543124204,1.0426031879198547,2,0
1779581672.100537,1.6132206837271603,4.752797002485678,22.022571729489396,12.812052481469296,21.94295351552939,1.7139184020947327,1.0173812022815336,2,0
1779581672.1503816,1.6862593324197157,4.677210126780343,22.068213313816845,12.851296725063815,21.959957646043573,1.7864286269711314,1.0952753359746148,2,0
1779581672.200474,1.7476102525061628,4.6106546726066675,22.110457101070796,12.88875034978782,21.98118285758671,1.8326005717267024,1.1904641469062784,2,0
1779581672.2504995,1.8087070672752166,4.541111756826624,22.154020770587383,12.9250376549096,22.00504494770979,1.8687906146371076,1.096847183129478,2,0
1779581672.3004045,1.8695760203005571,4.469252163465088,22.200550192253388,12.960866241995838,22.03306652373461,1.8971567407076135,1.136807935919642,2,0
1779581672.350403,1.9289587189187343,4.394547935221025,22.24636220979682,12.997154617886046,22.063583714976538,1.9193904006742473,1.1833369515958725,2,0
1779581672.4003878,1.9863730513035525,4.317090387096488,22.291167565255652,13.033136025643602,22.096473289352204,1.9368173709374124,1.1591536303146015,2,0
1779581672.4518905,2.0263806747675117,4.259139760246557,22.328446015419345,13.063850131995027,22.12909356088657,1.6680877199493385,1.2301700003341896,2,0
1779581672.5004137,2.074834971489865,4.180472829632155,22.38813587474334,13.114202477110892,22.1910278941819,1.5116776822498352,1.306021371366062,2,0
1779581672.5504503,2.102684306385607,4.131017616294378,22.426359769430803,13.14631971671161,22.23347602802973,1.3956853872716501,1.1920878650989817,2,0
1779581672.6006236,2.141683243285304,4.055161568060914,22.473352995465554,13.18511736426749,22.287505193547513,1.4971591120959142,1.2131180723555182,2,0
1779581672.6505525,2.176004589304653,3.9854744892903953,22.527446626334825,13.233089982998841,22.35396128890974,1.605868165036317,1.1167432925546985,2,0
1779581672.700423,2.2108749896144277,3.9107011107728544,22.564929852579453,13.27123110599868,22.403282597782688,1.6910754334650087,1.1426384434069223,2,0
1779581672.7504203,2.2440988358792837,3.83279866758244,22.60547883391564,13.316077249485561,22.461486328522817,1.6551952872003457,1.2485341965374275,2,0
1779581672.8004274,2.274358572390169,3.7536961499370687,22.648755760500432,13.365230347891881,22.527708503470347,1.7297385367242142,1.2988348995124737,2,0
1779581672.8504424,2.303838677051455,3.670778520426157,22.691605618972783,13.416735743934412,22.597449481756847,1.7881662987175908,1.4012610615274812,2,0
1779581672.9003525,2.3319642353848997,3.58466003644447,22.735731418591318,13.471178606048504,22.67282436516493,1.8339625766281957,1.404045794632896,2,0
1779581672.9507349,2.3531332183167213,3.5137913680001276,22.77038737188179,13.51435711996335,22.734897900158025,1.8633609827499937,1.3234066404572673,2,0
1779581673.0004735,2.3801233368227335,3.408507886192919,22.814432421252892,13.571589631325782,22.82212124926773,1.8146392425255318,1.101734649786098,2,0
1779581673.0505054,2.3990944852179164,3.3187208019662777,22.8420988132473,13.605620951688403,22.88529529296446,1.8547123409590243,1.1362494756039347,2,0
1779581673.1004179,2.415202247244777,3.2265710450558363,22.883202146466598,13.656070627927908,22.972015179859017,1.8861220456950587,1.119177170650758,2,0
1779581673.1504014,2.4290762472635437,3.132646496985241,22.91616986604981,13.700820144931816,23.05227318938558,1.9107412937734725,1.1513926309889575,2,0
1779581673.2004197,2.4409492402553385,3.0373472961029226,22.949327299724413,13.749157668533156,23.137338915376944,1.9300381124172705,1.2372678598251214,2,0
1779581673.2508023,2.4493400095994127,2.9452537319545242,22.98474580466604,13.801655469481702,23.22852448724712,1.6512333039236589,1.266658918635379,2,0
1779581673.3004093,2.452700070635563,2.8650464681636314,23.020617788672478,13.855437298873746,23.320118564614845,1.642356996037188,1.1954741807015374,2,0
1779581673.3505538,2.453086127421351,2.7809234889150805,23.04634301063254,13.891801444507987,23.399440976271322,1.719675752699184,1.1466721958855262,2,0
1779581673.4004285,2.451501172496742,2.6933822355488806,23.08844081394808,13.947025157127356,23.505908975644804,1.780278985597213,1.1220256424109745,2,0
1779581673.4508777,2.4474814563445584,2.60322694796715,23.115611489400585,13.984890088165447,23.594784485141226,1.8277804198707672,1.2067392317217296,2,0
1779581673.5003817,2.441040425777787,2.511097298666612,23.158238273349937,14.047335776913625,23.712593381628153,1.8650125302738771,1.3324691717704515,2,0
1779581673.5503461,2.431894087319401,2.4175387946967763,23.19527660670312,14.099733763705185,23.824183783294128,1.894195439511654,1.2207952283609615,2,0
1779581673.6004014,2.420290564477607,2.3351203515962196,23.23000692033515,14.147547838101204,23.92859665620162,1.4681438485108895,1.2221564863276462,2,0
1779581673.6504002,2.4054401838271393,2.2684647905628657,23.26781273125584,14.198780333326411,24.032707239460397,1.2933806397517702,1.2953286418410175,2,0
1779581673.700461,2.387230193724484,2.208270372300316,23.30628816633998,14.251182925987058,24.137910622864474,1.2325196694242933,1.3004885116676328,2,0
1779581673.7505622,2.3674729409366106,2.150550918307377,23.3358638160135,14.290373468371182,24.229088043858468,1.211324946945219,1.15223136163341,2,0
1779581673.8004813,2.3467012461123877,2.093889379828999,23.373467933044743,14.33775545727941,24.33181402668591,1.2039439233015297,1.2621622945128828,2,0
1779581673.8503811,2.3238739915346494,2.038273135835151,23.41346443411915,14.38912249686014,24.44001442255472,1.2013734952111177,1.3196509568614045,2,0
1779581673.900429,2.298079305044927,1.984061497725164,23.462669715817068,14.450307648651307,24.563126436820475,1.2004783482928947,1.2171056780984606,2,0
1779581673.9504604,2.269770697738298,1.931148238788875,23.498132565072467,14.494979072485195,24.66765478897874,1.2001666150029449,1.1195651722145263,2,0
1779581674.0003915,2.2392902440773765,1.8794644453981084,23.529420409476277,14.537637611173215,24.76891177170239,1.2000580544503865,1.0466484243999277,2,0
1779581674.0508296,2.21385433866749,1.8387573705191367,23.55325662694209,14.57142366156542,24.849363792660075,1.2000249930421187,0.9710824218044725,2,0
1779581674.100406,2.1731689880350062,1.777348753193982,23.588379571767152,14.620831024164467,24.97130916052113,1.3087910896265205,1.098920059943582,2,0
1779581674.150461,2.142358793877955,1.731941523560104,23.612345917094682,14.654105701307877,25.058784370111805,1.4311757897110422,1.0149614917622332,2,0
1779581674.2004216,2.093685753349618,1.6624422049404375,23.65405222179396,14.706911399089764,25.19935671422447,1.3221255049293938,1.1937217680982026,2,0
1779581674.2503774,2.0508281084054603,1.6072092671808238,23.694192347477138,14.75458329189504,25.32367783973838,1.4686750321142943,1.2459025224648195,2,0
1779581674.3003888,2.0025467270472173,1.5479792957720109,23.73354186172204,14.800696963857277,25.453303815678627,1.5835420515867886,1.2749925629696168,2,0
1779581674.3503733,1.9499250460662794,1.485725304664108,23.774682019202487,14.85080659898586,25.59190135453571,1.6735759972156072,1.3393923252954951,2,0
1779581674.400434,1.8936484074224738,1.421342570071647,23.81577536587223,14.901709214110774,25.7351886575582,1.7441455253771185,1.201215283948807,2,0
1779581674.4503775,1.8343851111281944,1.3554228509831803,23.8543873655581,14.950731587798396,25.878812162354407,1.7994586438921012,1.290698412972172,2,0
1779581674.5004163,1.7722313784337662,1.2888220345835033,23.885492938225198,14.989313760742302,26.013454410175807,1.84281363236319,1.2114525252388413,2,0
1779581674.5504203,1.707370107183559,1.2221437839338674,23.934255713537322,15.045098972683327,26.174578008214606,1.876795716103761,1.2609335694813306,2,0
1779581674.6006992,1.639707327900077,1.1561309679032648,23.977961493390946,15.09193337863103,26.328771106774354,1.9034312211765214,1.1974606951326716,2,0
1779581674.6505363,1.5698643066243234,1.0906883121680784,24.0204422981775,15.134641858127464,26.481334621878048,1.9243084026906747,1.2254460112946985,2,0
1779581674.7004223,1.4978480069526778,1.0262494503784814,24.06539503874425,15.18070905509788,26.63912359169794,1.9406721512580198,1.3457899100041895,2,0
1779581674.7503698,1.4236281851812524,0.9632305485119934,24.108140431248938,15.227557705035919,26.796606596178194,1.9534982248826498,1.2392868362676113,2,0
1779581674.8004196,1.347648619263074,0.9014391754631392,24.147021454435173,15.269026960807668,26.94882150385736,1.9635514326759247,1.0662838026300545,2,0
1779581674.8504066,1.269777563043055,0.8413198580965404,24.185459030712156,15.307882884439357,27.0999982089081,1.9714312398478318,1.1047196812395612,2,0
1779581674.9003952,1.190164343525436,0.7829300757384339,24.22419596970805,15.343319323560621,27.250166017917703,1.9776075133660191,1.0995945825996174,2,0
1779581674.9505,1.1090429822747543,0.7261752613332968,24.259044641203882,15.373371229607175,27.39457841510688,1.982448539769236,1.2261518614133484,2,0
1779581675.0004244,1.0262652828066405,0.6714774370488912,24.31667359018247,15.426214758965497,27.570734349361096,1.9862429858162953,1.2370339199922804,2,0
1779581675.0505414,0.9432129972435034,0.6204638273577314,24.351825353170113,15.460643368422216,27.716313990880334,1.797913588985012,1.2567716347664741,2,0
1779581675.1004217,0.8736535234169158,0.5827243512519696,24.405355204991295,15.518594745933726,27.871512489948252,1.416515278900244,1.340281143010595,2,0
1779581675.1504393,0.8131051000521657,0.5547402702200086,24.44719100158629,15.56339735336067,27.99696061790284,1.2754010840693468,1.2311330261058597,2,0
1779581675.2004566,0.755151205353573,0.531785625856569,24.492871054338107,15.609296391036134,28.12135619956797,1.2262583217833407,1.2889752707308837,2,0
1779581675.2504098,0.6978736620614606,0.5113649043008758,24.5405750467004,15.654572652915778,28.245196940980495,1.2091444439910115,1.3404238550021395,2,0
1779581675.3017793,0.6412113844269466,0.4943621673196549,24.5910058767447,15.700613729345658,28.36939799840441,1.1312831323898915,1.2399093936202654,2,0
1779581675.35045,0.5922567776138292,0.4829841440793969,24.639334801565596,15.741447177146355,28.4795129105379,0.9153687574825058,1.2692714703755712,2,0
1779581675.4005015,0.5576079931530866,0.4772192016127746,24.680817441224804,15.77463739937941,28.56466764366248,0.8496134427622468,1.3365581371911002,2,0
1779581675.450484,0.5081939234599788,0.4720130738549751,24.741408111554275,15.824506603069079,28.687065507831498,0.8139915640462212,1.3504830735135014,2,0
1779581675.5003932,0.4678043456179616,0.47024684534344696,24.791526243035587,15.86811774961495,28.787807754803502,0.8048725445596863,1.2574298035545277,2,0
1779581675.550378,0.4276660567864571,0.4709673717910231,24.836365898144635,15.908871425521134,28.881023346095187,0.8016968625707462,1.1948809562045992,2,0
1779581675.6004014,0.38771997668501434,0.47382588392381936,24.88041492790543,15.948086786688334,28.97144898793232,0.8005909370806463,1.1558769873938917,2,0
1779581675.6505413,0.3480279760748184,0.47889619736758254,24.91688434068513,15.979906158723413,29.050129309297493,0.8002058005355159,1.2708280901127451,2,0
1779581675.7004197,0.3085422646857347,0.4853158015148609,24.9745665800644,16.031958567833936,29.156660591199277,0.8000716774325377,1.2403566522665341,2,0
1779581675.750389,0.2695168948293786,0.49407761251839905,25.01774841153057,16.069480537638942,29.241548171806766,0.8000249693053034,1.176447469515726,2,0
1779581675.8004827,0.23099030350105532,0.5048185191985328,25.065522159072373,16.109188063858234,29.330024230670006,0.8000087032847499,1.3196999131203762,2,0
1779581675.8503795,0.19303936128989446,0.5174465098563091,25.1154356872636,16.152974521514732,29.421005673366484,0.8000030386726084,1.288499518308359,2,0
1779581675.900414,0.15578711789368402,0.5320065272623632,25.159689461639914,16.193737799934492,29.503982085016837,0.800001065981709,1.1431464156805777,2,0
1779581675.9504328,0.11929596875176268,0.5483766168462525,25.204282826051987,16.23356391842182,29.58515956212561,0.800000378995683,1.1359725850599847,2,0
1779581676.000381,0.08359704105101251,0.5664146134692938,25.247249533302586,16.27182762509926,29.662592681973614,0.8000001397540459,1.151161518658886,2,0
1779581676.050399,0.04844866210261703,0.5855046590488238,25.288342189160215,16.31102139659482,29.737923631619665,0.80000005643858,1.1739425484562236,2,0
1779581676.100445,0.012260539316323538,0.605735969837124,25.330246082279334,16.35063385555222,29.814462956512898,0.8708236141376774,1.1891242297139857,2,0
1779581676.1503987,-0.027270486497875487,0.6280404792786042,25.373714053387587,16.393701992062848,29.895921101902626,0.9419881896562755,1.2484020710086354,2,0
1779581676.200466,-0.07029254374410307,0.6528303358768628,25.41938656404938,16.437940344322705,29.98155164425318,1.0703161125914609,1.1914237018156637,2,0
1779581676.2503693,-0.12132662837903371,0.6819068888294936,25.461776337361542,16.47728274087725,30.06641075458023,1.271304252906359,1.0252649933597797,2,0
1779581676.300392,-0.1801180394859694,0.7153885516528763,25.502264263611117,16.50920090145108,30.150112260206804,1.4288408145778493,1.0918516787552404,2,0
1779581676.350374,-0.24537559207079143,0.7516342666185174,25.547761999091414,16.542352357424818,30.24289544041612,1.552319584143019,1.0486083074387547,2,0
1779581676.40038,-0.3161582471616274,0.7891911196211637,25.592492367672875,16.577116000604743,30.34001893092924,1.6491035076434108,1.1069309578778808,2,0
1779581676.4518187,-0.37578642609543894,0.8202764997276998,25.628904468162663,16.607670903122152,30.42179762200519,1.7112328600479796,1.2650567939812234,2,0
1779581676.500404,-0.46909166583247675,0.8683759106601783,25.685764492830334,16.656615152841937,30.550695557527163,1.784423762252633,1.227292774971323,2,0
1779581676.5508459,-0.5334305232202404,0.9010566699589516,25.724884802584786,16.68791646078685,30.63860417520135,1.822593457125064,1.278035887534063,2,0
1779581676.600388,-0.6333177937121864,0.9489201556988747,25.787969769332506,16.734743048573815,30.777859589229312,1.867558908984242,1.3086958363914147,2,0
1779581676.6508007,-0.7190935048015303,0.9876676080776732,25.83998243800482,16.77182011540904,30.8953715839517,1.8961913172092923,1.2417009029208548,2,0
1779581676.700436,-0.806016872116872,1.0269619794941385,25.891713279176926,16.808925094052235,31.013531804368462,1.9186336918542934,1.1834507683057527,2,0
1779581676.7503836,-0.8941147960109083,1.0660702172578085,25.936768447555576,16.84549881859638,31.126944318622705,1.9362242548187434,1.1181655318174282,2,0
1779581676.8004029,-0.9824090527998282,1.1054544106633721,25.980655484760707,16.880642290432455,31.238812427790336,1.852416319098496,1.1023416985549874,2,0
1779581676.850376,-1.0547136431419224,1.142503506151672,26.02509117450559,16.912519437212474,31.337026524987927,1.4080104037756658,1.102133176828944,2,0
1779581676.9005592,-1.0958579982061256,1.1692530844896878,26.061927701621528,16.93529333983958,31.402441775299522,1.0739900561622766,1.1002971242921957,2,0
1779581676.950414,-1.140498622600257,1.2063201127409018,26.119279943526713,16.968029328989424,31.48852179591556,0.9440239325994321,1.143205018554721,2,0
1779581677.0004058,-1.176672201794995,1.2388334439529918,26.17192934446656,16.996604161506994,31.563481185116167,0.9993633485370713,1.2153950767875457,2,0
1779581677.0504498,-1.2147222463173821,1.2729338345048138,26.217336698035545,17.020853541212407,31.63091577895529,1.0427389491972159,1.3543163736213946,2,0
1779581677.1004066,-1.2542593180060806,1.309377022947579,26.282038592551135,17.05615894209358,31.720795126038396,1.1510083825556445,1.2277098121875603,2,0
1779581677.1504445,-1.2987870247859499,1.3516341357758903,26.332791354615097,17.087615869212105,31.798195622582448,1.2435760692938829,1.2212180385883131,2,0
1779581677.2003856,-1.3423384926417454,1.3948409763582073,26.38266099538415,17.121064314581027,31.87459328516523,1.2151753181370142,1.1709504035841711,2,0
1779581677.2503386,-1.3842886434734936,1.4398517371122956,26.422785522361977,17.14810200575446,31.937164873647927,1.2746906864470542,1.2398191772933806,2,0
1779581677.3004076,-1.429525921842455,1.490362118394038,26.484569258175842,17.18736063915641,32.02487271293887,1.4314951358502106,1.2162823423912545,2,0
1779581677.3505385,-1.478583248366675,1.546783756073784,26.525451355015385,17.21132725450534,32.08744111146406,1.5544000683256385,1.214940672768554,2,0
1779581677.4004583,-1.5306139402419945,1.6078438660953882,26.58182574976536,17.241727910644457,32.16718196613913,1.6507342124413567,0.9750498386903915,2,0
1779581677.450379,-1.5842425190969052,1.673141311500276,26.628430288810826,17.264527683280342,32.23424011761694,1.7262419006650445,1.031294168914319,2,0
1779581677.500403,-1.6389109786157854,1.7419064702405924,26.677560452288038,17.29039212008122,32.30445728224655,1.7854255995832284,1.1699788557091666,2,0
1779581677.5504572,-1.6934746673699264,1.8140723311959968,26.731072725136716,17.321864620192194,32.37972384297782,1.8318143885931852,1.3088256162972967,2,0
1779581677.6004374,-1.7468919898033834,1.8896284214839636,26.78780550525778,17.355484281267202,32.45645788761062,1.868174396249772,1.2808909049729493,2,0
1779581677.6503782,-1.7951659907683573,1.9610759598821017,26.838721397257103,17.387103201468708,32.524787830334816,1.5175547790504658,1.1069990324524448,2,0
1779581677.7005503,-1.8246782985570928,2.009378463625381,26.876363222418384,17.409938654411626,32.571874962592936,1.336561987629474,1.1399329001792924,2,0
1779581677.7504303,-1.8613052359513955,2.0767165845477282,26.94088478157404,17.4459355206282,32.64627146414758,1.2385120688981581,1.2663317689294387,2,0
1779581677.800411,-1.8896768809151794,2.134530189341048,26.987595810054717,17.47102270705963,32.69716930889697,1.3673122638978419,1.3345012638144516,2,0
1779581677.850538,-1.920655968241199,2.199433880200197,27.051690369263007,17.50561565427079,32.7669963957819,1.5040928763204982,1.2291383957065387,2,0
1779581677.900376,-1.9529968737676988,2.2703983556101797,27.101574994051813,17.53074614962552,32.81838450040766,1.6113029204088,1.107805543335714,2,0
1779581677.9503758,-1.985304887422045,2.346576632945607,27.151616675435708,17.55598797444253,32.86771046962323,1.695335250355524,1.1337192839741674,2,0
1779581678.0003796,-2.0155547201268407,2.4226033929152027,27.202045117212304,17.580323679677523,32.91541621408738,1.451915521497131,1.1230437548278314,2,0
1779581678.0504272,-2.0345566069480863,2.4809966670393777,27.25205360462216,17.603708943883568,32.96061231671318,1.0451928499931693,1.0490131507485887,2,0
1779581678.100401,-2.043838206352717,2.527667744578362,27.296973510985215,17.625348926296905,32.99732124426304,0.8853879728560754,0.9922007105151711,2,0
1779581678.1505036,-2.0486174407121016,2.561647943919261,27.333600585502314,17.643788443348626,33.02704495083577,0.8367204397449093,1.0652246316452805,2,0
1779581678.2004845,-2.053824692452888,2.6106218183624663,27.39341552877135,17.674909931517938,33.07677029279981,0.8103555904658899,1.0930646543510203,2,0
1779581678.2503636,-2.056192494198836,2.6508694598042912,27.428944373937806,17.694015653035304,33.100899436777716,0.803606323358123,1.0052909737903446,2,0
1779581678.3003805,-2.0573727149628933,2.6924503002542695,27.477649797572912,17.72314149827219,33.139692706876,0.873226894208419,0.8747164436070962,2,0
1779581678.350349,-2.0586496607122036,2.7379282995052834,27.51762066007837,17.7446391921432,33.16560172684486,0.9438719051754354,0.9143246508063749,2,0
1779581678.4004297,-2.059946751080137,2.786542121707995,27.558607138753022,17.766991372806718,33.19145363327275,0.9992441878860066,0.97842454898414,2,0
1779581678.4503777,-2.060177892297017,2.8378198955085296,27.600169484808063,17.78960524589696,33.215840975273146,1.0806855475918353,0.9526354770056343,2,0
1779581678.5003672,-2.059378708458696,2.897010762718397,27.63952997373902,17.81174828757117,33.233636158999666,1.2794319222000576,0.8779209353124052,2,0
1779581678.5503716,-2.058035476230877,2.965014016319648,27.68059488400125,17.83223757617892,33.24786417322704,1.4352113649641862,0.9936589919276279,2,0
1779581678.600534,-2.0557824326922343,3.024440308798551,27.717134151323492,17.85017424057713,33.260020272613325,1.535212228194749,0.9633188526580866,2,0
1779581678.650495,-2.0505421963702966,3.1201098571401227,27.767120363806143,17.87937115101904,33.27053943797035,1.6530173093330298,1.0185385042126758,2,0
1779581678.7003798,-2.0455068711582505,3.204559059663204,27.815084034510413,17.908749136882186,33.28465254532015,1.7280314153782685,1.1926804357364786,2,0
1779581678.750417,-2.0400263693620366,3.2923167360881767,27.864681883051407,17.939885161775617,33.29929183101587,1.7868282395327308,1.1226597263180849,2,0
1779581678.8004313,-2.0350004149950083,3.382715358917371,27.91090904723141,17.97319416568895,33.31125283340019,1.8329137921428749,1.1422895940862416,2,0
1779581678.8509538,-2.0310714815653954,3.4565370143048786,27.949545309232153,18.00203486262754,33.322798364066166,1.8624978949082822,1.254945669088555,2,0
1779581678.9004235,-2.0252558200686805,3.569230524755233,28.007575615333707,18.043847376521953,33.338948649181226,1.8973491703282421,1.128934332371272,2,0
1779581678.9504385,-2.0205009159157448,3.6645522063126834,28.05318062346181,18.075344269277796,33.34812212425036,1.9195412289805842,1.1216637803251308,2,0
1779581679.0004354,-2.0125903440515933,3.76065279053023,28.098654379732633,18.104047081496986,33.352961166915314,1.936935591707781,1.099349983741011,2,0
1779581679.0506353,-2.002139138529859,3.8572878855868717,28.148384178833115,18.133305724323318,33.35953749143968,1.9505694712601567,1.1884854277409889,2,0
1779581679.1004272,-1.989847875084919,3.9543168409446894,28.199793845774963,18.16298551467253,33.366161492051475,1.9612558456082123,1.0739529403722186,2,0
1779581679.1504037,-1.9747136282686448,4.051421471015498,28.24719871242832,18.189667779413824,33.36546109685449,1.9696319352067801,1.0146508005981332,2,0
1779581679.200425,-1.9558569778259807,4.148248416869399,28.29244713455142,18.21505819396206,33.35918222888231,1.976197199970877,1.0812465976773586,2,0
1779581679.250408,-1.9345111183663488,4.244860523338297,28.3366353086105,18.24257490131434,33.35083677827095,1.9813431216943096,1.0844857621142725,2,0
1779581679.3003786,-1.9106321521542986,4.341108962549103,28.384308051375548,18.2738895115346,33.34525117256785,1.9853765478142293,1.176834698681401,2,0
1779581679.3508458,-1.8841094004902974,4.436852537888668,28.433949518375872,18.302866803207742,33.33843199992874,1.988537988492732,1.1533355861112302,2,0
1779581679.400405,-1.8555356913294256,4.5321503596725945,28.486614110626732,18.33213930398938,33.33295290651,1.991015958056704,1.268999835610789,2,0
1779581679.4506,-1.8261416816842049,4.625313682507867,28.52973447962662,18.355229726300006,33.31650960245415,1.8020375586963921,1.2463020168954866,2,0
1779581679.5004337,-1.7995894749342138,4.699666908090878,28.59376704714886,18.388942781495533,33.333952580164095,1.4077089183750653,1.185277637986601,2,0
1779581679.5504057,-1.7726207919530483,4.756165136157983,28.64631620631785,18.41921735317988,33.34652491624639,1.2092980885924831,1.1701425575661526,2,0
1779581679.6004093,-1.7430685352151256,4.808711283720347,28.696020158577735,18.449591945764325,33.35583525778831,1.2032380735580983,1.1030825603801577,2,0
1779581679.6507494,-1.7123428757520345,4.860584316394584,28.736570662383617,18.474126818434552,33.35363361176274,1.2393663204386804,1.2618897895710262,2,0
1779581679.7004187,-1.6783775092919135,4.915941250358049,28.804253811449264,18.517376612092168,33.379482562431406,1.3550666502706958,1.3262885681051375,2,0
1779581679.7504175,-1.6414025801301133,4.975050798812835,28.845678512353327,18.54537354266435,33.37088211168466,1.43217139683193,1.2435690232090608,2,0
1779581679.8004174,-1.6066444132189224,5.030452957157442,28.911629483265628,18.591180471906434,33.395484310758555,1.161399220640843,1.3677109314314346,2,0
1779581679.850472,-1.5765229841260753,5.074631599622481,28.967766574609122,18.630242391953967,33.41718433083545,0.9562062573010964,1.3903511695327437,2,0
1779581679.9003823,-1.5485158168319695,5.10962505526533,29.02417310178742,18.672796263111564,33.44620936560707,0.8543985534248936,1.4622491228094794,2,0
1779581679.9503763,-1.518887042875061,5.138920721436974,29.08058110514665,18.71490160442919,33.47588248093193,0.8189442052888484,1.3585205248263372,2,0
1779581680.0004034,-1.4880781392671385,5.165336752487309,29.13430237724353,18.75521456764437,33.50246211144593,0.8065972928854372,1.3985984904070705,2,0
1779581680.0503983,-1.4562090741912785,5.1898413418870515,29.18910572763094,18.79536041867634,33.529769886649404,0.8022975030454849,1.2973163525841436,2,0
1779581680.1004903,-1.4232775553644048,5.212662300835842,29.24108493015917,18.83167704159425,33.55265547095461,0.8008001090360602,1.1065443488430742,2,0
1779581680.1504524,-1.389304712370632,5.233815370497792,29.291260425169263,18.862873931602483,33.57154024498801,0.8002786442894283,1.2668327873682481,2,0
1779581680.2004454,-1.3543294547978173,5.2532358595586075,29.33589524512501,18.88912600524463,33.58314148790983,0.8000970451376564,1.3555416994963396,2,0
1779581680.2506309,-1.3184183061441515,5.270851086283756,29.390606445456935,18.921170791178703,33.606181414143016,0.8000338035625791,1.168139246866383,2,0
1779581680.3003702,-1.2816930227531433,5.286692308993629,29.45316412172906,18.956016253929644,33.637506756644875,0.8000117797988157,1.124293772128574,2,0
1779581680.3505912,-1.2442317829240293,5.300706709331902,29.50111783218637,18.980394305048627,33.65130570530325,0.8000041100630492,1.0421478062608303,2,0
1779581680.4004147,-1.2061006265461263,5.312779046262148,29.550545864705096,19.005319572401323,33.66685268105351,0.8000014390914858,1.106814231643155,2,0
1779581680.4504356,-1.1674246284984755,5.3229649138624815,29.5881542191911,19.024092661566755,33.66937082595044,0.8000005089304857,0.9652859805204916,2,0
1779581680.5003917,-1.1282959316524215,5.331245538459663,29.637882899491075,19.052865273806262,33.68739538805806,0.8000001850036051,1.0294453420761416,2,0
1779581680.5506184,-1.0888010059213016,5.337560952065961,29.675273272210124,19.077395259268965,33.692897070150856,0.8000000721966569,1.2012906972835367,2,0
1779581680.6004746,-1.0490780548294605,5.342244943698244,29.73569280747594,19.118383885771763,33.72660850420573,0.8000000329118417,1.1022554834070117,2,0
1779581680.650414,-1.0078310947850648,5.346434539710079,29.77188859912346,19.144905153490104,33.73112710412938,0.8708235984590429,1.125131863497238,2,0
1779581680.700396,-0.9626861378770829,5.351139497613405,29.82514126387673,19.183830100069923,33.75253539252232,0.9419881773672013,1.059624065061864,2,0
1779581680.7503786,-0.9127699399896876,5.356609813404166,29.86679738694599,19.21219716855508,33.75439328131353,1.1065472987996108,1.0377258765679844,2,0
1779581680.8004,-0.8527742866178496,5.363085212585037,29.910211414493286,19.244337034293654,33.749821353371,1.2997026275147756,1.0179402371976871,2,0
1779581680.8503962,-0.7841618914989822,5.369552521212661,29.948986349959863,19.272631340064045,33.73161723775898,1.45109975127859,0.9783585384346997,2,0
1779581680.9009938,-0.7087554588064733,5.37544013454448,29.988838548076668,19.29874997629206,33.7075782986665,1.5697663665691068,0.9033561084951409,2,0
1779581680.9505007,-0.6445057696914701,5.37920084659611,30.021438022647047,19.320210240006542,33.686078008311135,1.6459430671345892,1.0249782864511823,2,0
1779581681.0004303,-0.5430204787454797,5.383487704312682,30.075415382844945,19.3570495592338,33.656337375353736,1.735682316387595,1.1080895997573026,2,0
1779581681.050585,-0.4548216760832702,5.3869880240092405,30.120933844748446,19.39162436352221,33.63044252863287,1.792825094057629,1.1608272257540755,2,0
1779581681.1003861,-0.3640966225354742,5.390786018170536,30.166016549617023,19.43125014960163,33.60390517976211,1.8376141881026384,1.2323687842953603,2,0
1779581681.150375,-0.27134522435649017,5.393515726645788,30.21212470013233,19.47476093930334,33.57861529867194,1.8727203384713964,1.3136653319614846,2,0
1779581681.200402,-0.17700621503476988,5.3949548361823565,30.261834666108097,19.5211790156663,33.557014821890384,1.9002368984731535,1.4045808259133552,2,0
1779581681.2504916,-0.08144149648854972,5.394240718179385,30.312644199013604,19.56658375519837,33.53588752999493,1.9218046598590364,1.2285772572091838,2,0
