timestamp,lap,ego_x,ego_y,ego_vel,ego_s,ego_d,opp_x,opp_y,opp_vel,opp_s,opp_d,rel_x,rel_y,rel_vel,rel_s,rel_d,imm_trajectory,imm_active
1783881417.5033956,0,-34.553272982345696,49.53687914558547,0.8000000119210066,266.3455462615014,-0.455593351952895,-39.21425630755912,50.38714631889168,1.1270062263056315,271.69019303548595,-0.44121583895224026,-4.660983325213422,0.8502671733062073,0.32700621438462496,5.34464677398455,0.014377513000654762,"[(-34.51551658192256, 49.52864174558302), (-34.53263943068424, 49.52833833555405), (-34.549940310854645, 49.52785680103724), (-34.56741921909162, 49.52719714396494), (-34.58507615203811, 49.52635936628442), (-34.602911106322175, 49.52534346995784), (-34.62092407855696, 49.524149456962306), (-34.63911506534073, 49.52277732928984), (-34.65748406325686, 49.52122708894736), (-34.676031068873804, 49.519498737956745), (-34.694756078745144, 49.517592278354755), (-34.71365908940955, 49.51550771219308), (-34.73274009739082, 49.513245041538326), (-34.75199909919783, 49.510804268472036), (-34.77143609132459, 49.50818539509064), (-34.791051070250205, 49.50538842350551), (-34.810844032438894, 49.50241335584291), (-34.830814974339965, 49.49926019424404), (-34.85096389238786, 49.49592894086501), (-34.871290783002124, 49.49241959787684), (-34.891795642587404, 49.48873216746547), (-34.912478467533454, 49.48486665183176), (-34.93333925421514, 49.48082305319147), (-34.95437799899246, 49.47660137377529), (-34.9755946982105, 49.472201615828816), (-34.99698934819947, 49.467623781612545), (-35.01856194527468, 49.46286787340191), (-35.04031248573657, 49.45793389348725), (-35.06224096587068, 49.452821844173805), (-35.08434738194766, 49.44753172778174), (-35.1066317302233, 49.44206354664611), (-35.12909400693847, 49.43641730311692), (-35.15173420831919, 49.43059299955905), (-35.17455233057657, 49.42459063835231), (-35.19754836990685, 49.41841022189141), (-35.220722322491376, 49.412051752585974), (-35.24407418449662, 49.40551523286054), (-35.26760395207417, 49.39880066515454), (-35.29131162136073, 49.391908051922336), (-35.315197188478116, 49.38483739563318), (-35.33926064953329, 49.377588698771234), (-35.3635020006183, 49.370161963835585), (-35.38792123781033, 49.36255719334021), (-35.41251835717169, 49.354774389814), (-35.4372933547498, 49.34681355580074)]",True
1783881417.5462456,0,23.722535814379565,11.491415895718017,0.08117288011659016,266.3455462615014,-0.455593351952895,21.361022195261533,7.140922195261534,0.06340073570992702,271.69019303548595,-0.44121583895224026,-2.361513619118032,-4.350493700456483,-0.017772144406663137,5.34464677398455,0.014377513000654762,"[(-34.55554178130101, 49.53431293616155), (-34.573057283242164, 49.53404868819743), (-34.59075069916671, 49.53360643087308), (-34.608622025704925, 49.5329861661145), (-34.62667125947222, 49.53218789586256), (-34.644898397069134, 49.531211622073045), (-34.66330343508135, 49.5300573467166), (-34.6818863700797, 49.52872507177877), (-34.70064719862013, 49.52721479925999), (-34.71958591724375, 49.52552653117556), (-34.73870252247678, 49.52366026955569), (-34.75799701083061, 49.521616016445456), (-34.77746937880174, 49.51939377390484), (-34.79711962287185, 49.51699354400868), (-34.81694773950771, 49.514415328846724), (-34.836953725161266, 49.51165913052359), (-34.857137576269594, 49.50872495115878), (-34.877499289254914, 49.505612792886694), (-34.89803886052459, 49.50232265785659), (-34.91875628647113, 49.498854548232615), (-34.939651563472175, 49.495208466193816), (-34.960724687890526, 49.4913844139341), (-34.98197565607412, 49.48738239366227), (-35.00340446435604, 49.48320240760201), (-35.0250111090545, 49.47884445799186), (-35.04679558647289, 49.47430854708528), (-35.06875789289971, 49.469594677150575), (-35.09089802460864, 49.46470285047095), (-35.113215977858495, 49.45963306934448), (-35.13571174889323, 49.454385336084115), (-35.15838533394195, 49.44895965301771), (-35.18123672921892, 49.44335602248796), (-35.20426593092353, 49.437574446852466), (-35.22747293524035, 49.4316149284837), (-35.250857738339086, 49.42547746976899), (-35.27442033637459, 49.41916207311058), (-35.298160725486866, 49.41266874092555), (-35.32207890180106, 49.405997475645876), (-35.34617486142751, 49.39914827971842), (-35.37044860046165, 49.392121155604904), (-35.39490011498411, 49.38491610578193), (-35.41952940106066, 49.37753313274098), (-35.44433645474221, 49.36997223898839), (-35.46932127206485, 49.36223342704538), (-35.49448384904981, 49.35431669944807)]",True
1783881417.5853066,0,23.722543070552852,11.507946410605108,0.44292492023533053,266.3455462615014,-0.455593351952895,21.372127417998914,7.152045270894264,0.36871346344623296,271.69019303548595,-0.44121583895224026,-2.350415652553938,-4.355901139710844,-0.07421145678909757,5.34464677398455,0.014377513000654762,"[(24.325240402726, 10.920378079985696), (24.82663392472651, 10.418984557985183), (25.320898619685526, 9.92471986302617), (25.80803081861026, 9.43758766410144), (26.288026907283772, 8.957591575427927), (26.760883326291776, 8.484735156419923), (27.226596571048972, 8.019021911662724), (27.685163191825012, 7.560455290886684), (28.136579793770004, 7.109038688941696), (28.58084303693961, 6.664775445772089), (29.017949636319738, 6.2276688463919605), (29.447896361850788, 5.797722120860911), (29.870680038451486, 5.374938444260215), (30.28629754604229, 4.95932093666941), (30.694745819568393, 4.550872663143309), (31.096021849022275, 4.149596633689429), (31.490122679465856, 3.7554958032458505), (31.877045411052208, 3.3685730716594993), (32.25678719904687, 2.9888312836648416), (32.6293452538487, 2.6162732288630153), (32.99471684101034, 2.2509016417013754), (33.352899281258246, 1.892719201453466), (33.7038899505123, 1.541728532199416), (34.04768627990496, 1.197932202806759), (34.38428575580004, 0.8613327269116744), (34.71368591981106, 0.5319325629006564), (35.03588436881912, 0.2097341138926037), (35.35087875499038, -0.10526027227866427), (35.65866678579319, -0.4130483030814684), (35.95924622401463, -0.7136277413029048), (36.25261488777678, -1.006996405065057), (36.53877065055251, -1.2931521678407807), (36.81771144118079, -1.572092958469067), (37.0894352438817, -1.843816761169978), (37.35394009827088, -2.1083216155591584), (37.61122409937365, -2.365605616661921), (37.86128539763864, -2.6156669149269094), (38.10412219895106, -2.858503716239332), (38.3397327646455, -3.094114281933774), (38.5681154115183, -3.3224969288065784), (38.78926851183953, -3.543650029127809), (39.0031904933645, -3.757572010652781), (39.209879839344886, -3.9642613566331697), (39.40933508853941, -4.16371660582769), (39.60155483522407, -4.355936352512354)]",True
1783881417.6399267,0,23.722825909653317,11.54429231140536,0.753939286463888,266.3455462615014,-0.455593351952895,21.392097217356937,7.171820317725923,0.5591345057529077,271.69019303548595,-0.44121583895224026,-2.330728692296379,-4.372471993679437,-0.19480478071098029,5.34464677398455,0.014377513000654762,"[(24.08922937001642, 11.111827067639542), (24.421249436755055, 10.75860438385281), (24.75009047005309, 10.408562555312168), (25.075747960949027, 10.061706402483996), (25.39821744774723, 9.718040698505513), (25.717494516078716, 9.377570169119462), (26.033574798961194, 9.040299492609476), (26.346453976858417, 8.706233299736166), (26.656127777738813, 8.375376173673908), (26.962591977133446, 8.047732649948331), (27.265842398193243, 7.723307216374523), (27.56587491174552, 7.402104312995931), (27.862685436349818, 7.084128332023986), (28.156269938353002, 6.769383617778421), (28.446624431943683, 6.457874466628311), (28.73374497920591, 6.149605126933819), (29.01762769017215, 5.844579798988654), (29.298268722875598, 5.542802634963242), (29.5756642834017, 5.244277738848608), (29.849810625939043, 4.949009166400982), (30.120704052829485, 4.657000925087104), (30.388340914617586, 4.368256974030256), (30.652717610099334, 4.08278122395701), (30.91383058637013, 3.8005775371446857), (31.171676338872082, 3.5216497273695317), (31.42625141144059, 3.2460015598556256), (31.677552396350183, 2.973636751224489), (31.925575934359664, 2.7045589694454244), (32.17031871475653, 2.4387718337865745), (32.41177747540069, 2.176278914766698), (32.64994900276742, 1.9170837341076703), (32.884830131989666, 1.6611897646877072), (33.116417746899536, 1.408600430495308), (33.34470878006918, 1.159319106583925), (33.56970021285088, 0.9133491190273566), (33.791389075416404, 0.6706937448758634), (34.009772446795694, 0.43135621211301134), (34.22484745491482, 0.19533969961324038), (34.43661127663315, -0.03735266289984121), (34.64506113777989, -0.26671779489443526), (34.85019431318983, -0.4927526650708046), (35.05200812673839, -0.7154542914007963), (35.25049995137595, -0.9348197411666362), (35.44566720916143, -1.150846130998995), (35.63750737129518, -1.3635306269143241)]",True
1783881417.6920347,0,23.72308306301911,11.568817974242245,0.8785001810240933,266.3455462615014,-0.455593351952895,21.405282193212578,7.183989489723808,0.6353979133260985,271.69019303548595,-0.44121583895224026,-2.3178008698065327,-4.3848284845184375,-0.2431022676979948,5.34464677398455,0.014377513000654762,"[(23.937175523728758, 11.275374977230504), (24.132639050765, 11.066805589029402), (24.32772806153481, 10.858610811141242), (24.52244251787235, 10.650790684628955), (24.71678238169513, 10.443345250472069), (24.910747615004, 10.236274549566705), (25.104338179883168, 10.02957862272557), (25.297554038500213, 9.823257510677943), (25.490395153106068, 9.617311254069671), (25.68286148603505, 9.411739893463166), (25.874952999704867, 9.206543469337388), (26.066669656616604, 9.001722022087847), (26.25801141935475, 8.797275592026585), (26.448978250587206, 8.593204219382173), (26.639570113065275, 8.389507944299705), (26.829786969623687, 8.186186806840787), (27.019628783180597, 7.983240846983533), (27.20909551673759, 7.780670104622552), (27.398187133379697, 7.5784746195689445), (27.58690359627539, 7.376654431550294), (27.775244868676605, 7.175209580210658), (27.963210913918736, 6.974140105110561), (28.150801695420647, 6.773446045726989), (28.338017176684673, 6.573127441453378), (28.524857321296636, 6.373184331599608), (28.71132209292585, 6.173616755391998), (28.897411455325127, 5.9744247519732925), (29.08312537233077, 5.775608360402662), (29.268463807862606, 5.577167619655688), (29.453426725923975, 5.37910256862436), (29.638014090601743, 5.1814132461170646), (29.8222258660663, 4.984099690858582), (30.006062016571587, 4.787161941490079), (30.18952250645508, 4.590600036569093), (30.37260730013781, 4.394414014569535), (30.55531636212436, 4.198603913881678), (30.737649657002887, 4.003169772812147), (30.919607149445113, 3.808111629583917), (31.101188804206345, 3.6134295223363), (31.28239458612547, 3.419123489124943), (31.46322446012497, 3.2251935679218176), (31.64367839121092, 3.031639796615212), (31.823756344473008, 2.838462213009727), (32.00345828508453, 2.6456608548262657), (32.18278417830239, 2.4532357597020273)]",True
1783881417.73706,0,23.72341887140729,11.596820244823721,0.9861239698322041,266.3455462615014,-0.455593351952895,21.425992437466746,7.201593744813979,0.7212010341068316,271.69019303548595,-0.44121583895224026,-2.2974264339405437,-4.395226500009742,-0.2649229357253725,5.34464677398455,0.014377513000654762,"[(23.86384116772225, 11.354138658714927), (23.99288994794313, 11.209493071475624), (24.121814706776888, 11.064971545897656), (24.25061544128109, 10.920574085354662), (24.379292148516754, 10.776300693216832), (24.50784482554834, 10.63215137285091), (24.63627346944376, 10.488126127620186), (24.764578077274365, 10.344224960884503), (24.892758646114952, 10.20044787600026), (25.020815173043765, 10.0567948763204), (25.148747655142497, 9.913265965194418), (25.27655608949628, 9.769861145968365), (25.404240473193703, 9.626580421984837), (25.531800803326785, 9.483423796582985), (25.659237076991005, 9.340391273098508), (25.78654929128528, 9.197482854863654), (25.913737443311977, 9.054698545207227), (26.040801530176907, 8.912038347454576), (26.167741548989326, 8.7695022649276), (26.29455749686194, 8.627090300944754), (26.421249370910903, 8.48480245882104), (26.547817168255808, 8.342638741868008), (26.6742608860197, 8.200599153393757), (26.80058052132907, 8.058683696702943), (26.926776071313856, 7.916892375096764), (27.052847533107443, 7.775225191872974), (27.178794903846654, 7.633682150325873), (27.304618180671778, 7.4922632537463105), (27.430317360726526, 7.350968505421688), (27.555892441158075, 7.209797908635954), (27.681343419117045, 7.068751466669608), (27.8066702917575, 6.927829182799698), (27.93187305623695, 6.787031060299823), (28.056951709716355, 6.646357102440127), (28.18190624936012, 6.505807312487308), (28.306736672336108, 6.36538169370461), (28.43144297581561, 6.225080249351827), (28.556025156973377, 6.084902982685302), (28.680483212987607, 5.944849896957925), (28.80481714103994, 5.80492099541914), (28.929026938315474, 5.6651162813149325), (29.05311260200274, 5.525435757887841), (29.17707412929373, 5.385879428376953), (29.300911517383874, 5.246447296017901), (29.424624763472057, 5.10713936404287)]",True
1783881417.8006008,0,23.72364158531804,11.627828010944755,1.0791136674279802,266.3455462615014,-0.455593351952895,21.44370348100628,7.215413407593404,0.7754275260067931,271.69019303548595,-0.44121583895224026,-2.279938104311757,-4.412414603351351,-0.3036861414211871,5.34464677398455,0.014377513000654762,"[(23.8212287379329, 11.413237511669365), (23.911171445628504, 11.307296422017329), (24.001008008627483, 11.201461512026928), (24.090738425575005, 11.095732783374883), (24.180362695118372, 10.990110237735772), (24.269880815907033, 10.884593876782025), (24.359292786592583, 10.77918370218393), (24.448598605828757, 10.673879715609628), (24.53779827227143, 10.568681918725115), (24.626891784578625, 10.463590313194247), (24.715879141410497, 10.35860490067873), (24.804760341429358, 10.253725682838128), (24.89353538329965, 10.148952661329863), (24.98220426568797, 10.044285837809204), (25.070766987263042, 9.939725213929282), (25.159223546695745, 9.835270791341085), (25.247573942659095, 9.73092257169345), (25.335818173828255, 9.62668055663307), (25.42395623888053, 9.5225447478045), (25.511988136495358, 9.418515146850142), (25.599913865354335, 9.314591755410257), (25.68773342414119, 9.210774575122961), (25.775446811541794, 9.107063607624225), (25.863054026244168, 9.003458854547873), (25.950555066938467, 8.899960317525586), (26.037949932316998, 8.796567998186902), (26.125238621074203, 8.693281898159206), (26.21242113190667, 8.590102019067748), (26.29949746351313, 8.487028362535627), (26.38646761459446, 8.384060930183797), (26.47333158385367, 8.281199723631069), (26.560089369995925, 8.178444744494108), (26.646740971728526, 8.075795994387434), (26.733286387760916, 7.97325347492342), (26.819725616804686, 7.870817187712297), (26.906058657573567, 7.768487134362148), (26.99228550878343, 7.666263316478913), (27.07840616915229, 7.564145735666385), (27.164420637400315, 7.462134393526211), (27.250328912249806, 7.3602292916578955), (27.336130992425208, 7.258430431658794), (27.42182687665311, 7.156737815124119), (27.507416563662247, 7.055151443646938), (27.59290005218349, 6.953671318818172), (27.67827734094986, 6.852297442226596)]",True
1783881417.8427713,0,23.723629718828967,11.661432640145874,1.1594591370933465,266.3455462615014,-0.455593351952895,21.463430379846933,7.229041673650232,0.8222805976120665,271.69019303548595,-0.44121583895224026,-2.2601993389820336,-4.432390966495642,-0.33717853948127996,5.34464677398455,0.014377513000654762,"[(23.80667697371935, 11.442950524649481), (23.883168578721655, 11.351462873849837), (23.95955756590366, 11.260077871954087), (24.035843934269987, 11.16879552023458), (24.11202768282717, 11.077615819961766), (24.188108810583625, 10.98653877240419), (24.26408731654968, 10.895564378828496), (24.33996319973756, 10.804692640499427), (24.415736459161394, 10.713923558679822), (24.4914070938372, 10.62325713463062), (24.56697510278291, 10.532693369610858), (24.642440485018344, 10.442232264877667), (24.71780323956523, 10.351873821686281), (24.7930633654472, 10.261618041290031), (24.868220861689778, 10.171464924940343), (24.94327572732039, 10.081414473886745), (25.018227961368364, 9.991466689376859), (25.09307756286493, 9.901621572656406), (25.16782453084322, 9.811879124969206), (25.242468864338257, 9.722239347557174), (25.317010562386972, 9.632702241660327), (25.391449624028198, 9.543267808516777), (25.465786048302665, 9.453936049362733), (25.540019834253002, 9.364706965432505), (25.61415098092374, 9.275580557958499), (25.688179487361314, 9.186556828171216), (25.762105352614054, 9.09763577729926), (25.83592857573219, 9.008817406569328), (25.90964915576786, 8.920101717206219), (25.983267091775094, 8.831488710432826), (26.05678238280983, 8.74297838747014), (26.130195027929897, 8.654570749537251), (26.20350502619504, 8.566265797851349), (26.276712376666886, 8.478063533627715), (26.349817078408975, 8.389963958079733), (26.422819130486744, 8.301967072418881), (26.49571853196753, 8.21407287785474), (26.568515281920572, 8.126281375594983), (26.641209379417006, 8.038592566845383), (26.713800823529876, 7.95100645280981), (26.78628961333412, 7.863523034690231), (26.858675747906577, 7.776142313686711), (26.930959226325992, 7.688864290997414), (27.003140047673003, 7.601688967818599), (27.07521821103016, 7.514616345344623)]",True
1783881417.887569,0,23.723589712075,11.673148540043005,1.1837353530839332,266.3455462615014,-0.455593351952895,21.470444977332146,7.233466291476168,0.8364371554223489,271.69019303548595,-0.44121583895224026,-2.253144734742854,-4.439682248566838,-0.3472981976615843,5.34464677398455,0.014377513000654762,"[(23.79493873095598, 11.463664533307636), (23.86060656279386, 11.383574817318465), (23.9261748079517, 11.30358471650602), (23.991643465692807, 11.223694231853678), (24.057012535282176, 11.143903364343107), (24.122282015986517, 11.064212114954266), (24.18745190707424, 10.984620484665406), (24.252522207815467, 10.90512847445307), (24.317492917482028, 10.82573608529209), (24.382364035347457, 10.746443318155594), (24.447135560687, 10.667250174014995), (24.5118074927776, 10.588156653840004), (24.57637983089792, 10.50916275859862), (24.640852574328317, 10.430268489257138), (24.705225722350868, 10.351473846780138), (24.76949927424934, 10.272778832130495), (24.83367322930923, 10.194183446269376), (24.897747586817722, 10.11568769015624), (24.961722346063713, 10.03729156474883), (25.02559750633781, 9.958995071003194), (25.08937306693233, 9.88079820987366), (25.153049027141282, 9.802700982312853), (25.216625386260404, 9.724703389271687), (25.280102143587122, 9.646805431699368), (25.34347929842058, 9.569007110543394), (25.406756850061623, 9.491308426749553), (25.469934797812808, 9.413709381261928), (25.533013140978397, 9.336209975022888), (25.595991878864357, 9.258810208973099), (25.658871010778366, 9.181510084051514), (25.721650536029806, 9.104309601195379), (25.784330453929766, 9.027208761340232), (25.846910763791044, 8.950207565419902), (25.909391464928145, 8.87330601436651), (25.971772556657278, 8.796504109110463), (26.034054038296365, 8.719801850580469), (26.09623590916503, 8.643199239703518), (26.158318168584607, 8.566696277404896), (26.220300815878133, 8.49029296460818), (26.282183850370355, 8.413989302235239), (26.34396727138773, 8.33778529120623), (26.405651078258416, 8.261680932439605), (26.467235270312287, 8.185676226852104), (26.528719846880914, 8.10977117535876), (26.590104807297582, 8.033965778872899)]",True
1783881417.9356484,0,23.723491369687206,11.697279970712895,1.2288796714390948,266.3455462615014,-0.455593351952895,21.48500380425139,7.242232883242792,0.8627628460838771,271.69019303548595,-0.44121583895224026,-2.2384875654358147,-4.455047087470103,-0.3661168253552177,5.34464677398455,0.014377513000654762,"[(23.77719529836689, 11.519119451018534), (23.826261121311724, 11.458520638409473), (23.87523136361151, 11.398017427716516), (23.924106024859995, 11.337609819522877), (23.972885104652402, 11.277297814410295), (24.02156860258542, 11.21708141295904), (24.070156518257203, 11.156960615747913), (24.118648851267377, 11.096935423354248), (24.167045601217037, 11.037005836353906), (24.21534676770874, 10.977171855321279), (24.263552350346526, 10.91743348082929), (24.311662348735886, 10.85779071344939), (24.359676762483794, 10.798243553751563), (24.407595591198685, 10.738792002304324), (24.455418834490462, 10.679436059674714), (24.503146491970504, 10.62017572642831), (24.55077856325165, 10.561011003129213), (24.598315047948216, 10.50194189034006), (24.64575594567598, 10.442968388622015), (24.69310125605219, 10.384090498534773), (24.740350978695567, 10.325308220636563), (24.7875051132263, 10.266621555484138), (24.83456365926604, 10.20803050363278), (24.88152661643791, 10.149535065636313), (24.928393984366505, 10.091135242047079), (24.975165762677886, 10.032831033415956), (25.021841950999587, 9.97462244029235), (25.0684225489606, 9.9165094632242), (25.114907556191397, 9.858492102757975), (25.161296972323914, 9.800570359438671), (25.207590796991553, 9.742744233809816), (25.253789029829193, 9.685013726413468), (25.299891670473173, 9.627378837790218), (25.345898718561305, 9.569839568479182), (25.391810173732868, 9.512395919018012), (25.43762603562861, 9.455047889942888), (25.48334630389075, 9.397795481788517), (25.528970978162977, 9.34063869508814), (25.574500058090443, 9.283577530373528), (25.619933543319767, 9.226611988174978), (25.665271433499047, 9.169742069021325), (25.71051372827784, 9.112967773439927), (25.755660427307173, 9.056289101956676), (25.80071153023955, 8.999706055095993), (25.845667036728933, 8.94321863338083)]",True
1783881417.992021,0,23.723282494435608,11.735064953801373,1.288860783117462,266.3455462615014,-0.455593351952895,21.508207310908915,7.254859694241342,0.8977405409325743,271.69019303548595,-0.44121583895224026,-2.215075183526693,-4.480205259560031,-0.39112024218488783,5.34464677398455,0.014377513000654762,"[(23.759026891653935, 11.582197901869188), (23.791122235044803, 11.54148156009872), (23.82312638718104, 11.500856424233248), (23.855039347934156, 11.460322494517724), (23.886861117176885, 11.419879771195866), (23.918591694783196, 11.379528254510156), (23.950231080628292, 11.339267944701847), (23.981779274588607, 11.299098842010956), (24.013236276541814, 11.259020946676266), (24.044602086366808, 11.219034258935329), (24.075876703943724, 11.179138779024461), (24.10706012915393, 11.139334507178747), (24.13815236188002, 11.099621443632039), (24.169153402005833, 11.05999958861695), (24.200063249416424, 11.020468942364868), (24.230881903998096, 10.98102950510594), (24.26160936563838, 10.941681277069087), (24.292245634226038, 10.902424258481991), (24.322790709651066, 10.863258449571102), (24.35324459180469, 10.824183850561639), (24.383607280579373, 10.785200461677581), (24.41387877586881, 10.746308283141683), (24.444059077567925, 10.70750731517546), (24.47414818557288, 10.668797557999197), (24.50414609978106, 10.630179011831943), (24.534052820091095, 10.591651676891516), (24.563868346402842, 10.553215553394498), (24.59359267861739, 10.514870641556241), (24.623225816637067, 10.47661694159086), (24.65276776036542, 10.43845445371124), (24.682218509707244, 10.40038317812903), (24.711578064568556, 10.362403115054647), (24.74084642485661, 10.324514264697276), (24.770023590479898, 10.286716627264866), (24.799109561348132, 10.249010202964133), (24.828104337372267, 10.21139499200056), (24.857007918464486, 10.1738709945784), (24.88582030453821, 10.136438210900668), (24.914541495508086, 10.099096641169147), (24.943171491289995, 10.061846285584389), (24.971710291801056, 10.02468714434571), (25.000157896959617, 9.987619217651194), (25.02851430668526, 9.950642505697688), (25.056779520898793, 9.913757008680811), (25.084953539522264, 9.876962726794947)]",True
1783881418.0428252,0,23.72287125027402,11.788008513667192,1.3563448719311224,266.3455462615014,-0.455593351952895,21.54106844698519,7.271244921012938,0.9370935605685525,271.69019303548595,-0.44121583895224026,-2.181802803288832,-4.516763592654254,-0.4192513113625699,5.34464677398455,0.014377513000654762,"[(23.746157439826092, 11.654928231829485), (23.766538437410453, 11.629380422102376), (23.786830625952334, 11.603921429763838), (23.807034005479245, 11.57855125485103), (23.82714857601981, 11.553269897399991), (23.84717433760376, 11.528077357445651), (23.86711129026195, 11.502973635021826), (23.886959434026334, 11.477958730161223), (23.906718768929984, 11.453032642895433), (23.92638929500708, 11.428195373254937), (23.94597101229292, 11.403446921269104), (23.965463920823904, 11.37878728696619), (23.984868020637553, 11.354216470373341), (24.0041833117725, 11.329734471516588), (24.023409794268485, 11.30534129042085), (24.042547468166358, 11.281036927109936), (24.06159633350809, 11.256821381606539), (24.080556390336753, 11.232694653932246), (24.099427638696536, 11.208656744107525), (24.118210078632746, 11.18470765215174), (24.136903710191792, 11.160847378083133), (24.155508533421195, 11.137075921918843), (24.17402454836959, 11.113393283674892), (24.192451755086733, 11.089799463366191), (24.210790153623478, 11.066294461006537), (24.229039744031795, 11.042878276608619), (24.247200526364768, 11.01955091018401), (24.265272500676595, 10.996312361743176), (24.283255667022576, 10.973162631295462), (24.301150025459137, 10.95010171884911), (24.318955576043802, 10.927129624411245), (24.336672318835216, 10.904246347987883), (24.354300253893136, 10.881451889583923), (24.371839381278424, 10.858746249203156), (24.389289701053055, 10.83612942684826), (24.40665121328012, 10.8136014225208), (24.42392391802382, 10.791162236221233), (24.441107815349465, 10.768811867948898), (24.458202905323482, 10.746550317702026), (24.4752091880134, 10.724377585477734), (24.492126663487877, 10.70229367127203), (24.508955331816665, 10.680298575079803), (24.525695193070636, 10.65839229689484), (24.54234624732177, 10.636574836709809), (24.558908494643166, 10.614846194516264)]",True
1783881418.0888247,0,23.722609464891296,11.81542889421155,1.3854642955975536,266.3455462615014,-0.455593351952895,21.558655094361576,7.279528056942027,1.0060642447720634,271.69019303548595,-0.44121583895224026,-2.1639543705297193,-4.535900837269523,-0.3794000508254902,5.34464677398455,0.014377513000654762,"[(23.7395042312437, 11.70050383706913), (23.753965122760405, 11.682763829963852), (23.768338498028033, 11.665111344255113), (23.7826243571439, 11.647546379884913), (23.796822700206377, 11.630068936794201), (23.810933527314887, 11.612679014922874), (23.824956838569896, 11.595376614209783), (23.838892634072927, 11.578161734592728), (23.85274091392655, 11.561034376008456), (23.866501678234375, 11.54399453839267), (23.880174927101077, 11.52704222168002), (23.89376066063237, 11.510177425804105), (23.907258878935025, 11.49340015069748), (23.92066958211685, 11.476710396291644), (23.93399277028672, 11.460108162517049), (23.947228443554547, 11.443593449303096), (23.960376602031292, 11.42716625657814), (23.973437245828976, 11.410826584269483), (23.986410375060654, 11.394574432303376), (23.99929598984044, 11.378409800605024), (24.012094090283504, 11.362332689098581), (24.024804676506054, 11.346343097707154), (24.037427748625348, 11.330441026352794), (24.049963306759697, 11.314626474956508), (24.062411351028462, 11.298899443438252), (24.074771881552056, 11.283259931716929), (24.087044898451936, 11.267707939710396), (24.099230401850612, 11.252243467335461), (24.111328391871638, 11.236866514507879), (24.123338868639625, 11.22157708114236), (24.13526183228023, 11.20637516715256), (24.14709728292015, 11.191260772451086), (24.15884522068715, 11.1762338969495), (24.170505645710037, 11.161294540558307), (24.182078558118658, 11.14644270318697), (24.193563958043917, 11.131678384743896), (24.20496184561777, 11.117001585136448), (24.216272220973217, 11.102412304270935), (24.22749508424431, 11.087910542052619), (24.238630435566154, 11.07349629838571), (24.249678275074896, 11.05916957317337), (24.260638602907733, 11.044930366317713), (24.27151141920292, 11.030778677719802), (24.28229672409975, 11.01671450727965), (24.292994517738578, 11.00273785489622)]",True
1783881418.1422555,0,23.72216175464053,11.852835870736294,1.1215691600278226,266.3455462615014,-0.455593351952895,21.587445274972627,7.292519937503402,1.0977023171247762,271.69019303548595,-0.44121583895224026,-2.1347164796679046,-4.560315933232892,-0.023866842903046415,5.34464677398455,0.014377513000654762,"[(23.725702610596592, 11.796630058586317), (23.72808903973553, 11.793369706559949), (23.730390716383827, 11.79019410831103), (23.73260764076157, 11.787103263629007), (23.73473981308977, 11.784097172302396), (23.73678723359036, 11.781175834118791), (23.738749902486195, 11.778339248864864), (23.740627820001055, 11.775587416326362), (23.74242098635965, 11.772920336288106), (23.744129401787607, 11.770338008534), (23.745753066511472, 11.767840432847018), (23.747291980758725, 11.76542760900921), (23.748746144757767, 11.763099536801708), (23.750115558737917, 11.760856216004713), (23.751400222929423, 11.758697646397508), (23.75260013756346, 11.75662382775845), (23.753715302872116, 11.75463475986497), (23.754745719088415, 11.752730442493581), (23.75569138644629, 11.750910875419867), (23.756552305180612, 11.749176058418492), (23.75732847552717, 11.74752599126319), (23.75801989772268, 11.74596067372678), (23.758626572004772, 11.744480105581152), (23.759148498612007, 11.743084286597274), (23.75958567778387, 11.741773216545187), (23.75993810976077, 11.740546895194013), (23.760205794784035, 11.73940532231195), (23.76038873309592, 11.738348497666268), (23.760486924939606, 11.737376421023315), (23.760500370559193, 11.736489092148519), (23.760429070199706, 11.73568651080638), (23.76027302410709, 11.734968676760476), (23.76003223252822, 11.734335589773462), (23.759706695710896, 11.733787249607067), (23.759296413903837, 11.7333236560221), (23.758801387356684, 11.732944808778441), (23.758221616320004, 11.732650707635054), (23.75755710104529, 11.732441352349973), (23.756807841784955, 11.73231674268031), (23.755973838792336, 11.732276878382253), (23.755055092321694, 11.732321759211072), (23.754051602628213, 11.732451384921104), (23.752963369968004, 11.732665755265767), (23.751790394598096, 11.732964869997557), (23.75053267677645, 11.733348728868046)]",True
1783881418.1850238,0,23.721505287202856,11.874091512951242,1.010877354452641,266.3455462615014,-0.455593351952895,21.608067228170142,7.301522147413123,1.1517622453798857,271.69019303548595,-0.44121583895224026,-2.1134380590327133,-4.572569365538119,0.14088489092724465,5.34464677398455,0.014377513000654762,"[(23.719558221078092, 11.854703369736368), (23.71684225380798, 11.85758569368088), (23.714042552344374, 11.860551751580092), (23.71115911695291, 11.863601543166622), (23.708191947900097, 11.86673506817221), (23.70514104545333, 11.869952326327716), (23.70200640988088, 11.873253317363124), (23.698788041451895, 11.876638041007533), (23.695485940436402, 11.88010649698917), (23.69210010710531, 11.883658685035376), (23.688630541730415, 11.887294604872618), (23.685077244584377, 11.89101425622648), (23.68144021594074, 11.894817638821669), (23.67771945607393, 11.898704752382013), (23.673914965259254, 11.902675596630461), (23.670026743772894, 11.906730171289082), (23.666054791891913, 11.910868476079067), (23.661999109894253, 11.915090510720724), (23.657859698058733, 11.919396274933487), (23.653636556665052, 11.923785768435907), (23.64932968599379, 11.928258990945661), (23.64493908632641, 11.932815942179541), (23.640464757945242, 11.937456621853464), (23.635906701133504, 11.942181029682466), (23.63126491617529, 11.946989165380703), (23.626539403355576, 11.951881028661454), (23.62173016296022, 11.95685661923712), (23.61683719527595, 11.961915936819219), (23.611860500590375, 11.967058981118393), (23.60680007919199, 11.972285751844403), (23.601655931370164, 11.977596248706133), (23.596428057415142, 11.982990471411588), (23.591116457618057, 11.98846841966789), (23.585721132270912, 11.994030093181287), (23.580242081666594, 11.999675491657147), (23.57467930609887, 12.005404614799955), (23.569032805862378, 12.011217462313322), (23.56330258125265, 12.017114033899977), (23.55748863256608, 12.02309432926177), (23.551590960099954, 12.029158348099674), (23.54560956415243, 12.035306090113783), (23.539544445022543, 12.041537555003309), (23.533395603010216, 12.047852742466587), (23.527163038416244, 12.054251652201074), (23.5208467515423, 12.060734283903347)]",True
1783881418.264935,0,23.721031586257517,11.883988355847075,0.9707684839031094,266.3455462615014,-0.455593351952895,21.618735768764548,7.306185466102504,1.1768799481179755,271.69019303548595,-0.44121583895224026,-2.102295817492969,-4.577802889744571,0.20611146421486604,5.34464677398455,0.014377513000654762,"[(23.715337700599637, 11.889294568212401), (23.709766434416252, 11.895182371744712), (23.704111958817535, 11.901153384244074), (23.698374274093368, 11.907207605417339), (23.692553380534495, 11.913345034970503), (23.68664927843252, 11.919565672608702), (23.680661968079896, 11.925869518036219), (23.67459144976994, 11.93225657095648), (23.668437723796828, 11.938726831072051), (23.662200790455582, 11.945280298084645), (23.65588065004209, 11.951916971695118), (23.649477302853093, 11.958636851603465), (23.642990749186186, 11.96543993750883), (23.636420989339822, 11.972326229109498), (23.629768023613316, 11.9792957261029), (23.62303185230683, 11.986348428185604), (23.616212475721394, 11.993484335053328), (23.609309894158883, 12.00070344640093), (23.60232410792204, 12.008005761922412), (23.595255117314455, 12.015391281310922), (23.588102922640577, 12.022860004258746), (23.58086752420572, 12.030411930457317), (23.57354892231604, 12.038047059597213), (23.56614711727856, 12.045765391368153), (23.55866210940116, 12.053566925458998), (23.551093898992566, 12.061451661557756), (23.543442486362373, 12.069419599351576), (23.535707871821028, 12.077470738526754), (23.52789005567983, 12.085605078768724), (23.51998903825094, 12.093822619762067), (23.512004819847377, 12.102123361190507), (23.50393740078301, 12.110507302736911), (23.495786781372566, 12.11897444408329), (23.487552961931634, 12.127524784910799), (23.479235942776654, 12.136158324899734), (23.470835724224926, 12.144875063729538), (23.462352306594607, 12.153675001078796), (23.453785690204704, 12.162558136625234), (23.445135875375087, 12.171524470045727), (23.43640286242648, 12.180574001016288), (23.42758665168046, 12.189706729212078), (23.41868724345947, 12.198922654307399), (23.4097046380868, 12.208221775975696), (23.400638835886607, 12.217604093889562), (23.39148983718389, 12.227069607720727)]",True
1783881418.2864106,0,23.720467301314393,11.893516902079902,0.9382883205320987,266.3455462615014,-0.455593351952895,21.629614132414893,7.31098082448263,1.200803304090869,271.69019303548595,-0.44121583895224026,-2.0908531688995,-4.582536077597272,0.26251498355877034,5.34464677398455,0.014377513000654762,"[(23.7138931239909, 11.899724219667403), (23.707507956980727, 11.906406064792534), (23.70103971994966, 11.913170979519931), (23.694488413194396, 11.920018963549854), (23.68785403701249, 11.92695001658171), (23.68113659170234, 11.93396413831406), (23.674336077563204, 11.94106132844461), (23.66745249489518, 11.948241586670218), (23.660485843999222, 11.955504912686887), (23.653436125177137, 11.962851306189778), (23.646303338731578, 11.970280766873193), (23.639087484966048, 11.977793294430587), (23.631788564184905, 11.985388888554564), (23.624406576693357, 11.993067548936875), (23.616941522797465, 12.000829275268424), (23.609393402804134, 12.008674067239264), (23.601762217021125, 12.016601924538595), (23.594047965757046, 12.024612846854769), (23.586250649321354, 12.032706833875283), (23.578370268024365, 12.040883885286787), (23.57040682217724, 12.049144000775081), (23.56236031209199, 12.057487180025115), (23.554230738081475, 12.065913422720982), (23.546018100459413, 12.074422728545931), (23.537722399540364, 12.08301509718236), (23.529343635639744, 12.091690528311814), (23.520881809073817, 12.100449021614986), (23.5123369201597, 12.109290576771723), (23.50370896921536, 12.118215193461017), (23.494997956559615, 12.127222871361012), (23.486203882512132, 12.136313610149001), (23.477326747393427, 12.145487409501426), (23.46836655152487, 12.15474426909388), (23.459323295228675, 12.164084188601104), (23.45019697882792, 12.17350716769699), (23.440987602646516, 12.183013206054575), (23.43169516700924, 12.192602303346051), (23.422319672241713, 12.202274459242757), (23.412861118670403, 12.21202967341518), (23.403319506622637, 12.221867945532962), (23.393694836426587, 12.231789275264887), (23.383987108411272, 12.241793662278896), (23.37419632290657, 12.251881106242072), (23.364322480243207, 12.262051606820652), (23.35436558075275, 12.272305163680024)]",True
1783881418.349779,0,23.719350107676473,11.911747414881507,0.8906861713202597,266.3455462615014,-0.455593351952895,21.651986635993012,7.320883984203435,1.2452914400747859,271.69019303548595,-0.44121583895224026,-2.0673634716834606,-4.5908634306780725,0.35460526875452614,5.34464677398455,0.014377513000654762,"[(23.712504293544995, 11.909763305287434), (23.70537032141765, 11.91715779271834), (23.69815340792875, 11.924635221144445), (23.690853553381174, 11.932195590260203), (23.683470758078663, 11.939838899759225), (23.676005022325793, 11.947565149334276), (23.66845634642799, 11.955374338677274), (23.66082473069152, 11.963266467479297), (23.6531101754235, 11.971241535430572), (23.645312680931884, 11.979299542220485), (23.63743224752548, 11.987440487537572), (23.62946887551394, 11.995664371069532), (23.62142256520775, 12.003971192503212), (23.613293316918263, 12.012360951524611), (23.605081130957654, 12.020833647818893), (23.596786007638958, 12.02938928107037), (23.588407947276046, 12.03802785096251), (23.579946950183643, 12.046749357177934), (23.571403016677316, 12.055553799398421), (23.562776147073475, 12.064441177304905), (23.554066341689374, 12.073411490577472), (23.545273600843117, 12.082464738895364), (23.536397924853652, 12.09160092193698), (23.527439314040762, 12.10082003937987), (23.51839776872509, 12.110122090900745), (23.50927328922812, 12.119507076175463), (23.500065875872174, 12.12897499487904), (23.49077552898043, 12.138525846685653), (23.481402248876897, 12.148159631268625), (23.471946035886443, 12.157876348300437), (23.462406890334776, 12.16767599745273), (23.452784812548447, 12.177558578396289), (23.443079802854854, 12.187524090801064), (23.433291861582237, 12.197572534336157), (23.423420989059686, 12.207703908669824), (23.41346718561713, 12.217918213469476), (23.403430451585347, 12.228215448401677), (23.393310787295967, 12.238595613132151), (23.383108193081448, 12.249058707325773), (23.37282266927511, 12.259604730646574), (23.36245421621111, 12.27023368275774), (23.35200283422445, 12.28094556332161), (23.341468523650978, 12.291740371999683), (23.330851284827386, 12.302618108452611), (23.32015111809121, 12.313578772340197)]",True
1783881418.3865304,0,23.71549074944553,11.962698188105986,0.8255745409297476,266.3455462615014,-0.455593351952895,21.728465053343545,7.354236851596008,1.5227561851402067,271.69019303548595,-0.44121583895224026,-1.987025696101984,-4.608461336509977,0.6971816442104591,5.34464677398455,0.014377513000654762,"[(23.712504293544995, 11.909763305287434), (23.70537032141765, 11.91715779271834), (23.69815340792875, 11.924635221144445), (23.690853553381174, 11.932195590260203), (23.683470758078663, 11.939838899759225), (23.676005022325793, 11.947565149334276), (23.66845634642799, 11.955374338677274), (23.66082473069152, 11.963266467479297), (23.6531101754235, 11.971241535430572), (23.645312680931884, 11.979299542220485), (23.63743224752548, 11.987440487537572), (23.62946887551394, 11.995664371069532), (23.62142256520775, 12.003971192503212), (23.613293316918263, 12.012360951524611), (23.605081130957654, 12.020833647818893), (23.596786007638958, 12.02938928107037), (23.588407947276046, 12.03802785096251), (23.579946950183643, 12.046749357177934), (23.571403016677316, 12.055553799398421), (23.562776147073475, 12.064441177304905), (23.554066341689374, 12.073411490577472), (23.545273600843117, 12.082464738895364), (23.536397924853652, 12.09160092193698), (23.527439314040762, 12.10082003937987), (23.51839776872509, 12.110122090900745), (23.50927328922812, 12.119507076175463), (23.500065875872174, 12.12897499487904), (23.49077552898043, 12.138525846685653), (23.481402248876897, 12.148159631268625), (23.471946035886443, 12.157876348300437), (23.462406890334776, 12.16767599745273), (23.452784812548447, 12.177558578396289), (23.443079802854854, 12.187524090801064), (23.433291861582237, 12.197572534336157), (23.423420989059686, 12.207703908669824), (23.41346718561713, 12.217918213469476), (23.403430451585347, 12.228215448401677), (23.393310787295967, 12.238595613132151), (23.383108193081448, 12.249058707325773), (23.37282266927511, 12.259604730646574), (23.36245421621111, 12.27023368275774), (23.35200283422445, 12.28094556332161), (23.341468523650978, 12.291740371999683), (23.330851284827386, 12.302618108452611), (23.32015111809121, 12.313578772340197)]",True
1783881418.4350576,0,23.71549074944553,11.962698188105986,0.8255745409297476,266.3455462615014,-0.455593351952895,21.728465053343545,7.354236851596008,1.5227561851402067,271.69019303548595,-0.44121583895224026,-1.987025696101984,-4.608461336509977,0.6971816442104591,5.34464677398455,0.014377513000654762,"[(23.712504293544995, 11.909763305287434), (23.70537032141765, 11.91715779271834), (23.69815340792875, 11.924635221144445), (23.690853553381174, 11.932195590260203), (23.683470758078663, 11.939838899759225), (23.676005022325793, 11.947565149334276), (23.66845634642799, 11.955374338677274), (23.66082473069152, 11.963266467479297), (23.6531101754235, 11.971241535430572), (23.645312680931884, 11.979299542220485), (23.63743224752548, 11.987440487537572), (23.62946887551394, 11.995664371069532), (23.62142256520775, 12.003971192503212), (23.613293316918263, 12.012360951524611), (23.605081130957654, 12.020833647818893), (23.596786007638958, 12.02938928107037), (23.588407947276046, 12.03802785096251), (23.579946950183643, 12.046749357177934), (23.571403016677316, 12.055553799398421), (23.562776147073475, 12.064441177304905), (23.554066341689374, 12.073411490577472), (23.545273600843117, 12.082464738895364), (23.536397924853652, 12.09160092193698), (23.527439314040762, 12.10082003937987), (23.51839776872509, 12.110122090900745), (23.50927328922812, 12.119507076175463), (23.500065875872174, 12.12897499487904), (23.49077552898043, 12.138525846685653), (23.481402248876897, 12.148159631268625), (23.471946035886443, 12.157876348300437), (23.462406890334776, 12.16767599745273), (23.452784812548447, 12.177558578396289), (23.443079802854854, 12.187524090801064), (23.433291861582237, 12.197572534336157), (23.423420989059686, 12.207703908669824), (23.41346718561713, 12.217918213469476), (23.403430451585347, 12.228215448401677), (23.393310787295967, 12.238595613132151), (23.383108193081448, 12.249058707325773), (23.37282266927511, 12.259604730646574), (23.36245421621111, 12.27023368275774), (23.35200283422445, 12.28094556332161), (23.341468523650978, 12.291740371999683), (23.330851284827386, 12.302618108452611), (23.32015111809121, 12.313578772340197)]",True
1783881418.5080853,0,23.713977160520535,11.97904701275405,0.8167711752791972,266.3455462615014,-0.455593351952895,21.757202118896064,7.36644562531654,1.5986282736564306,271.69019303548595,-0.44121583895224026,-1.9567750416244714,-4.61260138743751,0.7818570983772334,5.34464677398455,0.014377513000654762,"[(23.709163138170144, 11.920555640130157), (23.699300444391184, 11.929317880848755), (23.689329714644824, 11.93818815995814), (23.679250949602167, 11.947166476809954), (23.66906414993655, 11.95625283075361), (23.658769316323536, 11.965447221136285), (23.648366449440925, 11.974749647302929), (23.637855549968744, 11.984160108596258), (23.62723661858925, 11.99367860435676), (23.61650965598694, 12.003305133922685), (23.60567466284853, 12.013039696630063), (23.594731639862975, 12.022882291812682), (23.58368058772146, 12.032832918802104), (23.5725215071174, 12.042891576927659), (23.56125439874644, 12.053058265516444), (23.549879263306455, 12.063332983893329), (23.538396101497554, 12.073715731380947), (23.526804914022073, 12.084206507299708), (23.515105701584588, 12.094805310967782), (23.503298464891895, 12.105512141701118), (23.491383204653026, 12.116326998813422), (23.47935992157924, 12.127249881616178), (23.46722861638403, 12.138280789418639), (23.454989289783125, 12.149419721527822), (23.442641942494475, 12.160666677248518), (23.430186575238267, 12.172021655883281), (23.417623188736915, 12.183484656732443), (23.404951783715063, 12.195055679094096), (23.39217236089959, 12.206734722264109), (23.379284921019604, 12.218521785536113), (23.366289464806446, 12.230416868201514), (23.35318599299368, 12.242419969549484), (23.33997450631711, 12.254531088866965), (23.32665500551476, 12.266750225438672), (23.31322749132689, 12.279077378547084), (23.299691964496, 12.291512547472452), (23.2860484257668, 12.304055731492795), (23.272296875886248, 12.316706929883905), (23.258437315603523, 12.329466141919337), (23.244469745670035, 12.342333366870422), (23.230394166839428, 12.355308604006257), (23.21621057986758, 12.368391852593712), (23.20191898551259, 12.38158311189742), (23.18751938453479, 12.394882381179789), (23.17301177769675, 12.408289659700994)]",True
1783881418.548699,0,23.713977160520535,11.97904701275405,0.8167711752791972,266.3455462615014,-0.455593351952895,21.757202118896064,7.36644562531654,1.5986282736564306,271.69019303548595,-0.44121583895224026,-1.9567750416244714,-4.61260138743751,0.7818570983772334,5.34464677398455,0.014377513000654762,"[(23.708321482892813, 11.937648959115105), (23.698911951798802, 11.946974303066735), (23.68941698762546, 11.95638508021902), (23.67983659071684, 11.965881290228802), (23.67017076141793, 11.975462932752007), (23.660419500074624, 11.98513000744364), (23.650582807033746, 11.994882513957789), (23.64066068264303, 12.004720451947621), (23.630653127251133, 12.01464382106539), (23.620560141207626, 12.024652620962424), (23.610381724863004, 12.034746851289139), (23.600117878568675, 12.04492651169503), (23.58976860267697, 12.055191601828673), (23.579333897541133, 12.065542121337726), (23.568813763515333, 12.07597806986893), (23.558208200954653, 12.086499447068103), (23.5475172102151, 12.097106252580152), (23.536740791653592, 12.10779848604906), (23.52587894562797, 12.118576147117892), (23.514931672496985, 12.129439235428796), (23.503898972620323, 12.140387750623002), (23.492780846358574, 12.15142169234082), (23.48157729407325, 12.162541060221644), (23.470288316126787, 12.173745853903947), (23.458913912882533, 12.185036073025284), (23.447454084704756, 12.196411717222293), (23.435908831958642, 12.207872786130695), (23.424278155010295, 12.219419279385287), (23.41256205422674, 12.231051196619953), (23.40076052997592, 12.242768537467658), (23.388873582626694, 12.254571301560446), (23.376901212548837, 12.266459488529446), (23.36484342011305, 12.278433098004864), (23.352700205690944, 12.290492129615993), (23.340471569655055, 12.302636582991205), (23.328157512378834, 12.314866457757955), (23.31575803423665, 12.327181753542776), (23.303273135603796, 12.339582469971289), (23.290702816856474, 12.352068606668189), (23.278047078371806, 12.36464016325726), (23.265305920527837, 12.377297139361364), (23.25247934370353, 12.390039534602444), (23.239567348278765, 12.402867348601529), (23.226569934634337, 12.415780580978725), (23.213487103151966, 12.428779231353221)]",True
1783881418.587434,0,23.713188658786436,11.987160540554745,0.8135813000084545,266.3455462615014,-0.455593351952895,21.772119584271092,7.372666267179586,1.633880495162818,271.69019303548595,-0.44121583895224026,-1.9410690745153438,-4.6144942733751595,0.8202991951543636,5.34464677398455,0.014377513000654762,"[(23.707157463834555, 11.947324195427482), (23.697335335928887, 11.957102850925109), (23.687430395348045, 11.966964319158484), (23.677442642418825, 11.976908599801249), (23.667372077468862, 11.986935692526211), (23.657218700826625, 11.99704559700534), (23.646982512821413, 12.00723831290977), (23.636663513783365, 12.017513839909803), (23.626261704043458, 12.027872177674906), (23.615777083933494, 12.038313325873709), (23.60520965378612, 12.04883728417401), (23.59455941393481, 12.059444052242767), (23.58382636471388, 12.070133629746108), (23.57301050645847, 12.080906016349324), (23.562111839504567, 12.091761211716873), (23.551130364188985, 12.102699215512377), (23.54006608084938, 12.113720027398621), (23.528918989824234, 12.124823647037559), (23.51768909145287, 12.136010074090306), (23.506376386075445, 12.147279308217147), (23.494980874032947, 12.15863134907753), (23.483502555667208, 12.170066196330064), (23.471941431320882, 12.18158384963253), (23.460297501337468, 12.19318430864187), (23.448570766061295, 12.204867573014194), (23.43676122583753, 12.216633642404775), (23.424868881012166, 12.228482516468048), (23.412893731932048, 12.240414194857623), (23.40083577894484, 12.252428677226264), (23.38869502239904, 12.264525963225909), (23.376471462643998, 12.276706052507656), (23.364165100029883, 12.28896894472177), (23.351775934907703, 12.30131463951768), (23.339303967629302, 12.313743136543982), (23.326749198547358, 12.326254435448439), (23.314111628015382, 12.338848535877974), (23.301391256387724, 12.351525437478678), (23.288588084019562, 12.364285139895808), (23.275702111266916, 12.377127642773786), (23.26273333848664, 12.3900529457562), (23.249681766036414, 12.4030610484858), (23.236547394274766, 12.416151950604505), (23.22333022356105, 12.429325651753395), (23.210030254255454, 12.44258215157272), (23.196647486719, 12.455921449701895)]",True
1783881418.637853,0,23.71000750246116,12.019371971275467,0.8058405391277262,266.3455462615014,-0.455593351952895,21.835043928977775,7.398263893752102,1.7589052337360989,271.69019303548595,-0.44121583895224026,-1.8749635734833845,-4.621108077523365,0.9530646946083726,5.34464677398455,0.014377513000654762,"[(23.701763249588545, 11.990871494952493), (23.690193822197045, 12.002581918487577), (23.678542150489257, 12.014374586144354), (23.666808234804027, 12.02624949758257), (23.654992075481037, 12.038206652461152), (23.64309367286077, 12.050246050438213), (23.631113027284528, 12.06236769117105), (23.619050139094437, 12.07457157431614), (23.60690500863343, 12.086857699529151), (23.594677636245255, 12.099226066464933), (23.582368022274483, 12.111676674777518), (23.569976167066496, 12.124209524120126), (23.55750207096749, 12.136824614145157), (23.544945734324482, 12.149521944504196), (23.532307157485302, 12.162301514848016), (23.519586340798593, 12.175163324826572), (23.506783284613817, 12.188107374089002), (23.49389798928125, 12.201133662283631), (23.480930455151988, 12.214242189057968), (23.467880682577935, 12.227432954058703), (23.454748671911815, 12.240705956931714), (23.44153442350717, 12.254061197322063), (23.428237937718357, 12.267498674873993), (23.41485921490054, 12.281018389230937), (23.401398255409713, 12.294620340035507), (23.38785505960267, 12.308304526929502), (23.374229627837035, 12.322070949553906), (23.36052196047124, 12.335919607548885), (23.346732057864532, 12.34985050055379), (23.332859920376976, 12.36386362820716), (23.31890554836945, 12.377958990146713), (23.304868942203655, 12.392136586009354), (23.290750102242097, 12.406396415431175), (23.276549028848105, 12.420738478047447), (23.262265722385823, 12.43516277349263), (23.247900183220207, 12.449669301400364), (23.233452411717032, 12.464258061403479), (23.218922408242886, 12.478929053133985), (23.204310173165176, 12.493682276223078), (23.18961570685212, 12.508517730301138), (23.174839009672752, 12.523435414997731), (23.159980081996927, 12.538435329941608), (23.145038924195312, 12.5535174747607), (23.130015536639387, 12.568681849082125), (23.114909919701454, 12.583928452532186)]",True
1783881418.6883261,0,23.70845067941663,12.03539212003786,0.8038300897241147,266.3455462615014,-0.455593351952895,21.868089708384417,7.411835602816034,1.8128534813201012,271.69019303548595,-0.44121583895224026,-1.8403609710322115,-4.623556517221826,1.0090233915959863,5.34464677398455,0.014377513000654762,"[(23.69942044437412, 12.007609995980717), (23.68717868780344, 12.019812492415255), (23.67485478143543, 12.032097138701165), (23.662448725614333, 12.044463934494598), (23.64996052068519, 12.05691287945089), (23.637390166993875, 12.069443973224569), (23.62473766488705, 12.08205721546935), (23.612003014712208, 12.094752605838135), (23.599186216817643, 12.107530143983015), (23.586287271552465, 12.120389829555267), (23.573306179266595, 12.13333166220536), (23.560242940310765, 12.146355641582954), (23.54709755503652, 12.159461767336888), (23.53387002379621, 12.172650039115197), (23.52056034694301, 12.185920456565102), (23.5071685248309, 12.19927301933301), (23.493694557814667, 12.212707727064519), (23.480138446249914, 12.226224579404414), (23.466500190493054, 12.23982357599667), (23.452779790901317, 12.253504716484448), (23.43897724783274, 12.267268000510102), (23.425092561646167, 12.281113427715168), (23.41112573270126, 12.295040997740374), (23.397076761358495, 12.309050710225636), (23.382945647979152, 12.323142564810059), (23.36873239292533, 12.337316561131933), (23.354436996559937, 12.35157269882874), (23.34005945924669, 12.36591097753715), (23.325599781350117, 12.38033139689302), (23.31105796323557, 12.394833956531395), (23.29643400526919, 12.40941865608651), (23.281727907817952, 12.42408549519179), (23.266939671249627, 12.438834473479844), (23.25206929593281, 12.453665590582471), (23.237116782236896, 12.46857884613066), (23.222082130532097, 12.483574239754587), (23.20696534118944, 12.498651771083615), (23.19176641458076, 12.5138114397463), (23.176485351078696, 12.529053245370385), (23.161122151056716, 12.544377187582796), (23.145676814889082, 12.559783266009656), (23.13014934295088, 12.57527148027627), (23.114539735618, 12.59084183000713), (23.098847993267146, 12.606494314825925), (23.08307411627584, 12.622228934355526)]",True
1783881418.7386532,0,23.701357374504425,12.091901825775063,0.8819799220069326,266.3455462615014,-0.455593351952895,21.990325926232554,7.463028348825707,1.9651766184287198,271.69019303548595,-0.44121583895224026,-1.7110314482718714,-4.628873476949355,1.0831966964217872,5.34464677398455,0.014377513000654762,"[(23.696839809485084, 12.023530091237928), (23.683690156335057, 12.035509444396206), (23.670458463678155, 12.047570838668005), (23.65714473186619, 12.059714273713041), (23.643748961251774, 12.071939749190227), (23.630271152188335, 12.084247264757664), (23.6167113050301, 12.096636820072652), (23.60306942013211, 12.109108414791676), (23.589345497850207, 12.121662048570418), (23.57553953854105, 12.134297721063751), (23.561651542562096, 12.147015431925743), (23.547681510271612, 12.159815180809652), (23.533629442028676, 12.172696967367928), (23.51949533819317, 12.185660791252218), (23.505279199125784, 12.198706652113357), (23.490981025188013, 12.211834549601372), (23.476600816742163, 12.225044483365487), (23.462138574151346, 12.238336453054117), (23.44759429777948, 12.251710458314868), (23.432967987991297, 12.26516649879454), (23.418259645152325, 12.278704574139125), (23.403469269628907, 12.292324683993808), (23.38859686178819, 12.306026828002967), (23.37364242199813, 12.319811005810172), (23.358605950627496, 12.333677217058185), (23.343487448045853, 12.347625461388963), (23.32828691462358, 12.361655738443654), (23.31300435073186, 12.375768047862598), (23.297639756742687, 12.38996238928533), (23.282193133028862, 12.404238762350573), (23.26666447996399, 12.418597166696248), (23.251053797922484, 12.433037601959466), (23.23536108727957, 12.447560067776532), (23.219586348411273, 12.462164563782943), (23.20372958169443, 12.476851089613389), (23.187790787506678, 12.491619644901752), (23.171769966226478, 12.506470229281106), (23.155667118233083, 12.521402842383722), (23.139482243906556, 12.536417483841058), (23.12321534362777, 12.551514153283769), (23.106866417778402, 12.566692850341699), (23.09043546674094, 12.581953574643887), (23.073922490898678, 12.597296325818565), (23.057327490635714, 12.61272110349316), (23.04065046633696, 12.628227907294285)]",True
1783881418.7887943,0,23.69205332571587,12.156463885674299,0.8813341294207563,266.3455462615014,-0.455593351952895,22.11935617041949,7.521258543104002,2.073484778573152,271.69019303548595,-0.44121583895224026,-1.5726971552963818,-4.635205342570297,1.1921506491523957,5.34464677398455,0.014377513000654762,"[(23.688678242549432, 12.081667004620629), (23.673119458394766, 12.097461710311245), (23.65745215611884, 12.113364933599826), (23.64167633651975, 12.129376673683344), (23.62579200039786, 12.145496929756503), (23.609799148555794, 12.161725701011742), (23.59369778179845, 12.178062986639231), (23.57748790093299, 12.194508785826876), (23.56116950676884, 12.211063097760317), (23.5447426001177, 12.227725921622921), (23.52820718179353, 12.244497256595796), (23.51156325261256, 12.261377101857777), (23.494810813393283, 12.278365456585437), (23.47794986495646, 12.295462319953078), (23.460980408125128, 12.31266769113274), (23.44390244372457, 12.329981569294194), (23.426715972582357, 12.347403953604946), (23.40942099552832, 12.364934843230234), (23.392017513394542, 12.38257423733303), (23.374505527015398, 12.400322135074038), (23.356885037227507, 12.418178535611698), (23.339156044869767, 12.436143438102182), (23.32131855078334, 12.454216841699395), (23.30337255581165, 12.47239874555498), (23.28531806080039, 12.490689148818307), (23.26715506659752, 12.509088050636487), (23.248883574053274, 12.527595450154358), (23.230503584020138, 12.546211346514497), (23.21201509735287, 12.56493573885721), (23.1934181149085, 12.583768626320541), (23.174712637546314, 12.602710008040267), (23.15589866612787, 12.621759883149895), (23.136976201516994, 12.640918250780672), (23.117945244579772, 12.660185110061574), (23.098805796184564, 12.679560460119314), (23.079557857201987, 12.699044300078338), (23.060201428504932, 12.718636629060827), (23.04073651096855, 12.73833744618669), (23.02116310547026, 12.75814675057358), (23.001481212889754, 12.778064541336878), (22.981690834108978, 12.7980908175897), (22.961791970012147, 12.818225578442895), (22.94178462148575, 12.83846882300505), (22.921668789418533, 12.858820550382482), (22.90144447470151, 12.879280759679245)]",True
1783881418.8350356,0,23.687870982153843,12.181936747970685,0.8431922865754853,266.3455462615014,-0.455593351952895,22.17601947503366,7.548239687621429,2.109724041722825,271.69019303548595,-0.44121583895224026,-1.5118515071201841,-4.633697060349256,1.2665317551473398,5.34464677398455,0.014377513000654762,"[(23.684496325174738, 12.11612329671237), (23.66955174740346, 12.13312259681864), (23.654521930044442, 12.150207133577245), (23.639406873496966, 12.167376906567041), (23.624206578161218, 12.184631915365971), (23.608921044438286, 12.201972159551078), (23.593550272730173, 12.21939763869849), (23.578094263439784, 12.236908352383436), (23.56255301697093, 12.254504300180235), (23.54692653372833, 12.272185481662301), (23.53121481411761, 12.289951896402142), (23.515417858545298, 12.307803543971358), (23.499535667418833, 12.325740423940644), (23.48356824114656, 12.34376253587979), (23.467515580137725, 12.361869879357677), (23.451377684802488, 12.38006245394228), (23.435154555551907, 12.398340259200669), (23.418846192797957, 12.41670329469901), (23.402452596953513, 12.43515156000256), (23.38597376843235, 12.453685054675669), (23.369409707649165, 12.47230377828178), (23.352760415019546, 12.491007730383433), (23.336025890959995, 12.509796910542262), (23.319206135887924, 12.528671318318992), (23.30230115022164, 12.547630953273442), (23.28531093438037, 12.566675814964528), (23.26823548878423, 12.585805902950256), (23.251074813854256, 12.605021216787726), (23.233828910012388, 12.624321756033137), (23.21649777768147, 12.643707520241776), (23.199081417285257, 12.663178508968027), (23.1815798292484, 12.682734721765366), (23.163993013996464, 12.702376158186363), (23.14632097195592, 12.722102817782684), (23.128563703554146, 12.741914700105086), (23.11072120921942, 12.761811804703422), (23.09279348938093, 12.781794131126638), (23.074780544468776, 12.801861678922776), (23.056682374913954, 12.822014447638969), (23.038498981148372, 12.842252436821441), (23.020230363604842, 12.862575646015518), (23.001876522717083, 12.882984074765615), (22.983437458919724, 12.903477722615241), (22.964913172648295, 12.924056589107002), (22.946303664339236, 12.94472067378259)]",True
1783881418.8926826,0,23.686470263865022,12.190209845519032,0.8349771159361886,266.3455462615014,-0.455593351952895,22.194987589386674,7.557599981597406,2.1206736594576556,271.69019303548595,-0.44121583895224026,-1.4914826744783483,-4.632609863921626,1.2856965435214671,5.34464677398455,0.014377513000654762,"[(23.681137688508358, 12.137885070211244), (23.666089692975817, 12.154887029388135), (23.650960189973418, 12.17197049338997), (23.635749179864167, 12.189135461834896), (23.620456663011847, 12.206381934340266), (23.605082639781028, 12.223709910522652), (23.58962711053707, 12.24111938999784), (23.57409007564612, 12.25861037238083), (23.558471535475107, 12.276182857285836), (23.542771490391743, 12.293836844326284), (23.526989940764533, 12.31157233311482), (23.511126886962764, 12.329389323263298), (23.49518232935651, 12.34728781438279), (23.47915626831663, 12.365267806083581), (23.46304870421477, 12.38332929797517), (23.44685963742336, 12.40147228966627), (23.430589068315616, 12.41969678076481), (23.414236997265544, 12.43800277087793), (23.39780342464793, 12.45639025961199), (23.38128835083835, 12.474859246572558), (23.36469177621316, 12.493409731364418), (23.348013701149508, 12.51204171359157), (23.33125412602533, 12.53075519285723), (23.314413051219336, 12.549550168763822), (23.297490477111033, 12.568426640912989), (23.280486404080712, 12.58738460890559), (23.263400832509443, 12.60642407234169), (23.24623376277909, 12.625545030820579), (23.228985195272305, 12.644747483940753), (23.21165513037251, 12.664031431299929), (23.194243568463925, 12.683396872495031), (23.17675050993156, 12.702843807122203), (23.159175955161196, 12.722372234776802), (23.141519904539415, 12.741982155053398), (23.12378235845357, 12.761673567545778), (23.105963317291813, 12.78144647184694), (23.088062781443078, 12.801300867549097), (23.070080751297077, 12.82123675424368), (23.052017227244317, 12.84125413152133), (23.033872209676087, 12.861352998971904), (23.015645698984464, 12.881533356184475), (22.997337695562305, 12.901795202747328), (22.97894819980326, 12.922138538247964), (22.960477212101758, 12.942563362273097), (22.94192473285302, 12.963069674408656)]",True
1783881418.9358788,0,23.672207043040334,12.270412706905068,0.8042419231217409,266.3455462615014,-0.455593351952895,22.384505790452415,7.662404676667558,2.2052549684093217,271.69019303548595,-0.44121583895224026,-1.2877012525879188,-4.60800803023751,1.4010130452875806,5.34464677398455,0.014377513000654762,"[(23.67588833332339, 12.172896343255665), (23.66036804243325, 12.190967053784837), (23.644765366553916, 12.20912014578226), (23.629080306064218, 12.227355618843731), (23.613312861343815, 12.245673472564228), (23.59746303277318, 12.264073706537907), (23.581530820733615, 12.28255632035811), (23.565516225607222, 12.301121313617355), (23.54941924777694, 12.319768685907347), (23.533239887626515, 12.33849843681897), (23.516978145540516, 12.357310565942289), (23.500634021904332, 12.376205072866552), (23.484207517104164, 12.395181957180187), (23.46769863152704, 12.414241218470801), (23.4511073655608, 12.433382856325188), (23.43443371959411, 12.452606870329321), (23.417677694016447, 12.471913260068353), (23.400839289218112, 12.491302025126622), (23.38391850559022, 12.510773165087643), (23.36691534352471, 12.530326679534117), (23.349829803414334, 12.54996256804792), (23.332661885652666, 12.569680830210118), (23.315411590634096, 12.589481465600953), (23.298078918753838, 12.609364473799848), (23.28066387040792, 12.629329854385414), (23.26316644599319, 12.649377606935435), (23.24558664590731, 12.669507731026883), (23.227924470548768, 12.689720226235908), (23.210179920316868, 12.71001509213784), (23.19235299561173, 12.730392328307198), (23.1744436968343, 12.750851934317675), (23.156452024386326, 12.771393909742148), (23.13837797867039, 12.792018254152678), (23.12022156008989, 12.812724967120504), (23.10198276904904, 12.833514048216049), (23.08366160595287, 12.854385497008916), (23.065258071207236, 12.875339313067892), (23.046772165218805, 12.896375495960944), (23.028203888395062, 12.91749404525522), (23.009553241144317, 12.938694960517049), (22.990820223875698, 12.959978241311944), (22.97200483699914, 12.981343887204599), (22.953107080925417, 13.002791897758888), (22.934126956066102, 13.02432227253787), (22.915064462833595, 13.045935011103781)]",True
1783881418.9849477,0,23.665192430072008,12.309926181699534,0.8014772497992988,266.3455462615014,-0.455593351952895,22.478077494865,7.722136330564351,2.2343854464480697,271.69019303548595,-0.44121583895224026,-1.1871149352070063,-4.587789851135184,1.432908196648771,5.34464677398455,0.014377513000654762,"[(23.66327685444352, 12.24373715982292), (23.646837479127054, 12.264852331710946), (23.630316321031053, 12.286049280030467), (23.61371338053433, 12.307328004357261), (23.5970286580165, 12.328688504266315), (23.58026215385796, 12.35013077933182), (23.563413868439895, 12.371654829127174), (23.546483802144298, 12.393260653224978), (23.52947195535395, 12.41494825119705), (23.512378328452424, 12.436717622614404), (23.49520292182409, 12.458568767047268), (23.477945735854107, 12.480501684065072), (23.46060677092843, 12.502516373236453), (23.4431860274338, 12.52461283412926), (23.425683505757767, 12.546791066310542), (23.408099206288664, 12.56905106934656), (23.39043312941562, 12.591392842802778), (23.372685275528557, 12.613816386243869), (23.354855645018187, 12.636321699233712), (23.336944238276022, 12.658908781335391), (23.318951055694363, 12.681577632111203), (23.300876097666304, 12.704328251122643), (23.28271936458573, 12.727160637930417), (23.26448085684733, 12.750074792094441), (23.24616057484658, 12.773070713173832), (23.227758518979748, 12.796148400726917), (23.209274689643895, 12.81930785431123), (23.190709087236872, 12.84254907348351), (23.172061712157333, 12.865872057799708), (23.15333256480472, 12.889276806814973), (23.13452164557927, 12.912763320083668), (23.11562895488201, 12.93633159715936), (23.096654493114766, 12.95998163759482), (23.07759826068015, 12.983713440942035), (23.058460257981572, 13.007527006752188), (23.039240485423235, 13.031422334575678), (23.019938943410136, 13.055399423962104), (23.00055563234806, 13.079458274460277), (22.981090552643597, 13.103598885618212), (22.961543704704116, 13.127821256983129), (22.941915088937787, 13.152125388101458), (22.922204705753575, 13.176511278518838), (22.902412555561234, 13.20097892778011), (22.882538638771315, 13.225528335429324), (22.86258295579516, 13.250159501009739)]",True
1783881419.0424984,0,23.663835024325902,12.317823736794614,0.8011962791548328,266.3455462615014,-0.455593351952895,22.496631571988377,7.73463088170865,2.239407414388215,271.69019303548595,-0.44121583895224026,-1.1672034523375245,-4.583192855085963,1.438211135233382,5.34464677398455,0.014377513000654762,"[(23.65599211007239, 12.2840778568954), (23.639188286753825, 12.305994744976356), (23.622302700831998, 12.327993388716406), (23.605335352689305, 12.350073787683492), (23.588286242708943, 12.37223594144476), (23.571155371274887, 12.394479849566569), (23.55394273877192, 12.416805511614477), (23.53664834558561, 12.439212927153257), (23.519272192102328, 12.461702095746881), (23.501814278709226, 12.484273016958534), (23.484274605794255, 12.506925690350604), (23.466653173746163, 12.529660115484688), (23.448949982954485, 12.55247629192159), (23.431165033809553, 12.575374219221318), (23.41329832670249, 12.59835389694309), (23.395349862025213, 12.621415324645328), (23.377319640170438, 12.644558501885664), (23.359207661531666, 12.667783428220934), (23.341013926503194, 12.691090103207184), (23.32273843548012, 12.714478526399665), (23.30438118885832, 12.737948697352834), (23.285942187034475, 12.761500615620358), (23.267421430406056, 12.785134280755106), (23.248818919371324, 12.808849692309158), (23.23013465432934, 12.8326468498338), (23.211368635679957, 12.856525752879525), (23.192520863823816, 12.880486400996034), (23.173591339162357, 12.904528793732231), (23.154580062097804, 12.928652930636233), (23.135487033033186, 12.952858811255357), (23.11631225237232, 12.977146435136133), (23.097055720519815, 13.001515801824294), (23.077717437881077, 13.025966910864781), (23.0582974048623, 13.050499761801744), (23.038795621870477, 13.075114354178538), (23.01921208931339, 13.099810687537726), (22.99954680759961, 13.124588761421077), (22.979799777138513, 13.149448575369565), (22.95997099834026, 13.174390128923378), (22.94006047161581, 13.199413421621903), (22.920068197376906, 13.224518453003741), (22.899994176036095, 13.249705222606694), (22.879838408006712, 13.274973729967774), (22.859600893702883, 13.3003239746232), (22.83928163353953, 13.325755956108399)]",True
1783881419.085052,0,23.660954313767856,12.333581851791745,0.8007844953103601,266.3455462615014,-0.455593351952895,22.53353446932215,7.760176682200962,2.248746321223911,271.69019303548595,-0.44121583895224026,-1.1274198444457078,-4.573405169590783,1.4479618259135512,5.34464677398455,0.014377513000654762,"[(23.6501528250834, 12.315600775934096), (23.633315759935204, 12.336738010802204), (23.616397182369372, 12.357956752279994), (23.599397092765372, 12.379256999946591), (23.58231549150345, 12.400638753380335), (23.56515237896464, 12.422102012158778), (23.547907755530762, 12.443646775858696), (23.530581621584414, 12.465273044056072), (23.513173977508988, 12.486980816326113), (23.49568482368865, 12.508770092243235), (23.47811416050836, 12.530640871381078), (23.460461988353853, 12.552593153312488), (23.442728307611656, 12.574626937609535), (23.424913118669075, 12.596742223843501), (23.407016421914204, 12.618939011584885), (23.389038217735916, 12.641217300403403), (23.370978506523873, 12.663577089867985), (23.352837288668518, 12.686018379546779), (23.33461456456108, 12.708541169007148), (23.316310334593574, 12.731145457815671), (23.297924599158794, 12.753831245538144), (23.279457358650326, 12.776598531739577), (23.26090861346253, 12.799447315984198), (23.242278363990557, 12.822377597835448), (23.223566610630343, 12.845389376855987), (23.204773353778602, 12.868482652607693), (23.185898593832835, 12.891657424651655), (23.166942331191333, 12.91491369254818), (23.14790456625316, 12.938251455856792), (23.128785299418173, 12.96167071413623), (23.10958453108701, 12.985171466944452), (23.090302261661094, 13.008753713838628), (23.070938491542634, 13.032417454375146), (23.051493221134617, 13.05616268810961), (23.031966450840816, 13.07998941459684), (23.012358181065792, 13.10389763339087), (22.99266841221489, 13.127887344044955), (22.97289714469423, 13.151958546111562), (22.95304437891073, 13.176111239142378), (22.93311011527208, 13.200345422688299), (22.913094354186757, 13.224661096299446), (22.89299709606403, 13.24905825952515), (22.87281834131394, 13.27353691191396), (22.852558090347323, 13.29809705301364), (22.83221634357579, 13.322738682371174)]",True
1783881419.14462,0,23.65609535647852,12.357102376681937,0.800416609814406,266.3455462615014,-0.455593351952895,22.58833192259851,7.79984858065252,2.2611544831870365,271.69019303548595,-0.44121583895224026,-1.0677634338800104,-4.557253796029417,1.4607378733726306,5.34464677398455,0.014377513000654762,"[(23.646194564991248, 12.337763552469225), (23.629614926102903, 12.356836337611211), (23.612953909833053, 12.375990496775145), (23.5962115165572, 12.395226029561611), (23.579387746651626, 12.414542935570413), (23.56248260049339, 12.433941214400573), (23.545496078460335, 12.453420865650335), (23.528428180931083, 12.472981888917168), (23.511278908285036, 12.492624283797754), (23.494048260902368, 12.512348049887999), (23.476736239164048, 12.532153186783027), (23.45934284345181, 12.552039694077186), (23.44186807414818, 12.57200757136404), (23.424311931636453, 12.592056818236376), (23.406674416300714, 12.6121874342862), (23.38895552852582, 12.63239941910474), (23.37115526869741, 12.652692772282442), (23.353273637201905, 12.673067493408974), (23.3353106344265, 12.693523582073222), (23.31726626075918, 12.714061037863297), (23.2991405165887, 12.734679860366525), (23.2809334023046, 12.755380049169453), (23.262644918297195, 12.776161603857854), (23.244275064957588, 12.797024524016715), (23.225823842677652, 12.817968809230244), (23.207291251850048, 12.838994459081876), (23.188677292868213, 12.860101473154257), (23.169981966126365, 12.881289851029258), (23.151205272019496, 12.902559592287972), (23.132347210943387, 12.923910696510708), (23.113407783294594, 12.945343163277), (23.09438698947045, 12.9668569921656), (23.075284829869073, 12.988452182754479), (23.056101304889356, 13.010128734620832), (23.036836414930978, 13.031886647341068), (23.01749016039439, 13.053725920490825), (22.998062541680834, 13.075646553644956), (22.978553559192317, 13.097648546377535), (22.958963213331632, 13.119731898261858), (22.939291504502357, 13.14189660887044), (22.919538433108844, 13.164142677775015), (22.899703999556223, 13.186470104546542), (22.87978820425041, 13.208878888755196), (22.859791047598094, 13.231369029970375), (22.839712530006754, 13.253940527760697)]",True
1783881419.211163,0,23.652669521374264,12.372738119722191,0.8002732068377857,266.3455462615014,-0.455593351952895,22.62445469503058,7.827178505136162,2.2684744139568864,271.69019303548595,-0.44121583895224026,-1.0282148263436852,-4.545559614586029,1.4682012071191006,5.34464677398455,0.014377513000654762,"[(23.643378192432852, 12.352664732415544), (23.62695232754579, 12.370397059661208), (23.610445187876262, 12.388210659932678), (23.59385677379702, 12.406105532844714), (23.57718708568159, 12.424081678011301), (23.560436123904278, 12.442139095045647), (23.54360388884016, 12.460277783560183), (23.526690380865098, 12.478497743166562), (23.509695600355716, 12.496798973475666), (23.492619547689426, 12.515181474097595), (23.475462223244417, 12.533645244641678), (23.458223627399647, 12.552190284716463), (23.44090376053485, 12.570816593929727), (23.42350262303054, 12.589524171888469), (23.406020215268008, 12.608313018198908), (23.38845653762932, 12.627183132466492), (23.370811590497315, 12.646134514295891), (23.353085374255613, 12.665167163290997), (23.33527788928861, 12.684281079054928), (23.317389135981472, 12.703476261190026), (23.299419114720145, 12.722752709297858), (23.281367825891355, 12.74211042297921), (23.263235269882596, 12.761549401834097), (23.24502144708215, 12.781069645461757), (23.226726357879063, 12.80067115346065), (23.208350002663163, 12.820353925428462), (23.189892381825054, 12.8401179609621), (23.171353495756115, 12.8599632596577), (23.1527333448485, 12.879889821110616), (23.13403192949514, 12.899897644915429), (23.115249250089747, 12.919986730665943), (23.0963853070268, 12.94015707795519), (23.077440100701562, 12.96040868637542), (23.058413631510067, 12.98074155551811), (23.039305899849126, 13.001155684973961), (23.020116906116332, 13.021651074332896), (23.000846650710045, 13.042227723184066), (22.981495134029405, 13.062885631115844), (22.96206235647433, 13.083624797715824), (22.94254831844551, 13.10444522257083), (22.922953020344412, 13.125346905266902), (22.90327646257328, 13.14632984538931), (22.88351864553514, 13.167394042522549), (22.863679569633785, 13.188539496250334), (22.843759235273787, 13.209766206155606)]",True
1783881419.2433147,0,23.646860673439292,12.39602977208555,0.8001450913813797,266.3455462615014,-0.455593351952895,22.677957535387787,7.8694736139724775,2.2782000583121764,271.69019303548595,-0.44121583895224026,-0.9689031380515054,-4.526556158113072,1.4780549669307967,5.34464677398455,0.014377513000654762,"[(23.638592569175355, 12.37488118152584), (23.62210446740911, 12.39201876896597), (23.60553479705971, 12.409237924109656), (23.588883558504538, 12.426538646573244), (23.57215075212175, 12.443920935972296), (23.555336378290303, 12.461384791921581), (23.538440437389937, 12.47893021403509), (23.521462929801174, 12.496557201926016), (23.50440385590533, 12.514265755206772), (23.487263216084507, 12.532055873488979), (23.470041010721594, 12.549927556383473), (23.452737240200268, 12.567880803500303), (23.435351904904994, 12.585915614448732), (23.417885005221017, 12.60403198883723), (23.40033654153438, 12.622229926273482), (23.38270651423191, 12.640509426364389), (23.364994923701218, 12.658870488716063), (23.347201770330706, 12.677313112933827), (23.329327054509562, 12.695837298622218), (23.31137077662776, 12.714443045384984), (23.293332937076066, 12.73313035282509), (23.275213536246024, 12.751899220544706), (23.257012574529977, 12.770749648145225), (23.23873005232105, 12.789681635227243), (23.220365970013148, 12.808695181390574), (23.201920328000977, 12.827790286234244), (23.18339312668002, 12.846966949356489), (23.164784366446554, 12.866225170354761), (23.14609404769764, 12.885564948825726), (23.127322170831125, 12.904986284365258), (23.108468736245648, 12.924489176568445), (23.08953374434063, 12.94407362502959), (23.070517195516285, 12.963739629342209), (23.051419090173603, 12.983487189099026), (23.032239428714377, 13.003316303891985), (23.012978211541174, 13.023226973312237), (22.993635439057357, 13.043219196950147), (22.97421111166707, 13.063292974395294), (22.954705229775254, 13.083448305236468), (22.93511779378762, 13.103685189061672), (22.91544880411068, 13.124003625458124), (22.895698261151736, 13.144403614012255), (22.875866165318865, 13.164885154309706), (22.85595251702094, 13.185448245935332), (22.835957316667614, 13.2060928884732)]",True
1783881419.3091414,0,23.642716766865824,12.411486265704742,0.8000951515549887,266.3455462615014,-0.455593351952895,22.713129162642936,7.898530172099842,2.2839374949755973,271.69019303548595,-0.44121583895224026,-0.9295876042228883,-4.5129560936049,1.4838423434206085,5.34464677398455,0.014377513000654762,"[(23.637004541817433, 12.381860660800271), (23.620611943400018, 12.39817301330258), (23.60413774981079, 12.414566961085507), (23.58758196142676, 12.431042503772815), (23.57094457862573, 12.447599640987482), (23.554225601786285, 12.464238372351694), (23.537425031287807, 12.480958697486852), (23.52054286751046, 12.497760616013563), (23.5035791108352, 12.51464412755165), (23.48653376164377, 12.531609231720145), (23.469406820318707, 12.548655928137292), (23.452198287243327, 12.565784216420544), (23.434908162801747, 12.58299409618657), (23.41753644737886, 12.600285567051241), (23.40008314136036, 12.617658628629648), (23.382548245132718, 12.635113280536093), (23.364931759083206, 12.652649522384081), (23.347233683599878, 12.670267353786338), (23.32945401907158, 12.687966774354795), (23.31159276588794, 12.705747783700597), (23.293649924439382, 12.723610381434098), (23.275625495117115, 12.741554567164865), (23.257519478313135, 12.759580340501676), (23.239331874420234, 12.77768770105252), (23.221062683831985, 12.795876648424596), (23.202711906942756, 12.814147182224316), (23.1842795441477, 12.832499302057304), (23.165765595842753, 12.850933007528392), (23.147170062424657, 12.869448298241627), (23.128492944290926, 12.888045173800265), (23.10973424183987, 12.906723633806774), (23.090893955470584, 12.925483677862832), (23.071972085582956, 12.944325305569329), (23.052968632577663, 12.963248516526368), (23.033883596856164, 12.982253310333263), (23.014716978820715, 13.001339686588535), (22.995468778874354, 13.020507644889921), (22.97613899742091, 13.039757184834368), (22.956727634865004, 13.059088306018035), (22.93723469161204, 13.078501008036291), (22.917660168068217, 13.097995290483716), (22.898004064640517, 13.117571152954104), (22.878266381736715, 13.137228595040456), (22.85844711976537, 13.15696761633499), (22.838546279135834, 13.17678821642913)]",True
1783881419.3424156,0,23.634759632142025,12.442483570294762,0.8000409259798598,266.3455462615014,-0.455593351952895,22.782179738794326,7.958653466885693,2.293863846120764,271.69019303548595,-0.44121583895224026,-0.8525798933476985,-4.483830103409069,1.4938229201409043,5.34464677398455,0.014377513000654762,"[(23.62929562497919, 12.412504315713921), (23.61272181724303, 12.42844022475115), (23.596066344431488, 12.444457799730012), (23.579329206924225, 12.460557040277024), (23.562510405101705, 12.476737946017911), (23.54560993934518, 12.493000516577611), (23.528627810036692, 12.509344751580265), (23.51156401755908, 12.525770650649227), (23.49441856229597, 12.542278213407057), (23.477191444631778, 12.558867439475524), (23.459882664951717, 12.575538328475607), (23.442492223641786, 12.592290880027491), (23.425020121088778, 12.609125093750572), (23.407466357680274, 12.626040969263453), (23.389830933804653, 12.643038506183947), (23.372113849851083, 12.660117704129073), (23.354315106209516, 12.677278562715063), (23.336434703270704, 12.694521081557353), (23.31847264142619, 12.71184526027059), (23.300428921068303, 12.729251098468628), (23.282303542590164, 12.746738595764535), (23.26409650638569, 12.76430775177058), (23.24580781284959, 12.781958566098247), (23.22743746237736, 12.799691038358224), (23.20898545536528, 12.81750516816041), (23.19045179221044, 12.835400955113913), (23.171836473310705, 12.853378398827047), (23.153139499064743, 12.871437498907339), (23.134360869872, 12.88957825496152), (23.115500586132725, 12.907800666595534), (23.096558648247957, 12.926104733414531), (23.07753505661952, 12.94449045502287), (23.058429811650036, 12.962957831024118), (23.03924291374291, 12.981506861021055), (23.019974363302346, 13.000137544615665), (23.000624160733334, 13.01884988140914), (22.98119230644166, 13.037643871001888), (22.9616788008339, 13.056519512993518), (22.94208364431742, 13.075476806982849), (22.922406837300375, 13.094515752567911), (22.902648380191714, 13.113636349345944), (22.882808273401178, 13.132838596913393), (22.862886517339298, 13.152122494865914), (22.842883112417397, 13.171488042798371), (22.822798059047585, 13.190935240304839)]",True
1783881419.3885078,0,23.626956683573276,12.474682319823241,0.8219893406144521,266.3455462615014,-0.455593351952895,22.849362055325674,8.021387172499471,2.3020326482968674,271.69019303548595,-0.44121583895224026,-0.7775946282476021,-4.45329514732377,1.4800433076824153,5.34464677398455,0.014377513000654762,"[(23.620946380611127, 12.4431340594535), (23.60419895248831, 12.458780222553251), (23.587369850084812, 12.474508061429605), (23.570459073782143, 12.490317575711739), (23.553466623962606, 12.506208765028038), (23.536392501009292, 12.522181629006093), (23.51923670530609, 12.538236167272709), (23.50199923723767, 12.554372379453891), (23.484680097189507, 12.57059026517486), (23.467279285547864, 12.586889824060037), (23.44979680269979, 12.603271055733062), (23.43223264903313, 12.619733959816772), (23.414586824936514, 12.636278535933219), (23.39685933079938, 12.65290478370366), (23.379050167011943, 12.66961270274856), (23.361159333965215, 12.686402292687598), (23.343186832051, 12.703273553139653), (23.325132661661893, 12.720226483722817), (23.30699682319128, 12.73726108405439), (23.28877931703334, 12.754377353750877), (23.270480143583047, 12.771575292427995), (23.252099303236157, 12.788854899700668), (23.233636796389227, 12.80621617518303), (23.215092623439602, 12.823659118488417), (23.196466784785418, 12.84118372922938), (23.177759280825605, 12.858790007017674), (23.15897011195988, 12.876477951464267), (23.14009927858876, 12.894247562179329), (23.12114678111355, 12.912098838772243), (23.10211261993634, 12.930031780851598), (23.08299679546002, 12.948046388025194), (23.06379930808827, 12.966142659900035), (23.04452015822556, 12.984320596082338), (23.025159346277153, 13.002580196177522), (23.005716872649103, 13.020921459790223), (22.986192737748254, 13.039344386524277), (22.966586941982246, 13.057848975982733), (22.946899485759506, 13.076435227767847), (22.92713036948926, 13.095103141481083), (22.90727959358151, 13.113852716723112), (22.88734715844707, 13.132683953093819), (22.86733306449753, 13.151596850192291), (22.84723731214528, 13.170591407616827), (22.82705990180349, 13.189667624964931), (22.80680083388614, 13.208825501833319)]",True
1783881419.435152,0,23.62325517523126,12.490618118843386,0.8144200868138259,266.3455462615014,-0.455593351952895,22.882202442663992,8.05370570714379,2.305557491198281,271.69019303548595,-0.44121583895224026,-0.7410527325672689,-4.436912411699597,1.491137404384455,5.34464677398455,0.014377513000654762,"[(23.612915185753227, 12.474516984246666), (23.596052627357324, 12.489986863583727), (23.5791083748154, 12.505538438959613), (23.562082428510386, 12.52117171000492), (23.544974788826007, 12.536886676349452), (23.527785456146773, 12.552683337622222), (23.510514430857988, 12.568561693451445), (23.493161713345756, 12.584521743464547), (23.47572730399697, 12.600563487288161), (23.458211203199312, 12.616686924548127), (23.44061341134126, 12.632892054869492), (23.42293392881209, 12.649178877876512), (23.405172756001853, 12.665547393192647), (23.387329893301413, 12.681997600440567), (23.369405341102414, 12.69852949924215), (23.351399099797295, 12.715143089218481), (23.333311169779293, 12.731838369989848), (23.31514155144243, 12.748615341175753), (23.296890245181523, 12.765474002394901), (23.278557251392186, 12.782414353265207), (23.260142570470823, 12.799436393403788), (23.241646202814625, 12.816540122426977), (23.223068148821586, 12.833725539950308), (23.20440840889048, 12.850992645588523), (23.185666983420884, 12.868341438955575), (23.166843872813164, 12.885771919664622), (23.14793907746848, 12.903284087328027), (23.12895259778878, 12.920877941557364), (23.109884434176806, 12.938553481963414), (23.0907345870361, 12.956310708156165), (23.071503056770982, 12.974149619744813), (23.05218984378658, 12.992070216337758), (23.0327949484888, 13.01007249754261), (23.013318371284356, 13.028156462966189), (22.99376011258074, 13.04632211221452), (22.97412017278625, 13.064569444892834), (22.95439855230996, 13.082898460605573), (22.934595251561753, 13.101309158956383), (22.91471027095229, 13.119801539548119), (22.894743610893038, 13.138375601982844), (22.87469527179625, 13.157031345861828), (22.854565254074963, 13.175768770785549), (22.83435355814302, 13.194587876353692), (22.814060184415055, 13.21348866216515), (22.79368513330649, 13.23247112781802)]",True
1783881419.4850326,0,23.60714652683105,12.56138663708847,0.8021595828263605,266.3455462615014,-0.455593351952895,23.023233507302994,8.206639962239457,2.3177835302890313,271.69019303548595,-0.44121583895224026,-0.5839130195280546,-4.354746674849013,1.5156239474626707,5.34464677398455,0.014377513000654762,"[(23.612915185753227, 12.474516984246666), (23.596052627357324, 12.489986863583727), (23.5791083748154, 12.505538438959613), (23.562082428510386, 12.52117171000492), (23.544974788826007, 12.536886676349452), (23.527785456146773, 12.552683337622222), (23.510514430857988, 12.568561693451445), (23.493161713345756, 12.584521743464547), (23.47572730399697, 12.600563487288161), (23.458211203199312, 12.616686924548127), (23.44061341134126, 12.632892054869492), (23.42293392881209, 12.649178877876512), (23.405172756001853, 12.665547393192647), (23.387329893301413, 12.681997600440567), (23.369405341102414, 12.69852949924215), (23.351399099797295, 12.715143089218481), (23.333311169779293, 12.731838369989848), (23.31514155144243, 12.748615341175753), (23.296890245181523, 12.765474002394901), (23.278557251392186, 12.782414353265207), (23.260142570470823, 12.799436393403788), (23.241646202814625, 12.816540122426977), (23.223068148821586, 12.833725539950308), (23.20440840889048, 12.850992645588523), (23.185666983420884, 12.868341438955575), (23.166843872813164, 12.885771919664622), (23.14793907746848, 12.903284087328027), (23.12895259778878, 12.920877941557364), (23.109884434176806, 12.938553481963414), (23.0907345870361, 12.956310708156165), (23.071503056770982, 12.974149619744813), (23.05218984378658, 12.992070216337758), (23.0327949484888, 13.01007249754261), (23.013318371284356, 13.028156462966189), (22.99376011258074, 13.04632211221452), (22.97412017278625, 13.064569444892834), (22.95439855230996, 13.082898460605573), (22.934595251561753, 13.101309158956383), (22.91471027095229, 13.119801539548119), (22.894743610893038, 13.138375601982844), (22.87469527179625, 13.157031345861828), (22.854565254074963, 13.175768770785549), (22.83435355814302, 13.194587876353692), (22.814060184415055, 13.21348866216515), (22.79368513330649, 13.23247112781802)]",True
1783881419.537025,0,23.60714652683105,12.56138663708847,0.8021595828263605,266.3455462615014,-0.455593351952895,23.023233507302994,8.206639962239457,2.3177835302890313,271.69019303548595,-0.44121583895224026,-0.5839130195280546,-4.354746674849013,1.5156239474626707,5.34464677398455,0.014377513000654762,"[(23.603521245402582, 12.51435433463273), (23.58659509970647, 12.529687307554477), (23.569587259984154, 12.545101976668006), (23.552497726619226, 12.560598341605193), (23.53532649999607, 12.576176401997127), (23.518073580499866, 12.591836157474102), (23.50073896851659, 12.60757760766562), (23.483322664433, 12.623400752200387), (23.465824668636664, 12.639305590706321), (23.448244981515927, 12.655292122810547), (23.430583603459933, 12.671360348139393), (23.412840534858617, 12.687510266318396), (23.395015776102706, 12.703741876972304), (23.377109327583725, 12.720055179725065), (23.359121189693987, 12.73645017419984), (23.3410513628266, 12.752926860018995), (23.322899847375467, 12.769485236804105), (23.304666643735274, 12.786125304175949), (23.28635175230151, 12.802847061754516), (23.267955173470448, 12.819650509159002), (23.24947690763916, 12.83653564600781), (23.23091695520551, 12.853502471918551), (23.212275316568157, 12.870550986508041), (23.19355199212654, 12.887681189392305), (23.174746982280908, 12.904893080186575), (23.155860287432287, 12.922186658505293), (23.13689190798251, 12.939561923962101), (23.11784184433419, 12.957018876169858), (23.09871009689074, 12.97455751474062), (23.079496666056368, 12.992177839285661), (23.060201552236062, 13.009879849415455), (23.040824755835615, 13.027663544739685), (23.02136627726161, 13.045528924867241), (23.00182611692142, 13.063475989406223), (22.982204275223214, 13.081504737963934), (22.96250075257595, 13.099615170146889), (22.942715549389376, 13.117807285560808), (22.922848666074042, 13.136081083810618), (22.90290010304128, 13.154436564500454), (22.88286986070322, 13.17287372723366), (22.862757939472786, 13.191392571612782), (22.84256433976369, 13.20999309723958), (22.822289061990443, 13.228675303715022), (22.80193210656834, 13.247439190639273), (22.781493473913475, 13.266284757611718)]",True
1783881419.5848737,0,23.60714652683105,12.56138663708847,0.8021595828263605,267.54862477606974,-0.45114944913012067,23.023233507302994,8.206639962239457,2.3177835302890313,271.69019303548595,-0.44121583895224026,-0.5839130195280546,-4.354746674849013,1.5156239474626707,4.1415682594162035,0.009933610177880414,"[(23.593030683465926, 12.561443455458228), (23.57609579752318, 12.576621078244553), (23.559079189365963, 12.591880425636013), (23.54198085937841, 12.60722149726556), (23.52480080794545, 12.622644292765347), (23.507539035452815, 12.63814881176674), (23.490195542287022, 12.653735053900308), (23.472770328835384, 12.669403018795823), (23.455263395486007, 12.685152706082265), (23.437674742627795, 12.700984115387822), (23.420004370650446, 12.716897246339887), (23.40225227994444, 12.732892098565058), (23.384418470901068, 12.74896867168914), (23.366502943912405, 12.765126965337142), (23.348505699371323, 12.781366979133283), (23.330426737671484, 12.797688712700982), (23.31226605920735, 12.81409216566287), (23.294023664374173, 12.830577337640783), (23.275699553567996, 12.84714422825576), (23.25729372718566, 12.863792837128045), (23.238806185624806, 12.880523163877095), (23.220236929283857, 12.897335208121568), (23.201585958562035, 12.914228969479325), (23.182853273859354, 12.931204447567442), (23.164038875576626, 12.948261642002194), (23.14514276411546, 12.965400552399064), (23.126164939878244, 12.982621178372742), (23.107105403268175, 12.999923519537123), (23.08796415468923, 13.01730757550531), (23.0687411945462, 13.034773345889608), (23.049436523244648, 13.05232083030153), (23.030050141190944, 13.0699500283518), (23.01058204879225, 13.087660939650341), (22.99103224645652, 13.105453563806286), (22.971400734592496, 13.123327900427974), (22.951687513609723, 13.141283949122947), (22.93189258391854, 13.159321709497958), (22.912015945930072, 13.17744118115896), (22.892057600056244, 13.195642363711121), (22.87201754670977, 13.213925256758806), (22.851895786304162, 13.232289859905592), (22.831692319253726, 13.25073617275426), (22.811407145973558, 13.2692641949068), (22.791040266879552, 13.287873925964401), (22.77059168238839, 13.306565365527465)]",True
1783881419.635056,0,23.60714652683105,12.56138663708847,0.8021595828263605,267.54862477606974,-0.45114944913012067,23.023233507302994,8.206639962239457,2.3177835302890313,271.69019303548595,-0.44121583895224026,-0.5839130195280546,-4.354746674849013,1.5156239474626707,4.1415682594162035,0.009933610177880414,"[(23.58915149931235, 12.576977589267747), (23.572188758989522, 12.592106953911712), (23.555144283987424, 12.60731805573), (23.53801807469065, 12.622610894355848), (23.520810131484595, 12.637985469421706), (23.50352045475544, 12.653441780559223), (23.48614904489016, 12.66897982739926), (23.46869590227653, 12.684599609571878), (23.451161027303122, 12.700301126706346), (23.433544420359297, 12.71608437843114), (23.415846081835216, 12.731949364373936), (23.398066012121824, 12.747896084161622), (23.38020421161087, 12.763924537420289), (23.36226068069489, 12.78003472377523), (23.344235419767227, 12.796226642850952), (23.326128429222003, 12.812500294271157), (23.307939709454146, 12.828855677658758), (23.289669260859366, 12.845292792635876), (23.271317083834184, 12.861811638823834), (23.252883178775903, 12.878412215843161), (23.234367546082627, 12.895094523313592), (23.215770186153243, 12.911858560854066), (23.19709109938745, 12.928704328082732), (23.178330286185727, 12.94563182461694), (23.159487746949356, 12.962641050073247), (23.140563482080402, 12.979732004067413), (23.12155749198174, 12.996904686214412), (23.10246977705703, 13.014159096128415), (23.083300337710725, 13.031495233422799), (23.064049174348078, 13.048913097710152), (23.04471628737513, 13.066412688602265), (23.025301677198723, 13.083994005710133), (23.00580534422649, 13.101657048643958), (22.98622728886686, 13.119401817013147), (22.966567511529046, 13.137228310426316), (22.946826012623074, 13.155136528491282), (22.927002792559747, 13.173126470815067), (22.907097851750674, 13.191198137003903), (22.88711119060825, 13.209351526663228), (22.86704280954567, 13.227586639397682), (22.84689270897692, 13.245903474811112), (22.826660889316784, 13.264302032506569), (22.806347350980836, 13.282782312086313), (22.785952094385447, 13.301344313151809), (22.76547511994778, 13.319988035303725)]",True
1783881419.6849716,0,23.601127468849192,12.584669274893592,0.8011468465156927,267.54862477606974,-0.45114944913012067,23.067629673991224,8.260212731465035,2.3208043920493617,271.69019303548595,-0.44121583895224026,-0.5334977948579684,-4.324456543428557,1.519657545533669,4.1415682594162035,0.009933610177880414,"[(23.58915149931235, 12.576977589267747), (23.572188758989522, 12.592106953911712), (23.555144283987424, 12.60731805573), (23.53801807469065, 12.622610894355848), (23.520810131484595, 12.637985469421706), (23.50352045475544, 12.653441780559223), (23.48614904489016, 12.66897982739926), (23.46869590227653, 12.684599609571878), (23.451161027303122, 12.700301126706346), (23.433544420359297, 12.71608437843114), (23.415846081835216, 12.731949364373936), (23.398066012121824, 12.747896084161622), (23.38020421161087, 12.763924537420289), (23.36226068069489, 12.78003472377523), (23.344235419767227, 12.796226642850952), (23.326128429222003, 12.812500294271157), (23.307939709454146, 12.828855677658758), (23.289669260859366, 12.845292792635876), (23.271317083834184, 12.861811638823834), (23.252883178775903, 12.878412215843161), (23.234367546082627, 12.895094523313592), (23.215770186153243, 12.911858560854066), (23.19709109938745, 12.928704328082732), (23.178330286185727, 12.94563182461694), (23.159487746949356, 12.962641050073247), (23.140563482080402, 12.979732004067413), (23.12155749198174, 12.996904686214412), (23.10246977705703, 13.014159096128415), (23.083300337710725, 13.031495233422799), (23.064049174348078, 13.048913097710152), (23.04471628737513, 13.066412688602265), (23.025301677198723, 13.083994005710133), (23.00580534422649, 13.101657048643958), (22.98622728886686, 13.119401817013147), (22.966567511529046, 13.137228310426316), (22.946826012623074, 13.155136528491282), (22.927002792559747, 13.173126470815067), (22.907097851750674, 13.191198137003903), (22.88711119060825, 13.209351526663228), (22.86704280954567, 13.227586639397682), (22.84689270897692, 13.245903474811112), (22.826660889316784, 13.264302032506569), (22.806347350980836, 13.282782312086313), (22.785952094385447, 13.301344313151809), (22.76547511994778, 13.319988035303725)]",True
1783881419.755105,0,23.601127468849192,12.584669274893592,0.8011468465156927,267.54862477606974,-0.45114944913012067,23.067629673991224,8.260212731465035,2.3208043920493617,271.69019303548595,-0.44121583895224026,-0.5334977948579684,-4.324456543428557,1.519657545533669,4.1415682594162035,0.009933610177880414,"[(23.58915149931235, 12.576977589267747), (23.572188758989522, 12.592106953911712), (23.555144283987424, 12.60731805573), (23.53801807469065, 12.622610894355848), (23.520810131484595, 12.637985469421706), (23.50352045475544, 12.653441780559223), (23.48614904489016, 12.66897982739926), (23.46869590227653, 12.684599609571878), (23.451161027303122, 12.700301126706346), (23.433544420359297, 12.71608437843114), (23.415846081835216, 12.731949364373936), (23.398066012121824, 12.747896084161622), (23.38020421161087, 12.763924537420289), (23.36226068069489, 12.78003472377523), (23.344235419767227, 12.796226642850952), (23.326128429222003, 12.812500294271157), (23.307939709454146, 12.828855677658758), (23.289669260859366, 12.845292792635876), (23.271317083834184, 12.861811638823834), (23.252883178775903, 12.878412215843161), (23.234367546082627, 12.895094523313592), (23.215770186153243, 12.911858560854066), (23.19709109938745, 12.928704328082732), (23.178330286185727, 12.94563182461694), (23.159487746949356, 12.962641050073247), (23.140563482080402, 12.979732004067413), (23.12155749198174, 12.996904686214412), (23.10246977705703, 13.014159096128415), (23.083300337710725, 13.031495233422799), (23.064049174348078, 13.048913097710152), (23.04471628737513, 13.066412688602265), (23.025301677198723, 13.083994005710133), (23.00580534422649, 13.101657048643958), (22.98622728886686, 13.119401817013147), (22.966567511529046, 13.137228310426316), (22.946826012623074, 13.155136528491282), (22.927002792559747, 13.173126470815067), (22.907097851750674, 13.191198137003903), (22.88711119060825, 13.209351526663228), (22.86704280954567, 13.227586639397682), (22.84689270897692, 13.245903474811112), (22.826660889316784, 13.264302032506569), (22.806347350980836, 13.282782312086313), (22.785952094385447, 13.301344313151809), (22.76547511994778, 13.319988035303725)]",True
1783881419.786877,0,23.59909312278707,12.592417013657073,0.8009287185757686,267.54862477606974,-0.45114944913012067,23.082114313106807,8.278351549365784,2.3217171391261653,271.69019303548595,-0.44121583895224026,-0.5169788096802641,-4.314065464291289,1.5207884205503968,4.1415682594162035,0.009933610177880414,"[(23.56857597156271, 12.593750190311889), (23.549551160220044, 12.609857292159834), (23.53045279278079, 12.6260379540751), (23.51128086962764, 12.642292175703368), (23.492035391144015, 12.658619956689611), (23.472716357714045, 12.675021296678084), (23.453323769722573, 12.691496195312327), (23.433857627555167, 12.708044652235165), (23.414317931598095, 12.724666667088707), (23.394704682238356, 12.74136223951435), (23.37501787986365, 12.758131369152773), (23.355257524862395, 12.774974055643943), (23.33542361762373, 12.79189029862711), (23.315516158537502, 12.808880097740808), (23.29553514799428, 12.825943452622859), (23.275480586385342, 12.84308036291037), (23.255352474102683, 12.86029082823973), (23.23515081153901, 12.877574848246615), (23.21487559908775, 12.894932422565986), (23.19452683714304, 12.91236355083209)]",True
1783881419.8350508,0,23.580975914374637,12.662138754250035,0.8001390963491563,267.54862477606974,-0.45114944913012067,23.19227093197364,8.428159631947436,2.327618233340471,271.69019303548595,-0.44121583895224026,-0.3887049824009985,-4.2339791223026,1.5274791369913148,4.1415682594162035,0.009933610177880414,"[(23.56857597156271, 12.593750190311889), (23.549551160220044, 12.609857292159834), (23.53045279278079, 12.6260379540751), (23.51128086962764, 12.642292175703368), (23.492035391144015, 12.658619956689611), (23.472716357714045, 12.675021296678084), (23.453323769722573, 12.691496195312327), (23.433857627555167, 12.708044652235165), (23.414317931598095, 12.724666667088707), (23.394704682238356, 12.74136223951435), (23.37501787986365, 12.758131369152773), (23.355257524862395, 12.774974055643943), (23.33542361762373, 12.79189029862711), (23.315516158537502, 12.808880097740808), (23.29553514799428, 12.825943452622859), (23.275480586385342, 12.84308036291037), (23.255352474102683, 12.86029082823973), (23.23515081153901, 12.877574848246615), (23.21487559908775, 12.894932422565986), (23.19452683714304, 12.91236355083209)]",True
1783881419.8851287,0,23.57894365946913,12.669877614208339,0.8001126424909074,267.54862477606974,-0.45114944913012067,23.218154144836998,8.466866238405679,2.3287677361759855,271.69019303548595,-0.44121583895224026,-0.36078951463213116,-4.20301137580266,1.528655093685078,4.1415682594162035,0.009933610177880414,"[(23.585787239706175, 12.585190937285919), (23.567478057868204, 12.60049374280458), (23.549061356949746, 12.615904073989254), (23.530537137788215, 12.631421930064057), (23.51190540122322, 12.64704731025091), (23.493166148096577, 12.662780213769533), (23.474319379252293, 12.67862063983745), (23.45536509553658, 12.694568587669986), (23.436303297797835, 12.710624056480267), (23.41713398688667, 12.72678704547922), (23.397857163655885, 12.743057553875577), (23.37847282896048, 12.759435580875868), (23.35898098365765, 12.775921125684425), (23.339381628606787, 12.792514187503384), (23.319674764669493, 12.80921476553268), (23.29986039270955, 12.826022858970052), (23.279938513592953, 12.842938467011042), (23.259909128187882, 12.859961588848988), (23.239772237364726, 12.877092223675037), (23.219527841996065, 12.894330370678134), (23.19917594295668, 12.911676029045026), (23.17871654112354, 12.929129197960263), (23.158149637375825, 12.946689876606197), (23.13747523259491, 12.964358064162981), (23.11669332766436, 12.98213375980857), (23.09580392346995, 13.000016962718723), (23.074807020899637, 13.018007672066998), (23.053702620843588, 13.036105887024757), (23.032490724194158, 13.054311606761164), (23.011171331845908, 13.072624830443187), (22.98974444469559, 13.091045557235592), (22.968210063642154, 13.109573786300952), (22.946568189586753, 13.128209516799638), (22.92481882343273, 13.146952747889824), (22.902961966085634, 13.16580347872749), (22.8809976184532, 13.184761708466413), (22.858925781445368, 13.203827436258177), (22.836746455974275, 13.223000661252165), (22.81445964295425, 13.242281382595563), (22.79206534330183, 13.261669599433361), (22.76956355793573, 13.281165310908351), (22.746954287776884, 13.300768516161128), (22.724237533748408, 13.320479214330087), (22.701413296775623, 13.340297404551427), (22.67848157778604, 13.360223085959149)]",True
1783881419.9398,0,23.56843350441651,12.710351699893748,0.9183616395155192,267.54862477606974,-0.45114944913012067,23.279870998673267,8.565666346493261,2.331196018086794,271.69019303548595,-0.44121583895224026,-0.2885625057432435,-4.144685353400487,1.412834378571275,4.1415682594162035,0.009933610177880414,"[(23.585787239706175, 12.585190937285919), (23.567478057868204, 12.60049374280458), (23.549061356949746, 12.615904073989254), (23.530537137788215, 12.631421930064057), (23.51190540122322, 12.64704731025091), (23.493166148096577, 12.662780213769533), (23.474319379252293, 12.67862063983745), (23.45536509553658, 12.694568587669986), (23.436303297797835, 12.710624056480267), (23.41713398688667, 12.72678704547922), (23.397857163655885, 12.743057553875577), (23.37847282896048, 12.759435580875868), (23.35898098365765, 12.775921125684425), (23.339381628606787, 12.792514187503384), (23.319674764669493, 12.80921476553268), (23.29986039270955, 12.826022858970052), (23.279938513592953, 12.842938467011042), (23.259909128187882, 12.859961588848988), (23.239772237364726, 12.877092223675037), (23.219527841996065, 12.894330370678134), (23.19917594295668, 12.911676029045026), (23.17871654112354, 12.929129197960263), (23.158149637375825, 12.946689876606197), (23.13747523259491, 12.964358064162981), (23.11669332766436, 12.98213375980857), (23.09580392346995, 13.000016962718723), (23.074807020899637, 13.018007672066998), (23.053702620843588, 13.036105887024757), (23.032490724194158, 13.054311606761164), (23.011171331845908, 13.072624830443187), (22.98974444469559, 13.091045557235592), (22.968210063642154, 13.109573786300952), (22.946568189586753, 13.128209516799638), (22.92481882343273, 13.146952747889824), (22.902961966085634, 13.16580347872749), (22.8809976184532, 13.184761708466413), (22.858925781445368, 13.203827436258177), (22.836746455974275, 13.223000661252165), (22.81445964295425, 13.242281382595563), (22.79206534330183, 13.261669599433361), (22.76956355793573, 13.281165310908351), (22.746954287776884, 13.300768516161128), (22.724237533748408, 13.320479214330087), (22.701413296775623, 13.340297404551427), (22.67848157778604, 13.360223085959149)]",True
1783881419.9965632,0,23.56418860577826,12.727780264575566,0.8776187313528641,267.54862477606974,-0.45114944913012067,23.30355097444331,8.605838307587904,2.332013362973189,271.69019303548595,-0.44121583895224026,-0.2606376313349479,-4.121941956987662,1.4543946316203251,4.1415682594162035,0.009933610177880414,"[(23.585787239706175, 12.585190937285919), (23.567478057868204, 12.60049374280458), (23.549061356949746, 12.615904073989254), (23.530537137788215, 12.631421930064057), (23.51190540122322, 12.64704731025091), (23.493166148096577, 12.662780213769533), (23.474319379252293, 12.67862063983745), (23.45536509553658, 12.694568587669986), (23.436303297797835, 12.710624056480267), (23.41713398688667, 12.72678704547922), (23.397857163655885, 12.743057553875577), (23.37847282896048, 12.759435580875868), (23.35898098365765, 12.775921125684425), (23.339381628606787, 12.792514187503384), (23.319674764669493, 12.80921476553268), (23.29986039270955, 12.826022858970052), (23.279938513592953, 12.842938467011042), (23.259909128187882, 12.859961588848988), (23.239772237364726, 12.877092223675037), (23.219527841996065, 12.894330370678134), (23.19917594295668, 12.911676029045026), (23.17871654112354, 12.929129197960263), (23.158149637375825, 12.946689876606197), (23.13747523259491, 12.964358064162981), (23.11669332766436, 12.98213375980857), (23.09580392346995, 13.000016962718723), (23.074807020899637, 13.018007672066998), (23.053702620843588, 13.036105887024757), (23.032490724194158, 13.054311606761164), (23.011171331845908, 13.072624830443187), (22.98974444469559, 13.091045557235592), (22.968210063642154, 13.109573786300952), (22.946568189586753, 13.128209516799638), (22.92481882343273, 13.146952747889824), (22.902961966085634, 13.16580347872749), (22.8809976184532, 13.184761708466413), (22.858925781445368, 13.203827436258177), (22.836746455974275, 13.223000661252165), (22.81445964295425, 13.242281382595563), (22.79206534330183, 13.261669599433361), (22.76956355793573, 13.281165310908351), (22.746954287776884, 13.300768516161128), (22.724237533748408, 13.320479214330087), (22.701413296775623, 13.340297404551427), (22.67848157778604, 13.360223085959149)]",True
1783881420.0351417,0,23.554769483380362,12.769127637372657,0.8270305901172523,267.54862477606974,-0.45114944913012067,23.359968948350968,8.707920204021285,2.3337399735923245,271.69019303548595,-0.44121583895224026,-0.19480053502939398,-4.061207433351372,1.5067093834750722,4.1415682594162035,0.009933610177880414,"[(23.585787239706175, 12.585190937285919), (23.567478057868204, 12.60049374280458), (23.549061356949746, 12.615904073989254), (23.530537137788215, 12.631421930064057), (23.51190540122322, 12.64704731025091), (23.493166148096577, 12.662780213769533), (23.474319379252293, 12.67862063983745), (23.45536509553658, 12.694568587669986), (23.436303297797835, 12.710624056480267), (23.41713398688667, 12.72678704547922), (23.397857163655885, 12.743057553875577), (23.37847282896048, 12.759435580875868), (23.35898098365765, 12.775921125684425), (23.339381628606787, 12.792514187503384), (23.319674764669493, 12.80921476553268), (23.29986039270955, 12.826022858970052), (23.279938513592953, 12.842938467011042), (23.259909128187882, 12.859961588848988), (23.239772237364726, 12.877092223675037), (23.219527841996065, 12.894330370678134), (23.19917594295668, 12.911676029045026), (23.17871654112354, 12.929129197960263), (23.158149637375825, 12.946689876606197), (23.13747523259491, 12.964358064162981), (23.11669332766436, 12.98213375980857), (23.09580392346995, 13.000016962718723), (23.074807020899637, 13.018007672066998), (23.053702620843588, 13.036105887024757), (23.032490724194158, 13.054311606761164), (23.011171331845908, 13.072624830443187), (22.98974444469559, 13.091045557235592), (22.968210063642154, 13.109573786300952), (22.946568189586753, 13.128209516799638), (22.92481882343273, 13.146952747889824), (22.902961966085634, 13.16580347872749), (22.8809976184532, 13.184761708466413), (22.858925781445368, 13.203827436258177), (22.836746455974275, 13.223000661252165), (22.81445964295425, 13.242281382595563), (22.79206534330183, 13.261669599433361), (22.76956355793573, 13.281165310908351), (22.746954287776884, 13.300768516161128), (22.724237533748408, 13.320479214330087), (22.701413296775623, 13.340297404551427), (22.67848157778604, 13.360223085959149)]",True
1783881420.1151507,0,23.55293345069537,12.777165192451786,0.8218893741443116,267.54862477606974,-0.45114944913012067,23.370693233531263,8.728649158986672,2.3340376337667603,271.69019303548595,-0.44121583895224026,-0.18224021716410732,-4.0485160334651145,1.5121482596224487,4.1415682594162035,0.009933610177880414,"[(23.585787239706175, 12.585190937285919), (23.567478057868204, 12.60049374280458), (23.549061356949746, 12.615904073989254), (23.530537137788215, 12.631421930064057), (23.51190540122322, 12.64704731025091), (23.493166148096577, 12.662780213769533), (23.474319379252293, 12.67862063983745), (23.45536509553658, 12.694568587669986), (23.436303297797835, 12.710624056480267), (23.41713398688667, 12.72678704547922), (23.397857163655885, 12.743057553875577), (23.37847282896048, 12.759435580875868), (23.35898098365765, 12.775921125684425), (23.339381628606787, 12.792514187503384), (23.319674764669493, 12.80921476553268), (23.29986039270955, 12.826022858970052), (23.279938513592953, 12.842938467011042), (23.259909128187882, 12.859961588848988), (23.239772237364726, 12.877092223675037), (23.219527841996065, 12.894330370678134), (23.19917594295668, 12.911676029045026), (23.17871654112354, 12.929129197960263), (23.158149637375825, 12.946689876606197), (23.13747523259491, 12.964358064162981), (23.11669332766436, 12.98213375980857), (23.09580392346995, 13.000016962718723), (23.074807020899637, 13.018007672066998), (23.053702620843588, 13.036105887024757), (23.032490724194158, 13.054311606761164), (23.011171331845908, 13.072624830443187), (22.98974444469559, 13.091045557235592), (22.968210063642154, 13.109573786300952), (22.946568189586753, 13.128209516799638), (22.92481882343273, 13.146952747889824), (22.902961966085634, 13.16580347872749), (22.8809976184532, 13.184761708466413), (22.858925781445368, 13.203827436258177), (22.836746455974275, 13.223000661252165), (22.81445964295425, 13.242281382595563), (22.79206534330183, 13.261669599433361), (22.76956355793573, 13.281165310908351), (22.746954287776884, 13.300768516161128), (22.724237533748408, 13.320479214330087), (22.701413296775623, 13.340297404551427), (22.67848157778604, 13.360223085959149)]",True
1783881420.1387646,0,23.55293345069537,12.777165192451786,0.8218893741443116,267.54862477606974,-0.45114944913012067,23.370693233531263,8.728649158986672,2.3340376337667603,271.69019303548595,-0.44121583895224026,-0.18224021716410732,-4.0485160334651145,1.5121482596224487,4.1415682594162035,0.009933610177880414,"[(23.54949009796521, 12.72103365077711), (23.528415307226755, 12.743690658098787), (23.507231205363844, 12.766456973019332), (23.4859377933008, 12.78933259458095), (23.464535071964253, 12.812317521823521), (23.443023042283144, 12.835411753784628), (23.421401705188728, 12.858615289499536), (23.39967106161457, 12.881928128001203), (23.377831112496533, 12.905350268320277), (23.355881858772804, 12.928881709485097), (23.333823301383877, 12.952522450521691), (23.311655441272553, 12.97627249045378), (23.289378279383943, 13.000131828302772), (23.266991816665467, 13.024100463087764), (23.244496054066857, 13.04817839382555), (23.221890992540157, 13.07236561953061), (23.199176633039716, 13.096662139215114), (23.176352976522196, 13.121067951888925), (23.153420023946566, 13.145583056559593), (23.13037777627411, 13.17020745223236), (23.107226234468413, 13.194941137910162), (23.083965399495376, 13.219784112593619), (23.06059527232321, 13.244736375281049), (23.03711585392243, 13.269797924968454), (23.01352714526587, 13.294968760649533), (22.98982914732866, 13.320248881315672), (22.96602186108825, 13.345638285955948), (22.942105287524402, 13.371136973557128), (22.918079427619176, 13.396744943103673), (22.89394428235695, 13.422462193577731), (22.86969985272441, 13.448288723959143), (22.845346139710543, 13.474224533225442), (22.820883144306656, 13.50026962035185), (22.796310867506364, 13.526423984311279), (22.771629310305585, 13.552687624074336), (22.746838473702553, 13.579060538609316), (22.721938358697805, 13.605542726882206), (22.69692896629419, 13.632134187856684), (22.67181029749687, 13.658834920494119), (22.646582353313306, 13.685644923753573), (22.62124513475328, 13.712564196591796), (22.595798642828875, 13.73959273796323), (22.570242878554485, 13.76673054682001), (22.544577842946815, 13.793977622111962), (22.518803537024876, 13.821333962786602)]",True
1783881420.1867118,0,23.55293345069537,12.777165192451786,0.8218893741443116,267.54862477606974,-0.45114944913012067,23.370693233531263,8.728649158986672,2.3340376337667603,271.69019303548595,-0.44121583895224026,-0.18224021716410732,-4.0485160334651145,1.5121482596224487,4.1415682594162035,0.009933610177880414,"[(23.54562766868446, 12.741424753504887), (23.526235591375873, 12.762787972794017), (23.506761988237546, 12.784232715260506), (23.487206859672135, 12.805758980482784), (23.46757020608307, 12.8273667680385), (23.44785202787457, 12.849056077504523), (23.428052325451638, 12.870826908456939), (23.40817109922005, 12.89267926047105), (23.388208349586368, 12.91461313312138), (23.368164076957935, 12.93662852598167), (23.34803828174288, 12.958725438624882), (23.327830964350106, 12.980903870623193), (23.3075421251893, 13.003163821548), (23.287171764670934, 13.02550529096992), (23.266719883206257, 13.047928278458786), (23.2461864812073, 13.07043278358365), (23.22557155908688, 13.093018805912784), (23.204875117258588, 13.115686345013678), (23.184097156136804, 13.138435400453044), (23.16323767613669, 13.161265971796805), (23.142296677674178, 13.184178058610108), (23.121274161165992, 13.207171660457316), (23.100170127029635, 13.230246776902014), (23.078984575683393, 13.253403407507003), (23.057717507546332, 13.276641551834304), (23.0363689230383, 13.299961209445154), (23.014938822579918, 13.323362379900013), (22.993427206592603, 13.346845062758556), (22.971834075498542, 13.370409257579677), (22.95015942972071, 13.39405496392149), (22.92840326968286, 13.417782181341328), (22.906565595809532, 13.44159090939574), (22.88464640852604, 13.465481147640498), (22.862645708258484, 13.489452895630587), (22.84056349543374, 13.513506152920217), (22.818399770479473, 13.537640919062813), (22.796154533824122, 13.561857193611019), (22.773827785896913, 13.586154976116696), (22.75141952712785, 13.610534266130927), (22.728929757947725, 13.634995063204013), (22.7063584787881, 13.659537366885473), (22.683705690081325, 13.684161176724045), (22.66097139226053, 13.708866492267685), (22.63815558575963, 13.733653313063568), (22.61525827101332, 13.75852163865809)]",True
1783881420.3044872,0,23.55293345069537,12.777165192451786,0.8218893741443116,267.54862477606974,-0.45114944913012067,23.370693233531263,8.728649158986672,2.3340376337667603,271.69019303548595,-0.44121583895224026,-0.18224021716410732,-4.0485160334651145,1.5121482596224487,4.1415682594162035,0.009933610177880414,"[(23.543789621943983, 12.749631552734886), (23.524614003884345, 12.770570912505509), (23.505357096442598, 12.79159155928599), (23.486018900017996, 12.81269349266021), (23.466599415010563, 12.833876712211275), (23.4470986418211, 12.855141217521508), (23.42751658085119, 12.876487008172464), (23.407853232503186, 12.897914083744917), (23.388108597180224, 12.919422443818865), (23.368282675286213, 12.941012087973528), (23.34837546722584, 12.96268301578735), (23.328386973404566, 12.984435226838), (23.308317194228636, 13.006268720702368), (23.28816613010506, 13.02818349695657), (23.267933781441638, 13.050179555175944), (23.247620148646934, 13.072256894935052), (23.227225232130298, 13.094415515807677), (23.206749032301854, 13.116655417366829), (23.1861915495725, 13.138976599184739), (23.16555278435391, 13.161379060832862), (23.14483273705854, 13.183862801881878), (23.12403140809962, 13.206427821901688), (23.10314879789116, 13.229074120461416), (23.082184906847935, 13.251801697129414), (23.06113973538551, 13.274610551473252), (23.04001328392022, 13.297500683059727), (23.01880555286918, 13.32047209145486), (22.99751654265027, 13.34352477622389), (22.976146253682167, 13.366658736931289), (22.95469468638431, 13.38987397314074), (22.93316184117692, 13.41317048441516), (22.91154771848099, 13.436548270316685), (22.88985231871829, 13.460007330406677), (22.86807564231137, 13.48354766424572), (22.846217689683563, 13.50716927139362), (22.824278461258963, 13.530872151409408), (22.80225795746245, 13.554656303851338), (22.780156178719682, 13.57852172827689), (22.757973125457085, 13.602468424242764), (22.735708798101868, 13.626496391304885), (22.713363197082018, 13.6506056290184), (22.690936322826296, 13.674796136937685), (22.66842817576424, 13.699067914616334), (22.645838756326164, 13.723420961607168), (22.623168064943158, 13.747855277462227)]",True
1783881420.384371,0,23.54744267525761,12.801029985690446,0.8116243016314236,267.54862477606974,-0.45114944913012067,23.401717848022205,8.791433479650967,2.334848351882251,271.69019303548595,-0.44121583895224026,-0.14572482723540503,-4.009596506039479,1.5232240502508274,4.1415682594162035,0.009933610177880414,"[(23.53863445587505, 12.773539742302214), (23.519967683875258, 12.79335815101307), (23.501219552588026, 12.813257917460662), (23.482390062408513, 12.833239041238798), (23.463479213732654, 12.853301521940505), (23.444487006957164, 12.873445359158033), (23.425413442479535, 12.893670552482853), (23.40625852069804, 12.913977101505655), (23.38702224201173, 12.934365005816352), (23.367704606820435, 12.954834265004077), (23.348305615524765, 12.975384878657188), (23.32882526852611, 12.996016846363256), (23.30926356622663, 13.016730167709081), (23.289620509029273, 13.037524842280684), (23.269896097337767, 13.0584008696633), (23.250090331556613, 13.079358249441393), (23.23020321209109, 13.100396981198644), (23.210234739347268, 13.121517064517956), (23.19018491373198, 13.142718498981454), (23.170053735652843, 13.164001284170482), (23.14984120551826, 13.185365419665606), (23.129547323737402, 13.206810905046616), (23.109172090720225, 13.22833773989252), (23.088715506877467, 13.24994592378155), (23.06817757262064, 13.271635456291156), (23.047558288362033, 13.29340633699801), (23.026857654514718, 13.315258565478011), (23.006075671492546, 13.33719214130627), (22.98521233971014, 13.359207064057124), (22.964267659582912, 13.38130333330413), (22.943241631527044, 13.40348094862007), (22.922134255959502, 13.425739909576942), (22.90094553329803, 13.44808021574597), (22.879675463961153, 13.470501866697594), (22.858324048368164, 13.49300486200148), (22.836891286939146, 13.515589201226513), (22.815377180094956, 13.5382548839408), (22.793781728257233, 13.56100190971167), (22.772104931848393, 13.583830278105674), (22.750346791291626, 13.606739988688581), (22.72850730701091, 13.629731041025382), (22.706586479430996, 13.652803434680292), (22.684584308977414, 13.675957169216746), (22.66250079607647, 13.699192244197398), (22.640335941155254, 13.722508659184127)]",True
1783881420.3929765,0,23.545529677501516,12.808906136578535,0.8094133617284875,267.54862477606974,-0.45114944913012067,23.41169112647464,8.812546007692001,2.3350933086690007,271.69019303548595,-0.44121583895224026,-0.13383855102687647,-3.9963601288865345,1.5256799469405131,4.1415682594162035,0.009933610177880414,"[(23.536924868110013, 12.78134637823785), (23.51840036342146, 12.800830886307935), (23.499794469498504, 12.820396782318637), (23.481107186735418, 12.840044065866465), (23.462338515527268, 12.85977273654715), (23.443488456269886, 12.879582793955644), (23.42455700935989, 12.899474237686116), (23.40554417519468, 12.919447067331957), (23.386449954172434, 12.939501282485777), (23.367274346692106, 12.959636882739408), (23.34801735315344, 12.9798538676839), (23.328678973956954, 13.000152236909523), (23.309259209503946, 13.020531990005766), (23.289758060196494, 13.040993126561341), (23.27017552643746, 13.061535646164177), (23.25051160863048, 13.082159548401425), (23.230766307179973, 13.102864832859453), (23.210939622491143, 13.12365149912385), (23.191031554969967, 13.14451954677943), (23.171042105023208, 13.165468975410217), (23.1509712730584, 13.186499784599464), (23.130819059483862, 13.20761197392964), (23.110585464708702, 13.228805542982432), (23.090270489142792, 13.250080491338753), (23.069874133196798, 13.271436818578731), (23.04939639728216, 13.292874524281716), (23.028837281811093, 13.314393608026275), (23.0081967871966, 13.335994069390201), (22.98747491385246, 13.357675907950501), (22.966671662193235, 13.379439123283406), (22.945787032634268, 13.401283714964364), (22.924821025591672, 13.423209682568046), (22.903773641482353, 13.44521702566834), (22.88264488072399, 13.467305743838354), (22.861434743735046, 13.48947583665042), (22.840143230934757, 13.51172730367609), (22.818770342743143, 13.534060144486126), (22.797316079581005, 13.556474358650526), (22.775780441869927, 13.578969945738496), (22.754163430032264, 13.601546905318466), (22.73246504449116, 13.624205236958085), (22.710685285670532, 13.646944940224225), (22.688824153995082, 13.669766014682974), (22.666881649890293, 13.692668459899643), (22.644857773782416, 13.715652275438764)]",True
1783881420.4370008,0,23.53199396496279,12.86360056263488,0.8021497651241722,267.54862477606974,-0.45114944913012067,23.477166692929238,8.962357498439065,2.336511111191768,94.91448913669812,-0.14332823621071386,-0.05482727203355253,-3.901243064195816,1.5343613460675958,-172.6341356393716,0.3078212129194068,"[(23.53398632253077, 12.789280922026748), (23.514393743825586, 12.80835802927475), (23.4946938869349, 12.82754241583341), (23.474886752717474, 12.846834080854455), (23.454972342034253, 12.866233023487428), (23.43495065574837, 12.885739242879692), (23.414821694725127, 12.90535273817643), (23.394585459832015, 12.925073508520642), (23.374241951938703, 12.944901553053151), (23.35379117191704, 12.964836870912599), (23.333233120641054, 12.984879461235444), (23.312567798986958, 13.005029323155966), (23.29179520783314, 13.025286455806267), (23.27091534806017, 13.045650858316263), (23.249928220550807, 13.066122529813695), (23.228833826189973, 13.08670146942412), (23.207632165864784, 13.10738767627092), (23.186323240464528, 13.128181149475285), (23.164907050880682, 13.149081888156239), (23.143383598006896, 13.170089891430615), (23.121752882739003, 13.191205158413075), (23.10001490597502, 13.21242768821609), (23.07816966861513, 13.23375747994996), (23.056217171561713, 13.2551945327228), (23.034157415719317, 13.276738845640548), (23.01199040199468, 13.29839041780696), (22.98971613129671, 13.32014924832361), (22.967334604536504, 13.342015336289895), (22.944845822627332, 13.363988680803033), (22.922249786484652, 13.386069280958058), (22.899546497026087, 13.408257135847826), (22.876735955171455, 13.430552244563016), (22.85381816184275, 13.45295460619212), (22.830793117964138, 13.47546421982146), (22.807660824461973, 13.498081084535169), (22.784421282264788, 13.520805199415205), (22.761074492303294, 13.543636563541346), (22.73762045551038, 13.566575175991188), (22.71405917282112, 13.58962103584015), (22.690390645172762, 13.612774142161467), (22.666614873504734, 13.6360344940262), (22.642731858758644, 13.659402090503226), (22.618741601878284, 13.682876930659246), (22.594644103809625, 13.706459013558776), (22.57043936550081, 13.73014833826416)]",True
1783881420.4890199,0,23.52817442242077,12.879174202741234,0.8014097685635291,267.54862477606974,-0.45114944913012067,23.485945114311374,8.984011695958111,2.3366770037733504,94.91448913669812,-0.14332823621071386,-0.042229308109394736,-3.895162506783123,1.5352672352098213,-172.6341356393716,0.3078212129194068,"[(23.53398632253077, 12.789280922026748), (23.514393743825586, 12.80835802927475), (23.4946938869349, 12.82754241583341), (23.474886752717474, 12.846834080854455), (23.454972342034253, 12.866233023487428), (23.43495065574837, 12.885739242879692), (23.414821694725127, 12.90535273817643), (23.394585459832015, 12.925073508520642), (23.374241951938703, 12.944901553053151), (23.35379117191704, 12.964836870912599), (23.333233120641054, 12.984879461235444), (23.312567798986958, 13.005029323155966), (23.29179520783314, 13.025286455806267), (23.27091534806017, 13.045650858316263), (23.249928220550807, 13.066122529813695), (23.228833826189973, 13.08670146942412), (23.207632165864784, 13.10738767627092), (23.186323240464528, 13.128181149475285), (23.164907050880682, 13.149081888156239), (23.143383598006896, 13.170089891430615), (23.121752882739003, 13.191205158413075), (23.10001490597502, 13.21242768821609), (23.07816966861513, 13.23375747994996), (23.056217171561713, 13.2551945327228), (23.034157415719317, 13.276738845640548), (23.01199040199468, 13.29839041780696), (22.98971613129671, 13.32014924832361), (22.967334604536504, 13.342015336289895), (22.944845822627332, 13.363988680803033), (22.922249786484652, 13.386069280958058), (22.899546497026087, 13.408257135847826), (22.876735955171455, 13.430552244563016), (22.85381816184275, 13.45295460619212), (22.830793117964138, 13.47546421982146), (22.807660824461973, 13.498081084535169), (22.784421282264788, 13.520805199415205), (22.761074492303294, 13.543636563541346), (22.73762045551038, 13.566575175991188), (22.71405917282112, 13.58962103584015), (22.690390645172762, 13.612774142161467), (22.666614873504734, 13.6360344940262), (22.642731858758644, 13.659402090503226), (22.618741601878284, 13.682876930659246), (22.594644103809625, 13.706459013558776), (22.57043936550081, 13.73014833826416)]",True
1783881420.5356627,0,23.524195781060513,12.89469527387028,0.8009244965493769,267.54862477606974,-0.45114944913012067,23.51141807621561,9.049326155748266,2.337128834863516,94.91448913669812,-0.14332823621071386,-0.012777704844904036,-3.8453691181220133,1.536204338314139,-172.6341356393716,0.3078212129194068,"[(23.53398632253077, 12.789280922026748), (23.514393743825586, 12.80835802927475), (23.4946938869349, 12.82754241583341), (23.474886752717474, 12.846834080854455), (23.454972342034253, 12.866233023487428), (23.43495065574837, 12.885739242879692), (23.414821694725127, 12.90535273817643), (23.394585459832015, 12.925073508520642), (23.374241951938703, 12.944901553053151), (23.35379117191704, 12.964836870912599), (23.333233120641054, 12.984879461235444), (23.312567798986958, 13.005029323155966), (23.29179520783314, 13.025286455806267), (23.27091534806017, 13.045650858316263), (23.249928220550807, 13.066122529813695), (23.228833826189973, 13.08670146942412), (23.207632165864784, 13.10738767627092), (23.186323240464528, 13.128181149475285), (23.164907050880682, 13.149081888156239), (23.143383598006896, 13.170089891430615), (23.121752882739003, 13.191205158413075), (23.10001490597502, 13.21242768821609), (23.07816966861513, 13.23375747994996), (23.056217171561713, 13.2551945327228), (23.034157415719317, 13.276738845640548), (23.01199040199468, 13.29839041780696), (22.98971613129671, 13.32014924832361), (22.967334604536504, 13.342015336289895), (22.944845822627332, 13.363988680803033), (22.922249786484652, 13.386069280958058), (22.899546497026087, 13.408257135847826), (22.876735955171455, 13.430552244563016), (22.85381816184275, 13.45295460619212), (22.830793117964138, 13.47546421982146), (22.807660824461973, 13.498081084535169), (22.784421282264788, 13.520805199415205), (22.761074492303294, 13.543636563541346), (22.73762045551038, 13.566575175991188), (22.71405917282112, 13.58962103584015), (22.690390645172762, 13.612774142161467), (22.666614873504734, 13.6360344940262), (22.642731858758644, 13.659402090503226), (22.618741601878284, 13.682876930659246), (22.594644103809625, 13.706459013558776), (22.57043936550081, 13.73014833826416)]",True
1783881420.584985,0,23.524195781060513,12.89469527387028,0.8009244965493769,267.54862477606974,-0.45114944913012067,23.51141807621561,9.049326155748266,2.337128834863516,94.91448913669812,-0.14332823621071386,-0.012777704844904036,-3.8453691181220133,1.536204338314139,-172.6341356393716,0.3078212129194068,"[(23.53343215884399, 12.79615011164576), (23.51508224447001, 12.814394479744479), (23.496648142223304, 12.832723035863435), (23.478129852524805, 12.851135779582782), (23.459527375796313, 12.86963271048181), (23.440840712460485, 12.88821382813894), (23.42206986294085, 12.906879132131731), (23.403214827661806, 12.925628622036879), (23.384275607048604, 12.944462297430206), (23.365252201527372, 12.963380157886679), (23.346144611525098, 12.982382202980393), (23.32695283746963, 13.001468432284582), (23.307676879789692, 13.020638845371613), (23.28831673891487, 13.039893441812985), (23.268872415275606, 13.059232221179338), (23.24934390930322, 13.078655183040441), (23.22973122142989, 13.098162326965204), (23.210034352088655, 13.117753652521666), (23.19025330171343, 13.137429159277003), (23.170388070738987, 13.157188846797528), (23.150438659600965, 13.177032714648686), (23.13040506873587, 13.196960762395058), (23.110287298581074, 13.216972989600363), (23.090085349574807, 13.237069395827447), (23.06979922215617, 13.2572499806383), (23.04942891676513, 13.277514743594038), (23.028974433842517, 13.297863684254922), (23.008435773830023, 13.31829680218034), (22.98781293717021, 13.338814096928818), (22.967105924306505, 13.359415568058017), (22.946314735683195, 13.38010121512473), (22.925439371745437, 13.40087103768489), (22.90447983293925, 13.421725035293564), (22.88343611971151, 13.442663207504951), (22.862308232509985, 13.463685553872386), (22.84109617178328, 13.48479207394834), (22.819799937980875, 13.505982767284419), (22.798419531553115, 13.527257633431363), (22.77695495295121, 13.54861667193905), (22.75540620262724, 13.570059882356487), (22.733773281034132, 13.591587264231821), (22.712056188625706, 13.613198817112334), (22.69025492585662, 13.63489454054444), (22.668369493182414, 13.656674434073691), (22.646399891059488, 13.678538497244773)]",True
1783881420.6362143,0,23.522156244595347,12.902439566968845,0.8007486595730461,267.54862477606974,-0.45114944913012067,23.51960278468871,9.071218102211711,2.3372653546845066,94.91448913669812,-0.14332823621071386,-0.002553459906636135,-3.8312214647571334,1.5365166951114606,-172.6341356393716,0.3078212129194068,"[(23.518457759127077, 12.85260463387972), (23.49806154853766, 12.873713219931597), (23.47755732124285, 12.89492982112505), (23.45694507812871, 12.916254436559333), (23.436224820083545, 12.937687065331474), (23.415396547997858, 12.959227706536282), (23.39446026276439, 12.980876359266341), (23.373415965278102, 13.00263302261201), (23.352263656436175, 13.024497695661427), (23.33100333713802, 13.046470377500512), (23.309635008285262, 13.068551067212955), (23.28815867078175, 13.090739763880226), (23.26657432553356, 13.113036466581573), (23.244881973448994, 13.135441174394021), (23.223081615438563, 13.157953886392372), (23.201173252415018, 13.180574601649207), (23.179156885293313, 13.203303319234884), (23.157032514990647, 13.226140038217537), (23.13480014242642, 13.249084757663077), (23.11245976852227, 13.272137476635198), (23.090011394202055, 13.295298194195365), (23.067455020391844, 13.31856690940282), (23.044790648019944, 13.34194362131459), (23.02201827801688, 13.365428328985475), (22.999137911315387, 13.389021031468051), (22.97614954885044, 13.412721727812677), (22.953053191559224, 13.436530417067484), (22.929848840381155, 13.460447098278385), (22.906536496257868, 13.484471770489067), (22.883116160133216, 13.508604432740999), (22.859587832953277, 13.532845084073426), (22.835951515666352, 13.557193723523369), (22.812207209222965, 13.581650350125631), (22.788354914575862, 13.606214962912789), (22.764394632680013, 13.630887560915202), (22.740326364492603, 13.655668143161002), (22.716150110973047, 13.680556708676104), (22.69186587308297, 13.705553256484198), (22.66747365178624, 13.730657785606754), (22.642973448048924, 13.755870295063017), (22.618365262839326, 13.781190783870015), (22.59364909712797, 13.80661925104255), (22.568824951887592, 13.832155695593205), (22.543892828093163, 13.857800116532337), (22.518852726721867, 13.883552512868086)]",True
1783881420.685169,0,23.511504904703543,12.941018390261744,0.8002607271072931,267.54862477606974,-0.45114944913012067,23.558309366080778,9.181495353779725,2.337856538454469,94.91448913669812,-0.14332823621071386,0.04680446137723493,-3.759523036482019,1.5375958113471757,-172.6341356393716,0.3078212129194068,"[(23.518457759127077, 12.85260463387972), (23.49806154853766, 12.873713219931597), (23.47755732124285, 12.89492982112505), (23.45694507812871, 12.916254436559333), (23.436224820083545, 12.937687065331474), (23.415396547997858, 12.959227706536282), (23.39446026276439, 12.980876359266341), (23.373415965278102, 13.00263302261201), (23.352263656436175, 13.024497695661427), (23.33100333713802, 13.046470377500512), (23.309635008285262, 13.068551067212955), (23.28815867078175, 13.090739763880226), (23.26657432553356, 13.113036466581573), (23.244881973448994, 13.135441174394021), (23.223081615438563, 13.157953886392372), (23.201173252415018, 13.180574601649207), (23.179156885293313, 13.203303319234884), (23.157032514990647, 13.226140038217537), (23.13480014242642, 13.249084757663077), (23.11245976852227, 13.272137476635198), (23.090011394202055, 13.295298194195365), (23.067455020391844, 13.31856690940282), (23.044790648019944, 13.34194362131459), (23.02201827801688, 13.365428328985475), (22.999137911315387, 13.389021031468051), (22.97614954885044, 13.412721727812677), (22.953053191559224, 13.436530417067484), (22.929848840381155, 13.460447098278385), (22.906536496257868, 13.484471770489067), (22.883116160133216, 13.508604432740999), (22.859587832953277, 13.532845084073426), (22.835951515666352, 13.557193723523369), (22.812207209222965, 13.581650350125631), (22.788354914575862, 13.606214962912789), (22.764394632680013, 13.630887560915202), (22.740326364492603, 13.655668143161002), (22.716150110973047, 13.680556708676104), (22.69186587308297, 13.705553256484198), (22.66747365178624, 13.730657785606754), (22.642973448048924, 13.755870295063017), (22.618365262839326, 13.781190783870015), (22.59364909712797, 13.80661925104255), (22.568824951887592, 13.832155695593205), (22.543892828093163, 13.857800116532337), (22.518852726721867, 13.883552512868086)]",True
1783881420.7440128,0,23.503524235644385,12.972011097683804,0.8001121304570628,267.54862477606974,-0.45114944913012067,23.586828323844415,9.270561749306301,2.3382360422341404,94.91448913669812,-0.14332823621071386,0.08330408820003044,-3.701449348377503,1.5381239117770775,-172.6341356393716,0.3078212129194068,"[(23.506089151749258, 12.907159120705), (23.486436998700654, 12.929528989273965), (23.46670202083332, 12.95198167889386), (23.44688421857122, 12.974517189113433), (23.42698359233915, 12.997135519480604), (23.40700014256273, 13.019836669542459), (23.386933869668418, 13.042620638845253), (23.36678477408349, 13.065487426934414), (23.346552856236073, 13.088437033354536), (23.326238116555103, 13.111469457649383), (23.30584055547037, 13.134584699361888), (23.285360173412467, 13.157782758034154), (23.264796970812842, 13.181063633207454), (23.244150948103766, 13.20442732442223), (23.223422105718335, 13.227873831218092), (23.20261044409048, 13.251403153133822), (23.181715963654966, 13.275015289707365), (23.160738664847383, 13.298710240475845), (23.139678548104154, 13.322488004975549), (23.118535613862537, 13.346348582741932), (23.097309862560618, 13.370291973309623), (23.076001294637308, 13.394318176212419), (23.054609910532356, 13.418427190983287), (23.033135710686338, 13.44261901715436), (23.01157869554066, 13.466893654256944), (22.989938865537564, 13.491251101821511), (22.96821622112012, 13.515691359377707), (22.946410762732224, 13.540214426454344), (22.92452249081861, 13.564820302579404), (22.902551405824838, 13.58950898728004), (22.880497508197298, 13.614280480082572), (22.858360798383213, 13.63913478051249), (22.836141276830638, 13.664071888094458), (22.813838943988458, 13.689091802352303), (22.791453800306385, 13.714194522809025), (22.768985846234965, 13.739380048986792), (22.746435082225574, 13.764648380406943), (22.723801508730418, 13.789999516589985), (22.701085126202532, 13.815433457055596), (22.67828593509579, 13.840950201322622), (22.655403935864882, 13.86654974890908), (22.63243912896534, 13.892232099332155), (22.609391514853527, 13.917997252108202), (22.58626109398663, 13.943845206752748), (22.563047866822668, 13.969775962780483)]",True
1783881420.787836,0,23.498155067320056,12.995405271443618,0.8000595521822046,267.54862477606974,-0.45114944913012067,23.6072027469268,9.33768799595814,2.3384758838441786,94.91448913669812,-0.14332823621071386,0.10904767960674278,-3.657717275485478,1.5384163316619741,-172.6341356393716,0.3078212129194068,"[(23.492860911570556, 12.956673408384885), (23.47292243416036, 12.980213406285227), (23.452902223666126, 13.003835132382692), (23.432800280500203, 13.027538586229996), (23.41261660507573, 13.051323767379062), (23.39235119780664, 13.075190675381021), (23.372004059107653, 13.099139309786212), (23.35157518939429, 13.123169670144183), (23.331064589082853, 13.147281756003686), (23.310472258590444, 13.171475566912687), (23.289798198334953, 13.195751102418356), (23.269042408735068, 13.220108362067071), (23.24820489021026, 13.244547345404422), (23.227285643180803, 13.269068051975202), (23.206284668067752, 13.293670481323415), (23.185201965292958, 13.318354632992275), (23.164037535279068, 13.343120506524201), (23.14279137844952, 13.36796810146082), (23.12146349522854, 13.392897417342969), (23.10005388604114, 13.41790845371069), (23.078562551313144, 13.443001210103237), (23.05698949147115, 13.468175686059073), (23.035334706942553, 13.493431881115866), (23.01359819815554, 13.518769794810492), (22.991779965539095, 13.544189426679035), (22.96988000952299, 13.56969077625679), (22.947898330537782, 13.595273843078258), (22.925834929014833, 13.620938626677152), (22.90368980538629, 13.646685126586386), (22.881462960085088, 13.672513342338089), (22.859154393544962, 13.698423273463595), (22.836764106200434, 13.724414919493444), (22.814292098486817, 13.750488279957393), (22.79173837084022, 13.776643354384396), (22.769102923697545, 13.802880142302621), (22.74638575749648, 13.829198643239446), (22.723586872675504, 13.855598856721455), (22.700706269673894, 13.88208078227444), (22.67774394893172, 13.9086444194234), (22.654699910889835, 13.935289767692547), (22.631574155989895, 13.962016826605295), (22.608366684674337, 13.988825595684272), (22.585077497386397, 14.015716074451312), (22.5617065945701, 14.042688262427456), (22.538253976670266, 14.069742159132954)]",True
1783881420.8356223,0,23.49045587813338,13.026466262587926,0.800025616746748,267.54862477606974,-0.45114944913012067,23.632902727461413,9.427631621190667,2.338745727000801,94.91448913669812,-0.14332823621071386,0.14244684932803509,-3.598834641397259,1.538720110254053,-172.6341356393716,0.3078212129194068,"[(23.485046197707533, 12.986597567685045), (23.465947795756684, 13.007937104618744), (23.446768136403247, 13.02935789594546), (23.427507220044948, 13.050859941246076), (23.408165047080285, 13.072443240100696), (23.38874161790854, 13.094107792088653), (23.36923693292976, 13.115853596788503), (23.34965099254477, 13.137680653778027), (23.329983797155172, 13.15958896263423), (23.310235347163346, 13.181578522933345), (23.290405642972438, 13.203649334250828), (23.27049468498637, 13.225801396161362), (23.25050247360985, 13.248034708238855), (23.230429009248343, 13.270349270056439), (23.21027429230811, 13.292745081186471), (23.190038323196166, 13.315222141200536), (23.169721102320313, 13.337780449669442), (23.149322630089127, 13.360420006163222), (23.128842906911956, 13.383140810251136), (23.108281933198924, 13.405942861501666), (23.08763970936093, 13.428826159482526), (23.066916235809646, 13.451790703760647), (23.046111512957523, 13.474836493902188), (23.02522554121778, 13.497963529472537), (23.004258321004418, 13.521171810036305), (22.98320985273221, 13.544461335157328), (22.962080136816702, 13.567832104398667), (22.94086917367422, 13.591284117322608), (22.919576963721852, 13.614817373490665), (22.898203507377474, 13.638431872463572), (22.876748805059734, 13.662127613801294), (22.85521285718805, 13.68590459706302), (22.83359566418262, 13.709762821807162), (22.811897226464414, 13.73370228759136), (22.790117544455182, 13.757722993972475), (22.76825661857744, 13.781824940506601), (22.746314449254477, 13.80600812674905), (22.72429103691037, 13.830272552254364), (22.70218638196996, 13.854618216576307), (22.680000484858862, 13.879045119267872), (22.65773334600348, 13.903553259881274), (22.635384965830973, 13.928142637967957), (22.612955344769286, 13.952813253078586), (22.590444483247136, 13.977565104763057), (22.567852381694017, 14.002398192570485)]",True
1783881420.8996935,0,23.48646363317638,13.041960532889156,0.8000168029522094,267.54862477606974,-0.45114944913012067,23.64511921126169,9.472784103905093,2.3388621644802035,94.91448913669812,-0.14332823621071386,0.15865557808530895,-3.569176428984063,1.538845361527994,-172.6341356393716,0.3078212129194068,"[(23.48175616849148, 13.001184291539808), (23.46300925251436, 13.021618502096565), (23.444180997888054, 13.042134049031288), (23.425271405008257, 13.062730931932123), (23.40628047427144, 13.083409150386434), (23.387208206074856, 13.10416870398081), (23.368054600816535, 13.125009592301058), (23.348819658895284, 13.145931814932215), (23.32950338071069, 13.166935371458532), (23.310105766663117, 13.188020261463485), (23.290626817153708, 13.209186484529772), (23.27106653258438, 13.23043404023931), (23.25142491335784, 13.251762928173243), (23.23170195987756, 13.27317314791193), (23.211897672547796, 13.294664699034957), (23.19201205177358, 13.316237581121133), (23.17204509796073, 13.337891793748485), (23.15199681151583, 13.359627336494263), (23.13186719284625, 13.381444208934939), (23.11165624236014, 13.403342410646205), (23.09136396046642, 13.425321941202979), (23.070990347574796, 13.4473828001794), (23.05053540409575, 13.469524987148825), (23.02999913044054, 13.491748501683835), (23.009381527021205, 13.514053343356236), (22.988682594250555, 13.536439511737052), (22.967902332542188, 13.558907006396531), (22.947040742310477, 13.581455826904142), (22.926097823970572, 13.604085972828575), (22.9050735779384, 13.626797443737743), (22.883968004630667, 13.649590239198783), (22.862781104464858, 13.67246435877805), (22.841512877859238, 13.695419802041124), (22.820163325232844, 13.718456568552805), (22.7987324470055, 13.741574657877115), (22.777220243597792, 13.7647740695773), (22.755626715431106, 13.788054803215825), (22.73395186292759, 13.811416858354383), (22.712195686510174, 13.834860234553881), (22.690358186602573, 13.858384931374454), (22.66843936362927, 13.881990948375455), (22.64643921801553, 13.90567828511546), (22.624357750187396, 13.929446941152271), (22.602194960571694, 13.953296916042907), (22.57995084959602, 13.97722820934361)]",True
1783881420.9376042,0,23.471471667138758,13.096131167687501,0.8413730194136724,267.54862477606974,-0.45114944913012067,23.68452197663765,9.631697069363113,2.339190926264576,94.91448913669812,-0.14332823621071386,0.21305030949889314,-3.4644340983243875,1.4978179068509037,-172.6341356393716,0.3078212129194068,"[(23.478817628602986, 13.015048539353879), (23.460650658690337, 13.03384148251167), (23.442402231811695, 13.052715881789638), (23.42407234835924, 13.071671736789568), (23.40566100872594, 13.090709047112467), (23.387168213305547, 13.109827812358558), (23.368593962492593, 13.129028032127279), (23.3499382566824, 13.148309706017285), (23.331201096271066, 13.16767283362645), (23.31238248165548, 13.187117414551858), (23.293482413233303, 13.20664344838982), (23.274500891402994, 13.226250934735852), (23.255437916563785, 13.245939873184694), (23.236293489115695, 13.265710263330302), (23.21706760945953, 13.285562104765846), (23.19776027799687, 13.305495397083714), (23.178371495130087, 13.325510139875512), (23.158901261262336, 13.345606332732059), (23.13934957679755, 13.365783975243392), (23.119716442140447, 13.386043066998768), (23.100001857696533, 13.406383607586656), (23.08020582387209, 13.426805596594743), (23.060328341074197, 13.447309033609933), (23.040369409710696, 13.46789391821835), (23.020329030190226, 13.488560250005326), (23.00020720292221, 13.509308028555418), (22.980003928316847, 13.530137253452398), (22.95971920678513, 13.551047924279251), (22.939353038738822, 13.572040040618182), (22.91890542459048, 13.593113602050611), (22.89837636475344, 13.614268608157177), (22.877765859641823, 13.635505058517733), (22.85707390967053, 13.656822952711348), (22.836300515255246, 13.678222290316311), (22.81544567681245, 13.699703070910127), (22.79450939475938, 13.721265294069516), (22.773491669514087, 13.742908959370414), (22.752392501495383, 13.764634066387977), (22.73121189112287, 13.786440614696575), (22.709949838816943, 13.808328603869798), (22.688606344998764, 13.830298033480448), (22.66718141009029, 13.852348903100546), (22.64567503451425, 13.87448121230133), (22.624087218694175, 13.896694960653255), (22.602417963054357, 13.918990147725994)]",True
1783881420.9852314,0,23.462152946271157,13.129258069930417,0.8428949535822831,267.54862477606974,-0.45114944913012067,23.704691584636347,9.723066487530529,2.3393341647856762,94.91448913669812,-0.14332823621071386,0.24253863836518974,-3.406191582399888,1.496439211203393,-172.6341356393716,0.3078212129194068,"[(23.478817628602986, 13.015048539353879), (23.460650658690337, 13.03384148251167), (23.442402231811695, 13.052715881789638), (23.42407234835924, 13.071671736789568), (23.40566100872594, 13.090709047112467), (23.387168213305547, 13.109827812358558), (23.368593962492593, 13.129028032127279), (23.3499382566824, 13.148309706017285), (23.331201096271066, 13.16767283362645), (23.31238248165548, 13.187117414551858), (23.293482413233303, 13.20664344838982), (23.274500891402994, 13.226250934735852), (23.255437916563785, 13.245939873184694), (23.236293489115695, 13.265710263330302), (23.21706760945953, 13.285562104765846), (23.19776027799687, 13.305495397083714), (23.178371495130087, 13.325510139875512), (23.158901261262336, 13.345606332732059), (23.13934957679755, 13.365783975243392), (23.119716442140447, 13.386043066998768), (23.100001857696533, 13.406383607586656), (23.08020582387209, 13.426805596594743), (23.060328341074197, 13.447309033609933), (23.040369409710696, 13.46789391821835), (23.020329030190226, 13.488560250005326), (23.00020720292221, 13.509308028555418), (22.980003928316847, 13.530137253452398), (22.95971920678513, 13.551047924279251), (22.939353038738822, 13.572040040618182), (22.91890542459048, 13.593113602050611), (22.89837636475344, 13.614268608157177), (22.877765859641823, 13.635505058517733), (22.85707390967053, 13.656822952711348), (22.836300515255246, 13.678222290316311), (22.81544567681245, 13.699703070910127), (22.79450939475938, 13.721265294069516), (22.773491669514087, 13.742908959370414), (22.752392501495383, 13.764634066387977), (22.73121189112287, 13.786440614696575), (22.709949838816943, 13.808328603869798), (22.688606344998764, 13.830298033480448), (22.66718141009029, 13.852348903100546), (22.64567503451425, 13.87448121230133), (22.624087218694175, 13.896694960653255), (22.602417963054357, 13.918990147725994)]",True
1783881421.0349944,0,23.459907440538768,13.137340062988324,0.8347363356782935,267.54862477606974,-0.45114944913012067,23.709472398577372,9.74596623789339,2.339365821168868,94.91448913669812,-0.14332823621071386,0.24956495803860435,-3.3913738250949343,1.5046294854905744,-172.6341356393716,0.3078212129194068,"[(23.471172918777675, 13.045479618983745), (23.452589604380748, 13.065526324234742), (23.43392407635496, 13.08565524110329), (23.415176335106988, 13.105866369168249), (23.396346381044324, 13.126159708007666), (23.37743421457527, 13.146535257198781), (23.35843983610894, 13.166993016318019), (23.339363246055253, 13.187532984940992), (23.32020444482495, 13.208155162642504), (23.300963432829572, 13.228859548996544), (23.281640210481484, 13.249646143576294), (23.262234778193857, 13.27051494595412), (23.24274713638067, 13.29146595570158), (23.22317728545672, 13.312499172389419), (23.203525225837613, 13.333614595587568), (23.183790957939763, 13.354812224865148), (23.1639744821804, 13.376092059790471), (23.144075798977568, 13.397454099931034), (23.124094908750116, 13.418898344853524), (23.10403181191771, 13.44042479412382), (23.08388650890082, 13.462033447306979), (23.063659000120737, 13.483724303967259), (23.04334928599956, 13.5054973636681), (23.022957366960195, 13.527352625972132), (23.00248324342637, 13.54929009044117), (22.981926915822612, 13.571309756636222), (22.961288384574267, 13.593411624117483), (22.940567650107493, 13.615595692444337), (22.919764712849258, 13.637861961175357), (22.898879573227337, 13.660210429868302), (22.877912231670326, 13.682641098080122), (22.856862688607624, 13.705153965366954), (22.835730944469447, 13.727749031284125), (22.814516999686816, 13.75042629538615), (22.79322085469157, 13.773185757226733), (22.771842509916357, 13.796027416358763), (22.750381965794634, 13.818951272334324), (22.72883922276068, 13.841957324704683), (22.70721428124957, 13.8650455730203), (22.685507141697197, 13.88821601683082), (22.663717804540273, 13.911468655685077), (22.64184627021631, 13.934803489131097), (22.619892539163633, 13.958220516716091), (22.59785661182139, 13.981719737986461), (22.575738488629526, 14.005301152487796)]",True
1783881421.1879704,0,23.457630387304604,13.145336488985599,0.8281294868996428,267.54862477606974,-0.45114944913012067,23.71413249348322,9.76889117406442,2.339395972291039,94.91448913669812,-0.14332823621071386,0.25650210617861546,-3.3764453149211793,1.511266485391396,-172.6341356393716,0.3078212129194068,"[(23.471172918777675, 13.045479618983745), (23.452589604380748, 13.065526324234742), (23.43392407635496, 13.08565524110329), (23.415176335106988, 13.105866369168249), (23.396346381044324, 13.126159708007666), (23.37743421457527, 13.146535257198781), (23.35843983610894, 13.166993016318019), (23.339363246055253, 13.187532984940992), (23.32020444482495, 13.208155162642504), (23.300963432829572, 13.228859548996544), (23.281640210481484, 13.249646143576294), (23.262234778193857, 13.27051494595412), (23.24274713638067, 13.29146595570158), (23.22317728545672, 13.312499172389419), (23.203525225837613, 13.333614595587568), (23.183790957939763, 13.354812224865148), (23.1639744821804, 13.376092059790471), (23.144075798977568, 13.397454099931034), (23.124094908750116, 13.418898344853524), (23.10403181191771, 13.44042479412382), (23.08388650890082, 13.462033447306979), (23.063659000120737, 13.483724303967259), (23.04334928599956, 13.5054973636681), (23.022957366960195, 13.527352625972132), (23.00248324342637, 13.54929009044117), (22.981926915822612, 13.571309756636222), (22.961288384574267, 13.593411624117483), (22.940567650107493, 13.615595692444337), (22.919764712849258, 13.637861961175357), (22.898879573227337, 13.660210429868302), (22.877912231670326, 13.682641098080122), (22.856862688607624, 13.705153965366954), (22.835730944469447, 13.727749031284125), (22.814516999686816, 13.75042629538615), (22.79322085469157, 13.773185757226733), (22.771842509916357, 13.796027416358763), (22.750381965794634, 13.818951272334324), (22.72883922276068, 13.841957324704683), (22.70721428124957, 13.8650455730203), (22.685507141697197, 13.88821601683082), (22.663717804540273, 13.911468655685077), (22.64184627021631, 13.934803489131097), (22.619892539163633, 13.958220516716091), (22.59785661182139, 13.981719737986461), (22.575738488629526, 14.005301152487796)]",True
1783881421.2407806,0,23.43941790903874,13.207826990392448,0.8052021731236428,267.54862477606974,-0.45114944913012067,23.74758361448793,9.953026189677582,2.3395909053860007,94.91448913669812,-0.14332823621071386,0.3081657054491913,-3.2548008007148663,1.5343887322623577,-172.6341356393716,0.3078212129194068,"[(23.471172918777675, 13.045479618983745), (23.452589604380748, 13.065526324234742), (23.43392407635496, 13.08565524110329), (23.415176335106988, 13.105866369168249), (23.396346381044324, 13.126159708007666), (23.37743421457527, 13.146535257198781), (23.35843983610894, 13.166993016318019), (23.339363246055253, 13.187532984940992), (23.32020444482495, 13.208155162642504), (23.300963432829572, 13.228859548996544), (23.281640210481484, 13.249646143576294), (23.262234778193857, 13.27051494595412), (23.24274713638067, 13.29146595570158), (23.22317728545672, 13.312499172389419), (23.203525225837613, 13.333614595587568), (23.183790957939763, 13.354812224865148), (23.1639744821804, 13.376092059790471), (23.144075798977568, 13.397454099931034), (23.124094908750116, 13.418898344853524), (23.10403181191771, 13.44042479412382), (23.08388650890082, 13.462033447306979), (23.063659000120737, 13.483724303967259), (23.04334928599956, 13.5054973636681), (23.022957366960195, 13.527352625972132), (23.00248324342637, 13.54929009044117), (22.981926915822612, 13.571309756636222), (22.961288384574267, 13.593411624117483), (22.940567650107493, 13.615595692444337), (22.919764712849258, 13.637861961175357), (22.898879573227337, 13.660210429868302), (22.877912231670326, 13.682641098080122), (22.856862688607624, 13.705153965366954), (22.835730944469447, 13.727749031284125), (22.814516999686816, 13.75042629538615), (22.79322085469157, 13.773185757226733), (22.771842509916357, 13.796027416358763), (22.750381965794634, 13.818951272334324), (22.72883922276068, 13.841957324704683), (22.70721428124957, 13.8650455730203), (22.685507141697197, 13.88821601683082), (22.663717804540273, 13.911468655685077), (22.64184627021631, 13.934803489131097), (22.619892539163633, 13.958220516716091), (22.59785661182139, 13.981719737986461), (22.575738488629526, 14.005301152487796)]",True
1783881421.285938,0,23.421080936963175,13.269353462474506,0.8009620803989045,99.96376789256809,-0.42486806123228255,23.774098766067684,10.13830020911427,2.339722920321321,94.91448913669812,-0.14332823621071386,0.35301782910450896,-3.1310532533602355,1.5387608399224164,-5.049278755869963,0.2815398250215687,"[(23.471172918777675, 13.045479618983745), (23.452589604380748, 13.065526324234742), (23.43392407635496, 13.08565524110329), (23.415176335106988, 13.105866369168249), (23.396346381044324, 13.126159708007666), (23.37743421457527, 13.146535257198781), (23.35843983610894, 13.166993016318019), (23.339363246055253, 13.187532984940992), (23.32020444482495, 13.208155162642504), (23.300963432829572, 13.228859548996544), (23.281640210481484, 13.249646143576294), (23.262234778193857, 13.27051494595412), (23.24274713638067, 13.29146595570158), (23.22317728545672, 13.312499172389419), (23.203525225837613, 13.333614595587568), (23.183790957939763, 13.354812224865148), (23.1639744821804, 13.376092059790471), (23.144075798977568, 13.397454099931034), (23.124094908750116, 13.418898344853524), (23.10403181191771, 13.44042479412382), (23.08388650890082, 13.462033447306979), (23.063659000120737, 13.483724303967259), (23.04334928599956, 13.5054973636681), (23.022957366960195, 13.527352625972132), (23.00248324342637, 13.54929009044117), (22.981926915822612, 13.571309756636222), (22.961288384574267, 13.593411624117483), (22.940567650107493, 13.615595692444337), (22.919764712849258, 13.637861961175357), (22.898879573227337, 13.660210429868302), (22.877912231670326, 13.682641098080122), (22.856862688607624, 13.705153965366954), (22.835730944469447, 13.727749031284125), (22.814516999686816, 13.75042629538615), (22.79322085469157, 13.773185757226733), (22.771842509916357, 13.796027416358763), (22.750381965794634, 13.818951272334324), (22.72883922276068, 13.841957324704683), (22.70721428124957, 13.8650455730203), (22.685507141697197, 13.88821601683082), (22.663717804540273, 13.911468655685077), (22.64184627021631, 13.934803489131097), (22.619892539163633, 13.958220516716091), (22.59785661182139, 13.981719737986461), (22.575738488629526, 14.005301152487796)]",True
1783881421.337135,0,23.410078629135842,13.307841159128259,0.8003350505226279,99.96376789256809,-0.42486806123228255,23.78713731275542,10.254556333709832,2.339782803555978,94.91448913669812,-0.14332823621071386,0.37705868361957684,-3.0532848254184266,1.53944775303335,-5.049278755869963,0.2815398250215687,"[(23.471172918777675, 13.045479618983745), (23.452589604380748, 13.065526324234742), (23.43392407635496, 13.08565524110329), (23.415176335106988, 13.105866369168249), (23.396346381044324, 13.126159708007666), (23.37743421457527, 13.146535257198781), (23.35843983610894, 13.166993016318019), (23.339363246055253, 13.187532984940992), (23.32020444482495, 13.208155162642504), (23.300963432829572, 13.228859548996544), (23.281640210481484, 13.249646143576294), (23.262234778193857, 13.27051494595412), (23.24274713638067, 13.29146595570158), (23.22317728545672, 13.312499172389419), (23.203525225837613, 13.333614595587568), (23.183790957939763, 13.354812224865148), (23.1639744821804, 13.376092059790471), (23.144075798977568, 13.397454099931034), (23.124094908750116, 13.418898344853524), (23.10403181191771, 13.44042479412382), (23.08388650890082, 13.462033447306979), (23.063659000120737, 13.483724303967259), (23.04334928599956, 13.5054973636681), (23.022957366960195, 13.527352625972132), (23.00248324342637, 13.54929009044117), (22.981926915822612, 13.571309756636222), (22.961288384574267, 13.593411624117483), (22.940567650107493, 13.615595692444337), (22.919764712849258, 13.637861961175357), (22.898879573227337, 13.660210429868302), (22.877912231670326, 13.682641098080122), (22.856862688607624, 13.705153965366954), (22.835730944469447, 13.727749031284125), (22.814516999686816, 13.75042629538615), (22.79322085469157, 13.773185757226733), (22.771842509916357, 13.796027416358763), (22.750381965794634, 13.818951272334324), (22.72883922276068, 13.841957324704683), (22.70721428124957, 13.8650455730203), (22.685507141697197, 13.88821601683082), (22.663717804540273, 13.911468655685077), (22.64184627021631, 13.934803489131097), (22.619892539163633, 13.958220516716091), (22.59785661182139, 13.981719737986461), (22.575738488629526, 14.005301152487796)]",True
1783881421.3866444,0,23.410078629135842,13.307841159128259,0.8003350505226279,99.96376789256809,-0.42486806123228255,23.78713731275542,10.254556333709832,2.339782803555978,94.91448913669812,-0.14332823621071386,0.37705868361957684,-3.0532848254184266,1.53944775303335,-5.049278755869963,0.2815398250215687,"[(23.471172918777675, 13.045479618983745), (23.452589604380748, 13.065526324234742), (23.43392407635496, 13.08565524110329), (23.415176335106988, 13.105866369168249), (23.396346381044324, 13.126159708007666), (23.37743421457527, 13.146535257198781), (23.35843983610894, 13.166993016318019), (23.339363246055253, 13.187532984940992), (23.32020444482495, 13.208155162642504), (23.300963432829572, 13.228859548996544), (23.281640210481484, 13.249646143576294), (23.262234778193857, 13.27051494595412), (23.24274713638067, 13.29146595570158), (23.22317728545672, 13.312499172389419), (23.203525225837613, 13.333614595587568), (23.183790957939763, 13.354812224865148), (23.1639744821804, 13.376092059790471), (23.144075798977568, 13.397454099931034), (23.124094908750116, 13.418898344853524), (23.10403181191771, 13.44042479412382), (23.08388650890082, 13.462033447306979), (23.063659000120737, 13.483724303967259), (23.04334928599956, 13.5054973636681), (23.022957366960195, 13.527352625972132), (23.00248324342637, 13.54929009044117), (22.981926915822612, 13.571309756636222), (22.961288384574267, 13.593411624117483), (22.940567650107493, 13.615595692444337), (22.919764712849258, 13.637861961175357), (22.898879573227337, 13.660210429868302), (22.877912231670326, 13.682641098080122), (22.856862688607624, 13.705153965366954), (22.835730944469447, 13.727749031284125), (22.814516999686816, 13.75042629538615), (22.79322085469157, 13.773185757226733), (22.771842509916357, 13.796027416358763), (22.750381965794634, 13.818951272334324), (22.72883922276068, 13.841957324704683), (22.70721428124957, 13.8650455730203), (22.685507141697197, 13.88821601683082), (22.663717804540273, 13.911468655685077), (22.64184627021631, 13.934803489131097), (22.619892539163633, 13.958220516716091), (22.59785661182139, 13.981719737986461), (22.575738488629526, 14.005301152487796)]",True
1783881421.489271,0,23.407762902613438,13.31550181052811,0.8002713261805847,99.96376789256809,-0.42486806123228255,23.789409275366125,10.277843622997565,2.339793127165642,94.91448913669812,-0.14332823621071386,0.3816463727526873,-3.0376581875305444,1.539521800985057,-5.049278755869963,0.2815398250215687,"[(23.460464642379126, 13.085272699974285), (23.44126969802744, 13.107102866492266), (23.421992257907004, 13.129015525138978), (23.402632322434002, 13.15101067547197), (23.383189892025456, 13.173088317047966), (23.363664967099197, 13.195248449422873), (23.34405754807388, 13.217491072151775), (23.324367635368986, 13.239816184788932), (23.30459522940481, 13.262223786887786), (23.284740330602475, 13.284713878000957), (23.264802939383916, 13.307286457680243), (23.244783056171897, 13.329941525476622), (23.22468068139, 13.35267908094025), (23.20449581546264, 13.375499123620465), (23.18422845881503, 13.398401653065779), (23.163878611873223, 13.421386668823887), (23.143446275064086, 13.44445417044166), (23.122931448815308, 13.467604157465148), (23.1023341335554, 13.490836629439585), (23.08165432971369, 13.514151585909376), (23.060892037720333, 13.53754902641811), (23.040047258006307, 13.561028950508556), (23.019119991003404, 13.584591357722655), (22.998110237144243, 13.608236247601535), (22.97701799686226, 13.631963619685502), (22.95584327059171, 13.655773473514033), (22.934586058767678, 13.679665808625794), (22.91324636182606, 13.703640624558624), (22.891824180203585, 13.727697920849543), (22.87031951433779, 13.75183769703475), (22.84873236466704, 13.77605995264962), (22.827062731630523, 13.800364687228713), (22.805310615668244, 13.824751900305762), (22.78347601722103, 13.849221591413682), (22.761558936730534, 13.87377376008457), (22.73955937463922, 13.898408405849695), (22.71747733139038, 13.92312552823951), (22.695312807428127, 13.947925126783645), (22.673065803197396, 13.972807201010909), (22.650736319143938, 13.997771750449292), (22.62832435571433, 14.022818774625962), (22.605829913355965, 14.047948273067268), (22.583252992517064, 14.073160245298736), (22.56059359364666, 14.098454690845069), (22.53785171719462, 14.12383160923015)]",True
1783881421.5572052,0,23.400716409587968,13.338450320222664,0.8001440926631929,99.96376789256809,-0.42486806123228255,23.79589661218181,10.34773731796177,2.339821244925728,94.91448913669812,-0.14332823621071386,0.395180202593842,-2.990713002260895,1.539677152262535,-5.049278755869963,0.2815398250215687,"[(23.38110918096454, 13.357116882621032), (23.358335903072813, 13.389018423970194), (23.335482316072156, 13.421000262482373), (23.312548420379546, 13.453062397656641), (23.289534216412694, 13.485204828991334), (23.266439704590052, 13.51742755598405), (23.24326488533081, 13.54973057813165), (23.220009759054893, 13.582113894930256), (23.196674326182965, 13.614577505875255), (23.173258587136427, 13.647121410461294), (23.149762542337424, 13.679745608182285), (23.126186192208827, 13.712450098531402), (23.102529537174256, 13.74523488100108), (23.07879257765806, 13.778099955083018), (23.05497531408533, 13.811045320268178), (23.031077746881895, 13.844070976046785), (23.00709987647432, 13.877176921908323), (22.98304170328991, 13.910363157341541), (22.958903227756704, 13.943629681834452), (22.934684450303482, 13.976976494874332), (22.910385371359766, 14.010403595947716), (22.886005991355802, 14.043910984540405), (22.861546310722588, 14.07749866013746), (22.837006329891853, 14.111166622223205), (22.812386049296062, 14.144914870281232), (22.787685469368427, 14.178743403794387), (22.76290459054288, 14.212652222244785), (22.73804341325411, 14.246641325113801), (22.713101937937534, 14.280710711882076), (22.688080165029305, 14.31486038202951), (22.662978094966316, 14.349090335035264), (22.6377957281862, 14.383400570377768), (22.61253306512733, 14.41779108753471), (22.587190106228807, 14.45226188598304), (22.561766851930475, 14.486812965198975), (22.536263302672918, 14.521444324657994), (22.510679458897453, 14.556155963834835), (22.485015321046138, 14.590947882203501), (22.459270889561765, 14.62582007923726), (22.43344616488787, 14.660772554408638), (22.40754114746872, 14.695805307189426), (22.38155583774932, 14.730918337050678), (22.35549023617542, 14.766111643462713), (22.3293443431935, 14.80138522589511), (22.30311815925078, 14.836739083816713)]",True
1783881421.5874617,0,23.391894026638848,13.36921350406499,0.8000619727224187,99.96376789256809,-0.42486806123228255,23.80382011911785,10.440994399806677,2.339852879908238,94.91448913669812,-0.14332823621071386,0.41192609247900336,-2.9282191042583143,1.5397909071858191,-5.049278755869963,0.2815398250215687,"[(23.37569747498643, 13.37566332114981), (23.354181515372396, 13.404148937998546), (23.332584629935855, 13.432715471411043), (23.31090681909144, 13.461362920907117), (23.28914808325454, 13.490091286005821), (23.267308422841303, 13.518900566225449), (23.24538783826864, 13.547790761083537), (23.22338632995423, 13.576761870096856), (23.2013038983165, 13.605813892781422), (23.17914054377464, 13.634946828652488), (23.156896266748607, 13.664160677224547), (23.134571067659113, 13.693455438011334), (23.11216494692763, 13.722831110525822), (23.089677904976394, 13.752287694280225), (23.067109942228395, 13.781825188785996), (23.04446105910739, 13.811443593553829), (23.021731256037892, 13.841142908093657), (22.998920533445176, 13.870923131914653), (22.976028891755277, 13.900784264525232), (22.95305633139499, 13.930726305433046), (22.930002852791876, 13.960749254144988), (22.906868456374244, 13.990853110167192), (22.88365314257117, 14.021037873005033), (22.860356911812495, 14.051303542163122), (22.836979764528817, 14.081650117145312), (22.813521701151487, 14.112077597454697), (22.789982722112626, 14.142585982593612), (22.76636282784511, 14.173175272063629), (22.74266201878258, 14.203845465365564), (22.718880295359426, 14.234596561999469), (22.695017658010812, 14.265428561464637), (22.671074107172654, 14.296341463259601), (22.647049643281633, 14.327335266882136), (22.622944266775185, 14.358409971829255), (22.598757978091513, 14.389565577597216), (22.574490777669574, 14.420802083681508), (22.550142665949085, 14.452119489576868), (22.52571364337053, 14.483517794777269), (22.50120371037514, 14.514996998775926), (22.476612867404924, 14.546557101065295), (22.451941114902635, 14.578198101137069), (22.427188453311796, 14.609919998482182), (22.402354883076686, 14.641722792590809), (22.37744040464235, 14.673606482952366), (22.352445018454585, 14.705571069055509)]",True
1783881421.6357324,0,23.370202814595793,13.454487034685185,0.8000060970882408,99.96376789256809,-0.42486806123228255,23.822265316700083,10.697718892923481,2.3399138776978274,94.91448913669812,-0.14332823621071386,0.45206250210429033,-2.756768141761704,1.5399077806095867,-5.049278755869963,0.2815398250215687,"[(23.37569747498643, 13.37566332114981), (23.354181515372396, 13.404148937998546), (23.332584629935855, 13.432715471411043), (23.31090681909144, 13.461362920907117), (23.28914808325454, 13.490091286005821), (23.267308422841303, 13.518900566225449), (23.24538783826864, 13.547790761083537), (23.22338632995423, 13.576761870096856), (23.2013038983165, 13.605813892781422), (23.17914054377464, 13.634946828652488), (23.156896266748607, 13.664160677224547), (23.134571067659113, 13.693455438011334), (23.11216494692763, 13.722831110525822), (23.089677904976394, 13.752287694280225), (23.067109942228395, 13.781825188785996), (23.04446105910739, 13.811443593553829), (23.021731256037892, 13.841142908093657), (22.998920533445176, 13.870923131914653), (22.976028891755277, 13.900784264525232), (22.95305633139499, 13.930726305433046), (22.930002852791876, 13.960749254144988), (22.906868456374244, 13.990853110167192), (22.88365314257117, 14.021037873005033), (22.860356911812495, 14.051303542163122), (22.836979764528817, 14.081650117145312), (22.813521701151487, 14.112077597454697), (22.789982722112626, 14.142585982593612), (22.76636282784511, 14.173175272063629), (22.74266201878258, 14.203845465365564), (22.718880295359426, 14.234596561999469), (22.695017658010812, 14.265428561464637), (22.671074107172654, 14.296341463259601), (22.647049643281633, 14.327335266882136), (22.622944266775185, 14.358409971829255), (22.598757978091513, 14.389565577597216), (22.574490777669574, 14.420802083681508), (22.550142665949085, 14.452119489576868), (22.52571364337053, 14.483517794777269), (22.50120371037514, 14.514996998775926), (22.476612867404924, 14.546557101065295), (22.451941114902635, 14.578198101137069), (22.427188453311796, 14.609919998482182), (22.402354883076686, 14.641722792590809), (22.37744040464235, 14.673606482952366), (22.352445018454585, 14.705571069055509)]",True
1783881421.772972,0,23.364909068391274,13.477895999384902,0.8000032434334348,99.96376789256809,-0.42486806123228255,23.826557365099916,10.76730849194201,2.244821865237588,94.91448913669812,-0.14332823621071386,0.46164829670864194,-2.7105875074428916,1.4448186218041534,-5.049278755869963,0.2815398250215687,"[(23.36090406293434, 13.428346354182624), (23.339166046155697, 13.45752468142066), (23.317346269442485, 13.486784758514908), (23.295444733223917, 13.516126584964068), (23.27346143793, 13.545550160266053), (23.251396383991537, 13.575055483917984), (23.229249571840118, 13.604642555416188), (23.207021001908128, 13.634311374256207), (23.18471067462874, 13.664061939932786), (23.162318590435916, 13.693894251939886), (23.139844749764418, 13.72380830977067), (23.11728915304979, 13.753804112917512), (23.09465180072837, 13.783881660872), (23.07193269323729, 13.814040953124927), (23.04913183101447, 13.844281989166294), (23.026249214498623, 13.874604768485312), (23.003284844129258, 13.905009290570405), (22.980238720346662, 13.9354955549092), (22.95711084359192, 13.96606356098854), (22.93390121430691, 13.996713308294469), (22.910609832934302, 14.027444796312247), (22.887236699917555, 14.05825802452634), (22.863781815700918, 14.089152992420425), (22.84024518072943, 14.120129699477388), (22.816626795448926, 14.151188145179322), (22.79292666030603, 14.182328329007532), (22.769144775748153, 14.21355025044253), (22.7452811422235, 14.24485390896404), (22.721335760181073, 14.276239304050991), (22.69730863007066, 14.307706435181524), (22.673199752342832, 14.33925530183299), (22.649009127448963, 14.370885903481948), (22.624736755841212, 14.402598239604169), (22.600382637972533, 14.434392309674626), (22.575946774296668, 14.466268113167509), (22.55142916526815, 14.498225649556213), (22.526829811342303, 14.530264918313344), (22.502148712975245, 14.562385918910717), (22.47738587062388, 14.59458865081936), (22.452541284745912, 14.6268731135095), (22.427614955799825, 14.659239306450583), (22.402606884244896, 14.691687229111263), (22.377517070541202, 14.7242168809594), (22.3523455151496, 14.756828261462063), (22.327092218531742, 14.789521370085536)]",True
1783881421.8816988,0,23.363166366953255,13.485703901121601,0.8000026287997561,99.96376789256809,-0.42486806123228255,23.827797214639315,10.789246191727239,2.1497218652375882,94.91448913669812,-0.14332823621071386,0.46463084768605967,-2.6964577093943625,1.349719236437832,-5.049278755869963,0.2815398250215687,"[(23.358614227932403, 13.43753891114133), (23.337254410622617, 13.46583283716934), (23.315813756293778, 13.494207591031591), (23.294292265357413, 13.5226631722516), (23.272689938225795, 13.551199580352128), (23.251006775311957, 13.57981681485518), (23.229242777029686, 13.608514875282008), (23.20739794379353, 13.637293761153105), (23.185472276018793, 13.666153471988208), (23.16346577412153, 13.695094007306297), (23.141378438518558, 13.724115366625599), (23.119210269627445, 13.75321754946358), (23.09696126786652, 13.782400555336954), (23.07463143365487, 13.811664383761677), (23.05222076741233, 13.841009034252947), (23.029729269559503, 13.870434506325209), (23.007156940517742, 13.899940799492152), (22.984503780709158, 13.929527913266707), (22.961769790556616, 13.959195847161046), (22.93895497048374, 13.988944600686592), (22.916059320914904, 14.018774173354004), (22.893082842275252, 14.048684564673191), (22.87002553499067, 14.078675774153304), (22.846887399487812, 14.108747801302735), (22.82366843619408, 14.138900645629123), (22.800368645537635, 14.169134306639352), (22.776988027947397, 14.199448783839545), (22.75352658385304, 14.229844076735072), (22.729984313684998, 14.26032018483055), (22.706361217874452, 14.290877107629832), (22.682657296853346, 14.321514844636024), (22.658872551054383, 14.352233395351469), (22.63500698091102, 14.383032759277755), (22.611060586857466, 14.41391293591572), (22.587033369328694, 14.444873924765437), (22.562925328760425, 14.475915725326228), (22.538736465589142, 14.507038337096658), (22.514466780252086, 14.538241759574536), (22.490116273187247, 14.569525992256915), (22.465684944833377, 14.600891034640094), (22.441172795629985, 14.63233688621961), (22.41657982601733, 14.663863546490251), (22.391906036436435, 14.695471014946044), (22.367151427329073, 14.727159291080262), (22.342315999137778, 14.758928374385421)]",True
1783881421.8907986,0,23.36145207282127,13.493518082630692,0.8000021310694032,99.96376789256809,-0.42486806123228255,23.828875091045518,10.8102402122599,2.0546218652375883,94.91448913669812,-0.14332823621071386,0.4674230182242489,-2.683277870370791,1.254619734168185,-5.049278755869963,0.2815398250215687,"[(23.357027522237328, 13.444458438244114), (23.336042851539712, 13.47179461982161), (23.314977402321936, 13.499211571506276), (23.293831174991702, 13.52670929283095), (23.272604169957475, 13.554287783327707), (23.251296387628468, 13.581947042527876), (23.229907828414646, 13.609687069962025), (23.208438492726742, 13.637507865159968), (23.186888380976235, 13.665409427650765), (23.165257493575364, 13.69339175696272), (23.14354583093712, 13.721454852623383), (23.121753393475252, 13.749598714159546), (23.09988018160426, 13.77782334109725), (23.077926195739405, 13.806128732961776), (23.0558914362967, 13.834514889277653), (23.033775903692916, 13.862981809568655), (23.011579598345577, 13.891529493357801), (22.989302520672965, 13.920157940167352), (22.966944671094108, 13.948867149518817), (22.944506050028803, 13.977657120932946), (22.921986657897595, 14.006527853929741), (22.899386495121785, 14.035479348028442), (22.87670556212343, 14.064511602747539), (22.853943859325344, 14.093624617604762), (22.83110138715109, 14.12281839211709), (22.808178146024993, 14.152092925800742), (22.78517413637213, 14.18144821817119), (22.762089358618336, 14.210884268743143), (22.738923813190198, 14.240401077030562), (22.71567750051506, 14.269998642546646), (22.692350421021022, 14.299676964803842), (22.66894257513694, 14.329436043313844), (22.645453963292418, 14.359275877587587), (22.621884585917826, 14.389196467135255), (22.59823444344428, 14.419197811466274), (22.57450353630366, 14.449279910089317), (22.550691864928595, 14.479442762512301), (22.526799429752472, 14.509686368242388), (22.50282623120943, 14.540010726785985), (22.478772269734364, 14.570415837648744), (22.454637545762928, 14.600901700335562), (22.430422059731526, 14.631468314350581), (22.406125812077324, 14.66211567919719), (22.38174880323824, 14.69284379437802), (22.35729103365294, 14.723652659394947)]",True
1783881421.9411817,0,23.356350653854463,13.516969628541776,0.8000011372892951,99.96376789256809,-0.42486806123228255,23.830772675865067,10.867566200809899,1.7693218652375884,94.91448913669812,-0.14332823621071386,0.4744220220106037,-2.649403427731878,0.9693207279482933,-5.049278755869963,0.2815398250215687,"[(23.352456462119207, 13.46508074428912), (23.332420081466953, 13.48991210025702), (23.312302699560178, 13.514824451085985), (23.292104316801442, 13.539817796328144), (23.27182493359406, 13.564892135534873), (23.251464550342128, 13.590047468256778), (23.231023167450488, 13.615283794043698), (23.210500785324758, 13.640601112444713), (23.18989740437132, 13.665999423008136), (23.169213024997312, 13.691478725281518), (23.148447647610645, 13.71703901881164), (23.127601272619994, 13.742680303144525), (23.1066739004348, 13.768402577825428), (23.085665531465256, 13.79420584239884), (23.064576166122336, 13.820090096408487), (23.04340580481777, 13.846055339397333), (23.022154447964056, 13.872101570907578), (23.000822095974453, 13.898228790480655), (22.979408749262983, 13.924436997657232), (22.95791440824444, 13.950726191977216), (22.936339073334377, 13.977096372979748), (22.91468274494911, 14.003547540203204), (22.892945423505726, 14.030079693185197), (22.87112710942207, 14.056692831462573), (22.849227803116754, 14.08338695457142), (22.827247505009154, 14.110162062047054), (22.805186215519413, 14.137018153424032), (22.783043935068438, 14.163955228236144), (22.760820664077897, 14.190973286016415), (22.738516402970227, 14.21807232629711), (22.71613115216862, 14.245252348609725), (22.69366491209705, 14.272513352484994), (22.671117683180235, 14.29985533745289), (22.648489465843674, 14.327278303042615), (22.625780260513622, 14.35478224878261), (22.602990067617096, 14.382367174200553), (22.580118887581886, 14.410033078823355), (22.557166720836538, 14.437779962177167), (22.534133567810372, 14.465607823787371), (22.511019428933462, 14.493516663178587), (22.487824304636657, 14.521506479874674), (22.464548195351558, 14.54957727339872), (22.44119110151054, 14.577729043273054), (22.41775302354674, 14.60596178901924), (22.39423396189406, 14.634275510158073)]",True
1783881421.9856374,0,23.34656685952728,13.555749060793191,0.8000004038284204,99.96376789256809,-0.42486806123228255,23.82917803237201,10.944846276722924,1.3638154921293724,94.91448913669812,-0.14332823621071386,0.4826111728447309,-2.6109027840702677,0.563815088300952,-5.049278755869963,0.2815398250215687,"[(23.344776265251088, 13.50068436899528), (23.32587281722537, 13.522409858269338), (23.306888058687914, 13.544216654258442), (23.287821990035567, 13.566104756538731), (23.268674611665965, 13.588074164685574), (23.24944592397751, 13.610124878273552), (23.230135927369393, 13.63225689687648), (23.210744622241574, 13.654470220067386), (23.191272008994794, 13.676764847418529), (23.17171808803057, 13.699140778501382), (23.152082859751193, 13.721598012886652), (23.132366324559737, 13.744136550144258), (23.112568482860052, 13.766756389843348), (23.092689335056765, 13.789457531552289), (23.07272888155528, 13.812239974838675), (23.052687122761775, 13.835103719269322), (23.03256405908321, 13.858048764410265), (23.012359690927315, 13.881075109826767), (22.99207401870261, 13.90418275508331), (22.97170704281838, 13.927371699743603), (22.9512587636847, 13.950641943370572), (22.930729181712405, 13.97399348552637), (22.91011829731312, 13.99742632577237), (22.88942611089924, 14.020940463669174), (22.868652622883946, 14.044535898776598), (22.847797833681195, 14.068212630653688), (22.82686174370571, 14.09197065885871), (22.805844353373, 14.115809982949155), (22.784745663099354, 14.139730602481734), (22.76356567330183, 14.163732517012381), (22.742304384398267, 14.187815726096256), (22.720961796807284, 14.211980229287738), (22.699537910948273, 14.236226026140432), (22.678032727241405, 14.260553116207166), (22.656446246107627, 14.284961499039989), (22.63477846796867, 14.309451174190173), (22.61302939324703, 14.334022141208216), (22.591199022365984, 14.358674399643835), (22.569287355749594, 14.383407949045974), (22.547294393822693, 14.408222788962796), (22.52522013701089, 14.433118918941688), (22.503064585740574, 14.458096338529261), (22.48082774043891, 14.483155047271351), (22.45850960153384, 14.508295044713012), (22.436110169454086, 14.533516330398527)]",True
1783881422.0456715,0,23.339892681231678,13.578802003370615,0.8000002200423979,99.96376789256809,-0.42486806123228255,23.82451088251721,10.983593878831034,1.2494775944791496,94.91448913669812,-0.14332823621071386,0.48461820128553157,-2.5952081245395817,0.44947737443675173,-5.049278755869963,0.2815398250215687,"[(23.337027028270498, 13.537423911606815), (23.31886831326075, 13.557011621400925), (23.30062807062725, 13.576680856884215), (23.28230630076318, 13.596431617649701), (23.263903004062527, 13.616263903289608), (23.245418180920048, 13.636177713395378), (23.22685183173129, 13.656173047557665), (23.208203956892596, 13.676249905366337), (23.189474556801084, 13.696408286410476), (23.170663631854662, 13.716648190278375), (23.151771182452023, 13.736969616557548), (23.132797208992653, 13.757372564834714), (23.113741711876816, 13.777857034695812), (23.09460469150557, 13.79842302572599), (23.07538614828075, 13.819070537509615), (23.056086082604985, 13.839799569630266), (23.03670449488169, 13.860610121670732), (23.017241385515057, 13.881502193213018), (22.997696754910077, 13.902475783838348), (22.97807060347252, 13.92353089312715), (22.958362931608942, 13.944667520659076), (22.938573739726692, 13.965885666012984), (22.918703028233896, 13.987185328766946), (22.89875079753947, 14.008566508498255), (22.87871704805312, 14.030029204783412), (22.85860178018533, 14.051573417198133), (22.838404994347382, 14.073199145317348), (22.81812669095133, 14.094906388715199), (22.797766870410026, 14.116695146965045), (22.777325533137102, 14.138565419639457), (22.75680267954698, 14.160517206310223), (22.736198310054863, 14.182550506548338), (22.715512425076746, 14.204665319924018), (22.694745025029405, 14.22686164600669), (22.673896110330407, 14.249139484364992), (22.6529656813981, 14.271498834566781), (22.631953738651628, 14.293939696179127), (22.610860282510906, 14.31646206876831), (22.58968531339665, 14.339065951899828), (22.568428831730348, 14.36175134513839), (22.547090837934288, 14.384518248047923), (22.525671332431536, 14.407366660191563), (22.504170315645947, 14.430296581131664), (22.482587788002157, 14.453308010429788), (22.460923749925595, 14.476400947646718)]",True
1783881422.0895696,0,23.333211017737128,13.601853124888674,0.8000001224433017,99.96376789256809,-0.42486806123228255,23.81694381885813,11.019277377713427,1.1887587469580776,94.91448913669812,-0.14332823621071386,0.48373280112100403,-2.5825757471752464,0.38875862451477594,-5.049278755869963,0.2815398250215687,"[(23.329752200369903, 13.567148728430897), (23.31193233867453, 13.585504317505206), (23.294030810329108, 13.603941572501476), (23.276047615725723, 13.62246049302242), (23.25798275525726, 13.641061078669953), (23.239836229317383, 13.659743329045206), (23.221608038300563, 13.678507243748513), (23.20329818260205, 13.697352822379418), (23.184906662617898, 13.716280064536672), (23.166433478744946, 13.735288969818232), (23.147878631380824, 13.754379537821265), (23.12924212092396, 13.773551768142148), (23.11052394777356, 13.792805660376464), (23.091724112329647, 13.812141214119002), (23.07284261499301, 13.831558428963762), (23.053879456165248, 13.85105730450395), (23.034834636248743, 13.870637840331982), (23.015708155646667, 13.890300036039482), (22.996500014762997, 13.91004389121728), (22.97721021400249, 13.929869405455413), (22.957838753770694, 13.94977657834313), (22.93838563447396, 13.969765409468886), (22.91885085651942, 13.989835898420344), (22.899234420315004, 14.009988044784377), (22.879536326269434, 14.030221848147063), (22.85975657479222, 14.050537308093688), (22.839895166293662, 14.07093442420875), (22.819952101184864, 14.09141319607595), (22.79992737987771, 14.1119736232782), (22.779821002784878, 14.13261570539762), (22.759632970319842, 14.153339442015541), (22.739363282896864, 14.174144832712495), (22.719011940931004, 14.195031877068226), (22.698578944838104, 14.216000574661688), (22.678064295034808, 14.237050925071042), (22.657467991938546, 14.258182927873655), (22.636790035967543, 14.279396582646104), (22.61603042754081, 14.300691888964174), (22.595189167078157, 14.322068846402857), (22.57426625500018, 14.343527454536353), (22.55326169172827, 14.365067712938075), (22.532175477684614, 14.386689621180638), (22.511007613292183, 14.408393178835867), (22.489758098974743, 14.430178385474797), (22.468426935156852, 14.452045240667667)]",True
1783881422.1409369,0,23.322321890587776,13.640341675297927,0.8000000504101448,99.96376789256809,-0.42486806123228255,23.799722052185125,11.074777887663016,1.1439451119672803,94.91448913669812,-0.14332823621071386,0.4774001615973482,-2.565563787634911,0.34394506155713556,-5.049278755869963,0.2815398250215687,"[(23.316763593503833, 13.611863478278318), (23.299158873386304, 13.62891207991346), (23.281472361027685, 13.646042474548182), (23.26370405681995, 13.66325466179593), (23.24585396115587, 13.680548641269363), (23.227922074429014, 13.697924412580337), (23.209908397033747, 13.715381975339913), (23.191812929365234, 13.732921329158351), (23.173635671819433, 13.750542473645122), (23.155376624793103, 13.768245408408891), (23.137035788683797, 13.78603013305753), (23.11861316388987, 13.803896647198112), (23.10010875081047, 13.821844950436915), (23.081522549845545, 13.839875042379417), (23.062854561395838, 13.857986922630298), (23.044104785862892, 13.876180590793444), (23.025273223649044, 13.894456046471943), (23.00635987515743, 13.912813289268085), (22.987364740791982, 13.931252318783363), (22.96828782095743, 13.949773134618473), (22.9491291160593, 13.968375736373313), (22.929888626503924, 13.987060123646982), (22.910566352698417, 14.005826296037787), (22.8911622950507, 14.024674253143234), (22.871676453969492, 14.04360399456003), (22.852108829864303, 14.062615519884089), (22.832459423145444, 14.081708828710525), (22.812728234224025, 14.100883920633658), (22.792915263511947, 14.120140795247007), (22.773020511421915, 14.139479452143297), (22.753043978367426, 14.158899890914453), (22.73298566476278, 14.178402111151604), (22.712845571023067, 14.197986112445083), (22.69262369756418, 14.217651894384424), (22.67232004480281, 14.237399456558364), (22.651934613156435, 14.257228798554845), (22.63146740304334, 14.277139919961009), (22.610918414882608, 14.297132820363203), (22.59028764909411, 14.317207499346976), (22.56957510609852, 14.33736395649708), (22.54878078631731, 14.357602191397472), (22.527904690172747, 14.377922203631305), (22.506946818087897, 14.398323992780945), (22.48590717048662, 14.41880755842795), (22.464785747793577, 14.43937290015309)]",True
1783881422.2096593,0,23.316215416958904,13.663551723105497,0.8000000323605284,99.96376789256809,-0.42486806123228255,23.787434458604004,11.106620562799185,1.1327159925796397,94.91448913669812,-0.14332823621071386,0.4712190416450994,-2.5569311603063127,0.3327159602191113,-5.049278755869963,0.2815398250215687,"[(23.310351954751656, 13.633743485377574), (23.292992417571607, 13.64971392754192), (23.275550993899795, 13.665766258097758), (23.2580276841273, 13.681900476667611), (23.240422488646, 13.698116582873201), (23.22273540784858, 13.714414576335455), (23.20496644212853, 13.730794456674491), (23.18711559188013, 13.747256223509632), (23.16918285749846, 13.763799876459396), (23.151168239379412, 13.7804254151415), (23.133071737919682, 13.797132839172862), (23.114893353516756, 13.813922148169597), (23.09663308656892, 13.830793341747018), (23.078290937475277, 13.847746419519638), (23.059866906635715, 13.864781381101167), (23.04136099445093, 13.881898226104514), (23.022773201322416, 13.89909695414179), (23.00410352765247, 13.916377564824302), (22.985351973844203, 13.933740057762554), (22.9665185403015, 13.951184432566253), (22.94760322742907, 13.9687106888443), (22.928606035632416, 13.9863188262048), (22.90952696531784, 14.00400884425505), (22.89036601689245, 14.021780742601553), (22.87112319076415, 14.039634520850008), (22.851798487341643, 14.057570178605308), (22.832391907034445, 14.075587715471553), (22.81290345025286, 14.093687131052036), (22.793333117408004, 14.111868424949252), (22.773680908911786, 14.130131596764892), (22.753946825176918, 14.148476646099848), (22.734130866616912, 14.166903572554208), (22.71423303364609, 14.185412375727262), (22.694253326679565, 14.204003055217498), (22.674191746133257, 14.222675610622604), (22.654048292423884, 14.241430041539461), (22.633822965968964, 14.260266347564157), (22.61351576718682, 14.279184528291973), (22.59312669649657, 14.298184583317392), (22.572655754318138, 14.317266512234093), (22.55210294107225, 14.336430314634956), (22.531468257180432, 14.35567599011206), (22.51075170306501, 14.375003538256681), (22.489953279149116, 14.394412958659295), (22.46907298585667, 14.413904250909578)]",True
1783881422.2351983,0,23.314177269953976,13.67128772265338,0.8000000284729166,99.96376789256809,-0.42486806123228255,23.783044054057108,11.117049021464945,1.1302974116979365,94.91448913669812,-0.14332823621071386,0.4688667841031311,-2.554238701188435,0.3302973832250199,-5.049278755869963,0.2815398250215687,"[(23.308192142360475, 13.641341866242275), (23.290838294669552, 13.657222261876003), (23.273402548954238, 13.673184557549806), (23.255884905605722, 13.689228752886931), (23.238285365016004, 13.70535484750982), (23.220603927577876, 13.721562841040114), (23.20284059368494, 13.737852733098654), (23.184995363731595, 13.754224523305476), (23.167068238113046, 13.770678211279817), (23.149059217225293, 13.787213796640112), (23.130968301465142, 13.803831279003992), (23.112795491230198, 13.82053065798829), (23.094540786918873, 13.837311933209032), (23.07620418893038, 13.854175104281445), (23.057785697664727, 13.871120170819959), (23.03928531352273, 13.888147132438194), (23.020703036906006, 13.905255988748971), (23.00203886821697, 13.922446739364311), (22.98329280785884, 13.939719383895433), (22.96446485623564, 13.957073921952754), (22.945555013752188, 13.974510353145888), (22.92656328081411, 13.992028677083649), (22.907489657827835, 14.009628893374048), (22.888334145200584, 14.027311001624295), (22.869096743340396, 14.045075001440797), (22.84977745265609, 14.062920892429162), (22.83037627355731, 14.080848674194193), (22.81089320645448, 14.098858346339895), (22.791328251758838, 14.116949908469467), (22.771681409882422, 14.13512336018531), (22.751952681238073, 14.153378701089022), (22.732142066239426, 14.171715930781398), (22.712249565300926, 14.190135048862434), (22.692275178837818, 14.208636054931324), (22.672218907266146, 14.227218948586458), (22.652080751002753, 14.245883729425424), (22.63186071046529, 14.264630397045014), (22.611558786072205, 14.283458951041212), (22.591174978242755, 14.302369391009202), (22.570709287396987, 14.32136171654337), (22.55016171395576, 14.340435927237296), (22.529532258340726, 14.35959202268376), (22.508820920974344, 14.378830002474741), (22.488027702279872, 14.398149866201416), (22.46715260268137, 14.41755161345416)]",True
1783881422.289565,0,23.30998926312495,13.68672986575776,0.8000000227753259,99.96376789256809,-0.42486806123228255,23.77383183864389,11.137651022855406,1.1267527975069103,94.91448913669812,-0.14332823621071386,0.4638425755189388,-2.549078842902354,0.3267527747315844,-5.049278755869963,0.2815398250215687,"[(23.299821284446047, 13.67188452878663), (23.28231567884708, 13.688046565949401), (23.26472792379373, 13.704290754415297), (23.247058019682154, 13.720617093801435), (23.22930596690934, 13.737025583724119), (23.211471765873075, 13.753516223798842), (23.193555416971954, 13.770089013640288), (23.17555692060539, 13.786743952862324), (23.157476277173615, 13.80348104107801), (23.139313487077654, 13.820300277899596), (23.121068550719354, 13.837201662938517), (23.10274146850137, 13.854185195805396), (23.084332240827177, 13.871250876110048), (23.06584086810105, 13.888398703461476), (23.04726735072808, 13.90562867746787), (23.02861168911417, 13.92294079773661), (23.009873883666035, 13.940335063874263), (22.991053934791196, 13.957811475486587), (22.97215184289799, 13.975370032178528), (22.953167608395567, 13.99301073355422), (22.934101231693884, 14.010733579216986), (22.91495271320371, 14.028538568769335), (22.895722053336627, 14.046425701812971), (22.876409252505024, 14.064394977948782), (22.857014311122107, 14.082446396776845), (22.837537229601892, 14.100579957896427), (22.8179780083592, 14.118795660905983), (22.798336647809673, 14.137093505403158), (22.778613148369757, 14.155473490984784), (22.758807510456712, 14.173935617246883), (22.738919734488608, 14.192479883784664), (22.71894982088433, 14.211106290192527), (22.698897770063567, 14.229814836064058), (22.678763582446823, 14.248605520992035), (22.658547258455414, 14.267478344568422), (22.63824879851147, 14.286433306384374), (22.617868203037926, 14.305470406030235), (22.59740547245853, 14.324589643095536), (22.57686060719784, 14.343791017168996), (22.55623360768123, 14.363074527838526), (22.535524474334878, 14.382440174691224), (22.514733207585785, 14.401887957313376), (22.493859807861753, 14.421417875290457), (22.472904275591393, 14.441029928207135), (22.451866611204135, 14.46072411564726)]",True
1783881422.4042912,0,23.28508890425761,13.779437651655106,0.8000000127841838,99.96376789256809,-0.42486806123228255,23.70689660167233,11.254349273177802,1.1205370572026583,94.91448913669812,-0.14332823621071386,0.4218076974147209,-2.525088378477305,0.3205370444184745,-5.049278755869963,0.2815398250215687,"[(23.289215383802617, 13.711305105061147), (23.271625074002465, 13.727642883020895), (23.253952855476918, 13.744062571419482), (23.236198728619538, 13.760564169875622), (23.21836269382468, 13.777147678007232), (23.200444751487513, 13.793813095431423), (23.182444902003994, 13.810560421764507), (23.164363145770892, 13.827389656621994), (23.146199483185775, 13.84430079961859), (23.127953914647012, 13.8612938503682), (23.109626440553775, 13.878368808483929), (23.091217061306036, 13.895525673578074), (23.072725777304573, 13.912764445262136), (23.054152588950963, 13.930085123146814), (23.035497496647583, 13.947487706841999), (23.01676050079762, 13.964972195956786), (22.99794160180505, 13.982538590099468), (22.97904080007466, 14.000186888877533), (22.96005809601204, 14.017917091897669), (22.940993490023576, 14.035729198765761), (22.921846982516456, 14.053623209086894), (22.902618573898675, 14.071599122465347), (22.88330826457903, 14.089656938504604), (22.86391605496711, 14.107796656807338), (22.84444194547332, 14.126018276975428), (22.82488593650886, 14.144321798609948), (22.805248028485725, 14.16270722131117), (22.785528221816723, 14.181174544678562), (22.765726516915457, 14.199723768310797), (22.745842914196338, 14.218354891805738), (22.72587741407457, 14.237067914760452), (22.705830016966164, 14.2558628367712), (22.685700723287937, 14.274739657433445), (22.6654895334575, 14.293698376341844), (22.645196447893266, 14.312738993090257), (22.62482146701446, 14.331861507271737), (22.604364591241094, 14.351065918478541), (22.583825820993994, 14.37035222630212), (22.563205156694778, 14.389720430333123), (22.542502598765875, 14.409170530161399), (22.521718147630512, 14.428702525375996), (22.500851803712713, 14.448316415565158), (22.479903567437315, 14.468012200316325), (22.458873439229944, 14.487789879216143), (22.437761419517035, 14.507649451850448)]",True
1783881422.4455528,0,23.279444093460363,13.802764314885923,0.8000000123793582,99.96376789256809,-0.42486806123228255,23.680258572457525,11.290545838478511,1.1468996410912422,94.91448913669812,-0.14332823621071386,0.4008144789971624,-2.512218476407412,0.34689962871188396,-5.049278755869963,0.2815398250215687,"[(23.287114606453578, 13.718945254361598), (23.269553891175843, 13.735169610345135), (23.25191128962684, 13.751475854427639), (23.234186802199638, 13.767863986229127), (23.216380429288108, 13.784334005368818), (23.198492171286926, 13.800885911465127), (23.180522028591565, 13.81751970413567), (23.1624700015983, 13.834235382997262), (23.14433609070421, 13.851032947665914), (23.126120296307175, 13.867912397756838), (23.10782261880587, 13.884873732884444), (23.08944305859978, 13.90191695266234), (23.070981616089185, 13.919042056703333), (23.05243829167517, 13.93624904461943), (23.03381308575962, 13.953537916021833), (23.01510599874522, 13.970908670520947), (22.99631703103546, 13.988361307726374), (22.977446183034626, 14.005895827246912), (22.958493455147806, 14.023512228690562), (22.939458847780898, 14.041210511664522), (22.92034236134059, 14.058990675775188), (22.901143996234374, 14.076852720628155), (22.881863752870547, 14.094796645828216), (22.86250163165821, 14.112822450979365), (22.843057633007252, 14.130930135684794), (22.823531757328375, 14.149119699546894), (22.803924005033082, 14.167391142167252), (22.78423437653367, 14.185744463146658), (22.764462872243246, 14.204179662085096), (22.74460949257571, 14.222696738581751), (22.72467423794576, 14.241295692235008), (22.704657108768913, 14.25997652264245), (22.68455810546147, 14.278739229400859), (22.66437722844054, 14.297583812106213), (22.64411447812403, 14.316510270353692), (22.623769854930654, 14.335518603737675), (22.603343359279922, 14.354608811851739), (22.582834991592144, 14.373780894288657), (22.56224475228844, 14.393034850640404), (22.54157264179072, 14.412370680498155), (22.520818660521698, 14.431788383452279), (22.499982808904896, 14.45128795909235), (22.479065087364628, 14.470869407007136), (22.458065496326014, 14.490532726784604), (22.43698403621498, 14.510277918011925)]",True
1783881422.4991448,0,23.271654375805156,13.833801654240208,0.8000000121180729,99.96376789256809,-0.42486806123228255,23.657916413787092,11.318154535038389,1.219387690400863,94.91448913669812,-0.14332823621071386,0.38626203798193615,-2.5156471192018195,0.41938767828279,-5.049278755869963,0.2815398250215687,"[(23.285050780779326, 13.726519176929905), (23.267722228388322, 13.742023653863582), (23.250311999591865, 13.757609809685986), (23.232820094777978, 13.773277644026837), (23.215246514335472, 13.789027156515063), (23.197591258653958, 13.804858346778794), (23.179854328123838, 13.820771214445367), (23.162035723136302, 13.836765759141331), (23.144135444083346, 13.852841980492435), (23.126153491357748, 13.868999878123637), (23.108089865353087, 13.8852394516591), (23.08994456646373, 13.901560700722195), (23.071717595084838, 13.9179636249355), (23.053408951612372, 13.934448223920795), (23.035018636443084, 13.951014497299072), (23.016546649974515, 13.967662444690527), (22.997992992605, 13.98439206571456), (22.979357664733673, 14.001203359989782), (22.960640666760458, 14.018096327134007), (22.941841999086073, 14.035070966764254), (22.922961662112026, 14.052127278496753), (22.903999656240625, 14.069265261946937), (22.88495598187497, 14.086484916729447), (22.865830639418952, 14.103786242458131), (22.846623629277254, 14.121169238746042), (22.82733495185536, 14.138633905205438), (22.80796460755954, 14.156180241447789), (22.78851259679686, 14.173808247083763), (22.76897891997518, 14.191517921723243), (22.74936357750315, 14.209309264975312), (22.72966656979022, 14.227182276448264), (22.709887897246627, 14.245136955749595), (22.690027560283408, 14.263173302486013), (22.670085559312387, 14.281291316263427), (22.650061894746184, 14.299490996686957), (22.629956566998214, 14.317772343360925), (22.609769576482684, 14.336135355888864), (22.589500923614594, 14.35458003387351), (22.569150608809736, 14.373106376916809), (22.5487186324847, 14.39171438461991), (22.528204995056868, 14.410404056583168), (22.50760969694441, 14.42917539240615), (22.486932738566296, 14.448028391687624), (22.466174120342288, 14.466963054025568), (22.445333842692936, 14.485979379017165)]",True
1783881422.5351243,0,23.26578156929985,13.857071994140744,0.8000000120256218,99.96376789256809,-0.42486806123228255,23.6335375492386,11.346701409404579,1.282019213219927,94.91448913669812,-0.14332823621071386,0.36775597993874953,-2.5103705847361653,0.4820192011943053,-5.049278755869963,0.2815398250215687,"[(23.278836158928964, 13.748791023930428), (23.261523571063606, 13.764102481237176), (23.244129006501193, 13.77949591798493), (23.226652465633794, 13.794971333801293), (23.209093948854285, 13.81052872831306), (23.19145345655635, 13.826168101146223), (23.17373098913447, 13.841889451925969), (23.15592654698394, 13.857692780276679), (23.138040130500862, 13.87357808582193), (23.120071740082132, 13.889545368184491), (23.10202137612546, 13.905594626986327), (23.083889039029355, 13.921725861848598), (23.06567472919314, 13.93793907239166), (23.04737844701694, 13.954234258235063), (23.029000192901673, 13.970611418997551), (23.010539967249077, 13.987070554297063), (22.99199777046169, 14.003611663750732), (22.973373602942857, 14.02023474697489), (22.954667465096726, 14.03693980358506), (22.935879357328247, 14.053726833195961), (22.91700928004318, 14.070595835421505), (22.898057233648093, 14.087546809874802), (22.879023218550344, 14.104579756168153), (22.85990723515811, 14.121694673913058), (22.840709283880376, 14.138891562720211), (22.821429365126917, 14.1561704221995), (22.802067479308327, 14.173531251960004), (22.782623626836003, 14.190974051610002), (22.763097808122136, 14.20849882075697), (22.743490023579735, 14.226105559007575), (22.723800273622604, 14.243794265967678), (22.70402855866536, 14.261564941242334), (22.684174879123418, 14.279417584435798), (22.664239235413003, 14.297352195151518), (22.644221627951147, 14.315368772992134), (22.62412205715568, 14.333467317559483), (22.603940523445242, 14.351647828454599), (22.583677027239276, 14.369910305277708), (22.56333156895803, 14.388254747628231), (22.542904149022558, 14.406681155104787), (22.522394767854717, 14.425189527305186), (22.501803425877174, 14.443779863826435), (22.481130123513392, 14.462452164264738), (22.46037486118765, 14.481206428215488), (22.439537639325017, 14.50004265527328)]",True
1783881422.587595,0,23.25411958589471,13.90363369589515,0.8000000119504534,99.96376789256809,-0.42486806123228255,23.578602854429054,11.404967040232643,1.3828913865924777,94.91448913669812,-0.14332823621071386,0.32448326853434395,-2.4986666556625075,0.5828913746420242,-5.049278755869963,0.2815398250215687,"[(23.254316766205356, 13.844730189588345), (23.236104577714258, 13.86295238095878), (23.21781044689695, 13.881256514641747), (23.199434374152947, 13.89964259023764), (23.180976359882564, 13.918110607346042), (23.16243640448692, 13.93666056556574), (23.143814508367935, 13.955292464494713), (23.12511067192833, 13.974006303730144), (23.10632489557163, 13.992802082868408), (23.087457179702156, 14.011679801505085), (23.06850752472504, 14.03063945923495), (23.049475931046207, 14.049681055651972), (23.030362399072395, 14.068804590349322), (23.011166929211136, 14.08801006291937), (22.99188952187076, 14.107297472953682), (22.972530177460413, 14.126666820043024), (22.953088896390025, 14.146118103777356), (22.93356567907034, 14.165651323745841), (22.913960525912906, 14.185266479536837), (22.894273437330064, 14.204963570737903), (22.87450441373496, 14.22474259693579), (22.854653455541545, 14.244603557716456), (22.83472056316457, 14.26454645266505), (22.814705737019583, 14.28457128136592), (22.794608977522945, 14.304678043402618), (22.774430285091803, 14.324866738357885), (22.754169660144125, 14.345137365813667), (22.73382710309867, 14.365489925351106), (22.713402614374992, 14.385924416550543), (22.69289619439346, 14.406440838991514), (22.672307843575236, 14.42703919225276), (22.65163756234229, 14.447719475912212), (22.630885351117396, 14.468481689547003), (22.61005121032412, 14.489325832733465), (22.589135140386833, 14.510251905047127), (22.56813714173071, 14.531259906062719), (22.54705721478173, 14.552349835354162), (22.525895359966672, 14.573521692494584), (22.50465157771311, 14.594775477056304), (22.48332586844943, 14.616111188610844), (22.461918232604816, 14.637528826728925), (22.44042867060925, 14.65902839098046), (22.41885718289352, 14.680609880934565), (22.39720376988922, 14.702273296159554), (22.375468432028732, 14.724018636222937)]",True
1783881422.6441636,0,23.252192840334068,13.911398200624417,0.8000000119448379,99.96376789256809,-0.42486806123228255,23.568753800928874,11.41499601635135,1.4284018970787562,94.91448913669812,-0.14332823621071386,0.3165609605948063,-2.496402184273066,0.6284018851339183,-5.049278755869963,0.2815398250215687,"[(23.25042471713656, 13.860156886924372), (23.232141343179165, 13.878657392568277), (23.21377595962603, 13.897239907510285), (23.19532856687881, 13.915904431346597), (23.176799165339975, 13.934650963672611), (23.1581877554128, 13.95347950408292), (23.139494337501365, 13.972390052171306), (23.120718912010553, 13.991382607530754), (23.101861479346052, 14.010457169753439), (23.082922039914358, 14.029613738430728), (23.063900594122774, 14.048852313153187), (23.044797142379405, 14.068172893510575), (23.025611685093168, 14.087575479091845), (23.00634422267377, 14.107060069485144), (22.986994755531747, 14.126626664277813), (22.967563284078413, 14.146275263056392), (22.948049808725912, 14.166005865406609), (22.92845432988718, 14.185818470913393), (22.908776847975965, 14.20571307916086), (22.889017363406815, 14.22568968973233), (22.869175876595083, 14.24574830221031), (22.849252387956934, 14.265888916176504), (22.829246897909336, 14.28611153121181), (22.809159406870055, 14.306416146896323), (22.788989915257673, 14.326802762809328), (22.768738423491577, 14.347271378529308), (22.74840493199195, 14.36782199363394), (22.727989441179787, 14.388454607700098), (22.707491951476886, 14.409169220303845), (22.686912463305852, 14.429965831020443), (22.666250977090098, 14.450844439424346), (22.645507493253834, 14.471805045089207), (22.624682012222085, 14.492847647587867), (22.60377453442068, 14.513972246492369), (22.582785060276244, 14.535178841373941), (22.561713590216215, 14.556467431803018), (22.54056012466884, 14.577838017349219), (22.519324664063163, 14.599290597581362), (22.49800720882904, 14.62082517206746), (22.476607759397126, 14.642441740374721), (22.455126316198886, 14.664140302069546), (22.43356287966659, 14.685920856717534), (22.411917450233307, 14.707783403883472), (22.39019002833292, 14.72972794313135), (22.36838061440012, 14.751754474024345)]",True
1783881422.6938457,0,23.246404196019583,13.934689618020542,0.8000000119336257,99.96376789256809,-0.42486806123228255,23.53721379681523,11.446743592577931,1.5523559845423762,94.91448913669812,-0.14332823621071386,0.2908096007956473,-2.4879460254426107,0.7523559726087505,-5.049278755869963,0.2815398250215687,"[(23.246444792844724, 13.875947665842723), (23.228089233875945, 13.894730920166369), (23.20965167194147, 13.913596176869637), (23.19113210744349, 13.932543435546123), (23.172530540785022, 13.951572695788613), (23.153846972369873, 13.970683957189095), (23.135081402602662, 13.989877219338746), (23.11623383188881, 14.009152481827941), (23.097304260634548, 14.028509744246248), (23.078292689246904, 14.047949006182433), (23.05919911813372, 14.067470267224452), (23.040023547703637, 14.08707352695946), (23.020765978366104, 14.106758784973804), (23.001426410531373, 14.126526040853031), (22.982004844610508, 14.146375294181878), (22.962501281015363, 14.166306544544277), (22.942915720158613, 14.186319791523358), (22.923248162453728, 14.206415034701443), (22.903498608314987, 14.226592273660051), (22.883667058157474, 14.246851507979896), (22.86375351239708, 14.267192737240887), (22.843757971450497, 14.287615961022125), (22.823680435735223, 14.308121178901908), (22.803520905669565, 14.32870839045773), (22.783279381672624, 14.34937759526628), (22.762955864164322, 14.37012879290344), (22.742550353565374, 14.390961982944289), (22.722062850297302, 14.4118771649631), (22.701493354782443, 14.43287433853334), (22.680841867443924, 14.453953503227673), (22.660108388705684, 14.475114658617956), (22.639292918992467, 14.496357804275245), (22.618395458729825, 14.517682939769788), (22.59741600834411, 14.539090064671026), (22.576354568262477, 14.560579178547599), (22.555211138912895, 14.582150280967339), (22.53398572072413, 14.603803371497277), (22.512678314125754, 14.625538449703635), (22.49128891954815, 14.647355515151832), (22.469817537422497, 14.669254567406481), (22.448264168180785, 14.691235606031393), (22.42662881225581, 14.71329863058957), (22.404911470081164, 14.735443640643211), (22.383112142091253, 14.757670635753712), (22.36123082872129, 14.77997961548166)]",True
1783881422.7407475,0,23.23871421802521,13.965751797346414,0.8000000119263891,99.96376789256809,-0.42486806123228255,23.491058359618304,11.492465805568344,1.6918153645563019,94.91448913669812,-0.14332823621071386,0.2523441415930954,-2.47328599177807,0.8918153526299127,-5.049278755869963,0.2815398250215687,"[(23.239386597188, 13.899515738280293), (23.219841474353487, 13.91829546065043), (23.20018886101578, 13.93718267519672), (23.180428758035507, 13.95617738107416), (23.160561166275496, 13.975279577435552), (23.140586086600763, 13.99448926343151), (23.120503519878515, 14.01380643821045), (23.100313466978154, 14.033231100918602), (23.08001592877127, 14.052763250700002), (23.059610906131653, 14.07240288669649), (23.039098399935273, 14.092150008047721), (23.0184784110603, 14.11200461389115), (22.9977509403871, 14.131966703362048), (22.97691598879822, 14.152036275593487), (22.955973557178403, 14.17221332971635), (22.93492364641459, 14.19249786485933), (22.913766257395906, 14.212889880148927), (22.892501391013674, 14.233389374709445), (22.8711290481614, 14.253996347663001), (22.849649229734787, 14.27471079812952), (22.828061936631734, 14.295532725226733), (22.80636716975232, 14.316462128070182), (22.784564929998833, 14.337499005773212), (22.762655218275736, 14.358643357446983), (22.74063803548969, 14.379895182200459), (22.718513382549553, 14.401254479140412), (22.696281260366362, 14.422721247371427), (22.673941669853356, 14.444295485995893), (22.651494611925962, 14.465977194114007), (22.628940087501796, 14.487766370823778), (22.60627809750067, 14.50966301522102), (22.583508642844585, 14.531667126399359), (22.560631724457732, 14.553778703450227), (22.5376473432665, 14.575997745462866), (22.51455550019946, 14.598324251524327), (22.49135619618738, 14.620758220719464), (22.468049432163212, 14.643299652130949), (22.444635209062113, 14.665948544839255), (22.42111352782142, 14.688704897922669), (22.39748438938066, 14.711568710457282), (22.373747794681563, 14.734539981516997), (22.349903744668037, 14.757618710173526), (22.32595224028619, 14.780804895496388), (22.30189328248431, 14.80409853655291), (22.277726872212895, 14.82749963240823)]",True
1783881422.785035,0,23.230279411724773,13.996618974728902,0.8000000119232771,99.96376789256809,-0.42486806123228255,23.441372930184492,11.541827143698775,1.8065822179826356,94.91448913669812,-0.14332823621071386,0.21109351845971958,-2.4547918310301267,1.0065822060593586,-5.049278755869963,0.2815398250215687,"[(23.236587250939895, 13.914461673743528), (23.21809144530973, 13.93296575003578), (23.19951104523685, 13.951554420759086), (23.180846051149608, 13.970227685484998), (23.16209646347725, 13.988985543784185), (23.14326228264991, 14.007827995226435), (23.124343509098587, 14.026755039380657), (23.10534014325517, 14.045766675814875), (23.086252185552425, 14.064862904096232), (23.067079636424012, 14.084043723790993), (23.04782249630446, 14.103309134464537), (23.028480765629176, 14.122659135681365), (23.009054444834465, 14.142093727005093), (22.9895435343575, 14.161612907998459), (22.969948034636342, 14.181216678223317), (22.950267946109932, 14.200905037240641), (22.93050326921809, 14.220677984610523), (22.91065400440152, 14.240535519892175), (22.890720152101803, 14.260477642643925), (22.87070171276141, 14.28050435242322), (22.850598686823684, 14.300615648786627), (22.830411074732854, 14.32081153128983), (22.810138876934037, 14.341091999487633), (22.789782093873217, 14.361457052933957), (22.769340725997274, 14.381906691181845), (22.748814773753956, 14.402440913783453), (22.728204237591903, 14.42305972029006), (22.707509117960633, 14.443763110252064), (22.686729415310545, 14.464551083218977), (22.665865130092918, 14.485423638739434), (22.644916262759914, 14.506380776361187), (22.623882813764574, 14.527422495631106), (22.602764783560826, 14.548548796095181), (22.581562172603473, 14.56975967729852), (22.5602749813482, 14.591055138785352), (22.53890321025158, 14.612435180099018), (22.517446859771056, 14.633899800781984), (22.495905930364966, 14.655449000375834), (22.47428042249252, 14.67708277842127), (22.452570336613814, 14.698801134458108), (22.43077567318982, 14.720604068025292), (22.408896432682393, 14.742491578660875), (22.386932615554272, 14.764463665902037), (22.364884222269076, 14.78652032928507), (22.342751253291304, 14.80866156834539)]",True
1783881422.8350577,0,23.22085191933654,14.027198052989556,0.8000000119219387,99.96376789256809,-0.42486806123228255,23.403818423890883,11.581016768927427,1.7796426785774109,94.91448913669812,-0.14332823621071386,0.1829665045543436,-2.4461812840621295,0.9796426666554722,-5.049278755869963,0.2815398250215687,"[(23.236587250939895, 13.914461673743528), (23.21809144530973, 13.93296575003578), (23.19951104523685, 13.951554420759086), (23.180846051149608, 13.970227685484998), (23.16209646347725, 13.988985543784185), (23.14326228264991, 14.007827995226435), (23.124343509098587, 14.026755039380657), (23.10534014325517, 14.045766675814875), (23.086252185552425, 14.064862904096232), (23.067079636424012, 14.084043723790993), (23.04782249630446, 14.103309134464537), (23.028480765629176, 14.122659135681365), (23.009054444834465, 14.142093727005093), (22.9895435343575, 14.161612907998459), (22.969948034636342, 14.181216678223317), (22.950267946109932, 14.200905037240641), (22.93050326921809, 14.220677984610523), (22.91065400440152, 14.240535519892175), (22.890720152101803, 14.260477642643925), (22.87070171276141, 14.28050435242322), (22.850598686823684, 14.300615648786627), (22.830411074732854, 14.32081153128983), (22.810138876934037, 14.341091999487633), (22.789782093873217, 14.361457052933957), (22.769340725997274, 14.381906691181845), (22.748814773753956, 14.402440913783453), (22.728204237591903, 14.42305972029006), (22.707509117960633, 14.443763110252064), (22.686729415310545, 14.464551083218977), (22.665865130092918, 14.485423638739434), (22.644916262759914, 14.506380776361187), (22.623882813764574, 14.527422495631106), (22.602764783560826, 14.548548796095181), (22.581562172603473, 14.56975967729852), (22.5602749813482, 14.591055138785352), (22.53890321025158, 14.612435180099018), (22.517446859771056, 14.633899800781984), (22.495905930364966, 14.655449000375834), (22.47428042249252, 14.67708277842127), (22.452570336613814, 14.698801134458108), (22.43077567318982, 14.720604068025292), (22.408896432682393, 14.742491578660875), (22.386932615554272, 14.764463665902037), (22.364884222269076, 14.78652032928507), (22.342751253291304, 14.80866156834539)]",True
1783881422.8884697,0,23.216244882108388,14.042520404120436,0.8000000119215911,99.96376789256809,-0.42486806123228255,23.368981625231324,11.620451031861188,1.7329149644959394,94.91448913669812,-0.14332823621071386,0.1527367431229365,-2.422069372259248,0.9329149525743483,-5.049278755869963,0.2815398250215687,"[(23.234703472469803, 13.922544265804087), (23.216424027393398, 13.940766091963212), (23.198062530859627, 13.959069969658408), (23.179618983268906, 13.977455898489826), (23.161093385022454, 13.995923878056807), (23.142485736522293, 14.014473907957898), (23.12379603817125, 14.033105987790837), (23.105024290372953, 14.051820117152559), (23.086170493531835, 14.070616295639194), (23.067234648053134, 14.089494522846072), (23.048216754342892, 14.108454798367717), (23.02911681280795, 14.12749712179785), (23.009934823855954, 14.14662149272939), (22.990670787895358, 14.165827910754448), (22.971324705335412, 14.185116375464338), (22.95189657658618, 14.204486886449564), (22.93238640205852, 14.22393944329983), (22.91279418216409, 14.243474045604039), (22.89311991731537, 14.263090692950286), (22.873363607925622, 14.282789384925863), (22.853525254408925, 14.302570121117261), (22.833604857180156, 14.322432901110169), (22.813602416654998, 14.342377724489465), (22.793517933249937, 14.362404590839231), (22.77335140738226, 14.382513499742744), (22.75310283947006, 14.402704450782476), (22.732772229932234, 14.422977443540097), (22.71235957918848, 14.44333247759647), (22.6918648876593, 14.463769552531662), (22.671288155766, 14.484288667924927), (22.650629383930685, 14.504889823354723), (22.62988857257627, 14.525573018398703), (22.609065722126473, 14.546338252633715), (22.588160833005812, 14.567185525635804), (22.56717390563961, 14.588114836980212), (22.546104940453993, 14.609126186241378), (22.524953937875893, 14.630219572992937), (22.503720898333036, 14.651394996807722), (22.482405822253963, 14.672652457257763), (22.46100871006801, 14.693991953914283), (22.439529562205326, 14.715413486347705), (22.417968379096852, 14.736917054127648), (22.39632516117434, 14.758502656822925), (22.374599908870337, 14.78017029400155), (22.352792622618207, 14.801919965230733)]",True
1783881422.940111,0,23.21177832476741,14.057884166494512,0.8000000119213632,99.96376789256809,-0.42486806123228255,23.34720988324104,11.647169274150881,1.7147003478186225,94.91448913669812,-0.14332823621071386,0.13543155847363053,-2.4107148923436306,0.9147003358972593,-5.049278755869963,0.2815398250215687,"[(23.21215500684714, 14.010537079202837), (23.193048586139803, 14.031195087687472), (23.17386031813177, 14.051934941364554), (23.154590203228427, 14.072756639813607), (23.135238241835953, 14.09366018261336), (23.115804434361323, 14.114645569341748), (23.096288781212305, 14.135712799575906), (23.076691282797466, 14.156861872892177), (23.05701193952616, 14.178092788866111), (23.037250751808543, 14.199405547072459), (23.017407720055573, 14.220800147085178), (22.997482844678988, 14.24227658847743), (22.97747612609133, 14.263834870821581), (22.957387564705936, 14.285474993689203), (22.937217160936942, 14.30719695665107), (22.916964915199273, 14.329000759277164), (22.896630827908652, 14.35088640113667), (22.876214899481592, 14.372853881797978), (22.85571713033541, 14.394903200828683), (22.835137520888214, 14.417034357795584), (22.814476071558904, 14.439247352264688), (22.793732782767183, 14.461542183801203), (22.772907654933544, 14.483918851969541), (22.752000688479274, 14.506377356333322), (22.73101188382646, 14.52891769645537), (22.709941241397985, 14.551539871897715), (22.68878876161752, 14.574243882221587), (22.667554444909538, 14.597029726987426), (22.6462382916993, 14.619897405754875), (22.62484030241287, 14.642846918082784), (22.603360477477104, 14.665878263529203), (22.58179881731965, 14.688991441651389), (22.560155322368963, 14.712186452005806), (22.538429993054276, 14.73546329414812), (22.516622829805627, 14.758821967633205), (22.49473383305385, 14.782262472015136), (22.472763003230575, 14.805784806847194), (22.450710340768218, 14.829388971681869), (22.428575846100003, 14.85307496607085), (22.406359519659937, 14.876842789565035), (22.384061361882832, 14.900692441714526), (22.361681373204288, 14.924623922068628), (22.339219554060705, 14.948637230175853), (22.316675904889276, 14.972732365583918), (22.294050426127992, 14.99690932783974)]",True
1783881422.9859653,0,23.207406742978584,14.073275340307303,0.8000000119212137,99.96376789256809,-0.42486806123228255,23.32586007946744,11.67475307431539,1.7727525326958051,94.91448913669812,-0.14332823621071386,0.11845333648885514,-2.3985222659919128,0.9727525207745914,-5.049278755869963,0.2815398250215687,"[(23.210169611213317, 14.017769625555868), (23.191250125810758, 14.037986706838947), (23.17224899177688, 14.05828543498883), (23.153166209514588, 14.078665809590008), (23.134001779427592, 14.099127830226179), (23.11475570192038, 14.119671496480244), (23.09542797739824, 14.140296807934316), (23.076018606267247, 14.161003764169717), (23.056527588934273, 14.181792364766972), (23.03695492580698, 14.20266260930582), (23.017300617293827, 14.223614497365203), (22.997564663804056, 14.244648028523274), (22.977747065747707, 14.265763202357393), (22.957847823535612, 14.286960018444127), (22.937866937579393, 14.308238476359252), (22.917804408291467, 14.329598575677752), (22.897660236085038, 14.351040315973817), (22.877434421374108, 14.37256369682085), (22.857126964573464, 14.394168717791453), (22.836737866098694, 14.415855378457449), (22.81626712636617, 14.437623678389855), (22.795714745793067, 14.459473617158906), (22.775080724797334, 14.481405194334041), (22.75436506379773, 14.503418409483906), (22.733567763213795, 14.525513262176359), (22.712688823465868, 14.547689751978462), (22.691728244975074, 14.569947878456489), (22.670686028163335, 14.592287641175918), (22.64956217345336, 14.614709039701436), (22.628356681268656, 14.637212073596938), (22.607069552033515, 14.659796742425529), (22.585700786173028, 14.682463045749522), (22.564250384113073, 14.705210983130437), (22.542718346280324, 14.728040554129), (22.52110467310224, 14.750951758305149), (22.499409365007082, 14.773944595218026), (22.4776324224239, 14.797019064425985), (22.45577384578252, 14.820175165486585), (22.433833635513587, 14.843412897956597), (22.41181179204852, 14.866732261391995), (22.389708315819536, 14.890133255347964), (22.36752320725964, 14.913615879378899), (22.34525646680263, 14.937180133038398), (22.322908094883104, 14.960826015879272), (22.300478091936437, 14.984553527453537)]",True
1783881423.0356758,0,23.200660036007537,14.096307283056651,0.8000000119210802,99.96376789256809,-0.42486806123228255,23.294103982364863,11.717712445277712,1.7585128638703822,94.91448913669812,-0.14332823621071386,0.09344394635732556,-2.378594837778939,0.958512851949302,-5.049278755869963,0.2815398250215687,"[(23.2080480238262, 14.025001732204364), (23.189271227147472, 14.044817033751809), (23.170412759476235, 14.064714004878935), (23.151472621214303, 14.08469264517384), (23.13245081276428, 14.10475295422383), (23.11334733452956, 14.124894931615414), (23.094162186914332, 14.145118576934312), (23.074895370323578, 14.16542388976545), (23.05554688516307, 14.185810869692958), (23.036116731839382, 14.206279516300178), (23.01660491075987, 14.226829829169656), (22.997011422332687, 14.247461807883147), (22.97733626696678, 14.26817545202161), (22.957579445071893, 14.288970761165217), (22.937740957058555, 14.309847734893339), (22.91782080333809, 14.33080637278456), (22.897818984322615, 14.351846674416672), (22.877735500425043, 14.372968639366672), (22.857570352059074, 14.394172267210761), (22.83732353963921, 14.415457557524354), (22.816995063580737, 14.436824509882065), (22.79658492429974, 14.458273123857722), (22.77609312221309, 14.47980339902436), (22.75551965773846, 14.501415334954219), (22.734864531294306, 14.523108931218744), (22.714127743299883, 14.54488418738859), (22.693309294175236, 14.566741103033618), (22.67240918434121, 14.588679677722899), (22.65142741421943, 14.610699911024708), (22.63036398423232, 14.632801802506531), (22.609218894803103, 14.654985351735055), (22.587992146355788, 14.677250558276182), (22.566683739315177, 14.699597421695014), (22.54529367410687, 14.722025941555865), (22.523821951157245, 14.744536117422255), (22.50226857089349, 14.767127948856913), (22.480633533743582, 14.78980143542177), (22.458916840136286, 14.81255657667797), (22.43711849050116, 14.835393372185862), (22.415238485268556, 14.858311821505003), (22.39327682486962, 14.881311924194156), (22.37123350973629, 14.904393679811292), (22.349108540301295, 14.92755708791359), (22.326901916998157, 14.950802148057434), (22.3046136402612, 14.97412885979842)]",True
1783881423.0864599,0,23.19835091595944,14.103966774140511,0.8000000119210514,99.96376789256809,-0.42486806123228255,23.283790601643155,11.731863419043718,1.7435797071858485,94.91448913669812,-0.14332823621071386,0.0854396856837134,-2.372103355096794,0.9435796952647971,-5.049278755869963,0.2815398250215687,"[(23.20338143278593, 14.039781984103444), (23.184518223272303, 14.059733069283558), (23.165573062955794, 14.079766103777503), (23.146545952242885, 14.099881087168129), (23.127436891540857, 14.120078019037477), (23.108245881257794, 14.140356898966791), (23.088972921802583, 14.160717726536507), (23.06961801358492, 14.18116050132626), (23.0501811570153, 14.201685222914882), (23.030662352505026, 14.222291890880403), (23.011061600466196, 14.242980504800045), (22.991378901311712, 14.26375106425023), (22.97161425545529, 14.284603568806578), (22.951767663311433, 14.305538018043904), (22.931839125295458, 14.326554411536224), (22.911828641823483, 14.347652748856746), (22.891736213312434, 14.368833029577875), (22.871561840180032, 14.390095253271216), (22.851305522844804, 14.411439419507568), (22.83096726172608, 14.43286552785693), (22.810547057243994, 14.454373577888495), (22.790044909819482, 14.475963569170654), (22.769460819874286, 14.497635501270995), (22.748794787830946, 14.519389373756304), (22.72804681411281, 14.541225186192563), (22.707216899144026, 14.563142938144948), (22.686305043349545, 14.585142629177838), (22.665311247155124, 14.607224258854805), (22.64423551098732, 14.629387826738618), (22.62307783527349, 14.651633332391246), (22.60183822044181, 14.673960775373851), (22.580516666921238, 14.696370155246795), (22.559113175141547, 14.718861471569634), (22.53762774553331, 14.741434723901124), (22.516060378527904, 14.764089911799216), (22.494411074557508, 14.786827034821059), (22.472679834055103, 14.809646092522998), (22.450866657454476, 14.832547084460579), (22.42897154519022, 14.85553001018854), (22.40699449769772, 14.878594869260818), (22.384935515413176, 14.901741661230547), (22.36279459877358, 14.92497038565006), (22.340571748216735, 14.948281042070882), (22.318266964181245, 14.971673630043739), (22.295880247106513, 14.995148149118556)]",True
1783881423.1352115,0,23.193706266436276,14.119277752839619,0.8000000119210092,99.96376789256809,-0.42486806123228255,23.263214490471327,11.760708259930848,1.7989507612909357,94.91448913669812,-0.14332823621071386,0.06950822403505086,-2.358569492908771,0.9989507493699264,-5.049278755869963,0.2815398250215687,"[(23.198638649712972, 14.055209174300035), (23.179696997840082, 14.075324300060855), (23.16067337503592, 14.095521395146706), (23.141567781707842, 14.115800459138722), (23.122380218264002, 14.136161491617226), (23.103110685113368, 14.15660449216174), (23.083759182665705, 14.177129460350985), (23.064325711331577, 14.197736395762876), (23.04481027152236, 14.218425297974523), (23.02521286365023, 14.239196166562238), (23.00553348812816, 14.260049001101521), (22.985772145369946, 14.280983801167077), (22.965928835790166, 14.3020005663328), (22.946003559804215, 14.323099296171788), (22.925996317828282, 14.34427999025633), (22.90590711027937, 14.365542648157913), (22.885735937575276, 14.38688726944722), (22.86548280013461, 14.40831385369413), (22.845147698376778, 14.429822400467723), (22.82473063272199, 14.45141290933627), (22.804231603591266, 14.473085379867241), (22.78365061140642, 14.494839811627303), (22.76298765659007, 14.516676204182316), (22.74224273956565, 14.538594557097342), (22.721415860757386, 14.560594869936637), (22.700507020590308, 14.58267714226365), (22.679516219490257, 14.604841373641033), (22.658443457883873, 14.627087563630633), (22.637288736198595, 14.64941571179349), (22.616052054862674, 14.671825817689841), (22.59473341430516, 14.694317880879124), (22.573332814955904, 14.71689190091997), (22.551850257245565, 14.739547877370208), (22.530285741605603, 14.762285809786862), (22.50863926846828, 14.785105697726154), (22.486910838266663, 14.808007540743501), (22.465100451434626, 14.83099133839352), (22.44320810840684, 14.854057090230024), (22.421233809618787, 14.87720479580602), (22.399177555506743, 14.90043445467371), (22.377039346507797, 14.923746066384501), (22.35481918305983, 14.947139630488985), (22.332517065601543, 14.97061514653696), (22.310132994572424, 14.994172614077419), (22.287666970412772, 15.017812032658547)]",True
1783881423.212303,0,23.18902005326349,14.134576064982266,0.8000000119209816,99.96376789256809,-0.42486806123228255,23.242342560886055,11.79063639583166,1.8491812222423882,94.91448913669812,-0.14332823621071386,0.053322507622564075,-2.343939669150606,1.0491812103214067,-5.049278755869963,0.2815398250215687,"[(23.18968597856665, 14.085981258503839), (23.17096115178943, 14.10551749463139), (23.152154631549486, 14.125135423117637), (23.133266418248287, 14.144835043553217), (23.114296512288096, 14.164616355527976), (23.095244914071973, 14.184479358630966), (23.076111624003772, 14.204424052450449), (23.056896642488137, 14.224450436573887), (23.037599969930504, 14.244558510587956), (23.018221606737107, 14.264748274078533), (22.998761553314974, 14.285019726630706), (22.97921981007192, 14.305372867828764), (22.959596377416563, 14.325807697256206), (22.939891255758305, 14.346324214495738), (22.92010444550735, 14.36692241912927), (22.900235947074684, 14.387602310737925), (22.8802857608721, 14.408363888902025), (22.860253887312172, 14.429207153201101), (22.84014032680828, 14.450132103213893), (22.819945079774588, 14.471138738518343), (22.79966814662605, 14.492227058691604), (22.779309527778423, 14.513397063310036), (22.758869223648258, 14.534648751949202), (22.738347234652892, 14.555982124183874), (22.717743561210458, 14.577397179588031), (22.697058203739886, 14.598893917734857), (22.67629116266089, 14.620472338196743), (22.655442438393987, 14.642132440545288), (22.634512031360487, 14.663874224351297), (22.613499941982486, 14.68569768918478), (22.592406170682878, 14.707602834614956), (22.571230717885353, 14.729589660210252), (22.54997358401439, 14.751658165538297), (22.52863476949526, 14.77380835016593), (22.50721427475403, 14.796040213659198), (22.485712100217565, 14.81835375558335), (22.464128246313514, 14.840748975502846), (22.442462713470327, 14.863225872981353), (22.42071550211724, 14.88578444758174), (22.39888661268429, 14.908424698866087), (22.3769760456023, 14.93114662639568), (22.354983801302893, 14.953950229731012), (22.33290988021848, 14.97683550843178), (22.310754282782273, 14.999802462056891), (22.288517009428265, 15.022851090164458)]",True
1783881423.255105,0,23.184433664689248,14.149904398464022,0.8000000119209635,99.96376789256809,-0.42486806123228255,23.220869326351668,11.821312292219735,1.894748337555145,94.91448913669812,-0.14332823621071386,0.03643566166241996,-2.3285921062442867,1.0947483256341815,-5.049278755869963,0.2815398250215687,"[(23.18779233717176, 14.093039298670249), (23.16949547268173, 14.111393749151759), (23.151117084587924, 14.129829723158966), (23.13265717328544, 14.148347220296213), (23.114115739170177, 14.16694624016705), (23.095492782638804, 14.185626782374246), (23.07678830408879, 14.204388846519779), (23.05800230391839, 14.22323243220484), (23.039134782526634, 14.242157539029831), (23.02018574031336, 14.261164166594371), (23.001155177679173, 14.280252314497286), (22.98204309502548, 14.299421982336618), (22.962849492754472, 14.318673169709623), (22.943574371269122, 14.338005876212765), (22.924217730973197, 14.357420101441724), (22.904779572271245, 14.376915844991391), (22.88525989556861, 14.396493106455873), (22.86565870127141, 14.416151885428485), (22.845975989786567, 14.435892181501757), (22.826211761521776, 14.45571399426743), (22.80636601688553, 14.475617323316461), (22.786438756287104, 14.495602168239017), (22.766429980136557, 14.515668528624477), (22.746339688844742, 14.535816404061435), (22.726167882823297, 14.556045794137695), (22.705914562484647, 14.576356698440277), (22.685579728242004, 14.596749116555412), (22.665163380509373, 14.617223048068542), (22.644665519701533, 14.637778492564324), (22.624086146234063, 14.658415449626627), (22.603425260523323, 14.679133918838533), (22.582682862986463, 14.699933899782334), (22.56185895404142, 14.720815392039539), (22.540953534106915, 14.741778395190869), (22.519966603602462, 14.762822908816254), (22.498898162948358, 14.783948932494841), (22.477748212565682, 14.805156465804986), (22.456516752876315, 14.82644550832426), (22.435203784302914, 14.847816059629448), (22.413809307268927, 14.869268119296546), (22.39233332219859, 14.89080168690076), (22.37077582951692, 14.912416762016514), (22.349136829649726, 14.934113344217444), (22.327416323023606, 14.955891433076395), (22.30561431006594, 14.977751028165429)]",True
1783881423.2887373,0,23.18008861120583,14.165303064100756,0.8000000119209516,99.96376789256809,-0.42486806123228255,23.19868979431029,11.852552987091556,1.9360850475632987,94.91448913669812,-0.14332823621071386,0.018601183104461683,-2.3127500770092,1.136085035642347,-5.049278755869963,0.2815398250215687,"[(23.18369196633885, 14.107169081404166), (23.16555968292303, 14.124978112880868), (23.147345547273726, 14.142868997032883), (23.129049559789205, 14.160841733465107), (23.11067172086853, 14.17889632178164), (23.092212030911572, 14.19703276158578), (23.073670490318992, 14.215251052480022), (23.05504709949226, 14.233551194066065), (23.036341858833637, 14.251933185944806), (23.01755476874619, 14.27039702771634), (22.99868582963379, 14.288942718979966), (22.979735041901098, 14.30757025933418), (22.960702405953583, 14.326279648376676), (22.941587922197513, 14.345070885704352), (22.922391591039954, 14.363943970913304), (22.90311341288877, 14.382898903598827), (22.88375338815263, 14.401935683355418), (22.864311517241003, 14.421054309776773), (22.844787800564156, 14.440254782455787), (22.825182238533156, 14.459537100984557), (22.80549483155987, 14.478901264954375), (22.785725580056962, 14.498347273955739), (22.76587448443791, 14.517875127578343), (22.74594154511697, 14.537484825411083), (22.725926762509218, 14.557176367042056), (22.705830137030517, 14.576949752058551), (22.685651669097535, 14.59680498004707), (22.665391359127742, 14.616742050593304), (22.645049207539405, 14.63676096328215), (22.624625214751592, 14.6568617176977), (22.604119381184173, 14.67704431342325), (22.583531707257812, 14.697308750041298), (22.56286219339398, 14.717655027133535), (22.542110840014942, 14.738083144280857), (22.52127764754377, 14.75859310106336), (22.500362616404328, 14.779184897060336), (22.479365747021284, 14.799858531850282), (22.458287039820107, 14.820614005010892), (22.437126495227066, 14.841451316119059), (22.415884113669225, 14.86237046475088), (22.394559895574456, 14.88337145048165), (22.37315384137143, 14.904454272885864), (22.351665951489608, 14.925618931537217), (22.33009622635926, 14.946865426008603), (22.308444666411454, 14.968193755872118)]",True
1783881423.3472614,0,23.173716981878137,14.188441782366075,0.8000000119209411,99.96376789256809,-0.42486806123228255,23.1646180475138,11.900627659288977,1.9910071708725736,94.91448913669812,-0.14332823621071386,-0.009098934364335065,-2.287814123077098,1.1910071589516327,-5.049278755869963,0.2815398250215687,"[(23.176992948835185, 14.129465588377519), (23.159036182064625, 14.146644240462832), (23.140997493593087, 14.163904815314735), (23.122876883818222, 14.181247312543217), (23.104674353138474, 14.198671731757463), (23.086389901953098, 14.216178072565855), (23.068023530662153, 14.233766334575972), (23.049575239666495, 14.25143651739459), (23.031045029367785, 14.26918862062768), (23.01243290016849, 14.287022643880416), (22.99373885247188, 14.304938586757162), (22.974962886682018, 14.322936448861482), (22.95610500320379, 14.341016229796136), (22.937165202442863, 14.359177929163081), (22.918143484805725, 14.377421546563475), (22.899039850699655, 14.395747081597667), (22.879854300532738, 14.414154533865206), (22.860586834713867, 14.432643902964838), (22.841237453652735, 14.451215188494503), (22.821806157759834, 14.469868390051342), (22.802292947446464, 14.488603507231694), (22.782697823124728, 14.50742053963109), (22.763020785207527, 14.526319486844258), (22.74326183410857, 14.545300348465128), (22.723420970242366, 14.564363124086825), (22.703498194024228, 14.583507813301669), (22.68349350587027, 14.602734415701176), (22.663406906197416, 14.622042930876066), (22.643238395423385, 14.64143335841625), (22.6229879739667, 14.660905697910836), (22.60265564224669, 14.680459948948133), (22.58224140068349, 14.700096111115643), (22.561745249698028, 14.719814184000068), (22.54116718971204, 14.739614167187304), (22.520507221148073, 14.759496060262446), (22.499765344429463, 14.779459862809789), (22.478941559980356, 14.799505574412818), (22.4580358682257, 14.819633194654221), (22.437048269591248, 14.839842723115881), (22.415978764503553, 14.860134159378878), (22.39482735338997, 14.880507503023491), (22.373594036678657, 14.900962753629193), (22.352278814798577, 14.921499910774655), (22.330881688179495, 14.942118974037745), (22.30940265725198, 14.962819942995532)]",True
1783881423.3850565,0,23.165479290306667,14.219362756704106,0.8000000119209341,99.96376789256809,-0.42486806123228255,23.117782071831243,11.966607907647719,2.052799447533139,97.21192705377206,0.0016891007706654193,-0.04769721847542385,-2.2527548490563873,1.2527994356122047,-2.751840838796028,0.42655716200294796,"[(23.174710460310383, 14.136920032344484), (23.15679949495895, 14.1539173041954), (23.1388065890391, 14.170996517866687), (23.120731742948333, 14.188157672969822), (23.102574957084958, 14.205400769115471), (23.084336231848074, 14.222725805913496), (23.0660155676376, 14.240132782972962), (23.047612964854252, 14.257621699902122), (23.029128423899547, 14.27519255630843), (23.010561945175805, 14.292845351798533), (22.991913529086162, 14.310580085978279), (22.973183176034542, 14.328396758452707), (22.954370886425686, 14.346295368826052), (22.935476660665127, 14.364275916701752), (22.91650049915921, 14.382338401682434), (22.89744240231508, 14.400482823369922), (22.878302370540688, 14.41870918136524), (22.859080404244786, 14.437017475268606), (22.839776503836934, 14.455407704679432), (22.820390669727495, 14.47387986919633), (22.80092290232763, 14.492433968417107), (22.781373202049313, 14.511070001938762), (22.76174156930531, 14.529787969357498), (22.742028004509205, 14.548587870268708), (22.722232508075376, 14.567469704266983), (22.702355080419004, 14.586433470946114), (22.68239572195608, 14.60547916989908), (22.662354433103395, 14.624606800718063), (22.642231214278546, 14.643816362994437), (22.622026065899927, 14.663107856318778), (22.601738988386746, 14.68248128028085), (22.581369982159007, 14.701936634469622), (22.560919047637523, 14.721473918473254), (22.5403861852439, 14.741093131879103), (22.519771395400564, 14.760794274273723), (22.499074678530732, 14.780577345242863), (22.47829603505843, 14.80044234437147), (22.457435465408487, 14.820389271243688), (22.436492970006537, 14.840418125442852), (22.415468549279012, 14.860528906551501), (22.394362203653152, 14.880721614151364), (22.373173933557002, 14.90099624782337), (22.35190373941941, 14.921352807147642), (22.330551621670022, 14.9417912917035), (22.309117580739294, 14.962311701069464)]",True
1783881423.43827,0,23.161242778592,14.234791460513076,0.8000000119209323,99.96376789256809,-0.42486806123228255,23.094448576884194,12.000058994391347,1.9713558297216887,97.21192705377206,0.0016891007706654193,-0.06679420170780759,-2.234732466121729,1.1713558178007564,-2.751840838796028,0.42655716200294796,"[(23.163006319695615, 14.175731474019358), (23.144849108945266, 14.193278387976067), (23.126609930122463, 14.210907270841414), (23.108288783627238, 14.228618122221366), (23.089885669860422, 14.246410941721086), (23.071400589223654, 14.26428572894493), (23.052833542119373, 14.282242483496452), (23.034184528950828, 14.3002812049784), (23.015453550122068, 14.318401892992721), (22.996640606037946, 14.336604547140551), (22.977745697104123, 14.354889167022227), (22.958768823727063, 14.373255752237283), (22.93970998631403, 14.391704302384442), (22.920569185273095, 14.410234817061628), (22.901346421013137, 14.42884729586596), (22.882041693943837, 14.447541738393753), (22.862655004475677, 14.466318144240512), (22.843186353019952, 14.485176513000948), (22.82363573998875, 14.50411684426896), (22.804003165794967, 14.523139137637644), (22.78428863085231, 14.542243392699293), (22.76449213557528, 14.561429609045396), (22.744613680379192, 14.580697786266636), (22.724653265680153, 14.600047923952893), (22.70461089189509, 14.619480021693242), (22.684486559441723, 14.638994079075955), (22.66428026873858, 14.658590095688497), (22.64399202020499, 14.678268071117532), (22.62362181426109, 14.698028004948918), (22.603169651327818, 14.717869896767713), (22.58263553182692, 14.737793746158161), (22.562019456180945, 14.757799552703712), (22.541321424813244, 14.777887315987005), (22.520541438147976, 14.79805703558988), (22.4996794966101, 14.818308711093366), (22.478735600625377, 14.838642342077694), (22.457709750620385, 14.85905792812229), (22.43660194702249, 14.879555468805773), (22.415412190259868, 14.900134963705959), (22.39414048076151, 14.920796412399863), (22.372786818957195, 14.941539814463692), (22.351351205277513, 14.962365169472848), (22.32983364015386, 14.983272477001933), (22.308234124018433, 15.00426173662474), (22.286552657304235, 15.025332947914261)]",True
1783881423.4861333,0,23.161242778592,14.234791460513076,0.8000000119209323,99.96376789256809,-0.42486806123228255,23.094448576884194,12.000058994391347,1.9713558297216887,97.21192705377206,0.0016891007706654193,-0.06679420170780759,-2.234732466121729,1.1713558178007564,-2.751840838796028,0.42655716200294796,"[(23.16089492000946, 14.183313377929919), (23.14281422736046, 14.200660227342288), (23.124651618537342, 14.218088993933634), (23.106407093938895, 14.235599677312369), (23.088080653964706, 14.253192277086098), (23.069672299015174, 14.27086679286163), (23.051182029491496, 14.288623224244967), (23.03260984579567, 14.306461570841309), (23.013955748330496, 14.324381832255053), (22.995219737499582, 14.342384008089793), (22.976401813707334, 14.36046809794832), (22.95750197735896, 14.378634101432626), (22.93852022886048, 14.396882018143893), (22.919456568618703, 14.415211847682505), (22.900310997041252, 14.433623589648041), (22.881083514536552, 14.452117243639279), (22.861774121513825, 14.470692809254194), (22.842382818383097, 14.489350286089957), (22.822909605555196, 14.508089673742937), (22.80335448344176, 14.5269109718087), (22.783717452455218, 14.54581417988201), (22.763998513008815, 14.564799297556824), (22.74419766551659, 14.583866324426303), (22.72431491039339, 14.603015260082799), (22.70435024805486, 14.622246104117867), (22.684303678917445, 14.641558856122254), (22.664175203398404, 14.660953515685906), (22.64396482191579, 14.680430082397969), (22.62367253488846, 14.699988555846783), (22.603298342736075, 14.719628935619884), (22.582842245879096, 14.739351221304009), (22.562304244738794, 14.759155412485091), (22.54168433973723, 14.77904150874826), (22.520982531297282, 14.799009509677845), (22.500198819842623, 14.819059414857367), (22.479333205797726, 14.83919122386955), (22.45838568958787, 14.859404936296313), (22.437356271639143, 14.879700551718772), (22.416244952378424, 14.90007806971724), (22.3950517322334, 14.92053748987123), (22.373776611632564, 14.941078811759446), (22.35241959100521, 14.9617020349598), (22.33098067078143, 14.98240715904939), (22.30945985139212, 15.00319418360452), (22.287857133268982, 15.024063108200687)]",True
1783881423.5349689,0,23.159071660492682,14.242491208838661,0.8000000119209316,99.96376789256809,-0.42486806123228255,23.083605877055486,12.015950412950513,1.8762558297216887,97.21192705377206,0.0016891007706654193,-0.07546578343719546,-2.2265407958881482,1.076255817800757,-2.751840838796028,0.42655716200294796,"[(23.158837741056228, 14.190824770516754), (23.1408285095179, 14.207981580022206), (23.122737351895385, 14.225220316779547), (23.104564268586973, 14.242540980398852), (23.08630925999176, 14.259943570489387), (23.06797232650965, 14.277428086659624), (23.049553468541344, 14.294994528517222), (23.031052686488348, 14.312642895669043), (23.012469980752975, 14.330373187721147), (22.993805351738338, 14.348185404278784), (22.975058799848348, 14.366079544946404), (22.956230325487734, 14.384055609327653), (22.937319929062014, 14.402113597025377), (22.918327610977514, 14.420253507641615), (22.899253371641368, 14.438475340777602), (22.880097211461507, 14.456779096033772), (22.860859130846666, 14.475164773009755), (22.84153913020639, 14.493632371304379), (22.822137209951016, 14.512181890515667), (22.802653370491697, 14.530813330240836), (22.78308761224038, 14.549526690076304), (22.76343993560982, 14.568321969617685), (22.743710341013575, 14.587199168459787), (22.723898828865998, 14.606158286196619), (22.704005399582257, 14.625199322421384), (22.68403005357832, 14.64432227672648), (22.66397279127095, 14.663527148703507), (22.643833613077724, 14.682813937943253), (22.62361251941702, 14.702182644035712), (22.603309510708012, 14.721633266570072), (22.582924587370684, 14.741165805134713), (22.562457749825825, 14.76078025931722), (22.54190899849502, 14.780476628704367), (22.521278333800666, 14.80025491288213), (22.500565756165955, 14.820115111435676), (22.479771266014883, 14.840057223949376), (22.458894863772258, 14.860081250006795), (22.43793654986368, 14.880187189190691), (22.41689632471556, 14.900375041083022), (22.3957741887551, 14.920644805264944), (22.37457014241033, 14.940996481316807), (22.35328418611006, 14.96143006881816), (22.331916320283902, 14.981945567347749), (22.310466545362292, 15.002542976483515), (22.28893486177645, 15.023222295802595)]",True
1783881423.5882583,0,23.14801028242001,14.280931286140348,0.8000000119209298,99.96376789256809,-0.42486806123228255,23.03899994515833,12.08488845305036,1.4288415506711911,97.21192705377206,0.0016891007706654193,-0.10901033726167952,-2.1960428330899884,0.6288415387502613,-2.751840838796028,0.42655716200294796,"[(23.14467965773648, 14.243810319180076), (23.127046191184434, 14.259971937191064), (23.109330681432866, 14.276215600424496), (23.091533128878243, 14.29254130849842), (23.07365353391785, 14.308949061030074), (23.055691896949764, 14.325438857635888), (23.03764821837288, 14.342010697931485), (23.0195224985869, 14.358664581531677), (23.00131473799233, 14.37540050805047), (22.983024936990496, 14.39221847710106), (22.964653095983515, 14.409118488295839), (22.946199215374328, 14.426100541246385), (22.927663295566678, 14.443164635563468), (22.90904533696511, 14.460310770857054), (22.890345339974992, 14.477538946736297), (22.871563305002486, 14.494849162809546), (22.85269923245457, 14.512241418684338), (22.833753122739026, 14.529715713967402), (22.81472497626445, 14.547272048264663), (22.79561479344024, 14.564910421181231), (22.776422574676605, 14.582630832321414), (22.757148320384566, 14.600433281288705), (22.737792030975942, 14.618317767685799), (22.718353706863372, 14.636284291114572), (22.698833348460298, 14.654332851176097), (22.679230956180962, 14.672463447470637), (22.65954653044043, 14.690676079597651), (22.639780071654567, 14.708970747155783), (22.61993158024005, 14.727347449742874), (22.60000105661436, 14.745806186955953), (22.579988501195785, 14.764346958391243), (22.55989391440343, 14.78296976364416), (22.539717296657194, 14.80167460230931), (22.5194586483778, 14.82046147398049), (22.49911796998677, 14.83933037825069), (22.478695261906434, 14.858281314712091), (22.45819052455993, 14.877314282956068), (22.437603758371214, 14.896429282573184), (22.416934963765033, 14.915626313153197), (22.396184141166955, 14.934905374285055), (22.37535129100335, 14.954266465556902), (22.354436413701404, 14.973709586556067), (22.333439509689104, 14.993234736869073), (22.312360579395243, 15.01284191608164), (22.29119962324943, 15.032531123778673)]",True
1783881423.6579432,0,23.1413299620126,14.30398279008879,0.8000000119209294,99.96376789256809,-0.42486806123228255,23.01818510098136,12.119618365187911,1.2840095162184795,97.21192705377206,0.0016891007706654193,-0.12314486103123912,-2.1843644249008793,0.4840095042975501,-2.751840838796028,0.42655716200294796,"[(23.136076752320108, 14.274184520996437), (23.118545534843527, 14.289964898021548), (23.100932221151634, 14.305827373671912), (23.08323681164073, 14.321771947568534), (23.065459306707922, 14.33779861933161), (23.047599706751125, 14.353907388580524), (23.02965801216907, 14.370098254933852), (23.01163422336129, 14.386371218009359), (22.993528340728144, 14.402726277423996), (22.97534036467079, 14.419163432793908), (22.957070295591194, 14.435682683734425), (22.938718133892138, 14.45228402986007), (22.920283879977216, 14.468967470784554), (22.901767534250826, 14.485733006120777), (22.883169097118184, 14.502580635480827), (22.864488568985312, 14.519510358475985), (22.845725950259045, 14.53652217471672), (22.826881241347024, 14.55361608381269), (22.80795444265771, 14.57079208537274), (22.788945554600364, 14.588050179004913), (22.76985457758506, 14.60539036431643), (22.750681512022688, 14.622812640913708), (22.731426358324942, 14.640317008402352), (22.71208911690433, 14.65790346638716), (22.692669788174165, 14.675572014472113), (22.673168372548577, 14.693322652260386), (22.653584870442504, 14.711155379354343), (22.633919282271698, 14.729070195355536), (22.61417160845272, 14.747067099864706), (22.59434184940293, 14.765146092481787), (22.574430005540517, 14.7833071728059), (22.554436077284464, 14.801550340435353), (22.534360065054578, 14.81987559496765), (22.51420196927147, 14.838282935999478), (22.493961790356554, 14.85677236312672), (22.47363952873207, 14.875343875944441), (22.453235184821054, 14.893997474046902), (22.43274875904736, 14.91273315702755), (22.412180251835657, 14.931550924479023), (22.39152966361141, 14.950450775993149), (22.37079699480091, 14.969432711160945), (22.349982245831246, 14.988496729572617), (22.329085417130322, 15.007642830817561), (22.30810650912686, 15.02687101448436), (22.287045522250374, 15.046181280160791)]",True
1783881423.6970484,0,23.13906606618668,14.31165575570618,0.8000000119209293,99.96376789256809,-0.42486806123228255,23.011847013319777,12.130605338261963,1.252814907140669,97.21192705377206,0.0016891007706654193,-0.12721905286690216,-2.181050417444217,0.4528148952197396,-2.751840838796028,0.42655716200294796,"[(23.133877903137876, 14.281783982872087), (23.116364144082624, 14.297484702423674), (23.098768278048613, 14.313267531450345), (23.081090305432134, 14.329132469573729), (23.063330226630296, 14.345079516414643), (23.04548804204102, 14.361108671593096), (23.027563752063024, 14.37721993472828), (23.00955735709586, 14.393413305438585), (22.99146885753988, 14.409688783341585), (22.973298253796237, 14.42604636805404), (22.95504554626691, 14.442486059191904), (22.93671073535468, 14.459007856370317), (22.918293821463145, 14.475611759203607), (22.89979480499671, 14.492297767305297), (22.881213686360592, 14.509065880288093), (22.862550465960823, 14.52591609776389), (22.843805144204236, 14.542848419343775), (22.82497772149848, 14.559862844638022), (22.806068198252024, 14.576959373256097), (22.78707657487414, 14.594138004806648), (22.7680028517749, 14.61139873889752), (22.748847029365205, 14.628741575135743), (22.72960910805676, 14.646166513127538), (22.710289088262076, 14.66367355247831), (22.690886970394487, 14.681262692792659), (22.671402754868126, 14.69893393367437), (22.651836442097938, 14.716687274726421), (22.632188032499688, 14.734522715550977), (22.61245752648994, 14.752440255749388), (22.59264492448608, 14.7704398949222), (22.572750226906297, 14.788521632669143), (22.5527734341696, 14.80668546858914), (22.532714546695793, 14.824931402280301), (22.512573564905505, 14.843259433339924), (22.492350489220172, 14.861669561364495), (22.472045320062037, 14.880161785949694), (22.45165805785416, 14.898736106690388), (22.431188703020407, 14.917392523180629), (22.410637255985456, 14.936131035013664), (22.3900037171748, 14.954951641781927), (22.369288087014734, 14.97385434307704), (22.348490365932374, 14.992839138489813), (22.327610554355637, 15.01190602761025), (22.306648652713257, 15.03105501002754), (22.28560466143478, 15.050286085330063)]",True
1783881423.7388759,0,23.129653861406304,14.342240055705314,0.8000000119209292,99.96376789256809,-0.42486806123228255,22.988669981284136,12.173094570894786,1.1771160195214947,97.21192705377206,0.0016891007706654193,-0.14098388012216745,-2.169145484810528,0.3771160076005655,-2.751840838796028,0.42655716200294796,"[(23.12504337033431, 14.312232359991919), (23.10758369481626, 14.327666557454542), (23.090041876660887, 14.343182900346173), (23.072417916264527, 14.35878138829053), (23.054711814024333, 14.37446202091052), (23.036923570338264, 14.390224797828235), (23.019053185605095, 14.406069718664957), (23.00110066022441, 14.421996783041154), (22.983065994596608, 14.438005990576482), (22.964949189122905, 14.454097340889781), (22.94675024420532, 14.470270833599086), (22.928469160246692, 14.486526468321612), (22.910105937650673, 14.502864244673763), (22.89166057682172, 14.519284162271134), (22.873133078165115, 14.535786220728504), (22.854523442086936, 14.55237041965984), (22.835831668994086, 14.569036758678296), (22.817057759294276, 14.585785237396216), (22.798201713396033, 14.602615855425128), (22.77926353170869, 14.61952861237575), (22.760243214642397, 14.636523507857989), (22.741140762608115, 14.653600541480934), (22.721956176017624, 14.670759712852865), (22.7026894552835, 14.688001021581249), (22.683340600819154, 14.70532446727274), (22.663909613038786, 14.722730049533181), (22.644396492357426, 14.740217767967602), (22.62480123919091, 14.757787622180219), (22.60512385395588, 14.775439611774436), (22.58536433706981, 14.793173736352845), (22.56552268895096, 14.810989995517225), (22.545598910018423, 14.828888388868545), (22.525593000692094, 14.846868916006958), (22.505504961392685, 14.864931576531806), (22.48533479254172, 14.88307637004162), (22.465082494561532, 14.901303296134115), (22.44474806787527, 14.919612354406198), (22.424331512906896, 14.938003544453958), (22.403832830081182, 14.956476865872679), (22.383252019823708, 14.975032318256826), (22.362589082560874, 14.993669901200054), (22.34184401871989, 15.012389614295206), (22.321016828728776, 15.03119145713431), (22.30010751301637, 15.050075429308588), (22.279116072012314, 15.069041530408443)]",True
1783881423.7896864,0,23.11515312510335,14.387997183339461,0.8000000119209292,99.96376789256809,-0.42486806123228255,22.957646183510658,12.234889501080225,1.1361073709403107,97.21192705377206,0.0016891007706654193,-0.1575069415926933,-2.153107682259236,0.3361073590193815,-2.751840838796028,0.42655716200294796,"[(23.108768631952945, 14.365454770767702), (23.09131921265569, 14.380563390441914), (23.073787598932263, 14.39575420777333), (23.056173791179724, 14.41102722238811), (23.038477789795948, 14.426382433911606), (23.020699595179632, 14.441819841968348), (23.00283920773028, 14.45733944618206), (22.98489662784821, 14.47294124617564), (22.966871855934567, 14.488625241571182), (22.948764892391292, 14.504391431989957), (22.930575737621155, 14.520239817052424), (22.91230439202774, 14.536170396378228), (22.893950856015437, 14.5521831695862), (22.875515129989456, 14.568278136294355), (22.856997214355825, 14.584455296119891), (22.838397109521377, 14.600714648679196), (22.81971481589377, 14.617056193587837), (22.800950333881477, 14.633479930460572), (22.782103663893775, 14.649985858911341), (22.76317480634076, 14.66657397855327), (22.744163761633352, 14.683244288998672), (22.725070530183274, 14.699996789859043), (22.705895112403066, 14.716831480745064), (22.686637508706088, 14.733748361266603), (22.66729771950651, 14.75074743103271), (22.647875745219316, 14.767828689651626), (22.62837158626031, 14.784992136730773), (22.608785243046103, 14.802237771876758), (22.58911671599413, 14.819565594695375), (22.56936600552263, 14.836975604791602), (22.549533112050668, 14.854467801769605), (22.529618035998112, 14.872042185232731), (22.509620777785653, 14.889698754783518), (22.489541337834787, 14.907437510023684), (22.46937971656784, 14.925258450554134), (22.44913591440794, 14.943161575974958), (22.428809931779035, 14.961146885885434), (22.408401769105886, 14.97921437988402), (22.387911426814068, 14.997364057568365), (22.36733890532997, 15.0155959185353), (22.346684205080795, 15.033909962380843), (22.325947326494564, 15.052306188700198), (22.305128270000115, 15.07078459708775), (22.28422703602709, 15.089345187137074), (22.263243625005956, 15.10798795844093)]",True
1783881423.85375,0,23.110269016697803,14.403233454773739,0.8000000119209292,99.96376789256809,-0.42486806123228255,22.948302981620035,12.255537511681133,1.1305628295714358,97.21192705377206,0.0016891007706654193,-0.16196603507776786,-2.1476959430926055,0.33056281765050666,-2.751840838796028,0.42655716200294796,"[(23.096642910836486, 14.403409635264131), (23.07916837559583, 14.418361058732467), (23.06161162091744, 14.43339470512377), (23.043972647199034, 14.448510574065386), (23.02625145483915, 14.46370866518383), (23.00844804423715, 14.47898897810481), (22.990562415793192, 14.49435151245322), (22.97259456990827, 14.50979626785313), (22.95454450698418, 14.525323243927799), (22.936412227423542, 14.540932440299674), (22.91819773162979, 14.556623856590377), (22.89990102000717, 14.57239749242072), (22.88152209296075, 14.588253347410697), (22.863060950896408, 14.60419142117949), (22.84451759422084, 14.620211713345457), (22.825892023341556, 14.63631422352615), (22.80718423866689, 14.652498951338295), (22.788394240605978, 14.668765896397812), (22.769522029568787, 14.685115058319798), (22.75056760596609, 14.70154643671854), (22.731530970209473, 14.7180600312075), (22.71241212271135, 14.734655841399332), (22.693211063884938, 14.751333866905874), (22.673927794144277, 14.768094107338145), (22.654562313904222, 14.784936562306351), (22.63511462358044, 14.801861231419876), (22.615584723589418, 14.818868114287296), (22.595972614348458, 14.835957210516368), (22.576278296275675, 14.853128519714032), (22.55650176979, 14.870382041486414), (22.536643035311183, 14.887717775438821), (22.516702093259788, 14.90513572117575), (22.496678944057194, 14.922635878300877), (22.476573588125596, 14.940218246417066), (22.456386025888005, 14.957882825126362), (22.436116257768248, 14.975629614029993), (22.415764284190967, 14.993458612728375), (22.395330105581618, 15.011369820821109), (22.374813722366476, 15.029363237906978), (22.35421513497263, 15.047438863583947), (22.333534343827985, 15.06559669744917), (22.31277134936126, 15.083836739098981), (22.29192615200199, 15.1021589881289), (22.27099875218053, 15.120563444133635), (22.249989150328048, 15.139050106707073)]",True
1783881423.8866343,0,23.100905057405456,14.433832140126983,0.8000000119209292,99.96376789256809,-0.42486806123228255,22.929967357951366,12.296727092217434,1.1245424653395153,97.21192705377206,0.0016891007706654193,-0.17093769945408965,-2.1371050479095484,0.3245424534185861,-2.751840838796028,0.42655716200294796,"[(23.089361301742766, 14.426204820678894), (23.07187542735493, 14.441085452461314), (23.054307322843034, 14.456048317967685), (23.0366569886051, 14.471093416825877), (23.01892442503996, 14.486220748662943), (23.00110963254727, 14.501430313105116), (22.983212611527495, 14.51672210977782), (22.965233362381923, 14.532096138305654), (22.947171885512656, 14.547552398312407), (22.92902818132261, 14.563090889421046), (22.91080225021552, 14.578711611253729), (22.892494092595932, 14.594414563431789), (22.874103708869217, 14.610199745575748), (22.855631099441553, 14.626067157305314), (22.837076264719943, 14.642016798239371), (22.8184392051122, 14.658048667995992), (22.799719921026952, 14.674162766192433), (22.780918412873653, 14.690359092445133), (22.762034681062563, 14.706637646369714), (22.743068726004765, 14.722998427580983), (22.72402054811215, 14.739441435692928), (22.70489014779744, 14.755966670318724), (22.685677525474155, 14.772574131070728), (22.666382681556644, 14.789263817560482), (22.647005616460067, 14.806035729398708), (22.627546330600403, 14.822889866195316), (22.608004824394442, 14.8398262275594), (22.5883810982598, 14.85684481309923), (22.568675152614894, 14.873945622422267), (22.548886987878976, 14.891128655135159), (22.5290166044721, 14.908393910843728), (22.50906400281514, 14.925741389152986), (22.489029183329787, 14.943171089667127), (22.46891214643855, 14.960683011989527), (22.448712892564753, 14.97827715572275), (22.42843142213253, 14.995953520468543), (22.40806773556684, 15.013712105827832), (22.387621833293448, 15.031552911400732), (22.367093715738953, 15.049475936786537), (22.346483383330753, 15.06748118158373), (22.325790836497067, 15.085568645389975), (22.30501607566693, 15.103738327802116), (22.2841591012702, 15.12199022841619), (22.263219913737533, 15.14032434682741), (22.242198513500426, 15.158740682630174)]",True
1783881423.935067,0,23.100905057405456,14.433832140126983,0.8000000119209292,99.96376789256809,-0.42486806123228255,22.929967357951366,12.296727092217434,1.1245424653395153,97.21192705377206,0.0016891007706654193,-0.17093769945408965,-2.1371050479095484,0.3245424534185861,-2.751840838796028,0.42655716200294796,"[(23.089361301742766, 14.426204820678894), (23.07187542735493, 14.441085452461314), (23.054307322843034, 14.456048317967685), (23.0366569886051, 14.471093416825877), (23.01892442503996, 14.486220748662943), (23.00110963254727, 14.501430313105116), (22.983212611527495, 14.51672210977782), (22.965233362381923, 14.532096138305654), (22.947171885512656, 14.547552398312407), (22.92902818132261, 14.563090889421046), (22.91080225021552, 14.578711611253729), (22.892494092595932, 14.594414563431789), (22.874103708869217, 14.610199745575748), (22.855631099441553, 14.626067157305314), (22.837076264719943, 14.642016798239371), (22.8184392051122, 14.658048667995992), (22.799719921026952, 14.674162766192433), (22.780918412873653, 14.690359092445133), (22.762034681062563, 14.706637646369714), (22.743068726004765, 14.722998427580983), (22.72402054811215, 14.739441435692928), (22.70489014779744, 14.755966670318724), (22.685677525474155, 14.772574131070728), (22.666382681556644, 14.789263817560482), (22.647005616460067, 14.806035729398708), (22.627546330600403, 14.822889866195316), (22.608004824394442, 14.8398262275594), (22.5883810982598, 14.85684481309923), (22.568675152614894, 14.873945622422267), (22.548886987878976, 14.891128655135159), (22.5290166044721, 14.908393910843728), (22.50906400281514, 14.925741389152986), (22.489029183329787, 14.943171089667127), (22.46891214643855, 14.960683011989527), (22.448712892564753, 14.97827715572275), (22.42843142213253, 14.995953520468543), (22.40806773556684, 15.013712105827832), (22.387621833293448, 15.031552911400732), (22.367093715738953, 15.049475936786537), (22.346483383330753, 15.06748118158373), (22.325790836497067, 15.085568645389975), (22.30501607566693, 15.103738327802116), (22.2841591012702, 15.12199022841619), (22.263219913737533, 15.14032434682741), (22.242198513500426, 15.158740682630174)]",True
1783881423.9880831,0,23.100905057405456,14.433832140126983,0.8000000119209292,99.96376789256809,-0.42486806123228255,22.929967357951366,12.296727092217434,1.1245424653395153,97.21192705377206,0.0016891007706654193,-0.17093769945408965,-2.1371050479095484,0.3245424534185861,-2.751840838796028,0.42655716200294796,"[(23.089361301742766, 14.426204820678894), (23.07187542735493, 14.441085452461314), (23.054307322843034, 14.456048317967685), (23.0366569886051, 14.471093416825877), (23.01892442503996, 14.486220748662943), (23.00110963254727, 14.501430313105116), (22.983212611527495, 14.51672210977782), (22.965233362381923, 14.532096138305654), (22.947171885512656, 14.547552398312407), (22.92902818132261, 14.563090889421046), (22.91080225021552, 14.578711611253729), (22.892494092595932, 14.594414563431789), (22.874103708869217, 14.610199745575748), (22.855631099441553, 14.626067157305314), (22.837076264719943, 14.642016798239371), (22.8184392051122, 14.658048667995992), (22.799719921026952, 14.674162766192433), (22.780918412873653, 14.690359092445133), (22.762034681062563, 14.706637646369714), (22.743068726004765, 14.722998427580983), (22.72402054811215, 14.739441435692928), (22.70489014779744, 14.755966670318724), (22.685677525474155, 14.772574131070728), (22.666382681556644, 14.789263817560482), (22.647005616460067, 14.806035729398708), (22.627546330600403, 14.822889866195316), (22.608004824394442, 14.8398262275594), (22.5883810982598, 14.85684481309923), (22.568675152614894, 14.873945622422267), (22.548886987878976, 14.891128655135159), (22.5290166044721, 14.908393910843728), (22.50906400281514, 14.925741389152986), (22.489029183329787, 14.943171089667127), (22.46891214643855, 14.960683011989527), (22.448712892564753, 14.97827715572275), (22.42843142213253, 14.995953520468543), (22.40806773556684, 15.013712105827832), (22.387621833293448, 15.031552911400732), (22.367093715738953, 15.049475936786537), (22.346483383330753, 15.06748118158373), (22.325790836497067, 15.085568645389975), (22.30501607566693, 15.103738327802116), (22.2841591012702, 15.12199022841619), (22.263219913737533, 15.14032434682741), (22.242198513500426, 15.158740682630174)]",True
1783881424.0409052,0,23.087527961073665,14.479930275648403,0.8000000119209292,99.96376789256809,-0.42486806123228255,22.89967873903086,12.369218937699124,1.121037379280427,97.21192705377206,0.0016891007706654193,-0.18784922204280363,-2.1107113379492795,0.3210373673594977,-2.751840838796028,0.42655716200294796,"[(23.06695493085961, 14.497163608153869), (23.046879004907247, 14.515793305715926), (23.026694783474564, 14.534531301945183), (23.006402267446607, 14.553377595986587), (22.98600145771066, 14.572332186982843), (22.96549235515625, 14.591395074074411), (22.94487496067515, 14.610566256399506), (22.924149275161373, 14.629845733094106), (22.903315299511174, 14.64923350329194), (22.882373034623058, 14.6687295661245), (22.86132248139776, 14.688333920721028), (22.840163640738268, 14.70804656620853), (22.81889651354981, 14.727867501711765), (22.797521100739853, 14.747796726353249), (22.776037403218115, 14.767834239253258), (22.754445421896545, 14.787980039529824), (22.732745157689344, 14.808234126298736), (22.71093661151295, 14.82859649867354), (22.689019784286042, 14.849067155765542), (22.66699467692955, 14.869646096683802), (22.64486129036664, 14.890333320535138), (22.622619625522724, 14.911128826424127), (22.600269683325447, 14.932032613453105), (22.57781146470471, 14.95304468072216), (22.555244970592643, 14.974165027329141), (22.53257020192363, 14.995393652369653), (22.50978715963429, 15.016730554937062), (22.486895844663483, 15.03817573412249), (22.46389625795232, 15.059729189014812), (22.44078840044415, 15.081390918700668), (22.41757227308455, 15.103160922264452), (22.394247876821357, 15.125039198788317), (22.370815212604647, 15.14702574735217), (22.34727428138674, 15.169120567033683), (22.323625084122185, 15.191323656908278), (22.299867621767785, 15.213635016049139), (22.27600189528258, 15.236054643527208), (22.252027905627855, 15.258582538411181), (22.227945653767136, 15.281218699767518), (22.203755140666185, 15.303963126660435), (22.179456367293014, 15.326815818151902), (22.155049334617875, 15.349776773301652), (22.130534043613256, 15.372845991167173), (22.105910495253895, 15.396023470803712), (22.081178690516765, 15.419309211264274)]",True
1783881424.0852203,0,23.083109351008517,14.49530802360242,0.8000000119209292,99.96376789256809,-0.42486806123228255,22.890964146881466,12.389872667075059,1.120680290117884,97.21192705377206,0.0016891007706654193,-0.19214520412705127,-2.1054353565273605,0.3206802781969549,-2.751840838796028,0.42655716200294796,"[(23.063663173104448, 14.512902958582709), (23.04535134228266, 14.529857013042422), (23.026957444699153, 14.546893136133072), (23.008481480757858, 14.564011327464135), (22.98992345086353, 14.581211586644278), (22.971283355421722, 14.598493913281361), (22.952561194838808, 14.615858306982428), (22.933756969521966, 14.633304767353719), (22.914870679879186, 14.650833294000659), (22.895902326319266, 14.668443886527866), (22.876851909251812, 14.686136544539146), (22.857719429087247, 14.703911267637494), (22.838504886236798, 14.721768055425098), (22.81920828111251, 14.739706907503333), (22.799829614127223, 14.757727823472766), (22.780368885694603, 14.775830802933156), (22.76082609622912, 14.794015845483443), (22.74120124614605, 14.812282950721766), (22.72149433586149, 14.83063211824545), (22.701705365792332, 14.849063347651013), (22.68183433635629, 14.867576638534157), (22.661881247971877, 14.886171990489778), (22.64184610105843, 14.904849403111964), (22.621728896036085, 14.923608875993988), (22.601529633325796, 14.942450408728318), (22.58124831334932, 14.961374000906607), (22.560884936529224, 14.980379652119701), (22.54043950328889, 14.999467361957636), (22.519912014052508, 15.018637130009637), (22.499302469245077, 15.037888955864117), (22.478610869292403, 15.057222839108686), (22.457837214621108, 15.076638779330134), (22.436981505658625, 15.096136776114449), (22.416043742833192, 15.115716829046805), (22.395023926573852, 15.13537893771157), (22.37392205731047, 15.155123101692297), (22.35273813547371, 15.17494932057173), (22.331472161495057, 15.19485759393181), (22.3101241358068, 15.214847921353657), (22.28869405884203, 15.234920302417587), (22.26718193103466, 15.255074736703106), (22.24558775281941, 15.275311223788911), (22.223911524631806, 15.295629763252888), (22.202153246908185, 15.316030354672112), (22.1803129200857, 15.336512997622847)]",True
1783881424.137058,0,23.060691769482304,14.572101507830716,0.8000000119209292,99.96376789256809,-0.42486806123228255,22.852324866646022,12.48300104546733,1.1201018852689315,97.21192705377206,0.0016891007706654193,-0.208366902836282,-2.089100462363387,0.32010187334800233,-2.751840838796028,0.42655716200294796,"[(23.063663173104448, 14.512902958582709), (23.04535134228266, 14.529857013042422), (23.026957444699153, 14.546893136133072), (23.008481480757858, 14.564011327464135), (22.98992345086353, 14.581211586644278), (22.971283355421722, 14.598493913281361), (22.952561194838808, 14.615858306982428), (22.933756969521966, 14.633304767353719), (22.914870679879186, 14.650833294000659), (22.895902326319266, 14.668443886527866), (22.876851909251812, 14.686136544539146), (22.857719429087247, 14.703911267637494), (22.838504886236798, 14.721768055425098), (22.81920828111251, 14.739706907503333), (22.799829614127223, 14.757727823472766), (22.780368885694603, 14.775830802933156), (22.76082609622912, 14.794015845483443), (22.74120124614605, 14.812282950721766), (22.72149433586149, 14.83063211824545), (22.701705365792332, 14.849063347651013), (22.68183433635629, 14.867576638534157), (22.661881247971877, 14.886171990489778), (22.64184610105843, 14.904849403111964), (22.621728896036085, 14.923608875993988), (22.601529633325796, 14.942450408728318), (22.58124831334932, 14.961374000906607), (22.560884936529224, 14.980379652119701), (22.54043950328889, 14.999467361957636), (22.519912014052508, 15.018637130009637), (22.499302469245077, 15.037888955864117), (22.478610869292403, 15.057222839108686), (22.457837214621108, 15.076638779330134), (22.436981505658625, 15.096136776114449), (22.416043742833192, 15.115716829046805), (22.395023926573852, 15.13537893771157), (22.37392205731047, 15.155123101692297), (22.35273813547371, 15.17494932057173), (22.331472161495057, 15.19485759393181), (22.3101241358068, 15.214847921353657), (22.28869405884203, 15.234920302417587), (22.26718193103466, 15.255074736703106), (22.24558775281941, 15.275311223788911), (22.223911524631806, 15.295629763252888), (22.202153246908185, 15.316030354672112), (22.1803129200857, 15.336512997622847)]",True
1783881424.1859968,0,23.058465952093172,14.57978562306034,0.8000000119209292,99.96376789256809,-0.42486806123228255,22.848156900876635,12.493397609138144,1.120082507597725,97.21192705377206,0.0016891007706654193,-0.2103090512165373,-2.086388013922196,0.3200824956767958,-2.751840838796028,0.42655716200294796,"[(23.06181755129054, 14.519731361665151), (23.043853738402188, 14.535850552060538), (23.02580782000383, 14.552051850507652), (23.00767979649651, 14.5683352566237), (22.989469668282087, 14.584700770025078), (22.971177435763224, 14.601148390327372), (22.9528030993434, 14.617678117145356), (22.9343466594269, 14.63428995009299), (22.915808116418834, 14.650983888783424), (22.897187470725108, 14.667759932828996), (22.87848472275245, 14.684618081841235), (22.859699872908394, 14.701558335430855), (22.840832921601287, 14.718580693207759), (22.82188386924029, 14.735685154781038), (22.802852716235368, 14.752871719758973), (22.783739462997307, 14.770140387749032), (22.764544109937702, 14.787491158357874), (22.745266657468957, 14.80492403119134), (22.725907106004286, 14.822439005854468), (22.706465455957723, 14.840036081951478), (22.686941707744104, 14.857715259085781), (22.66733586177908, 14.875476536859976), (22.647647918479112, 14.89331991487585), (22.627877878261476, 14.91124539273438), (22.608025741544257, 14.92925297003573), (22.58809150874635, 14.947342646379251), (22.568075180287465, 14.965514421363489), (22.547976756588124, 14.983768294586168), (22.527796238069655, 15.00210426564421), (22.507533625154206, 15.02052233413372), (22.487188918264728, 15.039022499649992), (22.466762117824985, 15.057604761787509), (22.446253224259554, 15.076269120139946), (22.425662237993823, 15.095015574300163), (22.404989159453997, 15.11384412386021), (22.384233989067084, 15.13275476841132), (22.36339672726091, 15.151747507543925), (22.342477374464103, 15.170822340847636), (22.321475931106114, 15.189979267911257), (22.3003923976172, 15.20921828832278), (22.279226774428423, 15.228539401669385), (22.25797906197167, 15.247942607537441), (22.236649260679627, 15.267427905512504), (22.215237370985797, 15.286995295179322), (22.193743393324496, 15.306644776121828)]",True
1783881424.2350767,0,23.05406125123133,14.595167367908887,0.8000000119209292,99.96376789256809,-0.42486806123228255,22.839764955468336,12.51416762148223,1.1200541081470936,97.21192705377206,0.0016891007706654193,-0.21429629576299547,-2.0809997464266576,0.32005409622616443,-2.751840838796028,0.42655716200294796,"[(23.059696949542218, 14.52725524729928), (23.041789319827313, 14.54326529600688), (23.02379953535089, 14.559357502092954), (23.00572759651402, 14.575531865175238), (22.987573503718593, 14.59178838487065), (22.969337257367304, 14.608127060795296), (22.951018857863662, 14.624547892564465), (22.932618305611992, 14.641050879792639), (22.91413560101743, 14.657636022093481), (22.89557074448593, 14.674303319079844), (22.876923736424253, 14.691052770363765), (22.858194577239974, 14.70788437555647), (22.839383267341486, 14.724798134268372), (22.820489807137992, 14.741794046109069), (22.801514197039506, 14.758872110687348), (22.782456437456858, 14.77603232761118), (22.763316528801692, 14.793274696487723), (22.744094471486466, 14.810599216923324), (22.724790265924447, 14.828005888523514), (22.705403912529718, 14.845494710893012), (22.685935411717175, 14.863065683635726), (22.666384763902528, 14.880718806354746), (22.646751969502294, 14.898454078652353), (22.62703702893381, 14.916271500130012), (22.607239942615227, 14.934171070388377), (22.587360710965505, 14.952152789027286), (22.56739933440442, 14.970216655645766), (22.54735581335256, 14.988362669842033), (22.52723014823132, 15.006590831213485), (22.50702233946292, 15.024901139356707), (22.486732387470386, 15.043293593867475), (22.466360292677557, 15.061768194340747), (22.445906055509084, 15.080324940370671), (22.425369676390435, 15.098963831550584), (22.40475115574789, 15.117684867473006), (22.384050494008537, 15.136488047729642), (22.363267691600292, 15.155373371911388), (22.342402748951862, 15.174340839608327), (22.32145566649279, 15.193390450409726), (22.30042644465341, 15.21252220390404), (22.279315083864887, 15.231736099678912), (22.258121584559184, 15.25103213732117), (22.236845947169094, 15.270410316416829), (22.215488172128207, 15.289870636551093), (22.194048259870936, 15.309413097308353)]",True
1783881424.3435714,0,23.045659938688523,14.626044303435497,0.8000000119209292,99.96376789256809,-0.42486806123228255,22.822884439538957,12.555667201611232,1.1200232715051766,97.21192705377206,0.0016891007706654193,-0.2227754991495665,-2.070377101824265,0.3200232595842474,-2.751840838796028,0.42655716200294796,"[(23.059696949542218, 14.52725524729928), (23.041789319827313, 14.54326529600688), (23.02379953535089, 14.559357502092954), (23.00572759651402, 14.575531865175238), (22.987573503718593, 14.59178838487065), (22.969337257367304, 14.608127060795296), (22.951018857863662, 14.624547892564465), (22.932618305611992, 14.641050879792639), (22.91413560101743, 14.657636022093481), (22.89557074448593, 14.674303319079844), (22.876923736424253, 14.691052770363765), (22.858194577239974, 14.70788437555647), (22.839383267341486, 14.724798134268372), (22.820489807137992, 14.741794046109069), (22.801514197039506, 14.758872110687348), (22.782456437456858, 14.77603232761118), (22.763316528801692, 14.793274696487723), (22.744094471486466, 14.810599216923324), (22.724790265924447, 14.828005888523514), (22.705403912529718, 14.845494710893012), (22.685935411717175, 14.863065683635726), (22.666384763902528, 14.880718806354746), (22.646751969502294, 14.898454078652353), (22.62703702893381, 14.916271500130012), (22.607239942615227, 14.934171070388377), (22.587360710965505, 14.952152789027286), (22.56739933440442, 14.970216655645766), (22.54735581335256, 14.988362669842033), (22.52723014823132, 15.006590831213485), (22.50702233946292, 15.024901139356707), (22.486732387470386, 15.043293593867475), (22.466360292677557, 15.061768194340747), (22.445906055509084, 15.080324940370671), (22.425369676390435, 15.098963831550584), (22.40475115574789, 15.117684867473006), (22.384050494008537, 15.136488047729642), (22.363267691600292, 15.155373371911388), (22.342402748951862, 15.174340839608327), (22.32145566649279, 15.193390450409726), (22.30042644465341, 15.21252220390404), (22.279315083864887, 15.231736099678912), (22.258121584559184, 15.25103213732117), (22.236845947169094, 15.270410316416829), (22.215488172128207, 15.289870636551093), (22.194048259870936, 15.309413097308353)]",True
1783881424.3866487,0,23.02686783281622,14.695547831466936,0.8000000119209292,99.96376789256809,-0.42486806123228255,22.78402440301832,12.648676318672758,1.1200034892279351,97.21192705377206,0.0016891007706654193,-0.24284342979789741,-2.046871512794178,0.32000347730700596,-2.751840838796028,0.42655716200294796,"[(23.03605405510627, 14.552394944967181), (23.01612980322195, 14.569284034905268), (22.996131601079203, 14.58624707928947), (22.976059449076985, 14.603284077750926), (22.95591334761498, 14.620395029920044), (22.93569329709361, 14.637579935426498), (22.91539929791403, 14.654838793899229), (22.895031350478117, 14.672171604966445), (22.8745894551885, 14.689578368255624), (22.854073612448524, 14.707059083393512), (22.83348382266227, 14.724613750006116), (22.812820086234556, 14.742242367718719), (22.792082403570927, 14.759944936155865), (22.771270775077664, 14.777721454941368), (22.75038520116178, 14.79557192369831), (22.729425682231017, 14.813496342049039), (22.708392218693856, 14.831494709615171), (22.687284810959497, 14.849567026017594), (22.666103459437892, 14.867713290876456), (22.64484816453971, 14.885933503811176)]",True
1783881424.4362593,0,23.020525643277615,14.71869464926767,0.8000000119209292,101.52278513701607,-0.4502272384789503,22.771106898977628,12.679694031072158,1.1200018551816928,97.21192705377206,0.0016891007706654193,-0.24941874429998734,-2.0390006181955123,0.32000184326076364,-4.310858083244014,0.4519163392496157,"[(23.0049294812716, 14.720099514087892), (22.983937880576573, 14.74489339409325), (22.962863883722886, 14.769769665034062), (22.94170749114176, 14.794728326441469), (22.92046870326522, 14.819769377845802), (22.89914752052612, 14.844892818776572), (22.877743943358116, 14.870098648762479), (22.856257972195685, 14.895386867331407), (22.834689607474115, 14.920757474010426), (22.813038849629518, 14.946210468325791), (22.791305699098807, 14.971745849802945), (22.76949015631972, 14.99736361796651), (22.74759222173081, 15.023063772340299), (22.725611895771433, 15.04884631244731), (22.703549178881776, 15.074711237809725), (22.68140407150283, 15.10065854794891), (22.659176574076405, 15.12668824238542), (22.636866687045124, 15.152800320638992), (22.614474410852424, 15.178994782228552), (22.591999745942555, 15.205271626672207), (22.569442692760592, 15.231630853487252), (22.54680325175241, 15.258072462190167), (22.524081423364713, 15.28459645229662), (22.501277208045007, 15.31120282332146), (22.47839060624162, 15.337891574778725), (22.455421618403697, 15.364662706181637), (22.432370244981186, 15.391516217042602), (22.409236486424863, 15.418452106873215), (22.38602034318631, 15.445470375184255), (22.36272181571793, 15.472571021485686), (22.339340904472934, 15.499754045286657), (22.315877609905353, 15.527019446095505), (22.292331932470027, 15.554367223419748), (22.26870387262262, 15.581797376766094), (22.244993430819598, 15.609309905640433), (22.221200607518252, 15.636904809547845), (22.197325403176688, 15.664582087992592), (22.173367818253816, 15.692341740478124), (22.14932785320937, 15.720183766507075), (22.125205508503896, 15.748108165581263), (22.101000784598753, 15.776114937201694), (22.076713681956118, 15.804204080868558), (22.052344201038977, 15.832375596081233), (22.027892342311137, 15.86062948233828), (22.00335810623721, 15.88896573913745)]",True
1783881424.4854164,0,22.998512825218757,14.795604894277137,0.8000000119209292,101.52278513701607,-0.4502272384789503,22.730040523706407,12.783891568714354,1.1200002291805753,97.21192705377206,0.0016891007706654193,-0.26847230151235024,-2.0117133255627824,0.3200002172596461,-4.310858083244014,0.4519163392496157,"[(23.0049294812716, 14.720099514087892), (22.983937880576573, 14.74489339409325), (22.962863883722886, 14.769769665034062), (22.94170749114176, 14.794728326441469), (22.92046870326522, 14.819769377845802), (22.89914752052612, 14.844892818776572), (22.877743943358116, 14.870098648762479), (22.856257972195685, 14.895386867331407), (22.834689607474115, 14.920757474010426), (22.813038849629518, 14.946210468325791), (22.791305699098807, 14.971745849802945), (22.76949015631972, 14.99736361796651), (22.74759222173081, 15.023063772340299), (22.725611895771433, 15.04884631244731), (22.703549178881776, 15.074711237809725), (22.68140407150283, 15.10065854794891), (22.659176574076405, 15.12668824238542), (22.636866687045124, 15.152800320638992), (22.614474410852424, 15.178994782228552), (22.591999745942555, 15.205271626672207), (22.569442692760592, 15.231630853487252), (22.54680325175241, 15.258072462190167), (22.524081423364713, 15.28459645229662), (22.501277208045007, 15.31120282332146), (22.47839060624162, 15.337891574778725), (22.455421618403697, 15.364662706181637), (22.432370244981186, 15.391516217042602), (22.409236486424863, 15.418452106873215), (22.38602034318631, 15.445470375184255), (22.36272181571793, 15.472571021485686), (22.339340904472934, 15.499754045286657), (22.315877609905353, 15.527019446095505), (22.292331932470027, 15.554367223419748), (22.26870387262262, 15.581797376766094), (22.244993430819598, 15.609309905640433), (22.221200607518252, 15.636904809547845), (22.197325403176688, 15.664582087992592), (22.173367818253816, 15.692341740478124), (22.14932785320937, 15.720183766507075), (22.125205508503896, 15.748108165581263), (22.101000784598753, 15.776114937201694), (22.076713681956118, 15.804204080868558), (22.052344201038977, 15.832375596081233), (22.027892342311137, 15.86062948233828), (22.00335810623721, 15.88896573913745)]",True
1783881424.5497935,0,22.994016048256835,14.81095997232287,0.8000000119209292,101.52278513701607,-0.4502272384789503,22.722040833355948,12.804814393427446,1.1200001519325178,97.21192705377206,0.0016891007706654193,-0.2719752149008876,-2.006145578895424,0.3200001400115886,-4.310858083244014,0.4519163392496157,"[(22.987439552468867, 14.783736766755302), (22.966505043901638, 14.80909281344747), (22.945489026951158, 14.834530362543743), (22.924391502036865, 14.860049413582045), (22.90321246957899, 14.88564996609952), (22.881951929998536, 14.911332019632527), (22.860609883717302, 14.93709557371664), (22.83918633115787, 14.962940627886647), (22.817681272743595, 14.98886718167655), (22.79609470889864, 15.014875234619572), (22.774426640047935, 15.040964786248143), (22.752677066617196, 15.067135836093913), (22.730845989032936, 15.093388383687747), (22.70893340772244, 15.119722428559726), (22.686939323113783, 15.146137970239142), (22.66486373563583, 15.172635008254506), (22.64270664571822, 15.199213542133542), (22.620468053791388, 15.225873571403191), (22.598147960286546, 15.25261509558961), (22.5757463656357, 15.279438114218166), (22.55326327027163, 15.306342626813448), (22.530698674627907, 15.333328632899255), (22.508052579138887, 15.360396131998606), (22.48532498423971, 15.387545123633728), (22.462515890366298, 15.41477560732607), (22.439625297955367, 15.442087582596296), (22.41665320744441, 15.46948104896428), (22.3935996192717, 15.496956005949116), (22.37046453387631, 15.52451245306911), (22.347247951698087, 15.552150389841788), (22.323949873177668, 15.579869815783885), (22.30057029875647, 15.607670730411357), (22.277109228876697, 15.635553133239371), (22.25356666398134, 15.663517023782312), (22.229942604514168, 15.69156240155378), (22.206237050919746, 15.71968926606659), (22.182450003643414, 15.74789761683277), (22.158581463131302, 15.776187453363566), (22.134631429830325, 15.80455877516944), (22.11059990418818, 15.833011581760065), (22.086486886653354, 15.861545872644337), (22.06229237767511, 15.890161647330359), (22.038016377703503, 15.918858905325454), (22.013658887189372, 15.94763764613616), (21.989219906584335, 15.976497869268227)]",True
1783881424.5880692,0,22.991756591198193,14.818634262895632,0.8000000119209292,101.52278513701607,-0.4502272384789503,22.718070056169964,12.815286872872734,1.120000123941897,97.21192705377206,0.0016891007706654193,-0.27368653502822937,-2.0033473900228973,0.3200001120209679,-4.310858083244014,0.4519163392496157,"[(22.983583287101155, 14.797717494044006), (22.963255629402475, 14.82160121705523), (22.94284647661982, 14.845566430335698), (22.922355829167223, 14.869613133437058), (22.901783687459496, 14.893741325910176), (22.88113005191223, 14.91795100730513), (22.860394922941815, 14.942242177171211), (22.839578300965417, 14.96661483505693), (22.818680186401, 14.991068980510006), (22.797700579667296, 15.015604613077375), (22.77663948118384, 15.040221732305188), (22.755496891370935, 15.06492033773881), (22.73427281064969, 15.08970042892282), (22.71296723944198, 15.114562005401012), (22.691580178170483, 15.139505066716394), (22.670111627258652, 15.164529612411188), (22.648561587130725, 15.189635642026833), (22.626930058211737, 15.214823155103977), (22.605217040927496, 15.240092151182488), (22.5834225357046, 15.265442629801443), (22.561546542970433, 15.29087459049914), (22.53958906315317, 15.316388032813089), (22.51755009668176, 15.34198295628001), (22.495429643985947, 15.367659360435843), (22.473227705496257, 15.393417244815742), (22.450944281644002, 15.419256608954072), (22.428579372861282, 15.445177452384414), (22.40613297958098, 15.471179774639566), (22.38360510223677, 15.497263575251537), (22.360995741263103, 15.523428853751554), (22.33830489709522, 15.549675609670055), (22.315532570169147, 15.576003842536696), (22.292678760921696, 15.602413551880343), (22.269743469790466, 15.628904737229082), (22.246726697213838, 15.655477398110207), (22.223628443630986, 15.682131534050233), (22.200448709481858, 15.708867144574887), (22.1771874952072, 15.73568422920911), (22.153844801248532, 15.762582787477058), (22.130420628048167, 15.789562818902102), (22.106914976049204, 15.816624323006826), (22.083327845695525, 15.84376729931303), (22.059659237431795, 15.870991747341728), (22.035909151703468, 15.898297666613152), (22.01207758895678, 15.925685056646742)]",True
1783881424.6365027,0,22.980919270886805,14.857137749638552,0.8000000119209292,101.52278513701607,-0.4502272384789503,22.698381447046742,12.867711536287013,1.1200000462703354,97.21192705377206,0.0016891007706654193,-0.28253782384006243,-1.989426213351539,0.32000003434940627,-4.310858083244014,0.4519163392496157,"[(22.978253971242363, 14.817233888692217), (22.959367224602225, 14.837296427450966), (22.94039888510857, 14.85744055746493), (22.921348953163577, 14.877666278320529), (22.902217429170204, 14.897973589603392), (22.883004313532208, 14.918362490898359), (22.863709606654133, 14.938832981789472), (22.84433330894132, 14.959385061859992), (22.82487542079989, 14.980018730692382), (22.805335942636773, 15.000733987868317), (22.785714874859668, 15.021530832968685), (22.766012217877076, 15.042409265573575), (22.74622797209829, 15.063369285262292), (22.72636213793339, 15.084410891613347), (22.706414715793247, 15.105534084204463), (22.686385706089528, 15.126738862612568), (22.666275109234682, 15.148025226413804), (22.646082925641956, 15.16939317518352), (22.625809155725385, 15.190842708496277), (22.60545379989979, 15.21237382592584), (22.585016858580794, 15.233986527045186), (22.564498332184797, 15.255680811426505), (22.543898221129, 15.27745667864119), (22.523216525831398, 15.299314128259848), (22.502453246710758, 15.321253159852294), (22.481608384186657, 15.343273772987553), (22.460681938679453, 15.365375967233856), (22.4396739106103, 15.387559742158649), (22.41858430040114, 15.409825097328582), (22.397413108474698, 15.432172032309518), (22.376160335254507, 15.45460054666653), (22.354825981164872, 15.477110639963895), (22.333410046630902, 15.499702311765104), (22.311912532078495, 15.522375561632858), (22.29033343793433, 15.545130389129065), (22.268672764625883, 15.567966793814843), (22.246930512581425, 15.59088477525052), (22.225106682230013, 15.613884332995635), (22.203201274001493, 15.636965466608935), (22.181214288326505, 15.660128175648374), (22.159145725636478, 15.683372459671117), (22.13699558636363, 15.706698318233542), (22.11476387094097, 15.73010575089123), (22.0924505798023, 15.753594757198979), (22.070055713382214, 15.777165336710791)]",True
1783881424.7009764,0,22.974556121757118,14.880278812713547,0.8000000119209292,101.52278513701607,-0.4502272384789503,22.686544086245288,12.899156998207223,1.1200000268078831,97.21192705377206,0.0016891007706654193,-0.2880120355118301,-1.9811218145063236,0.32000001488695395,-4.310858083244014,0.4519163392496157,"[(22.97026783928172, 14.84493461838879), (22.952137484188174, 14.86277750652871), (22.93392507558904, 14.880702448569789), (22.915630613886222, 14.898709444112965), (22.89725409948242, 14.91679849275837), (22.878795532781165, 14.934969594105317), (22.860254914186783, 14.953222747752317), (22.84163224410441, 14.97155795329707), (22.82292752294, 14.98997521033647), (22.804140751100306, 15.008474518466592), (22.785271928992895, 15.027055877282711), (22.766321057026143, 15.045719286379288), (22.747288135609242, 15.064464745349976), (22.72817316515218, 15.083292253787619), (22.70897614606577, 15.102201811284248), (22.689697078761622, 15.121193417431089), (22.670335963652157, 15.140267071818556), (22.65089280115061, 15.159422774036255), (22.63136759167103, 15.178660523672981), (22.61176033562826, 15.19798032031672), (22.592071033437968, 15.217382163554651), (22.57229968551662, 15.236866052973141), (22.5524462922815, 15.256431988157749), (22.532510854150694, 15.276079968693221), (22.5124933715431, 15.2958099941635), (22.492393844878436, 15.315622064151713), (22.47221227457721, 15.335516178240184), (22.451948661060754, 15.355492336010423), (22.431603004751203, 15.37555053704313), (22.4111753060715, 15.395690780918201), (22.390665565445403, 15.415913067214719), (22.370073783297475, 15.436217395510955), (22.34939996005309, 15.456603765384376), (22.328644096138436, 15.477072176411637), (22.3078061919805, 15.497622628168584), (22.286886248007082, 15.518255120230252), (22.265884264646797, 15.538969652170872), (22.244800242329063, 15.559766223563859), (22.223634181484112, 15.580644833981824), (22.20238608254298, 15.601605482996565), (22.181055945937516, 15.622648170179072), (22.159643772100374, 15.643772895099527), (22.138149561465024, 15.664979657327303), (22.116573314465743, 15.686268456430959), (22.094915031537614, 15.707639291978252)]",True
1783881424.7547235,0,22.963535281369893,14.918730176109639,0.8000000119209292,101.52278513701607,-0.4502272384789503,22.668043662059134,12.952011568818696,1.1200000124435916,97.21192705377206,0.0016891007706654193,-0.2954916193107593,-1.966718607290943,0.3200000005226624,-4.310858083244014,0.4519163392496157,"[(22.966101435096146, 14.859799091165092), (22.948116165612145, 14.877200549401744), (22.930048759400194, 14.894684145171247), (22.911899216861933, 14.912249878077747), (22.893667538399814, 14.929897747724572), (22.875353724417103, 14.947627753714245), (22.85695777531787, 14.96543989564847), (22.838479691507, 14.983334173128142), (22.8199194733902, 15.00131058575334), (22.801277121373985, 15.019369133123332), (22.782552635865677, 15.037509814836575), (22.76374601727342, 15.05573263049071), (22.744857266006157, 15.074037579682567), (22.72588638247366, 15.092424662008165), (22.706833367086507, 15.110893877062708), (22.687698220256085, 15.129445224440587), (22.66848094239459, 15.148078703735385), (22.649181533915048, 15.166794314539864), (22.629799995231277, 15.185592056445984), (22.610336326757924, 15.204471929044882), (22.590790528910436, 15.223433931926888), (22.57116260210508, 15.242478064681519), (22.551452546758934, 15.26160432689748), (22.531660363289888, 15.280812718162661), (22.511786052116644, 15.30010323806414), (22.49182961365872, 15.319475886188187), (22.471791048336442, 15.338930662120251), (22.451670356570947, 15.358467565444975), (22.431467538784194, 15.378086595746186), (22.411182595398945, 15.397787752606902), (22.39081552683878, 15.417571035609326), (22.370366333528086, 15.437436444334846), (22.34983501589207, 15.457383978364044), (22.32922157435674, 15.477413637276683), (22.30852600934893, 15.497525420651717), (22.287748321296284, 15.517719328067287), (22.26688851062725, 15.537995359100721), (22.245946577771093, 15.558353513328534), (22.224922523157893, 15.578793790326431), (22.203816347218538, 15.5993161896693), (22.182628050384736, 15.619920710931222), (22.161357633088997, 15.640607353685462), (22.14000509576465, 15.661376117504473), (22.118570438845836, 15.682227001959896), (22.097053662767507, 15.70316000662256)]",True
1783881424.8440595,0,22.961284851485225,14.9264071182506,0.8000000119209292,101.52278513701607,-0.4502272384789503,22.66445178850533,12.962619974113307,1.1200000109837647,97.21192705377206,0.0016891007706654193,-0.2968330629798963,-1.9637871441372923,0.3199999990628355,-4.310858083244014,0.4519163392496157,"[(22.95327822374354, 14.905415570380653), (22.93443828990662, 14.925180917522761), (22.915514982904693, 14.945029636518816), (22.896508303165408, 14.964961726931614), (22.877418251117273, 14.984977188323086), (22.858244827189658, 15.005076020254304), (22.838988031812796, 15.025258222285483), (22.819647865417775, 15.045523793975976), (22.800224328436546, 15.065872734884273), (22.78071742130192, 15.08630504456801), (22.761127144447563, 15.106820722583956), (22.741453498308015, 15.127419768488028), (22.72169648331866, 15.148102181835279), (22.70185609991575, 15.168867962179899), (22.6819323485364, 15.189717109075222), (22.66192522961857, 15.210649622073719), (22.641834743601105, 15.231665500727003), (22.62166089092369, 15.252764744585827), (22.601403672026873, 15.273947353200082), (22.581063087352067, 15.295213326118802), (22.560639137341546, 15.31656266289016), (22.54013182243844, 15.337995363061468), (22.51954114308674, 15.359511426179179), (22.4988670997313, 15.381110851788884), (22.478109692817828, 15.402793639435318), (22.457268922792895, 15.424559788662352), (22.436344790103934, 15.446409299012998), (22.415337295199237, 15.46834217002941), (22.39424643852795, 15.490358401252882), (22.37307222054009, 15.512457992223846), (22.351814641686527, 15.534640942481873), (22.330473702418992, 15.55690725156568), (22.309049403190077, 15.579256919013115), (22.28754174445323, 15.601689944361176), (22.265950726662766, 15.624206327145995), (22.244276350273854, 15.646806066902846), (22.222518615742523, 15.66948916316614), (22.200677523525666, 15.692255615469433), (22.178753074081033, 15.715105423345417), (22.156745267867237, 15.738038586325928), (22.134654105343746, 15.76105510394194), (22.11247958697089, 15.784154975723569), (22.090221713209857, 15.807338201200066), (22.067880484522703, 15.830604779899828), (22.045455901372335, 15.853954711350388)]",True
1783881424.8860447,0,22.947743566023814,14.972457369857644,0.8000000119209292,101.52278513701607,-0.4502272384789503,22.64696182754366,13.015818214800808,1.120000006932871,97.21192705377206,0.0016891007706654193,-0.3007817384801541,-1.9566391550568358,0.3199999950119419,-4.310858083244014,0.4519163392496157,"[(22.94583437679488, 14.931616663386247), (22.92705429402389, 14.951368194303674), (22.90819221162003, 14.971201723520483), (22.889248129990357, 14.991117250620052), (22.87022204954274, 15.011114775184952), (22.851113970685848, 15.031194296796949), (22.83192389382916, 15.051355815037002), (22.812651819382957, 15.071599329485263), (22.79329774775833, 15.091924839721079), (22.77386167936718, 15.112332345322987), (22.754343614622208, 15.132821845868722), (22.734743553936923, 15.153393340935212), (22.715061497725642, 15.174046830098577), (22.69529744640349, 15.194782312934132), (22.67545140038639, 15.215599789016384), (22.655523360091085, 15.236499257919034), (22.63551332593511, 15.257480719214977), (22.615421298336816, 15.278544172476302), (22.59524727771536, 15.299689617274293), (22.5749912644907, 15.320917053179425), (22.5546532590836, 15.342226479761367), (22.534233261915638, 15.363617896588984), (22.513731273409196, 15.385091303230332), (22.493147293987455, 15.406646699252663), (22.472481324074412, 15.428284084222422), (22.451733364094864, 15.450003457705247), (22.430903414474415, 15.471804819265971), (22.40999147563948, 15.49368816846862), (22.388997548017276, 15.51565350487641), (22.367921632035827, 15.537700828051756), (22.34676372812396, 15.559830137556267), (22.325523836711316, 15.582041432950742), (22.304201958228337, 15.604334713795177), (22.28279809310627, 15.62670997964876), (22.261312241777173, 15.649167230069873), (22.239744404673907, 15.671706464616092), (22.21809458223014, 15.694327682844184), (22.19636277488035, 15.717030884310116), (22.174548983059815, 15.739816068569043), (22.15265320720462, 15.762683235175318), (22.130675447751656, 15.785632383682485), (22.10861570513863, 15.808663513643282), (22.086473979804037, 15.831776624609644), (22.0642502721872, 15.854971716132695), (22.04194458272823, 15.878248787762756)]",True
1783881424.9519403,0,22.943205055915783,14.987800159075158,0.8000000119209292,101.52278513701607,-0.4502272384789503,22.640154704544134,13.037158801344207,1.1200000061877984,97.21192705377206,0.0016891007706654193,-0.30305035137164893,-1.9506413577309516,0.3199999942668692,-4.310858083244014,0.4519163392496157,"[(22.94160012962799, 14.946287023647317), (22.923065836822452, 14.965336844106282), (22.90444953748428, 14.984468670389614), (22.88575123201849, 15.003682502087205), (22.866970920830916, 15.022978338788146), (22.848108604328196, 15.04235618008072), (22.829164282917777, 15.0618160255524), (22.81013795700791, 15.081357874789854), (22.791029627007653, 15.100981727378942), (22.771839293326877, 15.120687582904717), (22.752566956376256, 15.140475440951422), (22.733212616567272, 15.160345301102497), (22.713776274312213, 15.180297162940574), (22.694257930024175, 15.200331026047477), (22.674657584117064, 15.22044689000422), (22.65497523700559, 15.240644754391015), (22.635210889105267, 15.260924618787264), (22.615364540832424, 15.281286482771561), (22.595436192604197, 15.301730345921694), (22.57542584483852, 15.322256207814643), (22.55533349795414, 15.342864068026584), (22.535159152370614, 15.36355392613288), (22.514902808508303, 15.384325781708093), (22.494564466788376, 15.405179634325972), (22.474144127632805, 15.426115483559464), (22.453641791464378, 15.447133328980705), (22.43305745870668, 15.468233170161028), (22.412391129784112, 15.489415006670956), (22.391642805121876, 15.510678838080205), (22.370812485145986, 15.532024663957682), (22.349900170283256, 15.55345248387149), (22.328905860961314, 15.574962297388927), (22.307829557608592, 15.596554104076477), (22.28667126065433, 15.618227903499822), (22.265430970528577, 15.639983695223835), (22.244108687662187, 15.661821478812584), (22.22270441248682, 15.68374125382933), (22.201218145434943, 15.705743019836522), (22.179649886939835, 15.727826776395807), (22.157999637435573, 15.749992523068023), (22.136267397357052, 15.772240259413202), (22.114453167139963, 15.794569984990568), (22.092556947220814, 15.816981699358537), (22.070578738036915, 15.839475402074722), (22.048518540026382, 15.862051092695925)]",True
1783881425.0431998,0,22.934092465128902,15.018475190588576,0.8000000119209292,101.52278513701607,-0.4502272384789503,22.623600794378003,13.09065574655466,1.1200000052626844,97.21192705377206,0.0016891007706654193,-0.3104916707508991,-1.9278194440339167,0.3199999933417552,-4.310858083244014,0.4519163392496157,"[(22.93271957521697, 14.976533314144513), (22.914292310561414, 14.995212434115441), (22.895782955624203, 15.013973644021355), (22.877191510810466, 15.032816943454645), (22.85851797652614, 15.05174233200688), (22.839762353177974, 15.070749809268824), (22.820924641173526, 15.089839374830431), (22.802004840921164, 15.109011028280847), (22.783002952830063, 15.1282647692084), (22.76391897731022, 15.147600597200613), (22.74475291477243, 15.167018511844198), (22.725504765628305, 15.186518512725055), (22.706174530290262, 15.206100599428277), (22.686762209171537, 15.225764771538142), (22.667267802686165, 15.245511028638123), (22.647691311248998, 15.265339370310876), (22.628032735275703, 15.285249796138254), (22.60829207518275, 15.305242305701293), (22.588469331387422, 15.325316898580223), (22.568564504307812, 15.345473574354463), (22.548577594362822, 15.365712332602618), (22.528508601972167, 15.386033172902488), (22.50835752755637, 15.406436094831061), (22.488124371536767, 15.426921097964513), (22.4678091343355, 15.44748818187821), (22.447411816375524, 15.46813734614671), (22.426932418080607, 15.488868590343758), (22.406370939875327, 15.50968191404229), (22.385727382185063, 15.530577316814432), (22.365001745436015, 15.5515547982315), (22.34419403005519, 15.572614357863998), (22.323304236470396, 15.59375599528162), (22.302332365110267, 15.614979710053253), (22.28127841640424, 15.63628550174697), (22.26014239078257, 15.657673369930034), (22.2389242886763, 15.6791433141689), (22.21762411051731, 15.700695334029211), (22.19624185673827, 15.722329429075803), (22.174777527772665, 15.744045598872695), (22.153231124054802, 15.765843842983104), (22.13160264601979, 15.78772416096943), (22.109892094103543, 15.809686552393266), (22.088099468742794, 15.831731016815395), (22.06622477037508, 15.85385755379579), (22.044267999438752, 15.87606616289361)]",True
1783881425.0892718,0,22.92963342632183,15.03384114485551,0.8000000119209292,101.52278513701607,-0.4502272384789503,22.617169901331373,13.112112743370943,1.12000000509253,97.21192705377206,0.0016891007706654193,-0.3124635249904557,-1.9217284014845664,0.3199999931716009,-4.310858083244014,0.4519163392496157,"[(22.917375615191048, 15.02849886131151), (22.89946104161953, 15.045540295148106), (22.881464244525663, 15.062663953713939), (22.863385224311823, 15.079869836615305), (22.845223981381213, 15.097157943457688), (22.826980516137848, 15.114528273845753), (22.80865482898655, 15.131980827383346), (22.790246920332976, 15.1495156036735), (22.771756790583577, 15.167132602318429), (22.753184440145642, 15.184831822919532), (22.734529869427263, 15.202613265077394), (22.715793078837354, 15.22047692839178), (22.696974068785643, 15.238422812461636), (22.678072839682677, 15.256450916885099), (22.659089391939816, 15.274561241259482), (22.640023725969236, 15.292753785181288), (22.620875842183935, 15.3110285482462), (22.60164574099772, 15.329385530049086), (22.582333422825222, 15.347824730183994), (22.56293888808188, 15.366346148244162), (22.54346213718396, 15.384949783822005), (22.523903170548532, 15.403635636509126), (22.50426198859349, 15.42240370589631), (22.48453859173755, 15.441253991573527), (22.46473298040023, 15.460186493129928), (22.444845155001868, 15.47920121015385), (22.42487511596363, 15.49829814223281), (22.404822863707487, 15.517477288953515), (22.384688398656234, 15.536738649901851), (22.364471721233475, 15.556082224662887), (22.344172831863627, 15.57550801282088), (22.323791730971937, 15.595016013959265), (22.30332841898446, 15.614606227660664), (22.282782896328065, 15.634278653506884), (22.262155163430442, 15.654033291078916), (22.241445220720095, 15.673870139956929), (22.220653068626348, 15.69378919972028), (22.199778707579334, 15.71379046994751), (22.17882213801001, 15.733873950216342), (22.15778336035014, 15.754039640103684), (22.136662375032316, 15.774287539185627), (22.115459182489936, 15.794617647037446), (22.09417378315722, 15.8150299632336), (22.072806177469204, 15.835524487347733), (22.05135636586174, 15.856101218952668)]",True
1783881425.1385877,0,22.923084420825525,15.05693026298866,0.8000000119209292,101.52278513701607,-0.4502272384789503,22.60773194834907,13.144359888603761,1.120000004940515,97.21192705377206,0.0016891007706654193,-0.31535247247645515,-1.9125703743848987,0.3199999930195858,-4.310858083244014,0.4519163392496157,"[(22.910776440608288, 15.051004277583987), (22.893003894813702, 15.067565340862112), (22.87514907533072, 15.084208679505595), (22.85721198256113, 15.10093429312472), (22.839192616907525, 15.117742181328948), (22.821090978773334, 15.134632343726926), (22.802907068562796, 15.151604779926478), (22.784640886680965, 15.168659489534608), (22.766292433533724, 15.18579647215751), (22.74786170952777, 15.20301572740055), (22.729348715070607, 15.220317254868277), (22.71075345057058, 15.237701054164429), (22.692075916436835, 15.255167124891916), (22.673316113079345, 15.272715466652834), (22.654474040908898, 15.29034607904846), (22.6355497003371, 15.308058961679249), (22.616543091776382, 15.325854114144844), (22.59745421563998, 15.343731536044064), (22.578283072341964, 15.361691226974912), (22.559029662297217, 15.379733186534569), (22.53969398592143, 15.397857414319402), (22.52027604363113, 15.416063909924958), (22.50077583584365, 15.434352672945963), (22.481193362977148, 15.452723702976327), (22.461528625450597, 15.47117699960914), (22.441781623683788, 15.489712562436676), (22.421952358097336, 15.508330391050388), (22.402040829112668, 15.527030485040909), (22.382047037152034, 15.545812843998057), (22.361970982638496, 15.56467746751083), (22.341812665995946, 15.583624355167405), (22.32157208764908, 15.602653506555146), (22.301249248023428, 15.621764921260596), (22.280844147545324, 15.640958598869478), (22.26035678664193, 15.660234538966696), (22.23978716574122, 15.679592741136338), (22.219135285271992, 15.699033204961673), (22.198401145663862, 15.718555930025149), (22.17758474734726, 15.7381609159084), (22.15668609075344, 15.75784816219224), (22.135705176314467, 15.77761766845666), (22.11464200446323, 15.79746943428084), (22.093496575633438, 15.817403459243135), (22.07226889025961, 15.837419742921083), (22.050958948777094, 15.85751828489141)]",True
1783881425.1918485,0,22.916310112289334,15.079954273713021,0.8000000119209292,101.52278513701607,-0.4502272384789503,22.59759800042938,13.179052218389323,1.2858888864639733,97.21192705377206,0.0016891007706654193,-0.3187121118599556,-1.900902055323698,0.4858888745430441,-4.310858083244014,0.4519163392496157,"[(22.90236295152545, 15.08062197379968), (22.884949292981897, 15.096078650124902), (22.86745327878896, 15.111617684815815), (22.84987490934633, 15.127239077492296), (22.832214185054507, 15.1429428277734), (22.81447110631483, 15.158728935277358), (22.79664567352945, 15.174597399621579), (22.778737887101343, 15.19054822042265), (22.76074774743431, 15.206581397296338), (22.742675254932966, 15.22269692985758), (22.724520410002757, 15.238894817720496), (22.706283213049947, 15.255175060498383), (22.687963664481625, 15.271537657803716), (22.669561764705705, 15.287982609248147), (22.651077514130915, 15.304509914442503), (22.632510913166815, 15.321119572996794), (22.613861962223783, 15.337811584520201), (22.595130661713014, 15.354585948621088), (22.576317012046534, 15.37144266490699), (22.55742101363719, 15.388381732984627), (22.538442666898646, 15.40540315245989), (22.519381972245395, 15.422506922937853), (22.500238930092745, 15.439693044022764), (22.481013540856832, 15.456961515318053), (22.461705804954615, 15.474312336426323), (22.442315722803873, 15.491745506949353), (22.422843294823203, 15.509261026488106), (22.403288521432035, 15.526858894642718), (22.38365140305061, 15.5445391110125), (22.363931940100002, 15.56230167519595), (22.3441301330021, 15.580146586790734), (22.324245982179615, 15.598073845393701), (22.304279488056086, 15.616083450600874), (22.284230651055868, 15.634175402007456), (22.26409947160414, 15.652349699207829), (22.24388595012691, 15.67060634179555), (22.223590087050997, 15.688945329363355), (22.20321188280405, 15.707366661503155), (22.18275133781454, 15.725870337806043), (22.16220845251176, 15.744456357862287), (22.141583227325818, 15.763124721261331), (22.120875662687652, 15.781875427591801), (22.100085759029025, 15.800708476441498), (22.079213516782513, 15.8196238673974), (22.058258936381517, 15.838621600045666)]",True
1783881425.2375977,0,22.900152845598978,15.133572009281506,0.8000000119209292,101.52278513701607,-0.4502272384789503,22.57155257873061,13.262780545683016,1.1809178079215297,100.30157524444711,0.3441353837369415,-0.3286002668683672,-1.87079146359849,0.3809177960006005,-1.2212098925689645,0.7943626222158918,"[(22.89346761319889, 15.110517909476735), (22.8762192146039, 15.125304586372529), (22.858888344054865, 15.14017373864889), (22.841475001951487, 15.155125365930823), (22.823979188694306, 15.170159467842504), (22.806400904684683, 15.185276044007285), (22.788740150324806, 15.200475094047684), (22.77099692601769, 15.215756617585399), (22.753171232167183, 15.231120614241297), (22.735263069177954, 15.246567083635417), (22.7172724374555, 15.262096025386976), (22.699199337406146, 15.277707439114357), (22.681043769437043, 15.293401324435123), (22.662805733956173, 15.309177680966005), (22.64448523137234, 15.325036508322906), (22.62608226209517, 15.340977806120906), (22.607596826535136, 15.357001573974253), (22.589028925103516, 15.373107811496373), (22.570378558212425, 15.389296518299862), (22.551645726274806, 15.405567693996488), (22.53283042970443, 15.421921338197196), (22.513932668915885, 15.438357450512099), (22.4949524443246, 15.454876030550482), (22.475889756346817, 15.47147707792081), (22.456744605399617, 15.488160592230715), (22.4375169919009, 15.504926573087005), (22.418206916269398, 15.52177502009566), (22.398814378924666, 15.53870593286183), (22.37933938028709, 15.555719310989842), (22.35978192077788, 15.572815154083194), (22.340142000819075, 15.589993461744557), (22.320419620833537, 15.607254233575777), (22.300614781244963, 15.62459746917787), (22.280727482477868, 15.642023168151026), (22.260757724957596, 15.659531330094609), (22.24070550911032, 15.677121954607154), (22.22057083536304, 15.69479504128637), (22.200353704143588, 15.712550589729142), (22.18005411588061, 15.730388599531523), (22.15967207100358, 15.74830907028874), (22.13920756994282, 15.766312001595194), (22.118660613129453, 15.784397393044461), (22.098031200995447, 15.802565244229289), (22.07731933397358, 15.820815554741596), (22.056525012497474, 15.839148324172475)]",True
1783881425.2920523,0,22.900152845598978,15.133572009281506,0.8000000119209292,101.52278513701607,-0.4502272384789503,22.57155257873061,13.262780545683016,1.1809178079215297,100.30157524444711,0.3441353837369415,-0.3286002668683672,-1.87079146359849,0.3809177960006005,-1.2212098925689645,0.7943626222158918,"[(22.89117418192847, 15.118171761731794), (22.873917147671193, 15.132946394349236), (22.856577638378077, 15.14780350545818), (22.83915565444897, 15.1627430946837), (22.82165119628455, 15.177765161650038), (22.80406426428632, 15.192869705980614), (22.78639485885662, 15.20805672729802), (22.768642980398607, 15.223326225224016), (22.750808629316264, 15.238678199379537), (22.73289180601441, 15.254112649384693), (22.714892510898682, 15.269629574858763), (22.69681074437555, 15.285228975420203), (22.678646506852314, 15.30091085068664), (22.660399798737092, 15.316675200274869), (22.642070620438837, 15.332522023800864), (22.623658972367323, 15.34845132087977), (22.60516485493316, 15.364463091125904), (22.58658826854778, 15.380557334152755), (22.567929213623433, 15.396734049572986), (22.549187690573213, 15.412993236998432), (22.53036369981103, 15.429334896040102), (22.51145724175163, 15.445759026308174), (22.492468316810573, 15.462265627412004), (22.47339692540426, 15.478854698960117), (22.454243067949907, 15.495526240560212), (22.435006744865564, 15.512280251819162), (22.415687956570114, 15.529116732343011), (22.396286703483256, 15.546035681736976), (22.376802986025517, 15.563037099605447), (22.357236804618257, 15.580120985551986), (22.33758815968366, 15.597287339179331), (22.317857051644737, 15.614536160089388), (22.298043480925326, 15.63186744788324), (22.278147447950097, 15.649281202161141), (22.258168953144537, 15.666777422522516), (22.23810799693497, 15.684356108565968), (22.217964579748546, 15.702017259889267), (22.197738702013233, 15.71976087608936), (22.177430364157832, 15.737586956762366), (22.15703956661197, 15.755495501503574), (22.13656630980611, 15.77348650990745), (22.116010594171527, 15.791559981567628), (22.095372420140333, 15.80971591607692), (22.07465178814546, 15.827954313027307), (22.053848698620676, 15.846275172009948)]",True
1783881425.3353012,0,22.89774757509314,15.141201854745905,0.8000000119209292,101.52278513701607,-0.4502272384789503,22.567932881126335,13.273960411267748,1.169331241761799,100.30157524444711,0.3441353837369415,-0.32981469396680296,-1.8672414434781572,0.36933122984086975,-1.2212098925689645,0.7943626222158918,"[(22.89117418192847, 15.118171761731794), (22.873917147671193, 15.132946394349236), (22.856577638378077, 15.14780350545818), (22.83915565444897, 15.1627430946837), (22.82165119628455, 15.177765161650038), (22.80406426428632, 15.192869705980614), (22.78639485885662, 15.20805672729802), (22.768642980398607, 15.223326225224016), (22.750808629316264, 15.238678199379537), (22.73289180601441, 15.254112649384693), (22.714892510898682, 15.269629574858763), (22.69681074437555, 15.285228975420203), (22.678646506852314, 15.30091085068664), (22.660399798737092, 15.316675200274869), (22.642070620438837, 15.332522023800864), (22.623658972367323, 15.34845132087977), (22.60516485493316, 15.364463091125904), (22.58658826854778, 15.380557334152755), (22.567929213623433, 15.396734049572986), (22.549187690573213, 15.412993236998432), (22.53036369981103, 15.429334896040102), (22.51145724175163, 15.445759026308174), (22.492468316810573, 15.462265627412004), (22.47339692540426, 15.478854698960117), (22.454243067949907, 15.495526240560212), (22.435006744865564, 15.512280251819162), (22.415687956570114, 15.529116732343011), (22.396286703483256, 15.546035681736976), (22.376802986025517, 15.563037099605447), (22.357236804618257, 15.580120985551986), (22.33758815968366, 15.597287339179331), (22.317857051644737, 15.614536160089388), (22.298043480925326, 15.63186744788324), (22.278147447950097, 15.649281202161141), (22.258168953144537, 15.666777422522516), (22.23810799693497, 15.684356108565968), (22.217964579748546, 15.702017259889267), (22.197738702013233, 15.71976087608936), (22.177430364157832, 15.737586956762366), (22.15703956661197, 15.755495501503574), (22.13656630980611, 15.77348650990745), (22.116010594171527, 15.791559981567628), (22.095372420140333, 15.80971591607692), (22.07465178814546, 15.827954313027307), (22.053848698620676, 15.846275172009948)]",True
1783881425.3850262,0,22.89774757509314,15.141201854745905,0.8000000119209292,101.52278513701607,-0.4502272384789503,22.567932881126335,13.273960411267748,1.169331241761799,100.30157524444711,0.3441353837369415,-0.32981469396680296,-1.8672414434781572,0.36933122984086975,-1.2212098925689645,0.7943626222158918,"[(22.888865474215997, 15.12582181666464), (22.871599334308335, 15.140584946162988), (22.854250715385678, 15.1554305581611), (22.836819617848032, 15.170358652284103), (22.819306042096237, 15.18536922815629), (22.801709988531954, 15.200462285401134), (22.784031457557674, 15.215637823641275), (22.76627044957672, 15.230895842498533), (22.748426964993236, 15.246236341593892), (22.730501004212197, 15.261659320547512), (22.712492567639398, 15.277164778978726), (22.694401655681474, 15.292752716506039), (22.676228268745877, 15.308423132747128), (22.65797240724089, 15.324176027318845), (22.639634071575625, 15.340011399837213), (22.621213262160015, 15.355929249917423), (22.602709979404832, 15.371929577173846), (22.584124223721666, 15.38801238122002), (22.565455995522935, 15.40417766166866), (22.54670529522189, 15.42042541813165), (22.5278721232326, 15.436755650220048), (22.508956479969974, 15.453168357544085), (22.489958365849734, 15.469663539713162), (22.47087778128844, 15.486241196335857), (22.45171472670348, 15.502901327019918), (22.432469202513055, 15.519643931372263), (22.413141209136214, 15.536469008998989), (22.393730746992816, 15.55337655950536), (22.374237816503555, 15.570366582495815), (22.35466241808995, 15.587439077573965), (22.33500455217435, 15.604594044342592), (22.315264219179934, 15.621831482403655), (22.295441419530697, 15.639151391358283), (22.27553615365147, 15.656553770806775), (22.255548421967912, 15.674038620348608), (22.235478224906505, 15.691605939582427), (22.21532556289456, 15.709255728106054), (22.195090436360218, 15.726987985516478), (22.17477284573244, 15.744802711409868), (22.154372791441023, 15.762699905381558), (22.133890273916585, 15.78067956702606), (22.11332529359057, 15.798741695937055), (22.092677850895257, 15.816886291707402), (22.071947946263744, 15.835113353929128), (22.051135580129962, 15.853422882193433)]",True
1783881425.435012,0,22.89774757509314,15.141201854745905,0.8000000119209292,101.52278513701607,-0.4502272384789503,22.567932881126335,13.273960411267748,1.169331241761799,100.30157524444711,0.3441353837369415,-0.32981469396680296,-1.8672414434781572,0.36933122984086975,-1.2212098925689645,0.7943626222158918,"[(22.888865474215997, 15.12582181666464), (22.871599334308335, 15.140584946162988), (22.854250715385678, 15.1554305581611), (22.836819617848032, 15.170358652284103), (22.819306042096237, 15.18536922815629), (22.801709988531954, 15.200462285401134), (22.784031457557674, 15.215637823641275), (22.76627044957672, 15.230895842498533), (22.748426964993236, 15.246236341593892), (22.730501004212197, 15.261659320547512), (22.712492567639398, 15.277164778978726), (22.694401655681474, 15.292752716506039), (22.676228268745877, 15.308423132747128), (22.65797240724089, 15.324176027318845), (22.639634071575625, 15.340011399837213), (22.621213262160015, 15.355929249917423), (22.602709979404832, 15.371929577173846), (22.584124223721666, 15.38801238122002), (22.565455995522935, 15.40417766166866), (22.54670529522189, 15.42042541813165), (22.5278721232326, 15.436755650220048), (22.508956479969974, 15.453168357544085), (22.489958365849734, 15.469663539713162), (22.47087778128844, 15.486241196335857), (22.45171472670348, 15.502901327019918), (22.432469202513055, 15.519643931372263), (22.413141209136214, 15.536469008998989), (22.393730746992816, 15.55337655950536), (22.374237816503555, 15.570366582495815), (22.35466241808995, 15.587439077573965), (22.33500455217435, 15.604594044342592), (22.315264219179934, 15.621831482403655), (22.295441419530697, 15.639151391358283), (22.27553615365147, 15.656553770806775), (22.255548421967912, 15.674038620348608), (22.235478224906505, 15.691605939582427), (22.21532556289456, 15.709255728106054), (22.195090436360218, 15.726987985516478), (22.17477284573244, 15.744802711409868), (22.154372791441023, 15.762699905381558), (22.133890273916585, 15.78067956702606), (22.11332529359057, 15.798741695937055), (22.092677850895257, 15.816886291707402), (22.071947946263744, 15.835113353929128), (22.051135580129962, 15.853422882193433)]",True
1783881425.4856238,0,22.89774757509314,15.141201854745905,0.8000000119209292,101.52278513701607,-0.4502272384789503,22.567932881126335,13.273960411267748,1.169331241761799,100.30157524444711,0.3441353837369415,-0.32981469396680296,-1.8672414434781572,0.36933122984086975,-1.2212098925689645,0.7943626222158918,"[(22.888865474215997, 15.12582181666464), (22.871599334308335, 15.140584946162988), (22.854250715385678, 15.1554305581611), (22.836819617848032, 15.170358652284103), (22.819306042096237, 15.18536922815629), (22.801709988531954, 15.200462285401134), (22.784031457557674, 15.215637823641275), (22.76627044957672, 15.230895842498533), (22.748426964993236, 15.246236341593892), (22.730501004212197, 15.261659320547512), (22.712492567639398, 15.277164778978726), (22.694401655681474, 15.292752716506039), (22.676228268745877, 15.308423132747128), (22.65797240724089, 15.324176027318845), (22.639634071575625, 15.340011399837213), (22.621213262160015, 15.355929249917423), (22.602709979404832, 15.371929577173846), (22.584124223721666, 15.38801238122002), (22.565455995522935, 15.40417766166866), (22.54670529522189, 15.42042541813165), (22.5278721232326, 15.436755650220048), (22.508956479969974, 15.453168357544085), (22.489958365849734, 15.469663539713162), (22.47087778128844, 15.486241196335857), (22.45171472670348, 15.502901327019918), (22.432469202513055, 15.519643931372263), (22.413141209136214, 15.536469008998989), (22.393730746992816, 15.55337655950536), (22.374237816503555, 15.570366582495815), (22.35466241808995, 15.587439077573965), (22.33500455217435, 15.604594044342592), (22.315264219179934, 15.621831482403655), (22.295441419530697, 15.639151391358283), (22.27553615365147, 15.656553770806775), (22.255548421967912, 15.674038620348608), (22.235478224906505, 15.691605939582427), (22.21532556289456, 15.709255728106054), (22.195090436360218, 15.726987985516478), (22.17477284573244, 15.744802711409868), (22.154372791441023, 15.762699905381558), (22.133890273916585, 15.78067956702606), (22.11332529359057, 15.798741695937055), (22.092677850895257, 15.816886291707402), (22.071947946263744, 15.835113353929128), (22.051135580129962, 15.853422882193433)]",True
1783881425.5350175,0,22.89774757509314,15.141201854745905,0.8000000119209292,101.52278513701607,-0.4502272384789503,22.567932881126335,13.273960411267748,1.169331241761799,100.30157524444711,0.3441353837369415,-0.32981469396680296,-1.8672414434781572,0.36933122984086975,-1.2212098925689645,0.7943626222158918,"[(22.888865474215997, 15.12582181666464), (22.871599334308335, 15.140584946162988), (22.854250715385678, 15.1554305581611), (22.836819617848032, 15.170358652284103), (22.819306042096237, 15.18536922815629), (22.801709988531954, 15.200462285401134), (22.784031457557674, 15.215637823641275), (22.76627044957672, 15.230895842498533), (22.748426964993236, 15.246236341593892), (22.730501004212197, 15.261659320547512), (22.712492567639398, 15.277164778978726), (22.694401655681474, 15.292752716506039), (22.676228268745877, 15.308423132747128), (22.65797240724089, 15.324176027318845), (22.639634071575625, 15.340011399837213), (22.621213262160015, 15.355929249917423), (22.602709979404832, 15.371929577173846), (22.584124223721666, 15.38801238122002), (22.565455995522935, 15.40417766166866), (22.54670529522189, 15.42042541813165), (22.5278721232326, 15.436755650220048), (22.508956479969974, 15.453168357544085), (22.489958365849734, 15.469663539713162), (22.47087778128844, 15.486241196335857), (22.45171472670348, 15.502901327019918), (22.432469202513055, 15.519643931372263), (22.413141209136214, 15.536469008998989), (22.393730746992816, 15.55337655950536), (22.374237816503555, 15.570366582495815), (22.35466241808995, 15.587439077573965), (22.33500455217435, 15.604594044342592), (22.315264219179934, 15.621831482403655), (22.295441419530697, 15.639151391358283), (22.27553615365147, 15.656553770806775), (22.255548421967912, 15.674038620348608), (22.235478224906505, 15.691605939582427), (22.21532556289456, 15.709255728106054), (22.195090436360218, 15.726987985516478), (22.17477284573244, 15.744802711409868), (22.154372791441023, 15.762699905381558), (22.133890273916585, 15.78067956702606), (22.11332529359057, 15.798741695937055), (22.092677850895257, 15.816886291707402), (22.071947946263744, 15.835113353929128), (22.051135580129962, 15.853422882193433)]",True
1783881425.7107437,0,22.89774757509314,15.141201854745905,0.8000000119209292,101.52278513701607,-0.4502272384789503,22.567932881126335,13.273960411267748,1.169331241761799,100.30157524444711,0.3441353837369415,-0.32981469396680296,-1.8672414434781572,0.36933122984086975,-1.2212098925689645,0.7943626222158918,"[(22.888865474215997, 15.12582181666464), (22.871599334308335, 15.140584946162988), (22.854250715385678, 15.1554305581611), (22.836819617848032, 15.170358652284103), (22.819306042096237, 15.18536922815629), (22.801709988531954, 15.200462285401134), (22.784031457557674, 15.215637823641275), (22.76627044957672, 15.230895842498533), (22.748426964993236, 15.246236341593892), (22.730501004212197, 15.261659320547512), (22.712492567639398, 15.277164778978726), (22.694401655681474, 15.292752716506039), (22.676228268745877, 15.308423132747128), (22.65797240724089, 15.324176027318845), (22.639634071575625, 15.340011399837213), (22.621213262160015, 15.355929249917423), (22.602709979404832, 15.371929577173846), (22.584124223721666, 15.38801238122002), (22.565455995522935, 15.40417766166866), (22.54670529522189, 15.42042541813165), (22.5278721232326, 15.436755650220048), (22.508956479969974, 15.453168357544085), (22.489958365849734, 15.469663539713162), (22.47087778128844, 15.486241196335857), (22.45171472670348, 15.502901327019918), (22.432469202513055, 15.519643931372263), (22.413141209136214, 15.536469008998989), (22.393730746992816, 15.55337655950536), (22.374237816503555, 15.570366582495815), (22.35466241808995, 15.587439077573965), (22.33500455217435, 15.604594044342592), (22.315264219179934, 15.621831482403655), (22.295441419530697, 15.639151391358283), (22.27553615365147, 15.656553770806775), (22.255548421967912, 15.674038620348608), (22.235478224906505, 15.691605939582427), (22.21532556289456, 15.709255728106054), (22.195090436360218, 15.726987985516478), (22.17477284573244, 15.744802711409868), (22.154372791441023, 15.762699905381558), (22.133890273916585, 15.78067956702606), (22.11332529359057, 15.798741695937055), (22.092677850895257, 15.816886291707402), (22.071947946263744, 15.835113353929128), (22.051135580129962, 15.853422882193433)]",True
1783881425.7350473,0,22.895309903164126,15.148821407921528,0.8000000119209292,101.52278513701607,-0.4502272384789503,22.564308024262132,13.285028330098102,1.159948440485649,100.30157524444711,0.3441353837369415,-0.3310018789019935,-1.8637930778234253,0.35994842856471987,-1.2212098925689645,0.7943626222158918,"[(22.888865474215997, 15.12582181666464), (22.871599334308335, 15.140584946162988), (22.854250715385678, 15.1554305581611), (22.836819617848032, 15.170358652284103), (22.819306042096237, 15.18536922815629), (22.801709988531954, 15.200462285401134), (22.784031457557674, 15.215637823641275), (22.76627044957672, 15.230895842498533), (22.748426964993236, 15.246236341593892), (22.730501004212197, 15.261659320547512), (22.712492567639398, 15.277164778978726), (22.694401655681474, 15.292752716506039), (22.676228268745877, 15.308423132747128), (22.65797240724089, 15.324176027318845), (22.639634071575625, 15.340011399837213), (22.621213262160015, 15.355929249917423), (22.602709979404832, 15.371929577173846), (22.584124223721666, 15.38801238122002), (22.565455995522935, 15.40417766166866), (22.54670529522189, 15.42042541813165), (22.5278721232326, 15.436755650220048), (22.508956479969974, 15.453168357544085), (22.489958365849734, 15.469663539713162), (22.47087778128844, 15.486241196335857), (22.45171472670348, 15.502901327019918), (22.432469202513055, 15.519643931372263), (22.413141209136214, 15.536469008998989), (22.393730746992816, 15.55337655950536), (22.374237816503555, 15.570366582495815), (22.35466241808995, 15.587439077573965), (22.33500455217435, 15.604594044342592), (22.315264219179934, 15.621831482403655), (22.295441419530697, 15.639151391358283), (22.27553615365147, 15.656553770806775), (22.255548421967912, 15.674038620348608), (22.235478224906505, 15.691605939582427), (22.21532556289456, 15.709255728106054), (22.195090436360218, 15.726987985516478), (22.17477284573244, 15.744802711409868), (22.154372791441023, 15.762699905381558), (22.133890273916585, 15.78067956702606), (22.11332529359057, 15.798741695937055), (22.092677850895257, 15.816886291707402), (22.071947946263744, 15.835113353929128), (22.051135580129962, 15.853422882193433)]",True
1783881425.7851293,0,22.895309903164126,15.148821407921528,0.8000000119209292,101.52278513701607,-0.4502272384789503,22.564308024262132,13.285028330098102,1.159948440485649,100.30157524444711,0.3441353837369415,-0.3310018789019935,-1.8637930778234253,0.35994842856471987,-1.2212098925689645,0.7943626222158918,"[(22.888865474215997, 15.12582181666464), (22.871599334308335, 15.140584946162988), (22.854250715385678, 15.1554305581611), (22.836819617848032, 15.170358652284103), (22.819306042096237, 15.18536922815629), (22.801709988531954, 15.200462285401134), (22.784031457557674, 15.215637823641275), (22.76627044957672, 15.230895842498533), (22.748426964993236, 15.246236341593892), (22.730501004212197, 15.261659320547512), (22.712492567639398, 15.277164778978726), (22.694401655681474, 15.292752716506039), (22.676228268745877, 15.308423132747128), (22.65797240724089, 15.324176027318845), (22.639634071575625, 15.340011399837213), (22.621213262160015, 15.355929249917423), (22.602709979404832, 15.371929577173846), (22.584124223721666, 15.38801238122002), (22.565455995522935, 15.40417766166866), (22.54670529522189, 15.42042541813165), (22.5278721232326, 15.436755650220048), (22.508956479969974, 15.453168357544085), (22.489958365849734, 15.469663539713162), (22.47087778128844, 15.486241196335857), (22.45171472670348, 15.502901327019918), (22.432469202513055, 15.519643931372263), (22.413141209136214, 15.536469008998989), (22.393730746992816, 15.55337655950536), (22.374237816503555, 15.570366582495815), (22.35466241808995, 15.587439077573965), (22.33500455217435, 15.604594044342592), (22.315264219179934, 15.621831482403655), (22.295441419530697, 15.639151391358283), (22.27553615365147, 15.656553770806775), (22.255548421967912, 15.674038620348608), (22.235478224906505, 15.691605939582427), (22.21532556289456, 15.709255728106054), (22.195090436360218, 15.726987985516478), (22.17477284573244, 15.744802711409868), (22.154372791441023, 15.762699905381558), (22.133890273916585, 15.78067956702606), (22.11332529359057, 15.798741695937055), (22.092677850895257, 15.816886291707402), (22.071947946263744, 15.835113353929128), (22.051135580129962, 15.853422882193433)]",True
1783881425.8350585,0,22.895309903164126,15.148821407921528,0.8000000119209292,101.52278513701607,-0.4502272384789503,22.564308024262132,13.285028330098102,1.159948440485649,100.30157524444711,0.3441353837369415,-0.3310018789019935,-1.8637930778234253,0.35994842856471987,-1.2212098925689645,0.7943626222158918,"[(22.888865474215997, 15.12582181666464), (22.871599334308335, 15.140584946162988), (22.854250715385678, 15.1554305581611), (22.836819617848032, 15.170358652284103), (22.819306042096237, 15.18536922815629), (22.801709988531954, 15.200462285401134), (22.784031457557674, 15.215637823641275), (22.76627044957672, 15.230895842498533), (22.748426964993236, 15.246236341593892), (22.730501004212197, 15.261659320547512), (22.712492567639398, 15.277164778978726), (22.694401655681474, 15.292752716506039), (22.676228268745877, 15.308423132747128), (22.65797240724089, 15.324176027318845), (22.639634071575625, 15.340011399837213), (22.621213262160015, 15.355929249917423), (22.602709979404832, 15.371929577173846), (22.584124223721666, 15.38801238122002), (22.565455995522935, 15.40417766166866), (22.54670529522189, 15.42042541813165), (22.5278721232326, 15.436755650220048), (22.508956479969974, 15.453168357544085), (22.489958365849734, 15.469663539713162), (22.47087778128844, 15.486241196335857), (22.45171472670348, 15.502901327019918), (22.432469202513055, 15.519643931372263), (22.413141209136214, 15.536469008998989), (22.393730746992816, 15.55337655950536), (22.374237816503555, 15.570366582495815), (22.35466241808995, 15.587439077573965), (22.33500455217435, 15.604594044342592), (22.315264219179934, 15.621831482403655), (22.295441419530697, 15.639151391358283), (22.27553615365147, 15.656553770806775), (22.255548421967912, 15.674038620348608), (22.235478224906505, 15.691605939582427), (22.21532556289456, 15.709255728106054), (22.195090436360218, 15.726987985516478), (22.17477284573244, 15.744802711409868), (22.154372791441023, 15.762699905381558), (22.133890273916585, 15.78067956702606), (22.11332529359057, 15.798741695937055), (22.092677850895257, 15.816886291707402), (22.071947946263744, 15.835113353929128), (22.051135580129962, 15.853422882193433)]",True
1783881425.8854625,0,22.89289285527813,15.156447524582086,0.8000000119209292,101.52278513701607,-0.4502272384789503,22.56070476586925,13.296013981407528,1.152350248012223,100.30157524444711,0.3441353837369415,-0.33218808940888067,-1.8604335431745582,0.3523502360912938,-1.2212098925689645,0.7943626222158918,"[(22.888865474215997, 15.12582181666464), (22.871599334308335, 15.140584946162988), (22.854250715385678, 15.1554305581611), (22.836819617848032, 15.170358652284103), (22.819306042096237, 15.18536922815629), (22.801709988531954, 15.200462285401134), (22.784031457557674, 15.215637823641275), (22.76627044957672, 15.230895842498533), (22.748426964993236, 15.246236341593892), (22.730501004212197, 15.261659320547512), (22.712492567639398, 15.277164778978726), (22.694401655681474, 15.292752716506039), (22.676228268745877, 15.308423132747128), (22.65797240724089, 15.324176027318845), (22.639634071575625, 15.340011399837213), (22.621213262160015, 15.355929249917423), (22.602709979404832, 15.371929577173846), (22.584124223721666, 15.38801238122002), (22.565455995522935, 15.40417766166866), (22.54670529522189, 15.42042541813165), (22.5278721232326, 15.436755650220048), (22.508956479969974, 15.453168357544085), (22.489958365849734, 15.469663539713162), (22.47087778128844, 15.486241196335857), (22.45171472670348, 15.502901327019918), (22.432469202513055, 15.519643931372263), (22.413141209136214, 15.536469008998989), (22.393730746992816, 15.55337655950536), (22.374237816503555, 15.570366582495815), (22.35466241808995, 15.587439077573965), (22.33500455217435, 15.604594044342592), (22.315264219179934, 15.621831482403655), (22.295441419530697, 15.639151391358283), (22.27553615365147, 15.656553770806775), (22.255548421967912, 15.674038620348608), (22.235478224906505, 15.691605939582427), (22.21532556289456, 15.709255728106054), (22.195090436360218, 15.726987985516478), (22.17477284573244, 15.744802711409868), (22.154372791441023, 15.762699905381558), (22.133890273916585, 15.78067956702606), (22.11332529359057, 15.798741695937055), (22.092677850895257, 15.816886291707402), (22.071947946263744, 15.835113353929128), (22.051135580129962, 15.853422882193433)]",True
1783881425.9354296,0,22.888278253170142,15.171767293532866,0.8000000119209292,101.52278513701607,-0.4502272384789503,22.553377897791428,13.317741465294876,1.1412145191758611,100.30157524444711,0.3441353837369415,-0.3349003553787142,-1.8540258282379902,0.34121450725493196,-1.2212098925689645,0.7943626222158918,"[(22.888865474215997, 15.12582181666464), (22.871599334308335, 15.140584946162988), (22.854250715385678, 15.1554305581611), (22.836819617848032, 15.170358652284103), (22.819306042096237, 15.18536922815629), (22.801709988531954, 15.200462285401134), (22.784031457557674, 15.215637823641275), (22.76627044957672, 15.230895842498533), (22.748426964993236, 15.246236341593892), (22.730501004212197, 15.261659320547512), (22.712492567639398, 15.277164778978726), (22.694401655681474, 15.292752716506039), (22.676228268745877, 15.308423132747128), (22.65797240724089, 15.324176027318845), (22.639634071575625, 15.340011399837213), (22.621213262160015, 15.355929249917423), (22.602709979404832, 15.371929577173846), (22.584124223721666, 15.38801238122002), (22.565455995522935, 15.40417766166866), (22.54670529522189, 15.42042541813165), (22.5278721232326, 15.436755650220048), (22.508956479969974, 15.453168357544085), (22.489958365849734, 15.469663539713162), (22.47087778128844, 15.486241196335857), (22.45171472670348, 15.502901327019918), (22.432469202513055, 15.519643931372263), (22.413141209136214, 15.536469008998989), (22.393730746992816, 15.55337655950536), (22.374237816503555, 15.570366582495815), (22.35466241808995, 15.587439077573965), (22.33500455217435, 15.604594044342592), (22.315264219179934, 15.621831482403655), (22.295441419530697, 15.639151391358283), (22.27553615365147, 15.656553770806775), (22.255548421967912, 15.674038620348608), (22.235478224906505, 15.691605939582427), (22.21532556289456, 15.709255728106054), (22.195090436360218, 15.726987985516478), (22.17477284573244, 15.744802711409868), (22.154372791441023, 15.762699905381558), (22.133890273916585, 15.78067956702606), (22.11332529359057, 15.798741695937055), (22.092677850895257, 15.816886291707402), (22.071947946263744, 15.835113353929128), (22.051135580129962, 15.853422882193433)]",True
1783881425.9864821,0,22.881513699996656,15.194793991754148,0.8000000119209292,101.52278513701607,-0.4502272384789503,22.542388132979404,13.349993805898693,1.1312659182757416,100.30157524444711,0.3441353837369415,-0.33912556701725194,-1.8448001858554548,0.33126590635481246,-1.2212098925689645,0.7943626222158918,"[(22.88293593208355, 15.141573309272353), (22.864402817564333, 15.156502250589982), (22.845762575624097, 15.171538327148788), (22.82701520709391, 15.186681538190514), (22.80816071280701, 15.201931882954742), (22.789199093598782, 15.21728936067889), (22.77013035030679, 15.23275397059822), (22.75095448377074, 15.24832571194582), (22.73167149483252, 15.264004583952632), (22.712281384336162, 15.27979058584742), (22.692784153127867, 15.295683716856798), (22.673179802056, 15.311683976205211), (22.653468331971087, 15.327791363114946), (22.633649743725808, 15.344005876806124), (22.613724038175015, 15.360327516496708), (22.593691216175714, 15.376756281402498), (22.573551278587075, 15.393292170737132), (22.55330422627043, 15.409935183712083), (22.53295006008927, 15.426685319536668), (22.512488780909248, 15.44354257741804), (22.49192038959818, 15.460506956561186), (22.471244887026046, 15.477578456168938), (22.45046227406498, 15.494757075441962), (22.429572551589278, 15.512042813578761), (22.4085757204754, 15.529435669775681), (22.387471781601974, 15.546935643226904), (22.366260735849774, 15.564542733124451), (22.344942584101748, 15.58225693865818), (22.323517327242996, 15.600078259015786), (22.301984966160788, 15.618006693382808), (22.280345501744545, 15.636042240942619), (22.25859893488586, 15.65418490087643), (22.23674526647848, 15.672434672363295), (22.21478449741831, 15.690791554580102), (22.192716628603424, 15.70925554670158), (22.170541660934052, 15.727826647900297), (22.148259595312584, 15.746504857346658), (22.125870432643573, 15.765290174208905), (22.103374173833735, 15.784182597653123), (22.080770819791944, 15.803182126843234), (22.05806037142923, 15.822288760940998), (22.035242829658795, 15.841502499106015), (22.01231819539599, 15.860823340495722), (21.989286469558337, 15.880251284265396), (21.96614765306551, 15.899786329568153)]",True
1783881426.0350664,0,22.876876231880406,15.210107144951138,0.8000000119209292,101.52278513701607,-0.4502272384789503,22.535126805956487,13.371379130076482,1.1273879209152171,100.30157524444711,0.3441353837369415,-0.34174942592391844,-1.8387280148746559,0.32738790899428794,-1.2212098925689645,0.7943626222158918,"[(22.88293593208355, 15.141573309272353), (22.864402817564333, 15.156502250589982), (22.845762575624097, 15.171538327148788), (22.82701520709391, 15.186681538190514), (22.80816071280701, 15.201931882954742), (22.789199093598782, 15.21728936067889), (22.77013035030679, 15.23275397059822), (22.75095448377074, 15.24832571194582), (22.73167149483252, 15.264004583952632), (22.712281384336162, 15.27979058584742), (22.692784153127867, 15.295683716856798), (22.673179802056, 15.311683976205211), (22.653468331971087, 15.327791363114946), (22.633649743725808, 15.344005876806124), (22.613724038175015, 15.360327516496708), (22.593691216175714, 15.376756281402498), (22.573551278587075, 15.393292170737132), (22.55330422627043, 15.409935183712083), (22.53295006008927, 15.426685319536668), (22.512488780909248, 15.44354257741804), (22.49192038959818, 15.460506956561186), (22.471244887026046, 15.477578456168938), (22.45046227406498, 15.494757075441962), (22.429572551589278, 15.512042813578761), (22.4085757204754, 15.529435669775681), (22.387471781601974, 15.546935643226904), (22.366260735849774, 15.564542733124451), (22.344942584101748, 15.58225693865818), (22.323517327242996, 15.600078259015786), (22.301984966160788, 15.618006693382808), (22.280345501744545, 15.636042240942619), (22.25859893488586, 15.65418490087643), (22.23674526647848, 15.672434672363295), (22.21478449741831, 15.690791554580102), (22.192716628603424, 15.70925554670158), (22.170541660934052, 15.727826647900297), (22.148259595312584, 15.746504857346658), (22.125870432643573, 15.765290174208905), (22.103374173833735, 15.784182597653123), (22.080770819791944, 15.803182126843234), (22.05806037142923, 15.822288760940998), (22.035242829658795, 15.841502499106015), (22.01231819539599, 15.860823340495722), (21.989286469558337, 15.880251284265396), (21.96614765306551, 15.899786329568153)]",True
1783881426.1010363,0,22.872204370787856,15.225409852799574,0.8000000119209292,102.68615360822875,-0.4396652543182774,22.52799389542717,13.392740574894704,1.124844823163002,100.30157524444711,0.3441353837369415,-0.3442104753606863,-1.8326692779048699,0.32484481124207276,-2.3845783637816425,0.7838006380552189,"[(22.881675379474533, 15.14838316055392), (22.864221335698048, 15.162769742883016), (22.846682414012932, 15.177241207488995), (22.829058614842058, 15.191797553981393), (22.811349938609194, 15.20643878196885), (22.793556385739002, 15.221164891059107), (22.775677956657045, 15.235975880859018), (22.757714651789776, 15.250871750974532), (22.73966647156455, 15.265852501010707), (22.721533416409613, 15.280918130571704), (22.703315486754104, 15.296068639260787), (22.685012683028063, 15.311304026680322), (22.666625005662432, 15.32662429243178), (22.64815245508904, 15.342029436115743), (22.62959503174061, 15.357519457331886), (22.610952736050766, 15.373094355678996), (22.59222556845403, 15.388754130754961), (22.573413529385814, 15.404498782156773), (22.554516619282428, 15.420328309480528), (22.53553483858108, 15.436242712321429), (22.516468187719866, 15.452241990273777), (22.497316667137788, 15.468326142930982), (22.47808027727474, 15.484495169885557), (22.458759018571506, 15.50074907072912), (22.439352891469778, 15.517087845052389), (22.419861896412133, 15.533511492445191), (22.400286033842047, 15.550020012496455), (22.380625304203896, 15.566613404794213), (22.360879707942942, 15.583291668925602), (22.341049245505356, 15.600054804476866), (22.321133917338194, 15.616902811033347), (22.301133723889407, 15.633835688179497), (22.28104866560785, 15.650853435498867), (22.26087874294327, 15.667956052574118), (22.240623956346305, 15.685143538987012), (22.2202843062685, 15.702415894318413), (22.199859793162283, 15.719773118148291), (22.179350417480986, 15.737215210055723), (22.158756179678832, 15.754742169618886), (22.138077080210945, 15.772353996415063), (22.11731311953334, 15.790050690020644), (22.096464298102926, 15.807832250011117), (22.075530616377513, 15.825698675961078), (22.054512074815804, 15.843649967444227), (22.033408673877396, 15.861686124033367)]",True
1783881426.1365414,0,22.865170953575145,15.248356084262133,0.8000000119209292,102.68615360822875,-0.4396652543182774,22.517529520533596,13.42478318006725,1.1225728331605007,100.30157524444711,0.3441353837369415,-0.3476414330415487,-1.823572904194883,0.32257282123957154,-2.3845783637816425,0.7838006380552189,"[(22.869517098358372, 15.187565199758833), (22.85182406465949, 15.202881958397898), (22.83404857842332, 15.218281172881778), (22.81619064005394, 15.233762842830249), (22.79825024995625, 15.249326967862258), (22.78022740853598, 15.264973547595927), (22.762122116199674, 15.280702581648551), (22.743934373354723, 15.296514069636597), (22.725664180409332, 15.312408011175705), (22.707311537772533, 15.328384405880689), (22.688876445854184, 15.344443253365537), (22.670358905064976, 15.360584553243408), (22.651758915816423, 15.376808305126637), (22.633076478520866, 15.393114508626729), (22.61431159359147, 15.409503163354367), (22.59546426144223, 15.4259742689194), (22.576534482487965, 15.442527824930858), (22.557522257144328, 15.45916383099694), (22.538427585827787, 15.475882286725021), (22.519250468955644, 15.492683191721644), (22.49999090694602, 15.50956654559253), (22.48064890021788, 15.526532347942576), (22.461224449190997, 15.543580598375843), (22.44171755428598, 15.560711296495572), (22.42212821592426, 15.577924441904178), (22.4024564345281, 15.595220034203246), (22.382702210520588, 15.612598072993535), (22.36286554432563, 15.630058557874978), (22.342946436367967, 15.647601488446684), (22.32294488707317, 15.665226864306929), (22.302860896867628, 15.682934685053167), (22.28269446617856, 15.700724950282028), (22.26244559543402, 15.718597659589308), (22.24211428506287, 15.736552812569983), (22.221700535494808, 15.754590408818197), (22.201204347160363, 15.77271044792727), (22.18062572049089, 15.790912929489698), (22.159964655918564, 15.809197853097144), (22.13922115387639, 15.827565218340451), (22.1183952147982, 15.846015024809631), (22.09748683911865, 15.864547272093873), (22.07649602727322, 15.883161959781535), (22.055422779698226, 15.901859087460153), (22.03426709683081, 15.920638654716432), (22.013028979108928, 15.939500661136256)]",True
1783881426.1940424,0,22.853368229230398,15.286575074033788,0.8000000119209292,102.68615360822875,-0.4396652543182774,22.500214600262275,13.478122682322411,1.120895987587312,100.30157524444711,0.3441353837369415,-0.35315362896812275,-1.808452391711377,0.3208959756663827,-2.3845783637816425,0.7838006380552189,"[(22.85825502791035, 15.225669528137798), (22.84068821296605, 15.240760801036744), (22.82303891446711, 15.255934560937618), (22.80530713281667, 15.271190807462142), (22.7874928684187, 15.286529540231214), (22.769596121677996, 15.301950758864903), (22.75161689300018, 15.31745446298245), (22.733555182791704, 15.333040652202268), (22.71541099145985, 15.348709326141941), (22.697184319412724, 15.364460484418228), (22.678875167059257, 15.380294126647058), (22.660483534809217, 15.396210252443534), (22.642009423073187, 15.412208861421933), (22.62345283226259, 15.428289953195698), (22.60481376278967, 15.44445352737745), (22.5860922150675, 15.460699583578975), (22.56728818950998, 15.477028121411243), (22.54840168653184, 15.493439140484387), (22.529432706548633, 15.509932640407714), (22.510381249976742, 15.526508620789706), (22.49124731723338, 15.543167081238016), (22.472030908736585, 15.559908021359465), (22.452732024905224, 15.576731440760055), (22.43335066615899, 15.593637339044951), (22.4138868329184, 15.6106257158185), (22.39434052560481, 15.627696570684211), (22.374711744640393, 15.644849903244772), (22.355000490448152, 15.662085713102044), (22.33520676345192, 15.679403999857055), (22.315330564076362, 15.696804763110011), (22.295371892746953, 15.714288002460286), (22.275330749890013, 15.731853717506429), (22.255207135932686, 15.74950190784616), (22.235001051302937, 15.767232573076372), (22.214712496429563, 15.785045712793131), (22.19434147174219, 15.802941326591673), (22.17388797767127, 15.82091941406641), (22.153352014648082, 15.838979974810924), (22.13273358310473, 15.857123008417968), (22.112032683474148, 15.875348514479473), (22.091249316190098, 15.893656492586535), (22.070383481687173, 15.912046942329429), (22.04943518040079, 15.930519863297596), (22.028404412767188, 15.949075255079656), (22.00729117922344, 15.967713117263397)]",True
1783881426.2368333,0,22.846199739718763,15.30969611673238,0.8413685093134644,102.68615360822875,-0.4396652543182774,22.48954193898257,13.510003619408215,1.120475814148138,100.30157524444711,0.3441353837369415,-0.356657800736194,-1.7996924973241661,0.2791073048346735,-2.3845783637816425,0.7838006380552189,"[(22.846419976275538, 15.264289037541928), (22.82873180671152, 15.27972358374535), (22.810961171012377, 15.29524059922071), (22.7931080695822, 15.310840083586541), (22.775172502825903, 15.326522036460544), (22.75715447114924, 15.342286457459597), (22.739053974958775, 15.358133346199747), (22.720871014661913, 15.374062702296216), (22.702605590666877, 15.3900745253634), (22.68425770338272, 15.406168815014865), (22.66582735321932, 15.422345570863355), (22.647314540587388, 15.438604792520781), (22.628719265898454, 15.454946479598231), (22.610041529564878, 15.471370631705962), (22.591281331999852, 15.48787724845341), (22.572438673617388, 15.50446632944918), (22.553513554832325, 15.521137874301049), (22.53450597606033, 15.53789188261597), (22.515415937717904, 15.554728354000066), (22.496243440222365, 15.571647288058637), (22.476988483991867, 15.588648684396151), (22.457651069445383, 15.605732542616254), (22.438231197002715, 15.622898862321762), (22.41872886708449, 15.640147643114666), (22.39914408011217, 15.657478884596127), (22.37947683650803, 15.674892586366482), (22.359727136695188, 15.692388748025241), (22.339894981097576, 15.709967369171085), (22.31998037013996, 15.727628449401868), (22.299983304247927, 15.74537198831462), (22.279903783847896, 15.763197985505542), (22.259741809367114, 15.781106440570007), (22.239497381233647, 15.799097353102566), (22.219170499876398, 15.817170722696936), (22.198761165725088, 15.835326548946012), (22.178269379210267, 15.853564831441863), (22.15769514076332, 15.871885569775728), (22.137038450816444, 15.890288763538017), (22.11629930980267, 15.90877441231832), (22.095477718155863, 15.927342515705393), (22.074573676310703, 15.945993073287172), (22.053587184702703, 15.96472608465076), (22.0325182437682, 15.983541549382439), (22.011366853944367, 16.00243946706766), (21.990133015669187, 16.02141983729105)]",True
1783881426.289958,0,22.830848525070078,15.361885632230425,0.8818032212630076,102.68615360822875,-0.4396652543182774,22.469687089697185,13.574217579981514,1.1201341884284373,100.30157524444711,0.3441353837369415,-0.36116143537289247,-1.787668052248911,0.23833096716542967,-2.3845783637816425,0.7838006380552189,"[(22.83451954235494, 15.302785830188228), (22.816739744727098, 15.318474217119824), (22.798877492279257, 15.334245061781674), (22.78093278541627, 15.350098363789911), (22.76290562454381, 15.366034122759842), (22.744796010068377, 15.382052338305952), (22.7266039423973, 15.398153010041897), (22.70832942193874, 15.414336137580506), (22.68997244910167, 15.430601720533781), (22.671533024295904, 15.446949758512899), (22.653011147932073, 15.463380251128209), (22.63440682042164, 15.479893197989234), (22.61572004217689, 15.496488598704673), (22.596950813610935, 15.513166452882393), (22.57809913513772, 15.529926760129436), (22.55916500717201, 15.546769520052022), (22.540148430129396, 15.563694732255541), (22.521049404426304, 15.580702396344556), (22.501867930479975, 15.597792511922803), (22.48260400870848, 15.614965078593192), (22.463257639530724, 15.632220095957809), (22.443828823366427, 15.649557563617913), (22.424317560636144, 15.666977481173932), (22.404723851761254, 15.684479848225472), (22.38504769716396, 15.70206466437131), (22.36528909726729, 15.719731929209399), (22.345448052495104, 15.737481642336864), (22.325524563272086, 15.755313803350003), (22.305518630023744, 15.773228411844288), (22.28543025317642, 15.791225467414366), (22.26525943315727, 15.809304969654054), (22.245006170394287, 15.827466918156347), (22.224670465316287, 15.845711312513412), (22.20425231835291, 15.864038152316587), (22.183751729934627, 15.882447437156387), (22.163168700492733, 15.900939166622496), (22.142503230459344, 15.919513340303778), (22.12175532026741, 15.938169957788267), (22.100924970350707, 15.95690901866317), (22.080012181143832, 15.97573052251487), (22.05901695308221, 15.994634468928918), (22.037939286602093, 16.013620857490046), (22.016779182140564, 16.032689687782156), (21.995536640135523, 16.051840959388326), (21.974211661025706, 16.071074671890802)]",True
1783881426.338982,0,22.830848525070078,15.361885632230425,0.8818032212630076,102.68615360822875,-0.4396652543182774,22.469687089697185,13.574217579981514,1.1201341884284373,100.30157524444711,0.3441353837369415,-0.36116143537289247,-1.787668052248911,0.23833096716542967,-2.3845783637816425,0.7838006380552189,"[(22.827479240701745, 15.325697776087612), (22.810000275806118, 15.34060541583526), (22.792439058327325, 15.355595311728885), (22.774795588664514, 15.370667463394968), (22.75706986721766, 15.385821870459164), (22.739261894387546, 15.401058532546315), (22.72137167057578, 15.41637744928044), (22.70339919618479, 15.431778620284739), (22.68534447161782, 15.447262045181594), (22.667207497278937, 15.46282772359257), (22.648988273573025, 15.478475655138409), (22.63068680090578, 15.494205839439035), (22.61230307968373, 15.510018276113556), (22.593837110314215, 15.525912964780257), (22.575288893205393, 15.541889905056607), (22.55665842876624, 15.557949096559252), (22.537945717406558, 15.574090538904022), (22.51915075953696, 15.590314231705927), (22.50027355556888, 15.60662017457916), (22.481314105914578, 15.623008367137093), (22.462272410987122, 15.639478808992278), (22.443148471200406, 15.65603149975645), (22.423942286969137, 15.672666439040523), (22.404653858708848, 15.689383626454594), (22.385283186835885, 15.706183061607941), (22.36583027176742, 15.723064744109022), (22.346295113921432, 15.740028673565476), (22.32667771371673, 15.757074849584122), (22.306978071572942, 15.774203271770961), (22.287196187910506, 15.791413939731177), (22.267332063150686, 15.808706853069133), (22.24738569771556, 15.82608201138837), (22.227357092028033, 15.84353941429162), (22.207246246511822, 15.861079061380783), (22.18705316159146, 15.878700952256949), (22.166777837692305, 15.896405086520387), (22.146420275240533, 15.914191463770546), (22.125980474663137, 15.932060083606057), (22.105458436387927, 15.950010945624731), (22.084854160843538, 15.968044049423561), (22.064167648459417, 15.986159394598722), (22.04339889966583, 16.00435698074557), (22.022547914893874, 16.022636807458635), (22.001614694575448, 16.04099887433164), (21.980599239143277, 16.05944318095748)]",True
1783881426.3849058,0,22.82861962403216,15.370336855787352,0.8662442508461442,102.68615360822875,-0.4396652543182774,22.466280581734,13.584888208446865,1.1201086666962927,100.30157524444711,0.3441353837369415,-0.36233904229816005,-1.7854486473404876,0.2538644158501485,-2.3845783637816425,0.7838006380552189,"[(22.817136693729022, 15.35992904863467), (22.79961437590419, 15.374952281081134), (22.782009505958, 15.3900580691369), (22.76432208429439, 15.405246412423217), (22.746552111318113, 15.420517310560498), (22.72869958743477, 15.435870763168328), (22.71076451305079, 15.451306769865456), (22.692746888573424, 15.466825330269806), (22.674646714410766, 15.482426443998468), (22.65646399097173, 15.498110110667703), (22.638198718666068, 15.513876329892938), (22.61985089790436, 15.529725101288768), (22.601420529098018, 15.545656424468962), (22.582907612659284, 15.561670299046458), (22.56431214900123, 15.577766724633356), (22.54563413853776, 15.593945700840932), (22.526873581683613, 15.610207227279629), (22.50803047885435, 15.626551303559056), (22.489104830466374, 15.642977929287996), (22.47009663693691, 15.659487104074397), (22.45100589868401, 15.676078827525378), (22.431832616126567, 15.692753099247229), (22.412576789684305, 15.709509918845406), (22.39323841977777, 15.726349285924533), (22.373817506828345, 15.743271200088406), (22.354314051258243, 15.76027566093999), (22.334728053490508, 15.77736266808142), (22.315059513949013, 15.794532221113993), (22.295308433058462, 15.811784319638186), (22.275474811244393, 15.829118963253636), (22.25555864893317, 15.846536151559153), (22.23555994655199, 15.864035884152718), (22.215478704528884, 15.881618160631477), (22.195314923292706, 15.899282980591746), (22.17506860327315, 15.917030343629014), (22.154739744900734, 15.934860249337934), (22.134328348606807, 15.952772697312332), (22.113834414823554, 15.9707676871452), (22.093257943983986, 15.9888452184287), (22.072598936521942, 16.00700529075417), (22.0518573928721, 16.025247903712103), (22.031033313469965, 16.043573056892175), (22.010126698751872, 16.061980749883226), (21.989137549154986, 16.08047098227326), (21.9680658651173, 16.099043753649457)]",True
1783881426.437642,0,22.826459701521888,15.378660614521028,0.8536445966025683,102.68615360822875,-0.4396652543182774,22.46285840976174,13.595553603139336,1.120087999197602,100.30157524444711,0.3441353837369415,-0.36360129176014766,-1.7831070113816914,0.26644340259503374,-2.3845783637816425,0.7838006380552189,"[(22.81227952836161, 15.377373652427758), (22.79475714651508, 15.392476711594977), (22.777152193353253, 15.407662345454797), (22.759464669280227, 15.422930553627497), (22.741694574700947, 15.43828133573252), (22.723841910021182, 15.453714691388488), (22.705906675647533, 15.469230620213178), (22.687888871987433, 15.484829121823546), (22.66978849944915, 15.50051019583571), (22.651605558441776, 15.51627384186496), (22.633340049375246, 15.532120059525752), (22.61499197266031, 15.548048848431714), (22.596561328708564, 15.564060208195636), (22.578048117932433, 15.580154138429483), (22.559452340745164, 15.596330638744385), (22.540773997560844, 15.612589708750644), (22.522013088794395, 15.628931348057726), (22.50316961486156, 15.645355556274268), (22.48424357617892, 15.661862333008074), (22.46523497316388, 15.67845167786612), (22.44614380623469, 15.695123590454545), (22.42697007581042, 15.71187807037866), (22.407713782310974, 15.728715117242944), (22.388374926157088, 15.745634730651046), (22.368953507770332, 15.762636910205782), (22.349449527573103, 15.779721655509135), (22.329862985988633, 15.796888966162259), (22.31019388344098, 15.814138841765477), (22.29044222035504, 15.831471281918276), (22.270607997156535, 15.848886286219319), (22.250691214272024, 15.86638385426643), (22.23069187212889, 15.883963985656607), (22.210609971155353, 15.901626679986013), (22.190445511780464, 15.919371936849982), (22.1701984944341, 15.937199755843016), (22.14986891954697, 15.955110136558787), (22.12945678755063, 15.973103078590132), (22.108962098877445, 15.991178581529057), (22.088384853960623, 16.00933664496674), (22.0677250532342, 16.027577268493527), (22.046982697133043, 16.045900451698927), (22.026157786092856, 16.06430619417163), (22.005250320550168, 16.082794495499478), (21.98426030094234, 16.101365355269497), (21.963187727707567, 16.120018773067873)]",True
1783881426.4885879,0,22.822327401975276,15.395025453635041,0.835178845230899,102.68615360822875,-0.4396652543182774,22.456073810204963,13.616902918542928,1.1200577094067146,100.30157524444711,0.3441353837369415,-0.36625359177031314,-1.7781225350921126,0.28487886417581554,-2.3845783637816425,0.7838006380552189,"[(22.805849474277448, 15.402441006952595), (22.788389515844692, 15.417573898697112), (22.770846995265355, 15.432789355836492), (22.75322191294285, 15.448087377990781), (22.735514269281403, 15.463467964779193), (22.71772406468609, 15.478931115820112), (22.699851299562813, 15.494476830731088), (22.681895974318298, 15.510105109128846), (22.663858089360104, 15.525815950629271), (22.64573764509663, 15.541609354847425), (22.627534641937096, 15.557485321397532), (22.60924908029156, 15.573443849892989), (22.590880960570903, 15.589484939946361), (22.57243028318685, 15.605608591169378), (22.553897048551946, 15.621814803172944), (22.53528125707957, 15.63810357556713), (22.516582909183935, 15.654474907961172), (22.497802005280082, 15.67092879996348), (22.478938545783887, 15.687465251181631), (22.459992531112054, 15.70408426122237), (22.44096396168212, 15.720785829691609), (22.421852837912446, 15.737569956194434), (22.402659160222235, 15.754436640335095), (22.38338292903152, 15.771385881717013), (22.364024144761153, 15.788417679942775), (22.344582807832833, 15.80553203461414), (22.325058918669075, 15.822728945332038), (22.30545247769324, 15.84000841169656), (22.285763485329507, 15.857370433306974), (22.2659919420029, 15.87481500976171), (22.246137848139256, 15.89234214065837), (22.22620120416526, 15.909951825593728), (22.206182010508417, 15.92764406416372), (22.18608026759707, 15.945418855963457), (22.16589597586039, 15.963276200587213), (22.145629135728377, 15.981216097628439), (22.125279747631865, 15.999238546679747), (22.10484781200252, 16.01734354733292), (22.084333329272837, 16.03553109917891), (22.06373629987614, 16.053801201807843), (22.04305672424659, 16.072153854809006), (22.02229460281917, 16.09058905777086), (22.001449936029704, 16.10910681028103), (21.98052272431484, 16.12770711192632), (21.959512968112065, 16.146389962292687)]",True
1783881426.5391243,0,22.81417495327554,15.426954011406876,0.8151283953059324,102.68615360822875,-0.4396652543182774,22.442367258560004,13.659555863193733,1.1200248201988394,100.30157524444711,0.3441353837369415,-0.3718076947155353,-1.7673981482131431,0.304896424892907,-2.3845783637816425,0.7838006380552189,"[(22.799889429747637, 15.426657631983161), (22.782511910119645, 15.44176266442966), (22.765051817014687, 15.456950273526502), (22.74750915083555, 15.47222045889381), (22.72988391198586, 15.487573220150875), (22.712176100870067, 15.503008556916157), (22.694385717893457, 15.518526468807286), (22.67651276346215, 15.534126955441057), (22.658557237983093, 15.549810016433435), (22.64051914186407, 15.56557565139955), (22.622398475513688, 15.581423859953704), (22.604195239341397, 15.597354641709364), (22.58590943375747, 15.61336799627917), (22.56754105917302, 15.629463923274923), (22.549090115999984, 15.645642422307597), (22.53055660465113, 15.661903492987335), (22.51194052554007, 15.678247134923444), (22.49324187908123, 15.694673347724404), (22.47446066568988, 15.711182130997857), (22.455596885782118, 15.727773484350621), (22.436650539774874, 15.744447407388677), (22.41762162808591, 15.761203899717172), (22.398510151133824, 15.778042960940429), (22.379316109338035, 15.79496459066193), (22.360039503118802, 15.811968788484334), (22.340680332897215, 15.82905555400946), (22.321238599095192, 15.846224886838304), (22.301714302135487, 15.863476786571022), (22.282107442441678, 15.880811252806945), (22.26241802043819, 15.898228285144567), (22.242646036550262, 15.915727883181551), (22.222791491203974, 15.933310046514732), (22.202854384826235, 15.95097477474011), (22.18283471784479, 15.968722067452855), (22.162732490688214, 15.986551924247305), (22.142547703785908, 16.004464344716965), (22.122280357568112, 16.022459328454506), (22.10193045246589, 16.04053687505177), (22.081497988911142, 16.05869698409977), (22.0609829673366, 16.076939655188692), (22.040385388175828, 16.095264887907874), (22.01970525186322, 16.113672681845834), (21.998942558834, 16.132163036590256), (21.97809730952423, 16.150735951727995), (21.957169504370796, 16.169391426845067)]",True
1783881426.587853,0,22.80566730167356,15.458227611121009,0.8065058554157097,102.68615360822875,-0.4396652543182774,22.42824927859258,13.702073828532564,1.1200106764510473,100.30157524444711,0.3441353837369415,-0.3774180230809776,-1.756153782588445,0.3135048210353376,-2.3845783637816425,0.7838006380552189,"[(22.79367934615084, 15.450308539011829), (22.776352080676837, 15.465357674058879), (22.758942218584345, 15.48048940890776), (22.74144976027602, 15.495703743178803), (22.72387470615535, 15.511000676491513), (22.706217056626663, 15.526380208464557), (22.688476812095107, 15.541842338715771), (22.670653972966676, 15.557387066862159), (22.65274853964819, 15.573014392519891), (22.634760512547306, 15.588724315304306), (22.616689892072507, 15.604516834829907), (22.598536678633117, 15.620391950710367), (22.58030087263928, 15.636349662558523), (22.561982474501992, 15.652389969986384), (22.543581484633062, 15.66851287260512), (22.525097903445143, 15.684718370025074), (22.506531731351718, 15.70100646185575), (22.487882968767106, 15.717377147705824), (22.469151616106455, 15.733830427183138), (22.450337673785743, 15.750366299894702), (22.431441142221786, 15.766984765446693), (22.41246202183223, 15.783685823444452), (22.393400313035556, 15.80046947349249), (22.374256016251078, 15.817335715194485), (22.355029131898938, 15.834284548153283), (22.335719660400116, 15.851315971970894), (22.31632760217642, 15.8684299862485), (22.296852957650493, 15.88562659058645), (22.277295727245814, 15.902905784584252), (22.25765591138669, 15.92026756784059), (22.23793351049826, 15.937711939953312), (22.218128525006495, 15.955238900519433), (22.198240955338207, 15.972848449135137), (22.178270801921034, 15.990540585395774), (22.158218065183448, 16.008315308895863), (22.138082745554748, 16.026172619229087), (22.117864843465075, 16.044112515988296), (22.097564359345398, 16.06213499876551), (22.07718129362752, 16.080240067151923), (22.05671564674407, 16.09842772073788), (22.03616741912852, 16.11669795911291), (22.015536611215172, 16.13505078186569), (21.994823223439152, 16.153486188584086), (21.97402725623643, 16.172004178855122), (21.9531487100438, 16.19060475226498)]",True
1783881426.634986,0,22.80566730167356,15.458227611121009,0.8065058554157097,102.68615360822875,-0.4396652543182774,22.42824927859258,13.702073828532564,1.1200106764510473,100.30157524444711,0.3441353837369415,-0.3774180230809776,-1.756153782588445,0.3135048210353376,-2.3845783637816425,0.7838006380552189,"[(22.79367934615084, 15.450308539011829), (22.776352080676837, 15.465357674058879), (22.758942218584345, 15.48048940890776), (22.74144976027602, 15.495703743178803), (22.72387470615535, 15.511000676491513), (22.706217056626663, 15.526380208464557), (22.688476812095107, 15.541842338715771), (22.670653972966676, 15.557387066862159), (22.65274853964819, 15.573014392519891), (22.634760512547306, 15.588724315304306), (22.616689892072507, 15.604516834829907), (22.598536678633117, 15.620391950710367), (22.58030087263928, 15.636349662558523), (22.561982474501992, 15.652389969986384), (22.543581484633062, 15.66851287260512), (22.525097903445143, 15.684718370025074), (22.506531731351718, 15.70100646185575), (22.487882968767106, 15.717377147705824), (22.469151616106455, 15.733830427183138), (22.450337673785743, 15.750366299894702), (22.431441142221786, 15.766984765446693), (22.41246202183223, 15.783685823444452), (22.393400313035556, 15.80046947349249), (22.374256016251078, 15.817335715194485), (22.355029131898938, 15.834284548153283), (22.335719660400116, 15.851315971970894), (22.31632760217642, 15.8684299862485), (22.296852957650493, 15.88562659058645), (22.277295727245814, 15.902905784584252), (22.25765591138669, 15.92026756784059), (22.23793351049826, 15.937711939953312), (22.218128525006495, 15.955238900519433), (22.198240955338207, 15.972848449135137), (22.178270801921034, 15.990540585395774), (22.158218065183448, 16.008315308895863), (22.138082745554748, 16.026172619229087), (22.117864843465075, 16.044112515988296), (22.097564359345398, 16.06213499876551), (22.07718129362752, 16.080240067151923), (22.05671564674407, 16.09842772073788), (22.03616741912852, 16.11669795911291), (22.015536611215172, 16.13505078186569), (21.994823223439152, 16.153486188584086), (21.97402725623643, 16.172004178855122), (21.9531487100438, 16.19060475226498)]",True
1783881426.6958375,0,22.79932178670802,15.481523991357996,0.8034549234356045,102.68615360822875,-0.4396652543182774,22.417539469522854,13.733921498491076,1.120005671938107,100.95320704395385,0.3600682546083023,-0.3817823171851664,-1.7476024928669194,0.31655074850250253,-1.7329465642748971,0.7997335089265797,"[(22.787324210735417, 15.473662959829817), (22.77002899736618, 15.488648986703513), (22.752651169694253, 15.503717631108314), (22.735190728122276, 15.51886889266491), (22.7176476730537, 15.534102770993167), (22.70002200489283, 15.549419265712109), (22.682313724044786, 15.564818376439927), (22.664522830915537, 15.580300102793984), (22.646649325911877, 15.595864444390806), (22.628693209441437, 15.611511400846085), (22.610654481912675, 15.627240971774679), (22.59253314373489, 15.643053156790614), (22.574329195318214, 15.658947955507081), (22.55604263707361, 15.674925367536439), (22.537673469412876, 15.690985392490209), (22.519221692748644, 15.707128029979083), (22.500687307494378, 15.723353279612919), (22.48207031406437, 15.73966114100074), (22.463370712873754, 15.756051613750733), (22.444588504338498, 15.772524697470256), (22.4257236888754, 15.789080391765832), (22.406776266902092, 15.80571869624315), (22.38774623883704, 15.822439610507066), (22.36863360509954, 15.839243134161599), (22.349438366109723, 15.856129266809939), (22.33016052228856, 15.87309800805444), (22.310800074057845, 15.890149357496622), (22.291357021840216, 15.907283314737173), (22.271831366059136, 15.924499879375947), (22.252223107138906, 15.941799051011966), (22.232532245504657, 15.959180829243413), (22.212758781582355, 15.976645213667645), (22.192902715798805, 15.994192203881179), (22.172964048581637, 16.0118217994797), (22.152942780359314, 16.029534000058067), (22.13283891156114, 16.047328805210295), (22.112652442617254, 16.065206214529567), (22.09238337395861, 16.08316622760824), (22.07203170601702, 16.101208844037828), (22.051597439225112, 16.11933406340902), (22.031080574016354, 16.13754188531167), (22.010481110825044, 16.15583230933479), (21.98979905008632, 16.174205335066567), (21.969034392236146, 16.192660962094354), (21.948187137711326, 16.211199190004667)]",True
1783881426.7351134,0,22.793004088209734,15.504757396508898,0.8018347338265225,102.68615360822875,-0.4396652543182774,22.407151675408485,13.765874401697793,1.1200030143043358,100.95320704395385,0.3600682546083023,-0.38585241280124905,-1.7388829948111049,0.3181682804778133,-1.7329465642748971,0.7997335089265797,"[(22.78310473912736, 15.489160044060707), (22.76582860483628, 15.504106038489882), (22.74846984540944, 15.519134661313585), (22.73102846124945, 15.534245912152745), (22.713504452759775, 15.549439790627456), (22.69589782034469, 15.564716296356977), (22.678208564409317, 15.580075428959733), (22.66043668535961, 15.595517188053314), (22.642582183602357, 15.611041573254477), (22.62464505954518, 15.626648584179145), (22.606625313596535, 15.642338220442406), (22.58852294616571, 15.658110481658515), (22.570337957662833, 15.673965367440891), (22.55207034849886, 15.689902877402119), (22.533720119085576, 15.705923011153953), (22.515287269835618, 15.722025768307308), (22.496771801162442, 15.738211148472269), (22.478173713480338, 15.754479151258085), (22.459493007204436, 15.770829776273171), (22.4407296827507, 15.78726302312511), (22.421883740535925, 15.803778891420649), (22.402955180977738, 15.820377380765697), (22.38394400449461, 15.837058490765337), (22.36485021150583, 15.853822221023814), (22.345673802431534, 15.870668571144536), (22.32641477769269, 15.887597540730082), (22.307073137711097, 15.904609129382196), (22.287648882909384, 15.921703336701786), (22.268142013711024, 15.938880162288923), (22.248552530540316, 15.95613960574285), (22.228880433822397, 15.973481666661977), (22.209125723983234, 15.990906344643872), (22.18928840144963, 16.008413639285273), (22.16936846664922, 16.026003550182086), (22.14936592001048, 16.043676076929383), (22.129280761962715, 16.061431219121403), (22.10911299293606, 16.079268976351546), (22.08886261336149, 16.09718934821238), (22.068529623670813, 16.11519233429564), (22.04811402429667, 16.133277934192222), (22.02761581567253, 16.1514461474922), (22.007034998232704, 16.169696973784806), (21.986371572412335, 16.188030412658435), (21.965625538647394, 16.20644646370065), (21.9447968973747, 16.22494512649819)]",True
1783881426.8375928,0,22.793004088209734,15.504757396508898,0.8018347338265225,102.68615360822875,-0.4396652543182774,22.407151675408485,13.765874401697793,1.1200030143043358,100.95320704395385,0.3600682546083023,-0.38585241280124905,-1.7388829948111049,0.3181682804778133,-1.7329465642748971,0.7997335089265797,"[(22.78310473912736, 15.489160044060707), (22.76582860483628, 15.504106038489882), (22.74846984540944, 15.519134661313585), (22.73102846124945, 15.534245912152745), (22.713504452759775, 15.549439790627456), (22.69589782034469, 15.564716296356977), (22.678208564409317, 15.580075428959733), (22.66043668535961, 15.595517188053314), (22.642582183602357, 15.611041573254477), (22.62464505954518, 15.626648584179145), (22.606625313596535, 15.642338220442406), (22.58852294616571, 15.658110481658515), (22.570337957662833, 15.673965367440891), (22.55207034849886, 15.689902877402119), (22.533720119085576, 15.705923011153953), (22.515287269835618, 15.722025768307308), (22.496771801162442, 15.738211148472269), (22.478173713480338, 15.754479151258085), (22.459493007204436, 15.770829776273171), (22.4407296827507, 15.78726302312511), (22.421883740535925, 15.803778891420649), (22.402955180977738, 15.820377380765697), (22.38394400449461, 15.837058490765337), (22.36485021150583, 15.853822221023814), (22.345673802431534, 15.870668571144536), (22.32641477769269, 15.887597540730082), (22.307073137711097, 15.904609129382196), (22.287648882909384, 15.921703336701786), (22.268142013711024, 15.938880162288923), (22.248552530540316, 15.95613960574285), (22.228880433822397, 15.973481666661977), (22.209125723983234, 15.990906344643872), (22.18928840144963, 16.008413639285273), (22.16936846664922, 16.026003550182086), (22.14936592001048, 16.043676076929383), (22.129280761962715, 16.061431219121403), (22.10911299293606, 16.079268976351546), (22.08886261336149, 16.09718934821238), (22.068529623670813, 16.11519233429564), (22.04811402429667, 16.133277934192222), (22.02761581567253, 16.1514461474922), (22.007034998232704, 16.169696973784806), (21.986371572412335, 16.188030412658435), (21.965625538647394, 16.20644646370065), (21.9447968973747, 16.22494512649819)]",True
1783881426.8856647,0,22.793004088209734,15.504757396508898,0.8018347338265225,102.68615360822875,-0.4396652543182774,22.407151675408485,13.765874401697793,1.1200030143043358,100.95320704395385,0.3600682546083023,-0.38585241280124905,-1.7388829948111049,0.3181682804778133,-1.7329465642748971,0.7997335089265797,"[(22.78310473912736, 15.489160044060707), (22.76582860483628, 15.504106038489882), (22.74846984540944, 15.519134661313585), (22.73102846124945, 15.534245912152745), (22.713504452759775, 15.549439790627456), (22.69589782034469, 15.564716296356977), (22.678208564409317, 15.580075428959733), (22.66043668535961, 15.595517188053314), (22.642582183602357, 15.611041573254477), (22.62464505954518, 15.626648584179145), (22.606625313596535, 15.642338220442406), (22.58852294616571, 15.658110481658515), (22.570337957662833, 15.673965367440891), (22.55207034849886, 15.689902877402119), (22.533720119085576, 15.705923011153953), (22.515287269835618, 15.722025768307308), (22.496771801162442, 15.738211148472269), (22.478173713480338, 15.754479151258085), (22.459493007204436, 15.770829776273171), (22.4407296827507, 15.78726302312511), (22.421883740535925, 15.803778891420649), (22.402955180977738, 15.820377380765697), (22.38394400449461, 15.837058490765337), (22.36485021150583, 15.853822221023814), (22.345673802431534, 15.870668571144536), (22.32641477769269, 15.887597540730082), (22.307073137711097, 15.904609129382196), (22.287648882909384, 15.921703336701786), (22.268142013711024, 15.938880162288923), (22.248552530540316, 15.95613960574285), (22.228880433822397, 15.973481666661977), (22.209125723983234, 15.990906344643872), (22.18928840144963, 16.008413639285273), (22.16936846664922, 16.026003550182086), (22.14936592001048, 16.043676076929383), (22.129280761962715, 16.061431219121403), (22.10911299293606, 16.079268976351546), (22.08886261336149, 16.09718934821238), (22.068529623670813, 16.11519233429564), (22.04811402429667, 16.133277934192222), (22.02761581567253, 16.1514461474922), (22.007034998232704, 16.169696973784806), (21.986371572412335, 16.188030412658435), (21.965625538647394, 16.20644646370065), (21.9447968973747, 16.22494512649819)]",True
1783881426.9366343,0,22.793004088209734,15.504757396508898,0.8018347338265225,102.68615360822875,-0.4396652543182774,22.407151675408485,13.765874401697793,1.1200030143043358,100.95320704395385,0.3600682546083023,-0.38585241280124905,-1.7388829948111049,0.3181682804778133,-1.7329465642748971,0.7997335089265797,"[(22.78310473912736, 15.489160044060707), (22.76582860483628, 15.504106038489882), (22.74846984540944, 15.519134661313585), (22.73102846124945, 15.534245912152745), (22.713504452759775, 15.549439790627456), (22.69589782034469, 15.564716296356977), (22.678208564409317, 15.580075428959733), (22.66043668535961, 15.595517188053314), (22.642582183602357, 15.611041573254477), (22.62464505954518, 15.626648584179145), (22.606625313596535, 15.642338220442406), (22.58852294616571, 15.658110481658515), (22.570337957662833, 15.673965367440891), (22.55207034849886, 15.689902877402119), (22.533720119085576, 15.705923011153953), (22.515287269835618, 15.722025768307308), (22.496771801162442, 15.738211148472269), (22.478173713480338, 15.754479151258085), (22.459493007204436, 15.770829776273171), (22.4407296827507, 15.78726302312511), (22.421883740535925, 15.803778891420649), (22.402955180977738, 15.820377380765697), (22.38394400449461, 15.837058490765337), (22.36485021150583, 15.853822221023814), (22.345673802431534, 15.870668571144536), (22.32641477769269, 15.887597540730082), (22.307073137711097, 15.904609129382196), (22.287648882909384, 15.921703336701786), (22.268142013711024, 15.938880162288923), (22.248552530540316, 15.95613960574285), (22.228880433822397, 15.973481666661977), (22.209125723983234, 15.990906344643872), (22.18928840144963, 16.008413639285273), (22.16936846664922, 16.026003550182086), (22.14936592001048, 16.043676076929383), (22.129280761962715, 16.061431219121403), (22.10911299293606, 16.079268976351546), (22.08886261336149, 16.09718934821238), (22.068529623670813, 16.11519233429564), (22.04811402429667, 16.133277934192222), (22.02761581567253, 16.1514461474922), (22.007034998232704, 16.169696973784806), (21.986371572412335, 16.188030412658435), (21.965625538647394, 16.20644646370065), (21.9447968973747, 16.22494512649819)]",True
1783881426.985048,0,22.793004088209734,15.504757396508898,0.8018347338265225,102.68615360822875,-0.4396652543182774,22.407151675408485,13.765874401697793,1.1200030143043358,100.95320704395385,0.3600682546083023,-0.38585241280124905,-1.7388829948111049,0.3181682804778133,-1.7329465642748971,0.7997335089265797,"[(22.78310473912736, 15.489160044060707), (22.76582860483628, 15.504106038489882), (22.74846984540944, 15.519134661313585), (22.73102846124945, 15.534245912152745), (22.713504452759775, 15.549439790627456), (22.69589782034469, 15.564716296356977), (22.678208564409317, 15.580075428959733), (22.66043668535961, 15.595517188053314), (22.642582183602357, 15.611041573254477), (22.62464505954518, 15.626648584179145), (22.606625313596535, 15.642338220442406), (22.58852294616571, 15.658110481658515), (22.570337957662833, 15.673965367440891), (22.55207034849886, 15.689902877402119), (22.533720119085576, 15.705923011153953), (22.515287269835618, 15.722025768307308), (22.496771801162442, 15.738211148472269), (22.478173713480338, 15.754479151258085), (22.459493007204436, 15.770829776273171), (22.4407296827507, 15.78726302312511), (22.421883740535925, 15.803778891420649), (22.402955180977738, 15.820377380765697), (22.38394400449461, 15.837058490765337), (22.36485021150583, 15.853822221023814), (22.345673802431534, 15.870668571144536), (22.32641477769269, 15.887597540730082), (22.307073137711097, 15.904609129382196), (22.287648882909384, 15.921703336701786), (22.268142013711024, 15.938880162288923), (22.248552530540316, 15.95613960574285), (22.228880433822397, 15.973481666661977), (22.209125723983234, 15.990906344643872), (22.18928840144963, 16.008413639285273), (22.16936846664922, 16.026003550182086), (22.14936592001048, 16.043676076929383), (22.129280761962715, 16.061431219121403), (22.10911299293606, 16.079268976351546), (22.08886261336149, 16.09718934821238), (22.068529623670813, 16.11519233429564), (22.04811402429667, 16.133277934192222), (22.02761581567253, 16.1514461474922), (22.007034998232704, 16.169696973784806), (21.986371572412335, 16.188030412658435), (21.965625538647394, 16.20644646370065), (21.9447968973747, 16.22494512649819)]",True
1783881427.0442507,0,22.780276319148204,15.551103488188446,0.8005174243784474,102.68615360822875,-0.4396652543182774,22.387897981934344,13.830256935363904,1.1200008534917636,100.95320704395385,0.3600682546083023,-0.3923783372138594,-1.7208465528245416,0.3194834291133162,-1.7329465642748971,0.7997335089265797,"[(22.762045543143778, 15.56641122133339), (22.745017182893367, 15.580682171835093), (22.727906369041072, 15.595035579781932), (22.710713101984833, 15.60947144480368), (22.693437382123417, 15.623989766529274), (22.676079209856425, 15.638590544586828), (22.65863858558428, 15.653273778603626), (22.641115509708243, 15.66803946820613), (22.623509982630388, 15.682887613019963), (22.605822004753627, 15.697818212669928), (22.588051576481696, 15.712831266779999), (22.57019869821916, 15.727926774973318), (22.552263370371413, 15.743104736872207), (22.53424559334468, 15.758365152098152), (22.516145367546, 15.773708020271815), (22.49796269338325, 15.78913334101303), (22.47969757126514, 15.804641113940804), (22.461350001601204, 15.820231338673311), (22.442919984801794, 15.835904014827905), (22.4244075212781, 15.851659142021106), (22.405812611442133, 15.867496719868608), (22.387135255706742, 15.883416747985278), (22.368375454485594, 15.899419225985152), (22.349533208193186, 15.915504153481445), (22.330608517244844, 15.931671530086536), (22.311601382056725, 15.947921355411982), (22.29251180304581, 15.964253629068509), (22.273339780629904, 15.980668350666017), (22.25408531522765, 15.997165519813576), (22.234748407258504, 16.01374513611943), (22.215329057142768, 16.030407199190996), (22.195827265301553, 16.04715170863486), (22.17624303215681, 16.063978664056783), (22.15657635813131, 16.0808880650617), (22.136827243648664, 16.09787991125371), (22.116995689133297, 16.114954202236092), (22.097081695010466, 16.132110937611298), (22.077085261706262, 16.149350116980948), (22.057006389647594, 16.166671739945834), (22.036845079262203, 16.18407580610592), (22.01660133097866, 16.201562315060347), (21.996275145226356, 16.219131266407423), (21.97586652243552, 16.236782659744637), (21.9553754630372, 16.25451649466864), (21.93480196746328, 16.272332770775254)]",True
1783881427.1212575,0,22.773654236497187,15.57418379325082,0.8002747824804654,102.68615360822875,-0.4396652543182774,22.377939072643997,13.862346711939951,1.1200004554807537,100.95320704395385,0.3600682546083023,-0.3957151638531897,-1.7118370813108683,0.3197256730002883,-1.7329465642748971,0.7997335089265797,"[(22.757792198117183, 15.581175262416576), (22.740733317809177, 15.595458162515513), (22.723591704131064, 15.60982379987896), (22.70636735748503, 15.624272174132905), (22.689060278274095, 15.638803284902496), (22.67167046690213, 15.653417131812041), (22.65419792377383, 15.668113714485013), (22.63664264929474, 15.68289303254404), (22.61900464387124, 15.697755085610918), (22.601283907910545, 15.7126998733066), (22.58348044182072, 15.727727395251199), (22.56559424601065, 15.742837651063994), (22.547625320890084, 15.758030640363419), (22.529573666869585, 15.773306362767073), (22.511439284360574, 15.788664817891714), (22.493222173775298, 15.804106005353262), (22.47492233552685, 15.8196299247668), (22.456539770029153, 15.83523657574657), (22.43807447769698, 15.850925957905973), (22.41952645894594, 15.866698070857577), (22.400895714192472, 15.882552914213104), (22.382182243853865, 15.898490487583443), (22.36338604834824, 15.91451079057864), (22.34450712809456, 15.930613822807908), (22.325545483512624, 15.946799583879613), (22.30650111502307, 15.96306807340129), (22.28737402304738, 15.97941929097963), (22.268164208007867, 15.995853236220485), (22.248871670327688, 16.01236990872887), (22.229496410430833, 16.028969308108966), (22.210038428742138, 16.045651433964103), (22.190497725687276, 16.062416285896784), (22.17087430169276, 16.079263863508668), (22.15116815718593, 16.096194166400572), (22.13137929259498, 16.11320719417248), (22.11150770834893, 16.130302946423537), (22.09155340487765, 16.147481422752048), (22.071516382611843, 16.164742622755476), (22.05139664198305, 16.182086546030447), (22.03119418342365, 16.199513192172756), (22.010909007366863, 16.217022560777345), (21.99054111424675, 16.234614651438328), (21.970090504498202, 16.252289463748976), (21.949557178556955, 16.270046997301723), (21.928941136859585, 16.28788725168816)]",True
1783881427.175867,0,22.771444660284068,15.58187518115396,0.8002225211200416,102.68615360822875,-0.4396652543182774,22.374527883245136,13.873014593958299,1.1200003697552585,100.95320704395385,0.3600682546083023,-0.3969167770389319,-1.7088605871956606,0.31977784863521697,-1.7329465642748971,0.7997335089265797,"[(22.75555800017393, 15.588886984964821), (22.738482017707586, 15.603193609021751), (22.721323295939644, 15.617582976265853), (22.704081835272543, 15.6320550863228), (22.68675763610956, 15.64660993881743), (22.66935069885481, 15.66124753337374), (22.65186102391324, 15.675967869614885), (22.634288611690643, 15.690770947163188), (22.616633462593654, 15.705656765640127), (22.59889557702974, 15.720625324666342), (22.58107495540721, 15.735676623861634), (22.563171598135213, 15.750810662844966), (22.545185505623735, 15.766027441234462), (22.527116678283605, 15.781326958647403), (22.508965116526486, 15.796709214700236), (22.490730820764885, 15.812174209008566), (22.472413791412137, 15.827721941187159), (22.454014028882433, 15.843352410849942), (22.43553153359079, 15.859065617610005), (22.41696630595307, 15.874861561079596), (22.398318346385974, 15.890740240870125), (22.379587655307038, 15.906701656592162), (22.360774233134638, 15.92274580785544), (22.341878080287994, 15.93887269426885), (22.32289919718716, 15.95508231544045), (22.30383758425302, 15.971374670977452), (22.284693241907323, 15.987749760486231), (22.26546617057263, 16.004207583572324), (22.246156370672356, 16.02074813984043), (22.22676384263075, 16.037371428894403), (22.2072885868729, 16.054077450337264), (22.18773060382473, 16.0708662037712), (22.168089893913013, 16.087737688797546), (22.148366457565352, 16.104691905016804), (22.12856029521019, 16.12172885202864), (22.108671407276805, 16.138848529431876), (22.08869979419533, 16.1560509368245), (22.06864545639672, 16.173336073803654), (22.048508394312773, 16.190703939965648), (22.02828860837613, 16.20815453490595), (22.00798609902027, 16.225687858219196), (21.987600866679504, 16.24330390949917), (21.96713291178899, 16.26100268833882), (21.94658223478472, 16.278784194330264), (21.92594883610353, 16.296648427064774)]",True
1783881427.1925771,0,22.76700191319748,15.597249772178225,0.8001459281223866,102.68615360822875,-0.4396652543182774,22.36761677883596,13.894321781243978,1.120000244118027,100.95320704395385,0.3600682546083023,-0.3993851343615198,-1.7029279909342474,0.3198543159956404,-1.7329465642748971,0.7997335089265797,"[(22.753331651609138, 15.596602066511062), (22.736240768946704, 15.610930822619903), (22.71906714595891, 15.625342322929727), (22.701810783048362, 15.639836567065963), (22.68447168061851, 15.654413554653198), (22.667049839073652, 15.669073285315182), (22.64954525881891, 15.683815758674825), (22.631957940260257, 15.698640974354198), (22.614287883804497, 15.713548931974533), (22.596535089859277, 15.72853963115622), (22.578699558833083, 15.743613071518816), (22.56078129113524, 15.75876925268103), (22.54278028717591, 15.774008174260741), (22.524696547366098, 15.789329835874982), (22.50653007211765, 15.804734237139952), (22.48828086184324, 15.820221377671006), (22.46994891695639, 15.835791257082663), (22.45153423787146, 15.8514438749886), (22.433036825003647, 15.867179231001659), (22.414456678768993, 15.88299732473384), (22.395793799584368, 15.898898155796301), (22.37704818786749, 15.914881723799368), (22.358219844036917, 15.930948028352521), (22.339308768512034, 15.947097069064405), (22.32031496171308, 15.963328845542826), (22.301238424061122, 15.979643357394748), (22.282079155978074, 15.996040604226296), (22.262837157886686, 16.01252058564276), (22.24351243021054, 16.02908330124859), (22.22410497337407, 16.045728750647392), (22.204614787802544, 16.062456933441936), (22.18504187392206, 16.079267849234153), (22.165386232159566, 16.096161497625136), (22.145647862942845, 16.113137878215138), (22.125826766700516, 16.130196990603572), (22.105922943862048, 16.147338834389014), (22.085936394857736, 16.164563409169194), (22.065867120118718, 16.181870714541013), (22.04571512007697, 16.199260750100528), (22.02548039516531, 16.21673351544296), (22.0051629458174, 16.234289010162687), (21.98476277246773, 16.251927233853248), (21.96427987555163, 16.269648186107343), (21.943714255505277, 16.287451866516836), (21.923065912765683, 16.30533827467275)]",True
1783881427.23782,0,22.760308092115455,15.620300749433696,0.8000775003457579,102.68615360822875,-0.4396652543182774,22.357131107474366,13.926243697381512,1.1200001318743926,100.95320704395385,0.3600682546083023,-0.40317698464108886,-1.6940570520521838,0.31992263152863476,-1.7329465642748971,0.7997335089265797,"[(22.746613995338407, 15.619722142820141), (22.72948263127046, 15.634107081985723), (22.712268522224154, 15.648574769983892), (22.6949716686026, 15.663125206439418), (22.67759207080976, 15.677758390976235), (22.660129729250414, 15.692474323217443), (22.642584644330196, 15.707273002785296), (22.624956816455573, 15.72215442930121), (22.607246246033853, 15.737118602385761), (22.58945293347319, 15.75216552165869), (22.571576879182565, 15.76729518673889), (22.55361808357181, 15.782507597244424), (22.535576547051587, 15.797802752792508), (22.517452270033406, 15.813180652999524), (22.499245252929608, 15.828641297481013), (22.480955496153378, 15.844184685851674), (22.46258300011874, 15.85981081772537), (22.444127765240555, 15.875519692715121), (22.425589791934527, 15.89131131043311), (22.406969080617195, 15.907185670490682), (22.38826563170594, 15.92314277249834), (22.369479445618985, 15.939182616065747), (22.350610522775384, 15.95530520080173), (22.331658863595035, 15.971510526314274), (22.31262446849868, 15.987798592210527), (22.293507337907894, 16.004169398096796), (22.27430747224509, 16.020622943578545), (22.255024871933532, 16.037159228260403), (22.235659537397304, 16.05377825174616), (22.216211469061342, 16.070480013638768), (22.19668066735142, 16.087264513540337), (22.17706713269415, 16.104131751052137), (22.157370865516988, 16.121081725774598), (22.13759186624822, 16.138114437307316), (22.11773013531697, 16.155229885249042), (22.097785673153215, 16.17242806919769), (22.07775848018776, 16.189708988750333), (22.05764855685225, 16.20707264350321), (22.037455903579172, 16.224519033051713), (22.017180520801855, 16.2420481569904), (21.99682240895446, 16.25966001491299), (21.976381568471993, 16.27735460641236), (21.955857999790293, 16.295131931080547), (21.935251703346044, 16.312991988508752), (21.914562679576765, 16.33093477828734)]",True
1783881427.309126,0,22.751350339370237,15.651023542515098,0.8000333352147512,102.68615360822875,-0.4396652543182774,22.34366383378385,13.968970028176814,1.1200000594293265,100.95320704395385,0.3600682546083023,-0.40768650558638697,-1.6820535143382838,0.3199667242145753,-1.7329465642748971,0.7997335089265797,"[(22.73763496403256, 15.650514927728988), (22.72046156616735, 15.664956285642178), (22.703205415436344, 15.67948040025619), (22.685866512243216, 15.694087271195093), (22.668444856992487, 15.708776898082116), (22.650940450089518, 15.72354928053965), (22.63335329194051, 15.738404418189246), (22.615683382952497, 15.753342310651615), (22.59793072353336, 15.768362957546625), (22.58009531409182, 15.783466358493309), (22.562177155037432, 15.798652513109857), (22.544176246780594, 15.813921421013623), (22.526092589732546, 15.829273081821116), (22.50792618430536, 15.844707495148008), (22.48967703091196, 15.86022466060913), (22.471345129966096, 15.875824577818477), (22.45293048188237, 15.8915072463892), (22.43443308707621, 15.90727266593361), (22.4158529459639, 15.92312083606318), (22.397190058962547, 15.939051756388546), (22.378444426490113, 15.955065426519496), (22.359616048965393, 15.971161846064987), (22.340704926808012, 15.987341014633133), (22.321711060438453, 16.003602931831207), (22.302634450278024, 16.01994759726564), (22.28347509674888, 16.036375010542034), (22.264233000274015, 16.052885171265135), (22.24490816127726, 16.069478079038863), (22.225500580183283, 16.086153733466293), (22.2060102574176, 16.102912134149662), (22.186437193406558, 16.11975328069036), (22.16678138857735, 16.136677172688948), (22.147042843358005, 16.153683809745147), (22.127221558177393, 16.170773191457823), (22.107317533465224, 16.187945317425022), (22.087330769652045, 16.20520018724394), (22.067261267169243, 16.22253780051093), (22.047109026449053, 16.239958156821515), (22.026874047924533, 16.25746125577037), (22.006556332029593, 16.275047096951337), (21.986155879198982, 16.292715679957418), (21.96567268986828, 16.310467004380765), (21.945106764473916, 16.328301069812703), (21.92445810345316, 16.34621787584371), (21.903726707244104, 16.36421742206343)]",True
1783881427.3374133,0,22.749110061606952,15.658703768080771,0.8000269971242662,102.68615360822875,-0.4396652543182774,22.340451047578853,13.979699322250575,1.1200000490328128,100.95320704395385,0.3600682546083023,-0.4086590140280997,-1.6790044458301967,0.31997305190854664,-1.7329465642748971,0.7997335089265797,"[(22.735390614120192, 15.6582093888863), (22.718208780302042, 15.67266225096761), (22.700944191785283, 15.687197871578485), (22.683596848973707, 15.701816250342846), (22.666166752271955, 15.716517386883774), (22.648653902085506, 15.731301280823512), (22.63105829882068, 15.74616793178346), (22.613379942884634, 15.761117339384185), (22.59561883468537, 15.776149503245405), (22.577774974631726, 15.791264422986002), (22.559848363133376, 15.806462098224019), (22.54183900060084, 15.821742528576658), (22.52374688744548, 15.837105713660284), (22.505572024079484, 15.852551653090416), (22.487314410915896, 15.868080346481738), (22.468974048368594, 15.883691793448094), (22.45055093685229, 15.899385993602483), (22.432045076782547, 15.91516294655707), (22.413456468575752, 15.93102265192318), (22.39478511264915, 15.946965109311295), (22.37603100942081, 15.962990318331059), (22.35719415930965, 15.979098278591275), (22.338274562735428, 15.995288989699906), (22.319272220118737, 16.011562451264076), (22.300187131881007, 16.02791866289007), (22.281019298444516, 16.044357624183334), (22.261768720232382, 16.06087933474847), (22.24243539766855, 16.07748379418924), (22.22301933117782, 16.094171002108574), (22.203520521185826, 16.110940958108554), (22.183938968119037, 16.127793661790427), (22.164274672404765, 16.144729112754597), (22.14452763447116, 16.161747310600628), (22.124697854747218, 16.17884825492725), (22.10478533366277, 16.196031945332347), (22.084790071648488, 16.21329838141297), (22.064712069135876, 16.230647562765316), (22.04455132655729, 16.24807948898476), (22.024307844345916, 16.265594159665824), (22.003981622935786, 16.2831915744022), (21.983572662761766, 16.300871732786735), (21.963080964259568, 16.318634634411435), (21.94250652786574, 16.33648027886747), (21.921849354017663, 16.354408665745165), (21.901109443153572, 16.372419794634016)]",True
1783881427.398238,0,22.740093412703537,15.68940791135803,0.8000116166975345,103.08196102111785,-0.4509760802199487,22.32743443379729,14.022566514472352,1.1200000238039498,100.95320704395385,0.3600682546083023,-0.41265897890624714,-1.666841396885678,0.3199884071064153,-2.1287539771639956,0.811044334828251,"[(22.726365239745615, 15.688961716703197), (22.70915286400632, 15.703451699493042), (22.69185772328611, 15.718024451086746), (22.674479817989273, 15.732679971107686), (22.65701914852094, 15.7474182591784), (22.63947571528708, 15.762239314920583), (22.621849518694503, 15.777143137955093), (22.60414055915086, 15.792129727901946), (22.58634883706464, 15.807199084380319), (22.568474352845172, 15.822351207008543), (22.55051710690263, 15.837586095404115), (22.53247709964802, 15.852903749183689), (22.5143543314932, 15.86830416796308), (22.49614880285086, 15.883787351357261), (22.477860514134534, 15.899353298980365), (22.45948946575859, 15.915002010445685), (22.441035658138244, 15.930733485365673), (22.42249909168954, 15.946547723351943), (22.40387976682938, 15.962444724015265), (22.385177683975495, 15.978424486965572), (22.366392843546457, 15.994487011811955), (22.34752524596168, 16.010632298162665), (22.32857489164142, 16.026860345625114), (22.309541781006768, 16.043171153805865), (22.29042591447966, 16.059564722310654), (22.27122729248287, 16.076041050744372), (22.25194591544001, 16.092600138711067), (22.232581783775537, 16.10924198581395), (22.213134897914745, 16.125966591655384), (22.19360525828377, 16.1427739558369), (22.173992865309586, 16.159664077959192), (22.154297719420008, 16.1766369576221), (22.134519821043693, 16.19369259442464), (22.114659170610132, 16.210830987964968), (22.094715768549666, 16.22805213784042), (22.074689615293465, 16.245356043647487), (22.05458071127355, 16.262742704981804), (22.034389056922777, 16.280212121438186), (22.014114652674838, 16.297764292610598), (21.99375749896427, 16.315399218092168), (21.97331759622645, 16.33311689747518), (21.952794944897594, 16.350917330351077), (21.932189545414758, 16.36880051631047), (21.91150139821584, 16.386766454943118), (21.89073050373957, 16.404815145837954)]",True
1783881427.4431648,0,22.73329342595674,15.71242466891555,0.8000061746078045,103.08196102111785,-0.4509760802199487,22.317967263995193,14.054804158499708,1.1200000148771667,100.95320704395385,0.3600682546083023,-0.4153261619615485,-1.6576205104158408,0.3199938402693622,-2.1287539771639956,0.811044334828251,"[(22.719563830221713, 15.71200667460585), (22.70233228885201, 15.726517070863405), (22.685017973412894, 15.741110245012624), (22.667620884309002, 15.755786196676533), (22.650141021945817, 15.770544925477317), (22.632578386729655, 15.785386431036319), (22.61493297906768, 15.80031071297404), (22.597204799367898, 15.815317770910143), (22.579393848039146, 15.83040760446345), (22.56150012549111, 15.845580213251937), (22.543523632134313, 15.860835596892748), (22.525464368380124, 15.87617375500218), (22.507322334640744, 15.891594687195688), (22.48909753132922, 15.907098393087892), (22.47078995885945, 15.92268487229257), (22.452399617646147, 15.938354124422652), (22.433926508104886, 15.954106149090236), (22.415370630652074, 15.969940945906576), (22.396731985704964, 15.985858514482084), (22.378010573681642, 16.001858854426334), (22.359206395001042, 16.017941965348054), (22.340319450082934, 16.03410784685514), (22.32134973934793, 16.05035649855464), (22.302297263217483, 16.06668792005276), (22.283162022113885, 16.083102110954872), (22.26394401646027, 16.099599070865505), (22.244643246680617, 16.116178799388344), (22.225259713199737, 16.132841296126237), (22.205793416443285, 16.14958656068119), (22.18624435683776, 16.16641459265437), (22.166612534810497, 16.183325391646097), (22.146897950789675, 16.200318957255856), (22.12710060520431, 16.217395289082294), (22.107220498484256, 16.23455438672321), (22.087257631060222, 16.25179624977557), (22.067212003363743, 16.26912087783549), (22.047083615827194, 16.286528270498255), (22.026872468883802, 16.304018427358304), (22.006578562967626, 16.321591348009235), (21.986201898513563, 16.339247032043804), (21.96574247595736, 16.356985479053936), (21.945200295735596, 16.374806688630706), (21.924575358285697, 16.392710660364347), (21.903867664045922, 16.41069739384426), (21.88307721345538, 16.428766888659)]",True
1783881427.4848797,0,22.721918388003356,15.750773323454197,0.8000021580654507,103.08196102111785,-0.4509760802199487,22.30383479630963,14.108987891210958,1.1200000082887411,100.95320704395385,0.3600682546083023,-0.4180835916937262,-1.641785432243239,0.3199978502232904,-2.1287539771639956,0.811044334828251,"[(22.708191264572516, 15.75039042208102), (22.690934651636077, 15.764924739758284), (22.67359524947734, 15.77954185048349), (22.656173058501462, 15.794241753879179), (22.63866807911444, 15.809024449567046), (22.62108031172311, 15.823889937167946), (22.603409756735157, 15.838838216301896), (22.5856564145591, 15.853869286588065), (22.567820285604302, 15.868983147644784), (22.549901370280967, 15.884179799089543), (22.53189966900014, 15.89945924053899), (22.513815182173712, 15.91482147160893), (22.495647910214405, 15.930266491914328), (22.477397853535795, 15.945794301069306), (22.459065012552287, 15.961404898687148), (22.44064938767914, 15.977098284380293), (22.422150979332443, 15.99287445776034), (22.403569787929133, 16.008733418438048), (22.384905813886984, 16.024675166023332), (22.366159057624614, 16.040699700125263), (22.347329519561484, 16.05680702035208), (22.328417200117894, 16.072997126311165), (22.309422099714986, 16.089270017609078), (22.29034421877474, 16.105625693851522), (22.271183557719986, 16.12206415464337), (22.251940116974385, 16.138585399588642), (22.232613896962444, 16.155189428290523), (22.213204898109513, 16.171876240351363), (22.193713120841778, 16.188645835372657), (22.174138565586272, 16.205498212955067), (22.15448123277087, 16.22243337269841), (22.13474112282428, 16.23945131420167), (22.11491823617606, 16.256552037062978), (22.0950125732566, 16.273735540879628), (22.075024134497145, 16.291001825248074), (22.054952920329765, 16.308350889763933), (22.034798931187385, 16.325782734021974), (22.01456216750376, 16.343297357616123), (21.9942426297135, 16.360894760139473), (21.97384031825204, 16.378574941184265), (21.953355233555666, 16.39633790034191), (21.9327873760615, 16.414183637202967), (21.912136746207516, 16.432112151357167), (21.89140334443251, 16.450123442393384), (21.870587171176144, 16.468217509899663)]",True
1783881427.537088,0,22.71275996388112,15.78143477371314,0.8000009348536721,103.08196102111785,-0.4509760802199487,22.292819983882733,14.152410939757123,1.120000006282279,100.95320704395385,0.3600682546083023,-0.41993997999838584,-1.6290238339560172,0.31999907142860695,-2.1287539771639956,0.811044334828251,"[(22.69903918659992, 15.781072565509726), (22.68176577908759, 15.795619044694499), (22.664409569017092, 15.81024833027115), (22.646970556793978, 15.824960421861883), (22.629448742824643, 15.839755319088056), (22.611844127516328, 15.854633021570187), (22.594156711277112, 15.869593528927954), (22.57638649451592, 15.884636840780189), (22.558533477642513, 15.899762956744881), (22.5405976610675, 15.914971876439182), (22.52257904520233, 15.9302635994794), (22.504477630459295, 15.945638125480999), (22.486293417251524, 15.9610954540586), (22.468026405992997, 15.976635584825987), (22.449676597098527, 15.992258517396097), (22.431243990983774, 16.00796425138103), (22.41272858806524, 16.023752786392034), (22.394130388760264, 16.039624122039527), (22.37544939348703, 16.055578257933078), (22.35668560266457, 16.071615193681414), (22.337839016712746, 16.087734928892424), (22.318909636052272, 16.10393746317315), (22.2998974611047, 16.1202227961298), (22.28080249229242, 16.136590927367727), (22.261624730038672, 16.153041856491456), (22.242364174767534, 16.169575583104656), (22.223020826903923, 16.186192106810168), (22.203594686873604, 16.20289142720998), (22.18408575510318, 16.219673543905248), (22.164494032020094, 16.236538456496273), (22.144819518052635, 16.253486164582526), (22.125062213629928, 16.27051666776263), (22.105222119181946, 16.28762996563437), (22.085299235139505, 16.30482605779468), (22.065293561934258, 16.32210494383967), (22.0452050999987, 16.339466623364583), (22.02503384976617, 16.35691109596384), (22.00477981167085, 16.374438361231018), (21.984442986147755, 16.392048418758844), (21.964023373632756, 16.409741268139204), (21.943520974562553, 16.42751690896315), (21.922935789374698, 16.44537534082088), (21.902267818507575, 16.463316563301763), (21.88151706240042, 16.481340575994317), (21.8606835214933, 16.499447378486224)]",True
1783881427.5864325,0,22.70123896715436,15.81973966136961,0.8000003333305821,103.08196102111785,-0.4509760802199487,22.277356409608647,14.206232703801854,1.1200000052955872,100.95320704395385,0.3600682546083023,-0.42388255754571347,-1.6135069575677559,0.3199996719650051,-2.1287539771639956,0.811044334828251,"[(22.68752993296701, 15.81939691313059), (22.67023811133112, 15.833952416861772), (22.65286346926572, 15.848590744871439), (22.635406007176854, 15.863311896781417), (22.61786572547141, 15.87811587221269), (22.600242624557126, 15.893002670785402), (22.582536704842568, 15.907972292118847), (22.56474796673716, 15.923024735831483), (22.546876410651155, 15.938160001540922), (22.528922036995663, 15.953378088863934), (22.510884846182627, 15.968678997416445), (22.492764838624833, 15.984062726813539), (22.47456201473592, 15.999529276669458), (22.456276374930354, 16.015078646597598), (22.437907919623452, 16.030710836210517), (22.41945664923138, 16.046425845119924), (22.400922564171132, 16.062223672936693), (22.382305664860564, 16.078104319270842), (22.363605951718352, 16.094067783731564), (22.344823425164034, 16.110114065927192), (22.32595808561798, 16.12624316546523), (22.30700993350141, 16.142455081952328), (22.287978969236377, 16.1587498149943), (22.268865193245787, 16.175127364196122), (22.249668605953385, 16.19158772916191), (22.23038920778375, 16.20813090949495), (22.21102699916232, 16.22475690479769), (22.191581980515362, 16.24146571467172), (22.172054152269997, 16.258257338717797), (22.152443514854173, 16.275131776535837), (22.1327500686967, 16.29208902772491), (22.112973814227217, 16.309129091883236), (22.09311475187621, 16.326251968608204), (22.073172882075006, 16.34345765749636), (22.053148205255777, 16.360746158143392), (22.03304072185154, 16.37811747014416), (22.01285043229614, 16.395571593092683), (21.992577337024287, 16.413108526582125), (21.972221436471518, 16.430728270204817), (21.951782731074218, 16.44843082355224), (21.93126122126961, 16.466216186215036), (21.91065690749577, 16.484084357783008), (21.889969790191603, 16.50203533784511), (21.869199869796866, 16.520069125989462), (21.848347146752154, 16.538185721803327)]",True
1783881427.6401129,0,22.689657147072364,15.858026183109008,0.8000001238512574,103.08196102111785,-0.4509760802199487,22.261380514670392,14.25990541844389,1.1200000049519734,100.95320704395385,0.3600682546083023,-0.4282766324019711,-1.5981207646651185,0.319999881100716,-2.1287539771639956,0.811044334828251,"[(22.675961281540328, 15.85769731156118), (22.658654203471585, 15.872257239466379), (22.641264287466928, 15.886900009173747), (22.62379153393286, 15.901625620304788), (22.606235943276722, 15.91643407248016), (22.588597515906706, 15.93132536531968), (22.57087625223184, 15.94629949844232), (22.553072152662008, 15.961356471466209), (22.535185217607918, 15.976496284008629), (22.51721544748114, 15.991718935686023), (22.499162842694076, 16.00702442611399), (22.481027403659976, 16.022412754907283), (22.462809130792937, 16.037883921679807), (22.444508024507893, 16.053437926044634), (22.42612408522062, 16.069074767613984), (22.40765731334775, 16.084794445999233), (22.38910770930675, 16.100596960810922), (22.370475273515922, 16.11648231165874), (22.35176000639443, 16.13245049815153), (22.332961908362265, 16.148501519897305), (22.314080979840273, 16.164635376503217), (22.29511722125014, 16.180852067575586), (22.276070633014395, 16.197151592719887), (22.25694121555641, 16.213533951540747), (22.2377289693004, 16.22999914364195), (22.21843389467142, 16.246547168626446), (22.199055992095378, 16.263178026096323), (22.17959526199902, 16.279891715652845), (22.160051704809934, 16.29668823689642), (22.140425320956552, 16.31356758942661), (22.120716110868152, 16.330529772842148), (22.10092407497486, 16.34757478674091), (22.08104921370763, 16.364702630719936), (22.061091527498274, 16.38191330437542), (22.04105101677944, 16.399206807302708), (22.020927681984624, 16.416583139096307), (22.00072152354816, 16.434042299349883), (21.980432541905238, 16.451584287656257), (21.960060737491872, 16.469209103607398), (21.939606110744936, 16.486916746794442), (21.919068662102134, 16.504707216807677), (21.898448392002027, 16.522580513236548), (21.87774530088401, 16.54053663566966), (21.85695938918832, 16.558575583694765), (21.836090657356046, 16.576697356898784)]",True
1783881427.6904366,0,22.682662244761136,15.880984187852983,0.8000000713612431,103.08196102111785,-0.4509760802199487,22.25167421116018,14.292072884240294,1.120000004865873,100.95320704395385,0.3600682546083023,-0.4309880336009577,-1.5889113036126883,0.31999993350462985,-2.1287539771639956,0.811044334828251,"[(22.668975900600213, 15.880662187159773), (22.65165969015434, 15.895222960676554), (22.63426063031743, 15.909866587463613), (22.616778721496274, 15.924593067142263), (22.5992139640985, 15.939402399332977), (22.581566358532587, 15.954294583655377), (22.563835905207853, 15.96926961972825), (22.546022604534468, 15.984327507169528), (22.52812645692343, 15.999468245596304), (22.5101474627866, 16.01469183462483), (22.49208562253667, 16.029998273870508), (22.473940936587187, 16.0453875629479), (22.455713405352533, 16.060859701470722), (22.437403029247932, 16.07641468905184), (22.419009808689463, 16.092052525303288), (22.40053374409404, 16.107773209836246), (22.38197483587943, 16.123576742261054), (22.36333308446423, 16.13946312218721), (22.344608490267895, 16.15543234922336), (22.32580105371072, 16.17148442297732), (22.306910775213836, 16.18761934305604), (22.28793765519923, 16.203837109065642), (22.26888169408972, 16.220137720611405), (22.249742892308987, 16.236521177297757), (22.230521250281537, 16.25298747872828), (22.21121676843273, 16.26953662450572), (22.19182944718877, 16.286168614231972), (22.172359286976697, 16.30288344750809), (22.152806288224404, 16.319681123934284), (22.133170451360623, 16.33656164310992), (22.113451776814937, 16.353525004633518), (22.09365026501776, 16.370571208102753), (22.07376591640036, 16.38770025311446), (22.053798731394853, 16.404912139264628), (22.033748710434185, 16.4222068661484), (22.013615853952153, 16.43958443336008), (21.993400162383402, 16.457044840493122), (21.973101636163417, 16.47458808714014), (21.952720275728527, 16.4922141728929), (21.932256081515902, 16.509923097342327), (21.911709053963563, 16.527714860078504), (21.891079193510368, 16.545589460690664), (21.870366500596024, 16.5635468987672), (21.849570975661084, 16.58158717389566), (21.828692619146935, 16.59971028566275)]",True
1783881427.7384999,0,22.67330306649159,15.91158488645783,0.8000000374827733,103.08196102111785,-0.4509760802199487,22.238630724939032,14.334931987578713,1.1200000048103014,100.95320704395385,0.3600682546083023,-0.4346723415525595,-1.5766528988791162,0.3199999673275281,-2.1287539771639956,0.811044334828251,"[(22.65962939169949, 15.911270235871596), (22.642302214977835, 15.925830823909179), (22.624892174040603, 15.94047428005901), (22.607399269294948, 15.955200603942174), (22.589823501148864, 15.970009795178905), (22.572164870011196, 15.984901853388594), (22.55442337629163, 15.999876778189789), (22.536599020400697, 16.01493456920019), (22.51869180274977, 16.030075226036654), (22.500701723751078, 16.045298748315194), (22.482628783817677, 16.06060513565097), (22.464472983363482, 16.075994387658316), (22.446234322803246, 16.0914665039507), (22.427912802552573, 16.107021484140752), (22.409508423027905, 16.122659327840264), (22.391021184646533, 16.13838003466018), (22.372451087826587, 16.154183604210594), (22.353798132987052, 16.17007003610076), (22.33506232054775, 16.186039329939085), (22.316243650929344, 16.20209148533313), (22.297342124553357, 16.21822650188962), (22.278357741842136, 16.23444437921442), (22.259290503218892, 16.25074511691256), (22.24014040910767, 16.267128714588228), (22.22090745993336, 16.28359517184476), (22.201591656121703, 16.300144488284648), (22.182192998099275, 16.31677666350954), (22.162711486293507, 16.333491697120245), (22.143147121132664, 16.35028958871672), (22.123499903045865, 16.367170337898077), (22.10376983246307, 16.38413394426259), (22.083956909815083, 16.401180407407683), (22.064061135533553, 16.418309726929937), (22.044082510050977, 16.435521902425084), (22.024021033800693, 16.45281693348802), (22.00387670721688, 16.470194819712788), (21.983649530734567, 16.487655560692588), (21.96333950478963, 16.50519915601978), (21.942946629818785, 16.522825605285874), (21.922470906259587, 16.540534908081536), (21.90191233455045, 16.55832706399659), (21.88127091513062, 16.576202072620013), (21.8605466484402, 16.59415993353994), (21.839739534920124, 16.61220064634366), (21.818849575012173, 16.630324210617612)]",True
1783881427.805325,0,22.66154423210069,15.949817403811425,0.8000000208227949,103.08196102111785,-0.4509760802199487,22.222159477299655,14.388454794603213,1.1200000047829737,100.95320704395385,0.3600682546083023,-0.43938475480103634,-1.5613626092082118,0.3199999839601788,-2.1287539771639956,0.811044334828251,"[(22.64788662812326, 15.949509899224989), (22.63054689005824, 15.964068622670878), (22.61312426949623, 15.978710232532912), (22.59561876684481, 15.9934347284319), (22.578030382512427, 16.00824210998781), (22.56035911690836, 16.023132376819753), (22.54260497044274, 16.038105528546005), (22.524767943526538, 16.05316156478399), (22.506848036571583, 16.068300485150296), (22.488845249990536, 16.083522289260653), (22.470759584196912, 16.098826976729953), (22.452591039605068, 16.114214547172235), (22.4343396166302, 16.1296850002007), (22.41600531568837, 16.1452383354277), (22.39758813719646, 16.160874552464737), (22.379088081572217, 16.17659365092248), (22.360505149234225, 16.19239563041074), (22.341839340601915, 16.208280490538485), (22.323090656095566, 16.224248230913837), (22.304259096136295, 16.240298851144082), (22.285344661146077, 16.256432350835645), (22.26634735154772, 16.272648729594113), (22.247267167764882, 16.28894798702423), (22.22810411022207, 16.305330122729888), (22.208858179344634, 16.321795136314137), (22.18952937555877, 16.33834302737918), (22.17011769929152, 16.354973795526384), (22.150623150970766, 16.37168744035625), (22.131045731025246, 16.388483961468452), (22.111385439884533, 16.40536335846181), (22.09164227797905, 16.4223256309343), (22.07181624574007, 16.439370778483053), (22.051907343599705, 16.45649880070435), (22.03191557199091, 16.47370969719363), (22.011840931347496, 16.49100346754549), (21.99168342210411, 16.508380111353677), (21.97144304469625, 16.52583962821109), (21.951119799560256, 16.543382017709792), (21.930713687133313, 16.561007279440993), (21.910224707853455, 16.578715412995052), (21.889652862159558, 16.596506417961496), (21.868998150491347, 16.614380293928996), (21.84826057328939, 16.63233704048538), (21.827440130995104, 16.65037665721763), (21.80653682405074, 16.66849914371189)]",True
1783881427.8385272,0,22.656817469828546,15.965103251714234,0.8000000177585593,103.08196102111785,-0.4509760802199487,22.21551471389931,14.40984653690827,1.1200000047779473,100.95320704395385,0.3600682546083023,-0.44130275592923596,-1.5552567148059637,0.3199999870193879,-2.1287539771639956,0.811044334828251,"[(22.64316666544282, 15.964798257462476), (22.625821880384766, 15.979355787219077), (22.60839420527604, 15.993996210955185), (22.590883640524407, 16.0087195282915), (22.573290186538493, 16.02352573884788), (22.555613843727762, 16.03841484224333), (22.53785461250252, 16.05338683809602), (22.520012493273924, 16.068441726023266), (22.50208748645398, 16.08357950564154), (22.484079592455537, 16.098800176566467), (22.465988811692284, 16.11410373841283), (22.44781514457877, 16.129490190794556), (22.429558591530373, 16.144959533324734), (22.411219152963334, 16.160511765615606), (22.392796829294724, 16.17614688727857), (22.37429162094247, 16.191864897924173), (22.355703528325343, 16.207665797162118), (22.337032551862958, 16.223549584601262), (22.318278691975777, 16.239516259849612), (22.299441949085107, 16.255565822514342), (22.280522323613106, 16.271698272201764), (22.261519815982766, 16.287913608517353), (22.242434426617937, 16.30421183106574), (22.22326615594331, 16.320592939450698), (22.204015004384427, 16.337056933275164), (22.184680972367666, 16.35360381214123), (22.165264060320258, 16.37023357565014), (22.145764268670273, 16.386946223402287), (22.12618159784664, 16.403741754997224), (22.10651604827912, 16.420620170033658), (22.086767620398327, 16.437581468109446), (22.06693631463572, 16.4546256488216), (22.047022131423603, 16.471752711766293), (22.027025071195123, 16.488962656538835), (22.006945134384278, 16.50625548273371), (21.98678232142591, 16.523631189944545), (21.966536632755705, 16.541089777764125), (21.9462080688102, 16.558631245784387), (21.92579663002677, 16.57625559359642), (21.90530231684364, 16.593962820790473), (21.884725129699877, 16.611752926955948), (21.8640650690354, 16.629625911681394), (21.843322135290975, 16.64758177455452), (21.822496328908205, 16.66562051516219), (21.801587650329544, 16.68374213309042)]",True
1783881427.8960857,0,22.642566479241232,16.010938862108937,0.8000000135672072,103.08196102111785,-0.4509760802199487,22.19539669722425,14.473964357410665,1.120000004771072,100.95320704395385,0.3600682546083023,-0.44716978201698154,-1.5369745046982715,0.3199999912038649,-2.1287539771639956,0.811044334828251,"[(22.62893646213322, 16.010640333657452), (22.611576908013664, 16.025193254276346), (22.59413444103846, 16.039829091709734), (22.576609061615915, 16.054547845578007), (22.559000770155194, 16.069349515500704), (22.541309567066293, 16.08423410109652), (22.523535452760072, 16.0992016019833), (22.505678427648228, 16.114252017778043), (22.48773849214331, 16.129385348096903), (22.469715646658713, 16.144601592555187), (22.451609891608676, 16.159900750767353), (22.433421227408285, 16.175282822347008), (22.415149654473478, 16.19074780690692), (22.396795173221037, 16.206295704059006), (22.37835778406859, 16.22192651341433), (22.359837487434618, 16.23764023458312), (22.341234283738437, 16.253436867174756), (22.322548173400218, 16.269316410797757), (22.303779156840978, 16.28527886505981), (22.284927234482584, 16.301324229567747), (22.265992406747742, 16.31745250392756), (22.246974674060013, 16.333663687744384), (22.2278740368438, 16.349957780622514), (22.208690495524355, 16.3663347821654), (22.189424050527776, 16.382794691975633), (22.170074702281006, 16.39933750965497), (22.150642451211844, 16.41596323480432), (22.13112729774892, 16.432671867023732), (22.11152924232173, 16.449463405912425), (22.091848285360598, 16.466337851068758), (22.07208442729671, 16.48329520209025), (22.052237668562086, 16.500335458573574), (22.032308009589602, 16.51745862011455), (22.012295450812978, 16.534664686308155), (21.992199992666784, 16.551953656748516), (21.972021635586433, 16.569325531028916), (21.951760380008185, 16.586780308741794), (21.931416226369144, 16.604317989478734), (21.910989175107268, 16.62193857283048), (21.89047922666136, 16.639642058386922), (21.869886381471066, 16.65742844573711), (21.84921063997688, 16.675297734469247), (21.828452002620143, 16.693249924170686), (21.80761046984304, 16.711285014427933), (21.786686042088615, 16.72940300482665)]",True
1783881427.9424634,0,22.631153707905664,16.04927349913624,0.8000000124942424,103.08196102111785,-0.4509760802199487,22.178414938163225,14.527327385078086,1.120000004769312,100.95320704395385,0.3600682546083023,-0.45273876974243876,-1.5219461140581547,0.3199999922750696,-2.1287539771639956,0.811044334828251,"[(22.617128812491202, 16.04885541831668), (22.599766428056313, 16.06340574866797), (22.58232111539818, 16.078039011210937), (22.564792874925416, 16.092755205565737), (22.547181707047486, 16.107554331351682), (22.529487612174695, 16.12243638818724), (22.511710590718206, 16.137401375690025), (22.49385064309002, 16.152449293476803), (22.475907769702996, 16.167580141163498), (22.45788197097083, 16.182793918365185), (22.439773247308075, 16.198090624696086), (22.421581599130125, 16.21347025976958), (22.403307026853224, 16.228932823198193), (22.384949530894463, 16.24447831459361), (22.366509111671785, 16.260106733566666), (22.347985769603977, 16.275818079727344), (22.329379505110673, 16.291612352684783), (22.31069031861235, 16.307489552047272), (22.291918210530348, 16.323449677422254), (22.273063181286837, 16.339492728416328), (22.254125231304847, 16.355618704635237), (22.235104361008254, 16.37182760568388), (22.216000570821777, 16.38811943116631), (22.19681386117098, 16.404494180685727), (22.177544232482287, 16.420951853844493), (22.15819168518296, 16.43749245024411), (22.138756219701104, 16.454115969485244), (22.119237836465683, 16.470822411167703), (22.099636535906505, 16.487611774890453), (22.07995231845422, 16.504484060251613), (22.060185184540337, 16.521439266848454), (22.0403351345972, 16.538477394277393), (22.020402169058006, 16.555598442134006), (22.000386288356804, 16.57280241001302), (21.980287492928483, 16.590089297508314), (21.96010578320878, 16.607459104212914), (21.939841159634284, 16.62491182971901), (21.919493622642435, 16.64244747361794), (21.89906317267151, 16.66006603550018), (21.878549810160642, 16.677767514955377), (21.857953535549807, 16.695551911572327), (21.83727434927983, 16.71341922493897), (21.816512251792386, 16.731369454642408), (21.79566724352999, 16.74940260026889), (21.774739324936014, 16.767518661403813)]",True
1783881427.9953265,0,22.624777692226495,16.072410985483828,0.8000000122253855,103.08196102111785,-0.4509760802199487,22.16850664776131,14.559432353341759,1.1200000047688712,100.95320704395385,0.3600682546083023,-0.4562710444651863,-1.5129786321420688,0.31999999254348566,-2.1287539771639956,0.811044334828251,"[(22.60852308747798, 16.07967192633601), (22.59121220610158, 16.09423278779313), (22.573818383342434, 16.108876594515593), (22.556341619608872, 16.123603346123232), (22.53878191531008, 16.138413042235022), (22.52113927085608, 16.153305682469092), (22.50341368665775, 16.168281266442722), (22.485605163126817, 16.18333979377234), (22.46771370067585, 16.198481264073536), (22.449739299718274, 16.213705676961037), (22.43168196066836, 16.229013032048734), (22.413541683941226, 16.24440332894966), (22.395318469952837, 16.259876567276006), (22.37701231912001, 16.275432746639115), (22.358623231860406, 16.291071866649478), (22.34015120859254, 16.306793926916733), (22.32159624973577, 16.322598927049683), (22.302958355710306, 16.338486866656268), (22.284237526937204, 16.354457745343588), (22.26543376383837, 16.370511562717898), (22.246547066836555, 16.386648318384594), (22.227577436355364, 16.40286801194823), (22.208524872819243, 16.41917064301251), (22.189389376653494, 16.43555621118029), (22.170170948284262, 16.45202471605358), (22.150869588138544, 16.468576157233535), (22.13148529664418, 16.485210534320473), (22.11201807422986, 16.50192784691385), (22.092467921325127, 16.518728094612282), (22.072834838360368, 16.535611277013537), (22.05311882576682, 16.55257739371453), (22.033319883976564, 16.56962644431133), (22.013438013422533, 16.586758428399158), (21.99347321453851, 16.603973345572385), (21.973425487759126, 16.621271195424537), (21.953294833519855, 16.638651977548292), (21.93308125225702, 16.656115691535476), (21.912784744407794, 16.67366233697707), (21.892405310410204, 16.6912919134632), (21.87194295070312, 16.709004420583152), (21.851397665726253, 16.726799857925357), (21.830769455920176, 16.744678225077404), (21.810058321726302, 16.76263952162603), (21.78926426358689, 16.780683747157127), (21.768387281945053, 16.79881090125573)]",True
1783881428.041309,0,22.618496485988732,16.095574412107467,0.8000000120826098,103.08196102111785,-0.4509760802199487,22.15913100722448,14.591697594202847,1.1200000047686367,100.95320704395385,0.3600682546083023,-0.4593654787642514,-1.5038768179046205,0.31999999268602686,-2.1287539771639956,0.811044334828251,"[(22.602266252936406, 16.102839383624783), (22.584998011617923, 16.117409450749438), (22.5676468147678, 16.132062477216767), (22.55021266279418, 16.146798462646267), (22.532695556106045, 16.161617406656603), (22.51509549511323, 16.176519308865576), (22.49741248022642, 16.191504168890145), (22.479646511857148, 16.20657198634642), (22.4617975904178, 16.221722760849662), (22.443865716321604, 16.23695649201428), (22.42585088998264, 16.252273179453834), (22.407753111815836, 16.267672822781034), (22.389572382236974, 16.283155421607745), (22.37130870166268, 16.29872097554498), (22.35296207051043, 16.31436948420291), (22.334532489198548, 16.330100947190843), (22.31601995814621, 16.34591536411725), (22.297424477773436, 16.361812734589748), (22.2787460485011, 16.377793058215104), (22.259984670750928, 16.393856334599235), (22.241140344945485, 16.410002563347216), (22.22221307150819, 16.426231744063262), (22.203202850863313, 16.442543876350754), (22.18410968343597, 16.458938959812205), (22.164933569652128, 16.475416994049297), (22.145674509938598, 16.491977978662852), (22.126332504723045, 16.508621913252846), (22.106907554433985, 16.525348797418406), (22.08739965950078, 16.54215863075781), (22.067808820353633, 16.559051412868488), (22.04813503742361, 16.57602714334702), (22.028378311142614, 16.593085821789135), (22.008538641943407, 16.610227447789715), (21.988616030259593, 16.62745202094279), (21.968610476525626, 16.64475954084155), (21.94852198117681, 16.66215000707833), (21.928350544649298, 16.679623419244614), (21.90809616738009, 16.697179776931037), (21.887758849807035, 16.714819079727388), (21.867338592368835, 16.732541327222606), (21.846835395505035, 16.750346519004783), (21.826249259656034, 16.768234654661157), (21.805580185263075, 16.786205733778125), (21.784828172768254, 16.804259755941228), (21.763993222614513, 16.82239672073516)]",True
1783881428.0981371,0,22.61023841066837,16.12649042628211,0.8000000119904586,103.08196102111785,-0.4509760802199487,22.147412706555382,14.634936816666462,1.1200000047684855,100.95320704395385,0.3600682546083023,-0.46282570411298707,-1.4915536096156483,0.31999999277802693,-2.1287539771639956,0.811044334828251,"[(22.59404821950212, 16.133763424851132), (22.576832650872678, 16.148345125616974), (22.559534107019424, 16.16300980532902), (22.542152588350284, 16.177757463606344), (22.52468809527404, 16.192588100067173), (22.507140628200325, 16.207501714328878), (22.489510187539622, 16.222498306007985), (22.471796773703264, 16.237577874720166), (22.454000387103427, 16.252740420080247), (22.436121028153146, 16.2679859417022), (22.418158697266296, 16.28331443919915), (22.400113394857613, 16.298725912183368), (22.381985121342677, 16.31422036026628), (22.36377387713792, 16.32979778305846), (22.345479662660615, 16.345458180169636), (22.3271024783289, 16.361201551208676), (22.308642324561752, 16.377027895783606), (22.290099201779004, 16.3929372135016), (22.271473110401335, 16.40892950396898), (22.252764050850274, 16.425004766791226), (22.2339720235482, 16.441163001572953), (22.215097028918347, 16.45740420791794), (22.196139067384788, 16.47372838542911), (22.177098139372454, 16.490135533708536), (22.157974245307127, 16.506625652357446), (22.138767385615434, 16.523198740976213), (22.119477560724853, 16.539854799164356), (22.100104771063712, 16.556593826520555), (22.080649017061194, 16.573415822642634), (22.061110299147323, 16.590320787127567), (22.04148861775298, 16.607308719571478), (22.021783973309883, 16.62437961956964), (22.00199636625062, 16.641533486716483), (21.982125797008614, 16.658770320605576), (21.96217226601814, 16.67609012082965), (21.94213577371433, 16.693492886980575), (21.922016320533157, 16.710978618649378), (21.901813906911446, 16.728547315426237), (21.881528533286875, 16.746198976900477), (21.861160200097967, 16.763933602660572), (21.840708907784098, 16.781751192294145), (21.820174656785497, 16.79965174538798), (21.799557447543236, 16.817635261527997), (21.77885728049924, 16.835701740299275), (21.758074156096278, 16.85385118128604)]",True
1783881428.1489449,0,22.60363062756247,16.1495624220769,0.8000000119578525,103.08196102111785,-0.4509760802199487,22.139056907364647,14.667481163142472,1.120000004768432,100.95320704395385,0.3600682546083023,-0.46457372019782284,-1.4820812589344285,0.31999999281057945,-2.1287539771639956,0.811044334828251,"[(22.58985305365188, 16.149202867827096), (22.572652604707745, 16.163788197442916), (22.555369166470342, 16.178456520049323), (22.538002739347675, 16.19320783526515), (22.52055332374859, 16.208042142708365), (22.50302092008279, 16.2229594419961), (22.485405528760833, 16.237959732744624), (22.46770715019412, 16.253043014569364), (22.449925784794907, 16.268209287084893), (22.432061432976298, 16.283458549904935), (22.41411409515225, 16.29879080264236), (22.39608377173757, 16.314206044909188), (22.37797046314791, 16.32970427631659), (22.359774169799778, 16.345285496474887), (22.341494892110536, 16.36094970499355), (22.323132630498385, 16.376696901481196), (22.304687385382387, 16.392527085545595), (22.28615915718245, 16.40844025679366), (22.267547946319336, 16.424436414831465), (22.248853753214654, 16.440515559264224), (22.230076578290863, 16.4566776896963), (22.211216421971276, 16.47292280573121), (22.192273284680052, 16.489250906971616), (22.173247166842206, 16.505661993019338), (22.154138068883597, 16.522156063475336), (22.13494599123094, 16.538733117939724), (22.115670934311794, 16.555393156011764), (22.096312898554576, 16.572136177289867), (22.07687188438855, 16.588962181371596), (22.05734789224383, 16.60587116785366), (22.03774092255138, 16.622863136331922), (22.018050975743012, 16.63993808640139), (21.998278052251397, 16.657096017656222), (21.978422152510046, 16.67433692968973), (21.958483276953327, 16.691660822094374), (21.938461426016456, 16.709067694461755), (21.918356600135503, 16.726557546382637), (21.898168799747385, 16.744130377446925), (21.877898025289866, 16.76178618724368), (21.857544277201562, 16.7795249753611), (21.837107555921946, 16.797346741386544), (21.816587861891335, 16.81525148490652), (21.795985195550895, 16.833239205506676), (21.77529955734265, 16.85130990277182), (21.754530947709465, 16.869463576285906)]",True
1783881428.1867998,0,22.599084421623505,16.164902938902312,0.8000000119451426,103.08196102111785,-0.4509760802199487,22.133466866508098,14.689172393872552,1.120000004768411,100.95320704395385,0.3600682546083023,-0.4656175551154078,-1.4757305450297604,0.3199999928232685,-2.1287539771639956,0.811044334828251,"[(22.58763781671158, 16.1568902563321), (22.57043607768434, 16.171475473657555), (22.55315134169128, 16.18614369164888), (22.535783609140527, 16.200894909924788), (22.518332880441072, 16.21572912810315), (22.50079915600275, 16.230646345800977), (22.483182436236245, 16.245646562634434), (22.465482721553098, 16.26072977821883), (22.447700012365694, 16.275895992168635), (22.429834309087276, 16.29114520409745), (22.411885612131933, 16.30647741361804), (22.3938539219146, 16.32189262034231), (22.37573923885108, 16.33739082388132), (22.357541563358005, 16.35297202384528), (22.339260895852874, 16.368636219843538), (22.320897236754032, 16.384383411484603), (22.30245058648067, 16.400213598376126), (22.283920945452838, 16.416126780124916), (22.26530831409143, 16.432122956336922), (22.246612692818193, 16.448202126617243), (22.227834082055725, 16.46436429057013), (22.20897248222748, 16.480609447798987), (22.190027893757755, 16.496937597906353), (22.171000317071698, 16.51334874049393), (22.151889752595313, 16.529842875162572), (22.13269620075545, 16.546420001512267), (22.113419661979815, 16.563080119142157), (22.09406013669696, 16.579823227650543), (22.074617625336288, 16.596649326634864), (22.055092128328056, 16.613558415691717), (22.035483646103366, 16.63055049441684), (22.015792179094177, 16.64762556240512), (21.9960177277333, 16.664783619250603), (21.976160292454384, 16.682024664546475), (21.956219873691946, 16.699348697885075), (21.936196471881345, 16.71675571885789), (21.916090087458787, 16.73424572705556), (21.89590072086133, 16.751818722067863), (21.87562837252689, 16.76947470348374), (21.85527304289423, 16.787213670891276), (21.834834732402957, 16.805035623877703), (21.81431344149354, 16.822940562029405), (21.79370917060729, 16.84092848493191), (21.77302192018637, 16.858999392169906), (21.7522516906738, 16.877153283327214)]",True
1783881428.2486966,0,22.585746140406812,16.211011688072634,0.8000000119277575,103.08196102111785,-0.4509760802199487,22.120591088805618,14.74367105102305,1.1200000047683853,100.95320704395385,0.3600682546083023,-0.46515505160119375,-1.4673406370495847,0.31999999284062786,-2.1287539771639956,0.811044334828251,"[(22.5831187798914, 16.172239386784383), (22.565909026501902, 16.186822831566364), (22.548616266014193, 16.201489287161486), (22.53124049883665, 16.21623875318833), (22.513781725378504, 16.23107122926463), (22.496239946049837, 16.24598671500726), (22.478615161261587, 16.260985210032253), (22.460907371425538, 16.276066713954783), (22.443116576954324, 16.291231226389176), (22.42524277826143, 16.3064787469489), (22.4072859757612, 16.321809275246586), (22.389246169868827, 16.337222810894), (22.371123361000343, 16.35271935350206), (22.352917549572645, 16.368298902680834), (22.334628736003477, 16.383961458039536), (22.316256920711435, 16.399707019186533), (22.29780210411597, 16.41553558572934), (22.279264286637375, 16.43144715727462), (22.2606434686968, 16.447441733428178), (22.241939650716244, 16.46351931379498), (22.223152833118558, 16.479679897979132), (22.204283016327448, 16.49592348558389), (22.185330200767467, 16.51225007621166), (22.16629438686402, 16.528659669464), (22.147175575043363, 16.545152264941603), (22.127973765732605, 16.561727862244325), (22.108688959359704, 16.578386460971167), (22.089321156353467, 16.59512806072028), (22.069870357143557, 16.61195266108896), (22.05033656216049, 16.62886026167365), (22.030719771835624, 16.645850862069953), (22.011019986601177, 16.662924461872603), (21.99123720689021, 16.680081060675498), (21.97137143313665, 16.69732065807168), (21.951422665775258, 16.714643253653332), (21.931390905241653, 16.7320488470118), (21.911276151972306, 16.74953743773757), (21.89107840640454, 16.767109025420275), (21.870797668976525, 16.784763609648703), (21.85043394012729, 16.802501190010783), (21.8299872202967, 16.820321766093603), (21.80945750992549, 16.838225337483394), (21.788844809455234, 16.856211903765534), (21.76814911932836, 16.87428146452455), (21.747370439988146, 16.892434019344126)]",True
1783881428.295907,0,22.5789465070737,16.234028232185118,0.8000000119245553,103.08196102111785,-0.4509760802199487,22.110717140368386,14.787369183710128,1.1200000047683774,100.95320704395385,0.3600682546083023,-0.46822936670531234,-1.4466590484749897,0.3199999928438221,-2.1287539771639956,0.811044334828251,"[(22.578544225979567, 16.18757197356903), (22.561324116388814, 16.202152791880398), (22.544020991826724, 16.216816628897256), (22.526634852701914, 16.23156348423809), (22.50916569942385, 16.246393357520542), (22.49161353240286, 16.261306248361386), (22.47397835205011, 16.276302156376552), (22.45626015877763, 16.291381081181118), (22.4384589529983, 16.306543022389317), (22.420574735125843, 16.321787979614516), (22.40260750557484, 16.337115952469244), (22.38455726476072, 16.352526940565166), (22.366424013099767, 16.368020943513105), (22.348207751009124, 16.38359796092303), (22.329908478906766, 16.399257992404056), (22.31152619721154, 16.415001037564448), (22.29306090634313, 16.430827096011612), (22.27451260672208, 16.446736167352114), (22.255881298769783, 16.462728251191663), (22.237166982908484, 16.478803347135116), (22.218369659561276, 16.494961454786477), (22.199489329152108, 16.5112025737489), (22.180525992105782, 16.527526703624687), (22.161479648847948, 16.54393384401529), (22.142350299805106, 16.560423994521305), (22.12313794540461, 16.576997154742486), (22.10384258607467, 16.593653324277724), (22.08446422224434, 16.610392502725063), (22.065002854343525, 16.627214689681693), (22.04545848280299, 16.644119884743958), (22.025831108054344, 16.661108087507344), (22.006120730530053, 16.67817929756649), (21.986327350663434, 16.69533351451518), (21.966450968888648, 16.71257073794635), (21.94649158564071, 16.729890967452082), (21.926449201355496, 16.747294202623607), (21.90632381646972, 16.7647804430513), (21.886115431420958, 16.782349688324697), (21.865824046647635, 16.800001938032466), (21.845449662589022, 16.817737191762436), (21.82499227968525, 16.835555449101577), (21.804451898377295, 16.85345670963601), (21.783828519106983, 16.871440972951007), (21.763122142316995, 16.889508238630988), (21.742332768450865, 16.907658506259516)]",True
1783881428.335225,0,22.572280202847583,16.257083631026074,0.8000000119228546,103.08196102111785,-0.4509760802199487,22.103575493597514,14.8202013398888,1.1200000047683747,101.60473884346062,0.3763482013041364,-0.46870470925006913,-1.4368822911372732,0.31999999284552005,-1.4772221776572252,0.8273242815240851,"[(22.576275580105072, 16.1952435074046), (22.559052281308176, 16.209823346200256), (22.541745965151886, 16.22448620609566), (22.524356632044892, 16.23923208670926), (22.506884282396744, 16.25406098765867), (22.48932891661784, 16.268972908560627), (22.471690535119432, 16.28396784903104), (22.453969138313624, 16.299045808684948), (22.436164726613367, 16.31420678713655), (22.418277300432468, 16.329450783999185), (22.400306860185584, 16.34477779888535), (22.38225340628822, 16.360187831406684), (22.364116939156744, 16.37568088117397), (22.345897459208366, 16.391256947797146), (22.327594966861152, 16.406916030885295), (22.30920946253402, 16.422658130046646), (22.290740946646736, 16.43848324488858), (22.272189419619917, 16.454391375017625), (22.25355488187504, 16.470382520039458), (22.234837333834424, 16.486456679558906), (22.216036775921246, 16.502613853179938), (22.19715320855953, 16.518854040505673), (22.178186632174157, 16.53517724113838), (22.159137047190857, 16.55158345467948), (22.14000445403621, 16.568072680729536), (22.12078885313765, 16.58464491888826), (22.101490244923465, 16.601300168754516), (22.082108629822788, 16.618038429926315), (22.06264400826561, 16.634859702000814), (22.04309638068277, 16.651763984574316), (22.02346574750596, 16.66875127724228), (22.00375210916772, 16.685821579599303), (21.98395546610145, 16.70297489123914), (21.964075818741392, 16.72021121175469), (21.944113167522648, 16.737530540738003), (21.924067512881166, 16.75493287778027), (21.903938855253745, 16.772418222471842), (21.883727195078045, 16.789986574402207), (21.86343253279256, 16.807637933160006), (21.843054868836656, 16.82537229833303), (21.822594203650535, 16.84318966950821), (21.802050537675257, 16.861090046271638), (21.781423871352732, 16.87907342820855), (21.760714205125726, 16.89713981490332), (21.739921539437848, 16.915289205939484)]",True
1783881428.3875582,0,22.563580621429416,16.287878312921148,0.8000000119217571,103.08196102111785,-0.4509760802199487,22.094071446258297,14.863980862692483,1.120000004768373,101.60473884346062,0.3763482013041364,-0.4695091751711189,-1.4238974502286652,0.31999999284661584,-1.4772221776572252,0.8273242815240851,"[(22.57186366530279, 16.210622329451123), (22.554643239243678, 16.225202219779383), (22.5373397909005, 16.239865136128564), (22.519953320682017, 16.254611078117033), (22.502483828997843, 16.269440045362302), (22.484931316258436, 16.284352037481035), (22.467295782875116, 16.299347054089036), (22.449577229260047, 16.31442509480127), (22.43177565582625, 16.329586159231837), (22.4138910629876, 16.34483024699399), (22.39592345115882, 16.360157357700132), (22.377872820755485, 16.37556749096181), (22.359739172194022, 16.39106064638972), (22.341522505891714, 16.40663682359371), (22.32322282226669, 16.422296022182774), (22.304840121737936, 16.438038241765046), (22.286374404725283, 16.453863481947817), (22.267825671649426, 16.469771742337525), (22.2491939229319, 16.485763022539754), (22.2304791589951, 16.501837322159233), (22.211681380262263, 16.51799464079984), (22.19280058715749, 16.53423497806461), (22.173836780105727, 16.550558333555713), (22.154789959532778, 16.566964706874476), (22.135660125865286, 16.58345409762137), (22.11644727953076, 16.600026505396013), (22.09715142095756, 16.616681929797174), (22.07777255057488, 16.633420370422765), (22.05831066881279, 16.650241826869852), (22.0387657761022, 16.667146298734647), (22.019137872874868, 16.684133785612513), (21.99942695956341, 16.701204287097955), (21.979633036601296, 16.718357802784627), (21.959756104422844, 16.735594332265332), (21.93979616346322, 16.752913875132027), (21.91975321415845, 16.770316430975807), (21.899627256945408, 16.78780199938692), (21.879418292261818, 16.805370579954765), (21.859126320546256, 16.823022172267883), (21.838751342238155, 16.840756775913967), (21.81829335777779, 16.858574390479852), (21.797752367606304, 16.876475015551534), (21.777128372165677, 16.894458650714146), (21.756421371898746, 16.91252529555197), (21.735631367249198, 16.930674949648438)]",True
1783881428.438544,0,22.561336784199042,16.295557174538555,0.8000000119215995,103.08196102111785,-0.4509760802199487,22.091601079605528,14.874905015048821,1.1200000047683727,101.60473884346062,0.3763482013041364,-0.4697357045935142,-1.420652159489734,0.31999999284677316,-1.4772221776572252,0.8273242815240851,"[(22.560517338197986, 16.249544626981592), (22.54313019941868, 16.2645986652347), (22.52566005815045, 16.27973570927672), (22.50810691480345, 16.29495575872145), (22.490470769788686, 16.31025881318183), (22.47275162351802, 16.32564487226995), (22.454949476404153, 16.341113935597054), (22.437064328860654, 16.356666002773526), (22.419096181301928, 16.372301073408906), (22.401045034143237, 16.388019147111876), (22.382910887800698, 16.40382022349028), (22.364693742691276, 16.41970430215109), (22.346393599232783, 16.435671382700445), (22.328010457843888, 16.451721464743624), (22.30954431894411, 16.467854547885057), (22.290995182953814, 16.484070631728322), (22.272363050294224, 16.500369715876147), (22.25364792138741, 16.516751799930407), (22.2348497966563, 16.53321688349213), (22.215968676524657, 16.549764966161487), (22.19700456141711, 16.566396047537797), (22.177957451759138, 16.583110127219538), (22.158827347977066, 16.599907204804325), (22.13961425049807, 16.616787279888932), (22.12031815975018, 16.633750352069274), (22.100939076162277, 16.65079642094042), (22.081477000164092, 16.667925486096582), (22.061931932186205, 16.685137547131127), (22.04230387266005, 16.702432603636566), (22.022592822017913, 16.719810655204565), (22.002798780692927, 16.737271701425932), (21.982921749119075, 16.754815741890628), (21.9629617277312, 16.77244277618776), (21.94291871696499, 16.79015280390559), (21.92279271725698, 16.80794582463152), (21.90258372904456, 16.825821837952105), (21.882291752765976, 16.843780843453054), (21.861916788860317, 16.861822840719213), (21.841458837767526, 16.879947829334593), (21.820917899928393, 16.89815580888234), (21.800293975784566, 16.916446778944756), (21.779587065778543, 16.93482073910329), (21.75879717035367, 16.953277688938538), (21.737924289954144, 16.97181762803025), (21.716968425025016, 16.99044055595732)]",True
1783881428.507607,0,22.561336784199042,16.295557174538555,0.8000000119215995,103.08196102111785,-0.4509760802199487,22.091601079605528,14.874905015048821,1.1200000047683727,101.60473884346062,0.3763482013041364,-0.4697357045935142,-1.420652159489734,0.31999999284677316,-1.4772221776572252,0.8273242815240851,"[(22.55388637216244, 16.272497779174977), (22.536539933995595, 16.287456014214), (22.51911048075937, 16.30249726770178), (22.501598012863738, 16.317621539252873), (22.484002530719522, 16.332828828480974), (22.466324034738403, 16.34811913499894), (22.44856252533291, 16.363492458418765), (22.43071800291642, 16.378948798351605), (22.41279046790317, 16.394488154407753), (22.394779920708245, 16.41011052619665), (22.376686361747577, 16.42581591332689), (22.358509791437953, 16.44160431540621), (22.340250210197013, 16.4574757320415), (22.32190761844325, 16.473430162838802), (22.30348201659601, 16.489467607403295), (22.284973405075483, 16.505588065339307), (22.266381784302716, 16.521791536250326), (22.24770715469961, 16.53807801973898), (22.22894951668891, 16.55444751540704), (22.21010887069422, 16.57090002285544), (22.19118521714, 16.587435541684247), (22.172178556451545, 16.604054071492687), (22.153088889055017, 16.620755611879126), (22.133916215377422, 16.637540162441088), (22.11466053584662, 16.654407722775233), (22.095321850891327, 16.67135829247738), (22.075900160941103, 16.68839187114249), (22.056395466426363, 16.70550845836467), (22.036807767778374, 16.722708053737186), (22.017137065429257, 16.73999065685244), (21.997383359811977, 16.757356267301994), (21.97754665136036, 16.774804884676545), (21.957626940509076, 16.79233650856595), (21.937624227693654, 16.809951138559207), (21.91753851335047, 16.827648774244466), (21.897369797916745, 16.845429415209022), (21.877118081830567, 16.863293061039325), (21.856783365530863, 16.881239711320966), (21.83636564945742, 16.899269365638688), (21.815864934050868, 16.91738202357638), (21.795281219752695, 16.935577684717078), (21.77461450700524, 16.953856348642972), (21.753864796251687, 16.972218014935397), (21.733032087936078, 16.99066268317484), (21.712116382503307, 17.00919035294093)]",True
1783881428.5442033,0,22.559083038387527,16.30323314475742,0.800000011921472,103.08196102111785,-0.4509760802199487,22.089174792110658,14.88583904133677,1.1200000047683725,101.60473884346062,0.3763482013041364,-0.46990824627686933,-1.4173941034206514,0.3199999928469005,-1.4772221776572252,0.8273242815240851,"[(22.551727508851556, 16.280167227493727), (22.534396003159554, 16.2950987420611), (22.51698147648713, 16.310113281005542), (22.4994839292442, 16.32521084394179), (22.481903361841542, 16.340391430483724), (22.464239774690782, 16.355655040244375), (22.44649316820439, 16.371001672835927), (22.428663542795697, 16.386431327869705), (22.410750898878884, 16.401944004956185), (22.392755236868982, 16.417539703704985), (22.37467655718188, 16.433218423724878), (22.356514860234302, 16.448980164623784), (22.338270146443847, 16.464824926008767), (22.319942416228958, 16.480752707486044), (22.301531670008924, 16.496763508660973), (22.283037908203887, 16.512857329138065), (22.264461131234846, 16.52903416852098), (22.24580133952365, 16.54529402641252), (22.227058533492997, 16.561636902414644), (22.208232713566442, 16.57806279612845), (22.189323880168388, 16.594571707154188), (22.170332033724094, 16.611163635091255), (22.151257174659666, 16.6278385795382), (22.13209930340206, 16.644596540092707), (22.112858420379094, 16.661437516351622), (22.093534526019432, 16.67836150791094), (22.07412762075259, 16.695368514365786), (22.05463770500894, 16.712458535310457), (22.035064779219695, 16.729631570338377), (22.015408843816928, 16.746887619042134), (21.995669899233565, 16.764226681013454), (21.975847945903382, 16.781648755843214), (21.955942984261004, 16.79915384312144), (21.935955014741914, 16.816741942437304), (21.91588403778244, 16.834413053379127), (21.89573005381977, 16.852167175534372), (21.875493063291934, 16.870004308489666), (21.85517306663782, 16.88792445183077), (21.83477006429717, 16.905927605142594), (21.814284056710573, 16.924013768009203), (21.793715044319473, 16.942182940013808), (21.77306302756616, 16.96043512073876), (21.752328006893784, 16.97877030976557), (21.73150998274634, 16.99718850667489), (21.710608955568677, 17.015689711046516)]",True
1783881428.6624858,0,22.556802836165502,16.310901295184046,0.8000000119213687,103.08196102111785,-0.4509760802199487,22.08676050419587,14.896775726117093,1.1200000047683722,101.60473884346062,0.3763482013041364,-0.4700423319696334,-1.414125569066952,0.31999999284700353,-1.4772221776572252,0.8273242815240851,"[(22.549564720971798, 16.287838061847534), (22.53224673634656, 16.302744743463492), (22.514845723777967, 16.317734456436146), (22.497361683675912, 16.332807200380376), (22.47979461645115, 16.347962974910214), (22.462144522515278, 16.363201779638835), (22.444411402280753, 16.37852361417857), (22.426595256160876, 16.393928478140882), (22.40869608456981, 16.409416371136395), (22.39071388792257, 16.424987292774876), (22.37264866663501, 16.44064124266524), (22.354500421123852, 16.45637822041555), (22.33626915180666, 16.472198225633015), (22.317954859101857, 16.48810125792399), (22.299557543428715, 16.504087316893987), (22.281077205207364, 16.52015640214765), (22.262513844858773, 16.536308513288784), (22.24386746280478, 16.552543649920338), (22.22513805946806, 16.568861811644403), (22.206325635272144, 16.585262998062223), (22.18743019064143, 16.601747208774192), (22.168451726001145, 16.618314443379845), (22.14939024177739, 16.63496470147787), (22.130245738397104, 16.6516979826661), (22.111018216288084, 16.668514286541516), (22.091707675878975, 16.68541361270025), (22.07231411759928, 16.70239596073757), (22.052837541879345, 16.719461330247906), (22.03327794915038, 16.736609720824827), (22.013635339844445, 16.753841132061055), (21.993909714394444, 16.771155563548458), (21.974101073234138, 16.788553014878048), (21.95420941679814, 16.806033485639986), (21.934234745521916, 16.823596975423584), (21.91417705984179, 16.841243483817298), (21.894036360194924, 16.858973010408736), (21.873812647019342, 16.87678555478465), (21.85350592075392, 16.894681116530943), (21.83311618183839, 16.912659695232662), (21.81264343071332, 16.930721290474), (21.79208766782014, 16.948865901838307), (21.771448893601143, 16.967093528908073), (21.750727108499458, 16.985404171264936), (21.729922312959072, 17.003797828489684), (21.709034507424825, 17.022274500162254)]",True
1783881428.7052693,0,22.533360537639403,16.387386869776964,0.8000000119209824,103.08196102111785,-0.4509760802199487,22.05964380517466,15.005419053331453,1.120000004768372,101.60473884346062,0.3763482013041364,-0.47371673246474444,-1.3819678164455116,0.31999999284738967,-1.4772221776572252,0.8273242815240851,"[(22.53848724283822, 16.32614799696114), (22.521205997003666, 16.340950897634862), (22.503841688328688, 16.355836864660674), (22.48639431722338, 16.37080589765399), (22.468863884098678, 16.385857996229376), (22.451250389366383, 16.40099316000054), (22.433553833439138, 16.416211388580326), (22.415774216730455, 16.43151268158074), (22.397911539654682, 16.446897038612928), (22.37996580262704, 16.462364459287176), (22.36193700606359, 16.477914943212923), (22.343825150381253, 16.49354848999875), (22.3256302359978, 16.50926509925239), (22.307352263331858, 16.525064770580716), (22.28899123280291, 16.54094750358975), (22.27054714483129, 16.556913297884655), (22.252019999838186, 16.57296215306975), (22.233409798245642, 16.58909406874849), (22.214716540476555, 16.605309044523484), (22.195940226954672, 16.62160707999648), (22.1770808581046, 16.637988174768374), (22.158138434351795, 16.654452328439213), (22.139112956122567, 16.670999540608182), (22.120004423844083, 16.68762981087362), (22.100812837944364, 16.704343138833007), (22.081538198852282, 16.721139524082975), (22.062180506997567, 16.738018966219293), (22.042739762810793, 16.754981464836884), (22.0232159667234, 16.77202701952981), (22.003609119167674, 16.789155629891283), (21.983919220576755, 16.806367295513667), (21.964146271384642, 16.82366201598846), (21.944290272026183, 16.84103979090632), (21.92435122293708, 16.858500619857036), (21.90432912455389, 16.876044502429554), (21.884223977314026, 16.893671438211964), (21.864035781655748, 16.9113814267915), (21.843764538018178, 16.929174467754542), (21.823410246841288, 16.94705056068662), (21.8029729085659, 16.965009705172406), (21.782452523633694, 16.983051900795722), (21.761849092487207, 17.001177147139533), (21.74116261556982, 17.01938544378595), (21.720393093325775, 17.037676790316233), (21.69954052620017, 17.056051186310786)]",True
1783881428.7437532,0,22.519302448569185,16.43328145908534,0.800000011920944,103.08196102111785,-0.4509760802199487,22.04141155080066,15.070097160466531,1.120000004768372,101.60473884346062,0.3763482013041364,-0.4778908977685248,-1.3631842986188083,0.31999999284742797,-1.4772221776572252,0.8273242815240851,"[(22.531636428023898, 16.349094298884793), (22.514359217663692, 16.36384789787793), (22.496998928916373, 16.3786845788356), (22.479555562192242, 16.393604341373486), (22.462029117902464, 16.40860718510641), (22.444419596459056, 16.42369310964834), (22.426726998274887, 16.43886211461239), (22.40895132376368, 16.454114199610828), (22.391092573340018, 16.469449364255052), (22.37315074741933, 16.48486760815561), (22.355125846417913, 16.500368930922203), (22.337017870752902, 16.515953332163676), (22.3188268208423, 16.531620811488008), (22.30055269710496, 16.547371368502333), (22.282195499960586, 16.56320500281293), (22.263755229829744, 16.579121714025217), (22.245231887133844, 16.595121501743765), (22.22662547229516, 16.611204365572284), (22.207935985736817, 16.627370305113637), (22.189163427882796, 16.643619319969826), (22.170307799157932, 16.659951409742), (22.15136909998791, 16.676366574030453), (22.13234733079928, 16.692864812434625), (22.113242492019435, 16.7094461245531), (22.094054584076627, 16.72611050998361), (22.074783607399965, 16.74285796832303), (22.05542956241941, 16.759688499167385), (22.035992449565775, 16.776602102111838), (22.016472269270732, 16.793598776750702), (21.99686902196681, 16.81067852267744), (21.977182708087383, 16.827841339484642), (21.95741332806669, 16.845087226764072), (21.937560882339813, 16.862416184106614), (21.917625371342698, 16.87982821110231), (21.897606795512143, 16.897323307340347), (21.8775051552858, 16.914901472409053), (21.85732045110217, 16.9325627058959), (21.837052683400614, 16.95030700738752), (21.81670185262135, 16.96813437646967), (21.796267959205448, 16.986044812727265), (21.775751003594827, 17.004038315744364), (21.75515098623227, 17.022114885104166), (21.734467907561406, 17.040274520389026), (21.71370176802672, 17.058517221180438), (21.692852568073555, 17.076842987059038)]",True
1783881428.7870698,0,22.51023725553173,16.463970303964118,0.8000000119209354,103.08196102111785,-0.4509760802199487,22.028308664681447,15.112937643449198,1.120000004768372,101.60473884346062,0.3763482013041364,-0.48192859085028417,-1.3510326605149192,0.31999999284743663,-1.4772221776572252,0.8273242815240851,"[(22.527041936168832, 16.36438984691078), (22.509765187644952, 16.379115559100388), (22.49240535085625, 16.39392436317216), (22.47496242621319, 16.408816258741904), (22.457436414127095, 16.423791245424578), (22.43982731501014, 16.43884932283428), (22.422135129275365, 16.453990490584253), (22.40435985733665, 16.469214748286895), (22.386501499608745, 16.484522095553736), (22.368560056507246, 16.499912531995452), (22.350535528448603, 16.515386057221875), (22.332427915850126, 16.53094267084197), (22.314237219129975, 16.546582372463853), (22.295963438707176, 16.562305161694784), (22.2776065750016, 16.578111038141166), (22.25916662843397, 16.594000001408546), (22.240643599425873, 16.609972051101618), (22.222037488399746, 16.62602718682422), (22.20334829577888, 16.64216540817934), (22.184576021987425, 16.658386714769108), (22.165720667450383, 16.67469110619479), (22.146782232593615, 16.691078582056804), (22.127760717843834, 16.707549141954722), (22.108656123628606, 16.724102785487243), (22.08946845037635, 16.74073951225223), (22.07019769851635, 16.757459321846675), (22.050843868478736, 16.77426221386672), (22.031406960694497, 16.791148187907652), (22.011886975595473, 16.808117243563906), (21.992283913614365, 16.82516938042906), (21.972597775184724, 16.84230459809584), (21.952828560740958, 16.85952289615611), (21.932976270718328, 16.876824274200885), (21.913040905552954, 16.89420873182032), (21.893022465681803, 16.91167626860372), (21.872920951542707, 16.929226884139535), (21.85273636357434, 16.94686057801535), (21.832468702216246, 16.96457734981791), (21.812117967908815, 16.9823771991331), (21.79168416109329, 17.000260125545942), (21.771167282211778, 17.018226128640613), (21.75056733170723, 17.03627520800043), (21.72988431002346, 17.054407363207854), (21.70911821760513, 17.072622593844496), (21.688269054897763, 17.09092089949111)]",True
1783881428.9476726,0,22.503230388844422,16.486924638989223,0.8000000119209324,103.08196102111785,-0.4509760802199487,21.98932976661441,15.241558830237192,1.120000004768372,101.60473884346062,0.3763482013041364,-0.5139006222300111,-1.2453658087520303,0.31999999284743963,-1.4772221776572252,0.8273242815240851,"[(22.51278770443894, 16.409582485521746), (22.495418851525812, 16.424335018191147), (22.47796659783608, 16.43917095537381), (22.46043094378566, 16.454090296681066), (22.44281188979133, 16.469093041723376), (22.425109436270738, 16.48417919011034), (22.407323583642405, 16.499348741450685), (22.389454332325716, 16.514601695352273), (22.371501682740917, 16.529938051422093), (22.35346563530913, 16.545357809266275), (22.33534619045235, 16.560860968490072), (22.31714334859342, 16.576447528697877), (22.298857110156067, 16.59211748949321), (22.280487475564883, 16.60787085047872), (22.262034445245323, 16.623707611256197), (22.243498019623715, 16.63962777142656), (22.22487819912725, 16.655631330589863), (22.20617498418399, 16.671718288345286), (22.18738837522286, 16.687888644291142), (22.168518372673656, 16.70414239802488), (22.149564976967042, 16.720479549143086), (22.13052818853455, 16.736900097241467), (22.111408007808578, 16.753404041914866), (22.092204435222392, 16.769991382757265), (22.072917471210122, 16.78666211936177), (22.053547116206772, 16.803416251320627), (22.034093370648208, 16.820253778225208), (22.014556234971167, 16.837174699666015), (21.99493570961325, 16.854179015232692), (21.975231795012935, 16.87126672451401), (21.95544449160955, 16.88843782709787), (21.935573799843308, 16.905692322571316), (21.91561972015528, 16.923030210520505), (21.895582252987406, 16.940451490530748), (21.875461398782495, 16.95795616218647), (21.855257157984223, 16.975544225071243), (21.83496953103713, 16.99321567876776), (21.81459851838663, 17.01097052285786), (21.794144120479004, 17.028808756922498), (21.77360633776139, 17.04673038054177), (21.752985170681804, 17.06473539329491), (21.732280619689124, 17.082823794760277), (21.7114926852331, 17.10099558451536), (21.690621367764344, 17.119250762136787), (21.66966666773434, 17.137589327200313)]",True
1783881429.0453918,0,22.480351468345475,16.56357697996014,0.8000000119209294,103.08196102111785,-0.4509760802199487,21.986191577636166,15.252310183219551,1.120000004768372,101.60473884346062,0.3763482013041364,-0.49415989070930877,-1.311266796740588,0.3199999928474426,-1.4772221776572252,0.8273242815240851,"[(22.500672564055783, 16.44880504240858), (22.482725643244866, 16.465088715102535), (22.46469512969761, 16.481455982916493), (22.446581023838366, 16.497906845443524), (22.428383326092366, 16.51444130227582), (22.4101020368857, 16.531059353004697), (22.391737156645352, 16.547760997220603), (22.373288685799167, 16.564546234513106), (22.354756624775874, 16.581415064470896), (22.33614097400507, 16.5983674866818), (22.317441733917224, 16.615403500732757), (22.298658904943693, 16.632523106209845), (22.279792487516694, 16.649726302698255), (22.260842482069325, 16.66701308978231), (22.241808889035557, 16.684383467045453), (22.222691708850242, 16.70183743407026), (22.203490941949095, 16.71937499043843), (22.184206588768713, 16.73699613573078), (22.164838649746567, 16.754700869527266), (22.145387125321, 16.772489191406954), (22.125852015931233, 16.79036110094805), (22.10623332201736, 16.808316597727877), (22.086531044020347, 16.82635568132288), (22.066745182382036, 16.844478351308638), (22.046875737545147, 16.86268460725985), (22.02692270995327, 16.880974448750344), (22.00688610005087, 16.899347875353072), (21.986765908283292, 16.91780488664011), (21.966562135096748, 16.93634548218266), (21.946274780938325, 16.954969661551054), (21.925903846255988, 16.97367742431474), (21.905449331498577, 16.9924687700423), (21.8849112371158, 17.01134369830144), (21.864289563558252, 17.03030220865899), (21.84358431127739, 17.049344300680907), (21.822795480725546, 17.06846997393227), (21.801923072355933, 17.087679227977286), (21.780967086622642, 17.10697206237929), (21.759927523980625, 17.12634847670073), (21.738804384885718, 17.145808470503198), (21.71759766979463, 17.1653520433474), (21.696307379164935, 17.184979194793176), (21.674933513455098, 17.204689924399478), (21.653476073124448, 17.224484231724396), (21.63193505863319, 17.24436211632514)]",True
1783881429.0932891,0,22.46379056453799,16.62539675088055,0.8000000119209292,103.7915221404515,-0.4437589191995442,21.961626336261105,15.338778283326965,1.1780110004603868,101.60473884346062,0.3763482013041364,-0.5021642282768859,-1.2866184675535859,0.3780109885394576,-2.186783296990882,0.8201071205036805,"[(22.482244289724836, 16.51054677511307), (22.464687032638427, 16.52596834574674), (22.44704672850666, 16.541472966452574), (22.42932337774247, 16.557060636839605), (22.411516980759657, 16.57273135651602), (22.393627537972872, 16.58848512508914), (22.375655049797615, 16.604321942165445), (22.35759951665025, 16.620241807350553), (22.339460938947983, 16.63624472024923), (22.32123931710888, 16.652330680465386), (22.30293465155186, 16.668499687602086), (22.28454694269669, 16.68475174126153), (22.266076190964004, 16.70108684104507), (22.247522396775278, 16.717504986553195), (22.228885560552843, 16.73400617738556), (22.21016568271989, 16.750590413140948), (22.19136276370046, 16.767257693417296), (22.17247680391945, 16.784008017811686), (22.153507803802604, 16.800841385920346), (22.13445576377653, 16.81775779733865), (22.115320684268678, 16.83475725166112), (22.09610256570736, 16.85183974848142), (22.076801408521735, 16.869005287392362), (22.057417213141825, 16.886253867985907), (22.0379499799985, 16.903585489853157), (22.018399709523482, 16.92100015258437), (21.99876640214935, 16.93849785576894), (21.979050058309536, 16.95607859899541), (21.959250678438323, 16.973742381851473), (21.93936826297085, 16.991489203923962), (21.91940281234311, 17.009319064798863), (21.899354326991954, 17.027231964061304), (21.879222807355074, 17.045227901295565), (21.859008253871025, 17.06330687608506), (21.838710666979217, 17.081468888012363), (21.818330047119908, 17.099713936659185), (21.797866394734207, 17.118042021606392), (21.777319710264088, 17.136453142433986), (21.75668999415237, 17.15494729872112), (21.73597724684273, 17.173524490046095), (21.71518146877969, 17.192184715986357), (21.69430266040864, 17.210927976118505), (21.673340822175806, 17.22975427001827), (21.65229595452828, 17.24866359726054), (21.631168057914007, 17.267655957419343)]",True
1783881429.1415524,0,22.453411181339504,16.664025126624463,0.8000000119209292,103.7915221404515,-0.4437589191995442,21.945764431933362,15.39435753296927,1.1402022287521707,101.60473884346062,0.3763482013041364,-0.5076467494061419,-1.2696675936551927,0.3402022168312415,-2.186783296990882,0.8201071205036805,"[(22.448404973782228, 16.628671397433642), (22.430075649896, 16.646730995157046), (22.411663425845585, 16.66487349342515), (22.39316830204921, 16.683098891822482), (22.37459027892595, 16.701407189932727), (22.355929356895732, 16.719798387338713), (22.337185536379323, 16.73827248362243), (22.318358817798345, 16.756829478365024), (22.299449201575253, 16.77546937114678), (22.280456688133366, 16.794192161547155), (22.261381277896838, 16.812997849144747), (22.242222971290673, 16.8318864335173), (22.222981768740723, 16.850857914241733), (22.20365767067369, 16.8699122908941), (22.18425067751711, 16.889049563049618), (22.164760789699383, 16.90826973028265), (22.145188007649743, 16.927572792166718), (22.125532331798276, 16.946958748274493), (22.105793762575914, 16.966427598177802), (22.085972300414436, 16.98597934144762), (22.066067945746468, 17.005613977654086), (22.046080699005483, 17.02533150636648), (22.026010560625803, 17.045131927153246), (22.005857531042587, 17.06501523958197), (21.985621610691854, 17.0849814432194), (21.965302800010463, 17.10503053763144), (21.944901099436116, 17.12516252238313), (21.92441650940737, 17.145377397038683), (21.90384903036362, 17.165675161161456), (21.883198662745116, 17.18605581431396), (21.86246540699295, 17.20651935605786), (21.841649263549062, 17.227065785953975), (21.82075023285624, 17.247695103562272), (21.799768315358115, 17.26840730844188), (21.778703511499167, 17.289202400151076), (21.757555821724722, 17.310080378247292), (21.736325246480956, 17.33104124228711), (21.715011786214887, 17.35208499182627), (21.69361544137438, 17.373211626419664), (21.67213621240815, 17.394421145621333), (21.65057409976576, 17.41571354898448), (21.628929103897608, 17.437088836061452), (21.607201225254954, 17.45854700640376), (21.585390464289894, 17.480088059562053), (21.563496821455377, 17.50171199508615)]",True
1783881429.1991618,0,22.44426500613578,16.694689211317172,0.8000000119209292,103.7915221404515,-0.4437589191995442,21.933971539204144,15.438144789514098,1.128687813910979,101.60473884346062,0.3763482013041364,-0.5102934669316355,-1.2565444218030741,0.3286878019900499,-2.186783296990882,0.8201071205036805,"[(22.436713191534253, 16.673773049684243), (22.418927279457545, 16.690593013055224), (22.40105834352939, 16.70749600164549), (22.38310638416462, 16.72448201505014), (22.365071401778923, 16.741551052863414), (22.34695339678884, 16.758703114678703), (22.32875236961176, 16.775938200088543), (22.310468320665926, 16.79325630868462), (22.292101250370436, 16.810657440057764), (22.273651159145242, 16.828141593797955), (22.255118047411145, 16.845708769494326), (22.2365019155898, 16.86335896673514), (22.217802764103713, 16.881092185107832), (22.199020593376243, 16.89890842419896), (22.180155403831606, 16.916807683594246), (22.16120719589486, 16.934789962878554), (22.14217596999193, 16.952855261635893), (22.12306172654958, 16.971003579449427), (22.103864465995432, 16.989234915901456), (22.084584188757965, 17.00754927057344), (22.065220895266503, 17.025946643045977), (22.04577458595123, 17.044427032898817), (22.02624526124317, 17.062990439710855), (22.00663292157421, 17.081636863060137), (21.986937567377094, 17.10036630252385), (21.967159199085405, 17.119178757678334), (21.947297817133585, 17.13807422809908), (21.927353421956933, 17.157052713360716), (21.907326013991593, 17.176114213037028), (21.887215593674565, 17.195258726700942), (21.867022161443703, 17.214486253924534), (21.846745717737708, 17.233796794279026), (21.826386262996134, 17.253190347334797), (21.8059437976594, 17.27266691266136), (21.785418322168752, 17.292226489827385), (21.764809836966318, 17.311869078400683), (21.74411834249506, 17.331594677948218), (21.723343839198794, 17.3514032880361), (21.70248632752219, 17.37129490822958), (21.681545807910776, 17.391269538093066), (21.660522280810923, 17.41132717719011), (21.63941574666986, 17.431467825083416), (21.61822620593567, 17.451691481334827), (21.59695365905728, 17.47199814550534), (21.575598106484485, 17.49238781715509)]",True
1783881429.2394025,0,22.43949273333019,16.70996091122,0.8000000119209292,103.7915221404515,-0.4437589191995442,21.928083382328996,15.45990446229927,1.1256972618441865,101.60473884346062,0.3763482013041364,-0.5114093510011948,-1.2500564489207306,0.3256972499232573,-2.186783296990882,0.8201071205036805,"[(22.430235559386347, 16.696346136296842), (22.41259631874037, 16.71271680208483), (22.39487399303444, 16.72917055473211), (22.37706858268287, 16.745707393837453), (22.35918008810082, 16.76232731899876), (22.341208509704312, 16.779030329813086), (22.323153847910216, 16.795816425876627), (22.30501610313626, 16.812685606784722), (22.286795275801033, 16.829637872131865), (22.26849136632397, 16.846673221511683), (22.250104375125368, 16.863791654516948), (22.231634302626375, 16.880993170739586), (22.213081149249, 16.898277769770658), (22.1944449154161, 16.91564545120038), (22.17572560155139, 16.933096214618104), (22.156923208079444, 16.95063005961233), (22.138037735425687, 16.9682469857707), (22.119069184016396, 16.985946992680006), (22.10001755427871, 17.003730079926182), (22.080882846640623, 17.02159624709431), (22.061665061530977, 17.039545493768603), (22.042364199379474, 17.05757781953244), (22.02298026061667, 17.07569322396833), (22.003513245673982, 17.09389170665793), (21.983963154983673, 17.112173267182047), (21.964329988978864, 17.130537905120626), (21.944613748093534, 17.14898562005276), (21.924814432762517, 17.167516411556687), (21.9049320434215, 17.186130279209785), (21.884966580507022, 17.204827222588587), (21.864918044456484, 17.223607241268763), (21.844786435708137, 17.24247033482513), (21.82457175470109, 17.261416502831647), (21.804274001875303, 17.28044574486142), (21.783893177671597, 17.299558060486707), (21.763429282531643, 17.318753449278898), (21.74288231689797, 17.33803191080854), (21.722252281213958, 17.35739344464531), (21.70153917592385, 17.37683805035805), (21.680743001472734, 17.396365727514727), (21.65986375830656, 17.415976475682466), (21.638901446872133, 17.43567029442753), (21.617856067617108, 17.455447183315336), (21.596727620990002, 17.475307141910438), (21.575516107440176, 17.495250169776533)]",True
1783881429.2852361,0,22.424907447347817,16.755691155772684,0.8000000119209292,103.7915221404515,-0.4437589191995442,21.91134693940695,15.525182979077364,1.1216066961016602,101.60473884346062,0.3763482013041364,-0.5135605079408663,-1.23050817669532,0.321606684180731,-2.186783296990882,0.8201071205036805,"[(22.416123654628105, 16.741453621960105), (22.39862088263119, 16.757160416498852), (22.381034941923087, 16.772950382302025), (22.363365832918056, 16.788823518973935), (22.34561355603121, 16.80477982611804), (22.32777811167852, 16.820819303336926), (22.30985950027682, 16.836941950232333), (22.291857722243797, 16.853147766405133), (22.273772777998005, 16.869436751455343), (22.255604667958846, 16.88580890498212), (22.23735339254659, 16.90226422658376), (22.21901895218237, 16.918802715857705), (22.200601347288163, 16.935424372400533), (22.182100578286814, 16.952129195807963), (22.163516645602023, 16.96891718567486), (22.144849549658357, 16.98578834159523), (22.126099290881232, 17.002742663162216), (22.107265869696928, 17.019780149968103), (22.088349286532587, 17.036900801604315), (22.069349541816205, 17.05410461766142), (22.050266635976634, 17.07139159772913), (22.03110056944359, 17.088761741396294), (22.011851342647645, 17.106215048250903), (21.992518956020234, 17.123751517880088), (21.973103409993648, 17.141371149870125), (21.953604705001034, 17.159073943806423), (21.9340228414764, 17.17685989927354), (21.914357819854615, 17.194729015855177), (21.894609640571407, 17.212681293134168), (21.874778304063355, 17.230716730692492), (21.854863810767906, 17.248835328111273), (21.834866161123358, 17.267037084970767), (21.81478535556888, 17.28532200085038), (21.794621394544485, 17.303690075328653), (21.774374278491052, 17.322141307983273), (21.754044007850318, 17.340675698391067), (21.733630583064883, 17.359293246128), (21.7131340045782, 17.377993950769184), (21.69255427283458, 17.396777811888867), (21.671891388279196, 17.415644829060437), (21.651145351358075, 17.43459500185643), (21.63031616251811, 17.45362832984852), (21.609403822207046, 17.47274481260752), (21.588408330873488, 17.491944449703386), (21.567329688966907, 17.511227240705214)]",True
1783881429.3351653,0,22.41031817712652,16.801418616731734,0.8000000119209292,103.7915221404515,-0.4437589191995442,21.8956630503568,15.590580821441204,1.120453110009387,101.60473884346062,0.3763482013041364,-0.5146551267697212,-1.21083779529053,0.3204530980884579,-2.186783296990882,0.8201071205036805,"[(22.401488359909848, 16.786675616142205), (22.384037300294835, 16.80194793343926), (22.366503015686103, 16.817303478832297), (22.348885506498302, 16.832742251929254), (22.331184773146937, 16.848264252337188), (22.313400816048375, 16.863869479662306), (22.295533635619844, 16.87955793350995), (22.277583232279436, 16.895329613484606), (22.259549606446107, 16.91118451918989), (22.241432758539666, 16.927122650228565), (22.22323268898079, 16.943144006202527), (22.204949398191015, 16.959248586712807), (22.18658288659274, 16.975436391359583), (22.16813315460922, 16.991707419742166), (22.14960020266458, 17.00806167145901), (22.130984031183804, 17.0244991461077), (22.11228464059273, 17.04101984328497), (22.093502031318064, 17.057623762586687), (22.074636203787374, 17.074310903607852), (22.055687158429087, 17.09108126594261), (22.036654895672488, 17.107934849184243), (22.017539415947727, 17.124871652925176), (21.99834071968582, 17.141891676756966), (21.979058807318637, 17.15899492027031), (21.95969367927891, 17.17618138305505), (21.94024533600024, 17.19345106470016), (21.920713777917072, 17.21080396479375), (21.901099005464733, 17.22824008292308), (21.8814010190794, 17.245759418674538), (21.861619819198115, 17.263361971633653), (21.841755406258773, 17.2810477413851), (21.82180778070014, 17.298816727512676), (21.80177694296184, 17.316668929599338), (21.78166289348436, 17.334604347227163), (21.761465632709044, 17.35262297997738), (21.7411851610781, 17.370724827430347), (21.720821479034594, 17.388909889165568), (21.70037458702246, 17.40717816476168), (21.679844485486484, 17.425529653796467), (21.659231174872325, 17.44396435584684), (21.63853465562649, 17.46248227048886), (21.61775492819636, 17.481083397297716), (21.596891993030162, 17.499767735847744), (21.575945850577, 17.518535285712417), (21.55491650128683, 17.53738604646435)]",True
1783881429.3861716,0,22.39678826624339,16.847471967587374,0.8000000119209292,103.7915221404515,-0.4437589191995442,21.87956746558156,15.655838777512745,1.1201277856029241,101.60473884346062,0.3763482013041364,-0.517220800661832,-1.1916331900746293,0.32012777368199496,-2.186783296990882,0.8201071205036805,"[(22.38957351476131, 16.824583649469073), (22.372168349513114, 16.839619176989295), (22.354679929408263, 16.854737962743286), (22.337108254861448, 16.869940006340936), (22.31945332628822, 16.88522530739128), (22.30171514410499, 16.900593865502486), (22.283893708729035, 16.916045680281858), (22.265989020578495, 16.931580751335837), (22.24800108007237, 16.947199078270003), (22.229929887630526, 16.962900660689076), (22.211775443673687, 16.978685498196903), (22.19353774862345, 16.994553590396478), (22.17521680290226, 17.010504936889927), (22.156812606933435, 17.026539537278516), (22.138325161141154, 17.042657391162646), (22.119754465950457, 17.05885849814186), (22.10110052178725, 17.07514285781483), (22.08236332907829, 17.09151046977937), (22.06354288825122, 17.10796133363243), (22.044639199734522, 17.1244954489701), (22.025652263957554, 17.141112815387604), (22.006582081350533, 17.157813432479305), (21.98742865234454, 17.1745972998387), (21.968191977371518, 17.19146441705843), (21.94887205686427, 17.208414783730266), (21.92946889125647, 17.22544839944512), (21.909982480982638, 17.242565263793043), (21.890412826478173, 17.259765376363216), (21.870759928179332, 17.277048736743964), (21.851023786523232, 17.294415344522744), (21.831204401947854, 17.311865199286157), (21.81130177489204, 17.329398300619935), (21.7913159057955, 17.34701464810895), (21.7712467950988, 17.364714241337214), (21.751094443243375, 17.382497079887873), (21.730858850671513, 17.400363163343208), (21.710540017826375, 17.41831249128464), (21.690137945151978, 17.43634506329273), (21.66965263309321, 17.454460878947174), (21.64908408209581, 17.4726599378268), (21.628432292606387, 17.490942239509586), (21.60769726507241, 17.509307783572634), (21.58687899994221, 17.52775656959219), (21.565977497664985, 17.546288597143633), (21.54499275869079, 17.56490386580149)]",True
1783881429.4368308,0,22.39040162474907,16.870606461936774,0.8000000119209292,103.7915221404515,-0.4437589191995442,21.874445307428605,15.67764740379573,1.1200838003780424,101.60473884346062,0.3763482013041364,-0.515956317320466,-1.192959058141044,0.32008378845711327,-2.186783296990882,0.8201071205036805,"[(22.3850766182769, 16.839854027979907), (22.36770191895783, 16.854820934993825), (22.35024395104344, 16.869871114035934), (22.332702714948322, 16.885004564716624), (22.315078211087954, 16.90022128664541), (22.297370439878666, 16.915521279430962), (22.27957940173765, 16.93090454268107), (22.261705097082967, 16.94637107600267), (22.24374752633354, 16.961920879001827), (22.225706689909153, 16.97755395128375), (22.20758258823045, 16.993270292452777), (22.189375221718954, 17.00906990211239), (22.17108459079703, 17.024952779865203), (22.15271069588792, 17.04091892531297), (22.134253537415724, 17.05696833805657), (22.11571311580541, 17.07310101769604), (22.097089431482804, 17.08931696383053), (22.0783824848746, 17.105616176058344), (22.059592276408353, 17.121998653976917), (22.04071880651248, 17.138464397182815), (22.021762075616262, 17.15501340527175), (22.00272208414985, 17.171645677838562), (21.98359883254425, 17.188361214477233), (21.964392321231333, 17.205160014780883), (21.94510255064383, 17.22204207834176), (21.92572952121535, 17.239007404751263), (21.906273233380347, 17.256055993599908), (21.88673368757415, 17.273187844477366), (21.867110884232943, 17.290402956972432), (21.84740482379378, 17.307701330673048), (21.82761550669458, 17.325082965166285), (21.807742933374115, 17.342547860038348), (21.78778710427203, 17.360096014874593), (21.76774801982883, 17.377727429259494), (21.74762568048588, 17.395442102776673), (21.727420086685413, 17.41324003500889), (21.70713123887052, 17.431121225538035), (21.686759137485165, 17.44908567394514), (21.666303782974165, 17.467133379810374), (21.6457651757832, 17.485264342713037), (21.625143316358827, 17.503478562231567), (21.604438205148444, 17.521776037943546), (21.583649842600334, 17.540156769425682), (21.56277822916363, 17.558620756253827), (21.541823365288334, 17.577167998002974)]",True
1783881429.5072508,0,22.38608910946192,16.88601410665234,0.8000000119209292,103.7915221404515,-0.4437589191995442,21.86907608226594,15.699395559232078,1.120054955921451,101.60473884346062,0.3763482013041364,-0.5170130271959792,-1.1866185474202613,0.3200549440005218,-2.186783296990882,0.8201071205036805,"[(22.378411393136908, 16.86280417323382), (22.361079781024383, 16.87768675969803), (22.34366488079918, 16.892652637768556), (22.326166692875788, 16.907701807056355), (22.308585217669552, 16.922834267171513), (22.290920455596694, 16.938050017723253), (22.27317240707429, 16.953349058319933), (22.255341072520288, 16.968731388569047), (22.237426452353493, 16.984197008077224), (22.21942854699358, 16.99974591645023), (22.20134735686109, 17.015378113292964), (22.183182882377423, 17.03109359820947), (22.164935123964845, 17.046892370802915), (22.146604082046487, 17.062774430675606), (22.128189757046343, 17.078739777428986), (22.10969214938927, 17.094788410663636), (22.091111259500998, 17.11092032997927), (22.072447087808108, 17.127135534974737), (22.053699634738052, 17.143434025248027), (22.034868900719147, 17.159815800396256), (22.015954886180573, 17.176280860015687), (21.996957591552377, 17.192829203701713), (21.977877017265463, 17.209460831048858), (21.958713163751607, 17.22617574165079), (21.939466031443445, 17.24297393510031), (21.920135620774477, 17.259855410989353), (21.90072193217907, 17.276820168908987), (21.881224966092454, 17.29386820844942), (21.861644722950718, 17.3109995292), (21.841981203190823, 17.328214130749203), (21.822234407250594, 17.345512012684644), (21.802404335568713, 17.36289317459307), (21.78249098858473, 17.38035761606037), (21.762494366739062, 17.397905336671563), (21.742414470472987, 17.41553633601081), (21.722251300228645, 17.433250613661404), (21.702004856449047, 17.45104816920577), (21.68167513957806, 17.468929002225472), (21.661262150060423, 17.486893112301217), (21.64076588834173, 17.50494049901284), (21.620186354868444, 17.523071161939306), (21.5995235500879, 17.54128510065873), (21.57877747444828, 17.559582314748358), (21.557948128398642, 17.577962803784565), (21.537035512388908, 17.596426567342867)]",True
1783881429.5399392,0,22.3838253499057,16.89368710914626,0.8000000119209292,103.7915221404515,-0.4437589191995442,21.86631199780045,15.710249626090548,1.1200445042121352,101.60473884346062,0.3763482013041364,-0.5175133521052473,-1.1834374830557124,0.320044492291206,-2.186783296990882,0.8201071205036805,"[(22.37627500288326, 16.87048306817189), (22.358961669241896, 16.885342766909982), (22.341565042960774, 16.900285761788556), (22.324085124454275, 16.915312052418724), (22.30652191413764, 16.930421638410735), (22.288875412426982, 16.94561451937397), (22.271145619739276, 16.960890694916948), (22.253332536492355, 16.976250164647325), (22.235436163104925, 16.99169292817189), (22.21745649999655, 17.007218985096568), (22.19939354758767, 17.022828335026418), (22.18124730629957, 17.038520977565636), (22.163017776554415, 17.05429691231755), (22.144704958775236, 17.07015613888463), (22.126308853385915, 17.086098656868476), (22.107829460811207, 17.10212446586982), (22.08926678147673, 17.11823356548854), (22.070620815808972, 17.134425955323643), (22.051891564235277, 17.15070163497327), (22.03307902718386, 17.167060604034702), (22.014183205083793, 17.18350286210435), (21.995204098365015, 17.20002840877777), (21.976141707458336, 17.21663724364964), (21.956996032795423, 17.233329366313782), (21.93776707480881, 17.250104776363155), (21.9184548339319, 17.26696347338985), (21.89905931059895, 17.283905456985092), (21.87958050524509, 17.300930726739246), (21.860018418306314, 17.318039282241806), (21.840373050219473, 17.335231123081407), (21.82064440142229, 17.352506248845817), (21.80083247235335, 17.369864659121944), (21.780937263452103, 17.387306353495827), (21.76095877515886, 17.40483133155264), (21.740897007914796, 17.422439592876692), (21.72075196216196, 17.440131137051434), (21.700523638343252, 17.45790596365945), (21.680212036902446, 17.475764072282452), (21.659817158284177, 17.493705462501296), (21.639339002933944, 17.511730133895973), (21.61877757129811, 17.529838086045604), (21.598132863823906, 17.54802931852845), (21.57740488095942, 17.566303830921907), (21.55659362315361, 17.584661622802507), (21.535699090856298, 17.603102693745917)]",True
1783881429.6010213,0,22.37922573033629,16.90901165850929,0.8000000119209292,103.7915221404515,-0.4437589191995442,21.860530062577762,15.731890870208192,1.120029186437385,101.60473884346062,0.3763482013041364,-0.5186956677585286,-1.1771207883010977,0.32002917451645585,-2.186783296990882,0.8201071205036805,"[(22.372075562250824, 16.88586747184194), (22.35479983623298, 16.900687420845426), (22.337440805461245, 16.915590678107847), (22.31999847034982, 16.93057724324054), (22.30247283131376, 16.945647115853962), (22.284863888769003, 16.96080029555772), (22.267171643132336, 16.97603678196055), (22.249396094821424, 16.99135657467031), (22.231537244254785, 17.00675967329401), (22.213595091851804, 17.02224607743779), (22.195569638032744, 17.03781578670692), (22.177460883218718, 17.053468800705804), (22.159268827831706, 17.069205119037992), (22.14099347229456, 17.08502474130616), (22.122634817031, 17.10092766711212), (22.104192862465595, 17.11691389605682), (22.085667609023794, 17.13298342774034), (22.067059057131907, 17.149136261761896), (22.048367207217105, 17.165372397719842), (22.029592059707426, 17.18169183521167), (22.010733615031775, 17.19809457383399), (21.99179187361992, 17.214580613182566), (21.972766835902497, 17.23114995285229), (21.953658502311004, 17.24780259243719), (21.934466873277806, 17.264538531530423), (21.91519194923613, 17.281357769724284), (21.89583373062007, 17.29826030661021), (21.876392217864584, 17.31524614177876), (21.856867411405496, 17.332315274819642), (21.837259311679492, 17.349467705321686), (21.81756791912413, 17.366703432872868), (21.79779323417783, 17.384022457060293), (21.77793525727987, 17.401424777470197), (21.7579939888704, 17.418910393687963), (21.737969429390432, 17.436479305298096), (21.717861579281845, 17.45413151188425), (21.69767043898738, 17.471867013029193), (21.677396008950648, 17.48968580831485), (21.657038289616125, 17.50758789732227), (21.636597281429143, 17.52557327963164), (21.616072984835906, 17.543641954822277), (21.595465400283476, 17.56179392247264), (21.57477452821979, 17.580029182160317), (21.554000369093647, 17.59834773346204), (21.533142923354706, 17.61674957595367)]",True
1783881429.6352153,0,22.369586734752538,16.93952334777344,0.8000000119209292,103.7915221404515,-0.4437589191995442,21.844975382838108,15.78568799722303,1.1200101672316527,101.60473884346062,0.3763482013041364,-0.5246113519144302,-1.1538353505504109,0.3200101553107235,-2.186783296990882,0.8201071205036805,"[(22.37016158856649, 16.893039822887477), (22.35308896068597, 16.907313940475177), (22.335933002727298, 16.921671392139686), (22.318693715103148, 16.936112177497463), (22.301371098227044, 16.950636296164113), (22.283965152513385, 16.965243747754364), (22.266475878377438, 16.979934531882083), (22.24890327623534, 16.99470864816027), (22.231247346504077, 17.009566096201056), (22.213508089601525, 17.024506875615707), (22.19568550594641, 17.03953098601462), (22.17777959595833, 17.05463842700733), (22.15979036005775, 17.0698291982025), (22.141717798666, 17.085103299207926), (22.123561912205282, 17.100460729630544), (22.105322701098654, 17.11590148907642), (22.087000165770046, 17.131425577150754), (22.06859430664426, 17.147032993457874), (22.05010512414696, 17.162723737601247), (22.03153261870467, 17.178497809183476), (22.01287679074479, 17.19435520780629), (21.994137640695584, 17.21029593307055), (21.975315168986178, 17.22631998457626), (21.95640937604657, 17.242427361922555), (21.93742026230762, 17.258618064707697), (21.918347828201057, 17.274892092529086), (21.89919207415948, 17.291249444983254), (21.879953000616347, 17.30769012166587), (21.860630608005987, 17.324214122171735), (21.841224896763595, 17.34082144609478), (21.82173586732523, 17.357512093028067), (21.802163520127824, 17.3742860625638), (21.782507855609165, 17.391143354293316), (21.762768874207914, 17.408083967807077), (21.7429465763636, 17.425107902694688), (21.723040962516613, 17.442215158544876), (21.70305203310821, 17.459405734945513), (21.682979788580525, 17.4766796314836), (21.662824229376543, 17.49403684774527), (21.642585355940124, 17.511477383315793), (21.622263168715993, 17.52900123777957), (21.601857668149737, 17.546608410720136), (21.58136885468782, 17.564298901720157), (21.56079672877756, 17.582072710361437), (21.54014129086715, 17.599929836224916)]",True
1783881429.6975048,0,22.354901436133712,16.985220523753167,0.8000000119209292,103.7915221404515,-0.4437589191995442,21.823591410331723,15.861113970042545,1.1200023255987281,101.60473884346062,0.3763482013041364,-0.5313100258019894,-1.1241065537106216,0.32000231367779897,-2.186783296990882,0.8201071205036805,"[(22.35343479794915, 16.948216766647402), (22.33580370289728, 16.96397788001252), (22.318089338591218, 16.97982226529796), (22.300291705448238, 16.995749922105848), (22.282410803886478, 17.01176085003746), (22.26444663432494, 17.0278550486932), (22.246399197183496, 17.044032517672612), (22.228268492882872, 17.060293256574376), (22.21005452184466, 17.076637264996307), (22.191757284491317, 17.09306454253536), (22.173376781246162, 17.109575088787622), (22.154913012533378, 17.126168903348322), (22.136365978778013, 17.14284598581182), (22.117735680405975, 17.159606335771613), (22.099022117844036, 17.17644995282034), (22.080225291519838, 17.19337683654977), (22.061345201861876, 17.210386986550816), (22.042381849299513, 17.227480402413516), (22.023335234262976, 17.24465708372706), (22.00420535718336, 17.261917030079758), (21.984992218492614, 17.27926024105907), (21.965695818623555, 17.296686716251585), (21.946316158009864, 17.31419645524303), (21.926853237086085, 17.331789457618274), (21.907307056287625, 17.349465722961313), (21.887677616050752, 17.367225250855288), (21.8679649168126, 17.38506804088247), (21.84816895901117, 17.40299409262427), (21.828289743085318, 17.42100340566124), (21.808327269474766, 17.439095979573057), (21.7882815386201, 17.45727181393855), (21.76815255096278, 17.47553090833567), (21.747940306945104, 17.493873262341513), (21.727644807010257, 17.512298875532306), (21.70726605160228, 17.530807747483422), (21.686804041166067, 17.549399877769364), (21.66625877614739, 17.568075265963774), (21.64563025699288, 17.586833911639424), (21.62491848415003, 17.605675814368233), (21.60412345806719, 17.62460097372125), (21.583245179193582, 17.643609389268658), (21.56228364797929, 17.66270106057979), (21.541238864875258, 17.681875987223098), (21.52011083033329, 17.701134168766185), (21.49889954480607, 17.720475604775782)]",True
1783881429.7388809,0,22.336274416989905,17.046448318633747,0.8000000119209292,103.7915221404515,-0.4437589191995442,21.80121128079606,15.937444648651173,1.233264306497411,101.60473884346062,0.3763482013041364,-0.5350631361938447,-1.1090036699825738,0.43326429457648175,-2.186783296990882,0.8201071205036805,"[(22.34090029710508, 16.986393460348772), (22.323144024796733, 17.002330264276555), (22.30530446680896, 17.018350356478255), (22.28738162356048, 17.03445373655404), (22.269375495470882, 17.05064040410322), (22.251286082960604, 17.06691035872424), (22.23311338645096, 17.083263600014682), (22.214857406364125, 17.09970012757126), (22.19651814312314, 17.116219940989833), (22.178095597151902, 17.13282303986538), (22.15958976887518, 17.149509423792033), (22.141000658718607, 17.166279092363048), (22.122328267108678, 17.183132045170826), (22.103572594472748, 17.2000682818069), (22.084733641239037, 17.217087801861936), (22.065811407836634, 17.23419060492574), (22.04680589469549, 17.251376690587254), (22.02771710224641, 17.268646058434555), (22.008545030921077, 17.285998708054855), (21.989289681152034, 17.303434639034503), (21.969951053372682, 17.320953850958986), (21.950529148017292, 17.33855634341293), (21.931023965520996, 17.356242115980084), (21.91143550631979, 17.374011168243346), (21.891763770850538, 17.391863499784748), (21.87200875955096, 17.409799110185453), (21.85217047285964, 17.427817999025763), (21.832248911216034, 17.44592016588512), (21.812244075060455, 17.464105610342095), (21.792155964834084, 17.482374331974402), (21.771984580978962, 17.500726330358887), (21.751729923937997, 17.51916160507153), (21.731391994154958, 17.537680155687454), (21.710970792074477, 17.55628198178091), (21.690466318142054, 17.574967082925294), (21.66987857280405, 17.593735458693132), (21.649207556507687, 17.61258710865609), (21.628453269701055, 17.631522032384968), (21.607615712833105, 17.650540229449703), (21.58669488635366, 17.669641699419365), (21.56569079071339, 17.688826441862165), (21.544603426363846, 17.70809445634545), (21.52343279375743, 17.727445742435695), (21.502178893347413, 17.746880299698525), (21.480841725587933, 17.76639812769869)]",True
1783881429.7904642,0,22.324940485649435,17.084808904229437,0.8000000119209292,103.7915221404515,-0.4437589191995442,21.78159968862943,15.998495113379299,1.234712903124798,101.60473884346062,0.3763482013041364,-0.5433407970200044,-1.086313790850138,0.4347128912038689,-2.186783296990882,0.8201071205036805,"[(22.322253013439525, 17.04689575304631), (22.30473699211669, 17.0621929296805), (22.287137636519226, 17.077573443759242), (22.269454947064368, 17.09303729488839), (22.25168892417023, 17.10858448267293), (22.23383956825579, 17.124215006716984), (22.21590687974088, 17.1399288666238), (22.19789085904622, 17.15572606199577), (22.17979150659337, 17.171606592434415), (22.161608822804784, 17.18757045754038), (22.14334280810376, 17.20361765691346), (22.124993462914475, 17.21974819015257), (22.10656078766197, 17.23596205685576), (22.08804478277215, 17.252259256620228), (22.069445448671797, 17.268639789042286), (22.05076278578854, 17.28510365371739), (22.03199679455089, 17.301650850240126), (22.013147475388216, 17.318281378204215), (21.99421482873076, 17.334995237202513), (21.97519885500963, 17.351792426827004), (21.956099554656795, 17.36867294666881), (21.936916928105095, 17.385636796318185), (21.91765097578823, 17.40268397536452), (21.898301698140777, 17.419814483396337), (21.878869095598176, 17.437028320001286), (21.859353168596726, 17.454325484766155), (21.8397539175736, 17.47170597727687), (21.820071342966834, 17.489169797118485), (21.80030544521533, 17.506716943875194), (21.780456224758854, 17.524347417130315), (21.760523682038052, 17.5420612164663), (21.740507817494418, 17.559858341464743), (21.720408631570326, 17.577738791706366), (21.700226124709005, 17.59570256677103), (21.67996029735456, 17.613749666237723), (21.65961114995196, 17.631880089684564), (21.639178682947037, 17.650093836688814), (21.618662896786493, 17.668390906826865), (21.59806379191789, 17.68677129967424), (21.57738136878967, 17.7052350148056), (21.55661562785112, 17.72378205179473), (21.535766569552415, 17.74241241021456), (21.51483419434458, 17.76112608963715), (21.493818502679517, 17.77992308963369), (21.472719495009994, 17.798803409774507)]",True
1783881429.847063,0,22.313121739642007,17.123022828217074,0.8000000119209292,103.7915221404515,-0.4437589191995442,21.763497495073874,16.055234025961383,1.1599485634645683,101.60473884346062,0.3763482013041364,-0.5496242445681325,-1.0677888022556914,0.35994855154363914,-2.186783296990882,0.8201071205036805,"[(22.311228126204135, 17.08454895554578), (22.29418610637716, 17.09861410641697), (22.27706088666143, 17.112762461419724), (22.259852467467624, 17.126994020174227), (22.24256084920728, 17.141308782299802), (22.225186032292804, 17.15570674741491), (22.207728017137455, 17.17018791513715), (22.190186804155363, 17.18475228508326), (22.17256239376151, 17.19939985686911), (22.154854786371743, 17.214130630109718), (22.13706398240278, 17.228944604419233), (22.119189982272182, 17.243841779410946), (22.10123278639839, 17.258822154697285), (22.0831923952007, 17.27388572988981), (22.065068809099266, 17.289032504599227), (22.046862028515108, 17.304262478435383), (22.028572053870104, 17.319575651007256), (22.010198885586995, 17.33497202192296), (21.991742524089386, 17.350451590789756), (21.973202969801743, 17.366014357214038), (21.954580223149396, 17.381660320801338), (21.935874284558526, 17.39738948115633), (21.917085154456185, 17.413201837882823), (21.89821283327029, 17.429097390583767), (21.87925732142961, 17.445076138861243), (21.86021861936378, 17.46113808231648), (21.8410967275033, 17.477283220549836), (21.82189164627952, 17.49351155316082), (21.80260337612467, 17.50982307974806), (21.78323191747182, 17.52621779990934), (21.763777270754918, 17.542695713241574), (21.74423943640877, 17.55925681934082), (21.724618414869038, 17.57590111780227), (21.70491420657225, 17.592628608220256), (21.6851268119558, 17.609439290188238), (21.665256231457935, 17.626333163298835), (21.645302465517766, 17.643310227143782), (21.62526551457527, 17.660370481313972), (21.605145379071274, 17.677513925399424), (21.58494205944748, 17.694740558989295), (21.564655556146448, 17.71205038167189), (21.544285869611592, 17.729443393034646), (21.523833000287198, 17.74691959266414), (21.503296948618406, 17.76447898014608), (21.48267771505122, 17.782121555065327)]",True
1783881429.8870916,0,22.30355361696238,17.15355883608598,0.8000000119209292,103.7915221404515,-0.4437589191995442,21.75031819586153,16.0991820100813,1.1371795714216832,101.60473884346062,0.3763482013041364,-0.5532354211008474,-1.054376826004681,0.33717955950075407,-2.186783296990882,0.8201071205036805,"[(22.30231513234256, 17.1141580786415), (22.285374366191093, 17.12785894285378), (22.268350064766793, 17.141643346993195), (22.251242228484163, 17.15551129067922), (22.23405085775859, 17.169462773530466), (22.21677595300633, 17.18349779516466), (22.199417514644523, 17.197616355198655), (22.181975543091177, 17.21181845324843), (22.164450038765175, 17.22610408892909), (22.146841002086276, 17.240473261854863), (22.12914843347512, 17.254925971639096), (22.111372333353216, 17.26946221789427), (22.093512702142952, 17.28408200023198), (22.07556954026759, 17.298785318262954), (22.05754284815127, 17.31357217159704), (22.039432626219007, 17.328442559843218), (22.021238874896685, 17.343396482609577), (22.00296159461107, 17.358433939503346), (21.984600785789798, 17.37355493013087), (21.96615644886139, 17.388759454097617), (21.947628584255234, 17.404047511008187), (21.929017192401595, 17.4194191004663), (21.910322273731616, 17.4348742220748), (21.89154382867731, 17.450412875435656), (21.872681857671573, 17.466035060149963), (21.853736361148172, 17.481740775817936), (21.83470733954175, 17.49753002203892), (21.815594793287822, 17.51340279841138), (21.796398722822783, 17.52935910453291), (21.7771191285839, 17.54539894000023), (21.757756011009324, 17.561522304409177), (21.738309370538065, 17.577729197354714), (21.718779207610023, 17.594019618430934), (21.699165522665968, 17.61039356723105), (21.679468316147542, 17.6268510433474), (21.659687588497267, 17.64339204637145), (21.63982334015854, 17.660016575893785), (21.61987557157563, 17.67672463150412), (21.599844283193686, 17.69351621279129), (21.57972947545873, 17.71039131934326), (21.55953114881766, 17.72734995074711), (21.53924930371824, 17.74439210658906), (21.51888394060913, 17.76151778645444), (21.49843505993984, 17.778726989927712), (21.477902662160776, 17.796019716592458)]",True
1783881429.9349213,0,22.293437190469657,17.186165284032366,0.8529669920025739,103.7915221404515,-0.4437589191995442,21.738532855462825,16.142885389652914,1.1273879436584844,101.60473884346062,0.3763482013041364,-0.5549043350068317,-1.0432798943794523,0.2744209516559105,-2.186783296990882,0.8201071205036805,"[(22.29026383694363, 17.152735808835764), (22.273373127745526, 17.16621321255351), (22.256399123275486, 17.179773916421155), (22.239341823944176, 17.193417920063542), (22.22220123016314, 17.20714522310466), (22.20497734234478, 17.220955825167625), (22.187670160902368, 17.234849725874685), (22.170279686250037, 17.248826924847233), (22.15280591880279, 17.26288742170578), (22.135248858976496, 17.277031216069986), (22.11760850718789, 17.291258307558632), (22.099884863854566, 17.305568695789642), (22.082077929394995, 17.319962380380073), (22.064187704228505, 17.33443936094611), (22.0462141887753, 17.348999637103077), (22.02815738345644, 17.36364320846543), (22.010017288693852, 17.378370074646757), (21.991793904910335, 17.393180235259784), (21.973487232529546, 17.408073689916367), (21.95509727197602, 17.423050438227506), (21.936624023675144, 17.438110479803317), (21.91806748805318, 17.453253814253067), (21.899427665537253, 17.468480441185147), (21.880704556555354, 17.483790360207085), (21.861898161536338, 17.499183570925542), (21.84300848090993, 17.514660072946313), (21.82403551510672, 17.53021986587433), (21.804979264558156, 17.545862949313655), (21.785839729696566, 17.561589322867484), (21.766616910955133, 17.577398986138153), (21.747310808767907, 17.593291938727127), (21.72792142356981, 17.609268180235002), (21.708448755796624, 17.625327710261516), (21.688892805884997, 17.64147052840553), (21.669253574272446, 17.657696634265054), (21.64953106139735, 17.67400602743722), (21.629725267698962, 17.69039870751829), (21.60983619361739, 17.70687467410368), (21.589863839593615, 17.723433926787923), (21.569808206069474, 17.740076465164687), (21.549669293487685, 17.756802288826787), (21.529447102291826, 17.773611397366157), (21.50914163292633, 17.79050379037387), (21.488752885836508, 17.807479467440135), (21.468280861468536, 17.824538428154295)]",True
1783881429.9888635,0,22.27949410116064,17.233983083303972,0.8149373030972221,103.7915221404515,-0.4437589191995442,21.72227838598199,16.208348991596363,1.1220834876141779,101.60473884346062,0.3763482013041364,-0.5572157151786499,-1.0256340917076088,0.30714618451695574,-2.186783296990882,0.8201071205036805,"[(22.275654121942953, 17.199393167037176), (22.25866123830857, 17.212979367384925), (22.24158445570523, 17.226649471638577), (22.224423774553436, 17.24040347941385), (22.207179195274573, 17.254241390325557), (22.18985071829092, 17.268163203987633), (22.172438344025643, 17.28216892001311), (22.154942072902806, 17.296258538014133), (22.13736190534736, 17.31043205760196), (22.11969784178514, 17.324689478386958), (22.10194988264288, 17.339030799978595), (22.084118028348207, 17.353456021985455), (22.066202279329634, 17.367965144015233), (22.048202636016562, 17.382558165674723), (22.03011909883929, 17.397235086569843), (22.011951668229003, 17.411995906305602), (21.993700344617775, 17.426840624486136), (21.975365128438575, 17.441769240714677), (21.95694602012526, 17.456781754593575), (21.938443020112583, 17.471878165724284), (21.91985612883618, 17.487058473707368), (21.90118534673258, 17.502322678142498), (21.882430674239206, 17.51767077862846), (21.86359211179437, 17.53310277476314), (21.844669659837276, 17.548618666143543), (21.825663318808015, 17.56421845236578), (21.806573089147573, 17.57990213302507), (21.78739897129782, 17.595669707715736), (21.76814096570152, 17.61152117603122), (21.748799072802335, 17.627456537564072), (21.72937329304481, 17.643475791905942), (21.709863626874377, 17.6595789386476), (21.69027007473737, 17.675765977378912), (21.670592637081004, 17.69203690768887), (21.650831314353386, 17.708391729165562), (21.630986107003515, 17.724830441396193), (21.61105701548129, 17.74135304396707), (21.59104404023748, 17.757959536463616), (21.570947181723763, 17.774649918470363), (21.550766440392703, 17.791424189570947), (21.530501816697747, 17.808282349348115), (21.51015331109324, 17.82522439738372), (21.48972092403442, 17.84225033325874), (21.4692046559774, 17.859360156553244), (21.4486045073792, 17.876553866846418)]",True
1783881430.0385036,0,22.267597391976075,17.27287852123154,0.8474867297838603,103.7915221404515,-0.4437589191995442,21.70927170386204,16.262883707189552,1.1207255738887645,101.60473884346062,0.3763482013041364,-0.558325688114035,-1.0099948140419883,0.2732388441049042,-2.186783296990882,0.8201071205036805,"[(22.26628793362871, 17.2317606301948), (22.249462272890835, 17.24497343833211), (22.23255294794851, 17.258269915882476), (22.215559959217135, 17.271650062468584), (22.198483307112998, 17.285113877712245), (22.181322992053264, 17.29866136123439), (22.164079014455982, 17.312292512655063), (22.146751374740084, 17.326007331593424), (22.129340073325377, 17.339805817667763), (22.11184511063255, 17.353687970495475), (22.094266487083182, 17.367653789693087), (22.07660420309972, 17.38170327487623), (22.058858259105502, 17.39583642565967), (22.041028655524745, 17.410053241657277), (22.023115392782547, 17.424353722482046), (22.005118471304883, 17.43873786774609), (21.987037891518618, 17.453205677060648), (21.968873653851492, 17.46775715003606), (21.950625758732127, 17.4823922862818), (21.932294206590026, 17.497111085406456), (21.913878997855576, 17.51191354701773), (21.895380132960042, 17.52679967072245), (21.876797612335576, 17.54176945612656), (21.8581314364152, 17.55682290283512), (21.839381605632827, 17.57196001045231), (21.82054812042325, 17.587180778581434), (21.801630981222136, 17.602485206824905), (21.78263018846604, 17.61787329478426), (21.7635457425924, 17.63334504206016), (21.744377644039528, 17.648900448252373), (21.72512589324662, 17.66453951295979), (21.705790490653758, 17.680262235780432), (21.686371436701897, 17.69606861631142), (21.666868731832878, 17.711958654149), (21.64728237648942, 17.72793234888855), (21.627612371115134, 17.74398970012455), (21.607858716154496, 17.76013070745061), (21.58802141205287, 17.77635537045945), (21.568100459256506, 17.792663688742913), (21.54809585821253, 17.80905566189196), (21.52800760936895, 17.825531289496674), (21.50783571317465, 17.842090571146247), (21.487580170079404, 17.858733506429), (21.46724098053386, 17.87546009493237), (21.44681814498955, 17.892270336242913)]",True
1783881430.0889204,0,22.25963694862502,17.298822908006226,0.959327557215914,103.7915221404515,-0.4437589191995442,21.70141512846309,16.29556887262245,1.120385316390262,101.60473884346062,0.3763482013041364,-0.5582218201619291,-1.003254035383776,0.16105775917434795,-2.186783296990882,0.8201071205036805,"[(22.26159229455486, 17.247889585457926), (22.24486621225327, 17.260876986304087), (22.22805672239567, 17.273947800066303), (22.21116382539287, 17.287102026372846), (22.194187521656545, 17.300339664851126), (22.177127811599245, 17.313660715127675), (22.159984695634392, 17.327065176828153), (22.14275817417628, 17.34055304957735), (22.12544824764007, 17.354124332999188), (22.108054916441795, 17.36777902671672), (22.09057818099836, 17.381517130352112), (22.073018041727547, 17.395338643526678), (22.055374499047996, 17.409243565860855), (22.037647553379227, 17.423231896974205), (22.019837205141634, 17.437303636485417), (22.00194345475647, 17.451458784012313), (21.98396630264588, 17.465697339171843), (21.965905749232853, 17.480019301580086), (21.947761794941268, 17.49442467085225), (21.92953444019587, 17.508913446602673), (21.91122368542227, 17.523485628444817), (21.892829531046964, 17.53814121599128), (21.874351977497305, 17.552880208853786), (21.85579102520152, 17.56770260664318), (21.83714667458871, 17.582608408969445), (21.81841892608884, 17.597597615441696), (21.799607780132757, 17.61267022566816), (21.780713237152174, 17.627826239256216), (21.761735297579673, 17.643065655812354), (21.742673961848705, 17.6583884749422), (21.723529230393602, 17.67379469625051), (21.704301103649556, 17.689284319341166), (21.684989582052637, 17.704857343817174), (21.66559466603978, 17.720513769280682), (21.646116356048793, 17.736253595332958), (21.626554652518358, 17.7520768215744), (21.606909555888027, 17.767983447604532), (21.587181066598216, 17.783973473022016), (21.56736918509022, 17.800046897424636), (21.547473911806208, 17.816203720409302), (21.527495247189208, 17.83244394157206), (21.507433191683123, 17.848767560508083), (21.487287745732736, 17.865174576811672), (21.46705890978369, 17.881664990076253), (21.446746684282502, 17.898238799894386)]",True
1783881430.1373851,0,22.251713887002133,17.32664124836132,0.9266434925098541,103.7915221404515,-0.4437589191995442,21.693297724896265,16.32818170618701,1.1202046235176968,101.60473884346062,0.3763482013041364,-0.5584161621058676,-0.9984595421743094,0.19356113100784267,-2.186783296990882,0.8201071205036805,"[(22.25460181779495, 17.270846043800397), (22.23775236993947, 17.284122354032462), (22.22081924059249, 17.297482350910187), (22.203802430169976, 17.310926034055303), (22.186701939088774, 17.32445340308867), (22.169517767766617, 17.338064457630256), (22.15224991662211, 17.35175919729916), (22.134898386074756, 17.365537621713585), (22.117463176544923, 17.379399730490857), (22.099944288453873, 17.393345523247422), (22.08234172222374, 17.407374999598844), (22.064655478277555, 17.421488159159804), (22.046885557039218, 17.435685001544094), (22.029031958933516, 17.449965526364636), (22.01109468438612, 17.46432973323346), (21.99307373382358, 17.47877762176171), (21.974969107673328, 17.493309191559664), (21.95678080636368, 17.507924442236703), (21.938508830323826, 17.52262337340133), (21.920153179983853, 17.537405984661174), (21.90171385577472, 17.55227227562297), (21.883190858128266, 17.567222245892573), (21.864584187477224, 17.58225589507496), (21.845893844255198, 17.597373222774227), (21.82711982889667, 17.612574228593584), (21.808262141837023, 17.627858912135355), (21.7893207835125, 17.643227273000992), (21.770295754360244, 17.658679310791054), (21.751187054818267, 17.674215025105227), (21.731994685325468, 17.68983441554231), (21.71271864632163, 17.705537481700222), (21.693358938247414, 17.721324223175994), (21.673915561544366, 17.737194639565786), (21.654388516654915, 17.753148730464865), (21.63477780402237, 17.769186495467622), (21.61508342409092, 17.78530793416756), (21.595305377305635, 17.801513046157307), (21.575443664112473, 17.817801831028607), (21.555498284958272, 17.834174288372324), (21.535469240290748, 17.850630417778433), (21.515356530558506, 17.86717021883603), (21.49516015621102, 17.88379369113333), (21.474880117698664, 17.900500834257667), (21.45451641547268, 17.917291647795487), (21.43406904998519, 17.934166131332365)]",True
1783881430.1946235,0,22.246764329251793,17.344024165339658,0.8830497721133512,103.7915221404515,-0.4437589191995442,21.68772040913587,16.349879679762207,1.120134188841514,103.1639147275624,0.3565097836894314,-0.5590439201159221,-0.9941444855774506,0.23708441672816272,-0.6276074128891054,0.8002687028889757,"[(22.249681211582352, 17.286646037254002), (22.232752902077927, 17.300111235752446), (22.215740913952665, 17.31366011786684), (22.19864524762332, 17.327292683216964), (22.181465903507526, 17.341008931421722), (22.164202882023808, 17.354808862099134), (22.146856183591566, 17.368692474866332), (22.12942580863109, 17.382659769339575), (22.11191175756354, 17.39671074513423), (22.094314030810967, 17.410845401864787), (22.076632628796297, 17.425063739144857), (22.058867551943347, 17.439365756587165), (22.04101880067681, 17.453751453803548), (22.023086375422263, 17.468220830404974), (22.005070276606162, 17.48277388600152), (21.986970504655847, 17.497410620202384), (21.968787059999542, 17.51213103261588), (21.95051994306635, 17.526935122849434), (21.932169154286257, 17.541822890509604), (21.91373469409013, 17.556794335202056), (21.89521656290972, 17.571849456531574), (21.87661476117766, 17.586988254102067), (21.85792928932746, 17.602210727516557), (21.839160147793518, 17.61751687637718), (21.820307337011112, 17.632906700285197), (21.801370857416398, 17.648380198840982), (21.782350709446423, 17.66393737164403), (21.763246893539105, 17.679578218292953), (21.744059410133247, 17.69530273838548), (21.724788259668543, 17.71111093151846), (21.70543344258556, 17.727002797287856), (21.68599495932574, 17.742978335288754), (21.666472810331424, 17.759037545115355), (21.646866996045826, 17.77518042636098), (21.627177516913036, 17.791406978618067), (21.60740437337804, 17.80771720147817), (21.58754756588669, 17.82411109453196), (21.567607094885734, 17.840588657369235), (21.54758296082279, 17.857149889578903), (21.527475164146367, 17.87379479074899), (21.50728370530585, 17.89052336046664), (21.487008584751507, 17.907335598318124), (21.46664980293449, 17.924231503888816), (21.44620736030683, 17.94121107676322), (21.425681257321443, 17.958274316524957)]",True
1783881430.249029,0,22.24426115465673,17.35241002959134,0.8672537077247525,103.7915221404515,-0.4437589191995442,21.684924379775744,16.36072629763207,1.1201086670308023,103.1639147275624,0.3565097836894314,-0.5593367748809861,-0.9916837319592702,0.25285495930604973,-0.6276074128891054,0.8002687028889757,"[(22.247057165846957, 17.295016764961133), (22.230080846011795, 17.308598395906646), (22.213020838901617, 17.322263719024427), (22.195877144933796, 17.336012733932932), (22.178649764526597, 17.349845440249727), (22.161338698099158, 17.363761837591493), (22.143943946071502, 17.37776192557404), (22.12646550886454, 17.39184570381228), (22.108903386900057, 17.406013171920257), (22.091257580600725, 17.42026432951112), (22.073528090390095, 17.434599176197146), (22.0557149166926, 17.449017711589725), (22.037818059933564, 17.463519935299363), (22.01983752053918, 17.478105846935684), (22.001773298936538, 17.492775446107434), (21.983625395553595, 17.50752873242247), (21.9653938108192, 17.522365705487776), (21.947078545163087, 17.537286364909438), (21.92867959901586, 17.552290710292677), (21.91019697280902, 17.56737874124182), (21.891630666974933, 17.58255045736032), (21.872980681946864, 17.59780585825073), (21.854247018158954, 17.613144943514747), (21.835429676046225, 17.628567712753167), (21.81652865604458, 17.644074165565904), (21.797543958590804, 17.659664301552), (21.77847558412257, 17.675338120309608), (21.75932353307843, 17.691095621436), (21.740087805897815, 17.706936804527558), (21.720768403021044, 17.7228616691798), (21.70136532488931, 17.73887021498734), (21.681878571944694, 17.754962441543924), (21.662308144630163, 17.771138348442417), (21.64265404338956, 17.78739793527479), (21.62291626866761, 17.80374120163214), (21.603094820909924, 17.820168147104674), (21.58318970056299, 17.83667877128173), (21.563200908074183, 17.853273073751755), (21.54312844389176, 17.86995105410231), (21.522972308464855, 17.886712711920083), (21.50273250224349, 17.903558046790874), (21.482409025678564, 17.920487058299603), (21.462001879221862, 17.9374997460303), (21.441511063326054, 17.95459610956613), (21.42093657844468, 17.971776148489358)]",True
1783881430.2849965,0,22.224492820424643,17.41601507857887,0.8124376620126753,103.7915221404515,-0.4437589191995442,21.660722346630166,16.44818840466078,1.2332913723441452,103.1639147275624,0.3565097836894314,-0.5637704737944773,-0.9678266739180899,0.4208537103314699,-0.6276074128891054,0.8002687028889757,"[(22.244337184290966, 17.30377865270776), (22.227308825639387, 17.317494818129386), (22.21019677384239, 17.331294681475114), (22.19300102931797, 17.345178242361907), (22.175721592485004, 17.359145500405855), (22.15835846376325, 17.373196455222157), (22.140911643573347, 17.387331106425137), (22.123381132336817, 17.401549453628228), (22.105766930476065, 17.415851496443988), (22.088069038414385, 17.43023723448409), (22.070287456575944, 17.44470666735932), (22.052422185385794, 17.459259794679586), (22.034473225269874, 17.473896616053914), (22.016440576655, 17.488617131090447), (21.998324239968877, 17.503421339396443), (21.980124215640085, 17.518309240578276), (21.961840504098095, 17.53328083424144), (21.94347310577325, 17.54833611999055), (21.925022021096783, 17.563475097429333), (21.906487250500806, 17.578697766160634), (21.887868794418313, 17.594004125786412), (21.869166653283187, 17.609394175907756), (21.850380827530184, 17.62486791612486), (21.831511317594952, 17.640425346037038), (21.812558123914012, 17.656066465242723), (21.793521246924776, 17.671791273339466), (21.774400687065533, 17.68759976992393), (21.755196444775457, 17.70349195459191), (21.7359085204946, 17.7194678269383), (21.7165369146639, 17.73552738655712), (21.697081627725183, 17.751670633041513), (21.677542660121148, 17.767897565983734), (21.657920012295378, 17.78420818497515), (21.638213684692342, 17.800602489606252), (21.618423677757388, 17.81708047946665), (21.59854999193675, 17.833642154145068), (21.578592627677537, 17.850287513229347), (21.558551585427754, 17.867016556306446), (21.53842686563627, 17.88382928296245), (21.518218468752856, 17.90072569278254), (21.49792639522815, 17.91770578535104), (21.477550645513677, 17.934769560251375), (21.457091220061848, 17.951917017066094), (21.436548119325952, 17.96914815537686), (21.41592134376016, 17.986462974764457)]",True
1783881430.3371172,0,22.217012667694945,17.43911111872756,0.8066049941268417,103.7915221404515,-0.4437589191995442,21.64995501646302,16.48598857811368,1.3837755164715724,103.1639147275624,0.3565097836894314,-0.5670576512319236,-0.9531225406138795,0.5771705223447307,-0.6276074128891054,0.8002687028889757,"[(22.223505367199177, 17.375597460055612), (22.20624648131296, 17.390172320815797), (22.188903959660852, 17.404830821209046), (22.17147780266244, 17.419572960844054), (22.15396801073818, 17.434398739328635), (22.13637458430941, 17.449308156269723), (22.118697523798357, 17.464301211273373), (22.100936829628115, 17.47937790394476), (22.08309250222267, 17.494538233888168), (22.065164542006876, 17.50978220070702), (22.047152949406478, 17.52510980400384), (22.029057724848098, 17.540521043380284), (22.010878868759235, 17.556015918437126), (21.99261638156827, 17.571594428774254), (21.974270263704465, 17.58725657399068), (21.95584051559796, 17.603002353684534), (21.937327137679777, 17.618831767453067), (21.918730130381817, 17.634744814892652), (21.900049494136866, 17.65074149559878), (21.881285229378584, 17.66682180916606), (21.862437336541507, 17.682985755188223), (21.843505816061064, 17.699233333258118), (21.824490668373556, 17.715564542967712), (21.805391893916163, 17.731979383908097), (21.786209493126947, 17.748477855669485), (21.766943466444854, 17.765059957841203), (21.7475938143097, 17.781725690011697), (21.72816053716219, 17.79847505176854), (21.70864363544391, 17.81530804269842), (21.689043109597318, 17.83222466238714), (21.669358960065754, 17.849224910419636), (21.649591187293446, 17.866308786379953), (21.62973979172549, 17.88347628985126), (21.609804773807877, 17.90072742041584), (21.589786133987463, 17.918062177655113), (21.56968387271199, 17.935480561149596), (21.549497990430083, 17.95298257047894), (21.52922848759124, 17.970568205221916), (21.508875364645846, 17.988237464956406), (21.488438622045162, 18.00599034925942), (21.46791826024133, 18.02382685770709), (21.447314279687372, 18.041746989874657), (21.426626680837188, 18.05975074533649), (21.405855464145564, 18.077838123666076), (21.385000630068156, 18.096009124436026)]",True
1783881430.3879015,0,22.205304868675892,17.47757300728805,0.8023001849888293,103.7915221404515,-0.4437589191995442,21.627921229870353,16.55658755251912,1.4707110769812173,103.1639147275624,0.3565097836894314,-0.5773836388055393,-0.9209854547689318,0.668410891992388,-0.6276074128891054,0.8002687028889757,"[(22.20362370141421, 17.438780215513), (22.186305840482426, 17.45341419564323), (22.168904331587424, 17.46813182760551), (22.15141917514966, 17.48293311100767), (22.13385037159048, 17.497818045456654), (22.11619792133211, 17.512786630558526), (22.098461824797653, 17.52783886591847), (22.080642082411096, 17.54297475114079), (22.062738694597307, 17.558194285828908), (22.044751661782033, 17.573497469585362), (22.026680984391906, 17.58888430201182), (22.008526662854432, 17.604354782709056), (21.990288697598007, 17.61990891127697), (21.971967089051898, 17.635546687314577), (21.95356183764626, 17.651268110420016), (21.93507294381212, 17.667073180190542), (21.9165004079814, 17.682961896222533), (21.89784423058689, 17.69893425811148), (21.879104412062265, 17.714990265451995), (21.86028095284208, 17.731129917837812), (21.841373853361777, 17.74735321486178), (21.82238311405767, 17.76366015611587), (21.803308735366954, 17.780050741191175), (21.784150717727712, 17.7965249696779), (21.7649090615789, 17.813082841165375), (21.745583767360365, 17.829724355242046), (21.726174835512822, 17.84644951149548), (21.706682266477877, 17.863258309512357), (21.68710606069801, 17.880150748878492), (21.667446218616586, 17.8971268291788), (21.647702740677847, 17.91418654999733), (21.62787562732692, 17.93132991091724), (21.607964879009803, 17.948556911520807), (21.58797049617339, 17.965867551389444), (21.567892479265446, 17.98326183010366), (21.54773082873462, 18.0007397472431), (21.527485545030434, 18.018301302386515), (21.507156628603298, 18.03594649511179), (21.4867440799045, 18.05367532499592), (21.466247899386214, 18.071487791615017), (21.44566808750149, 18.08938389454432), (21.425004644704256, 18.107363633358183), (21.404257571449325, 18.12542700763008), (21.383426868192387, 18.143574016932604), (21.362512535390017, 18.161804660837465)]",True
1783881430.446856,0,22.19016507363721,17.52320504862888,0.8006486869033073,103.7915221404515,-0.4437589191995442,21.603616175125516,16.631944094991862,1.2189045184166525,103.1639147275624,0.3565097836894314,-0.586548898511694,-0.8912609536370191,0.4182558315133452,-0.6276074128891054,0.8002687028889757,"[(22.189688952273837, 17.484022815441044), (22.17268687475517, 17.49778573162441), (22.15560104547768, 17.511632404249358), (22.138431464860222, 17.525562832931325), (22.121178133322523, 17.53957701728486), (22.103841051285205, 17.553674956923626), (22.08642021916977, 17.567856651460403), (22.06891563739861, 17.58212210050709), (22.051327306394995, 17.596471303674686), (22.033655226583086, 17.61090426057332), (22.015899398387933, 17.625420970812225), (21.99805982223546, 17.640021433999753), (21.980136498552493, 17.65470564974337), (21.962129427766726, 17.66947361764965), (21.94403861030675, 17.684325337324296), (21.92586404660204, 17.69926080837211), (21.907605737082953, 17.714280030397017), (21.889263682180733, 17.729383003002052), (21.87083788232751, 17.74456972578937), (21.8523283379563, 17.759840198360227), (21.833735049501005, 17.77519442031501), (21.815058017396407, 17.790632391253215), (21.79629724207818, 17.80615411077345), (21.77745272398288, 17.821759578473433), (21.75852446354795, 17.837448793950006), (21.73951246121172, 17.853221756799122), (21.720416717413404, 17.869078466615846), (21.701237232593094, 17.88501892299436), (21.681974007191776, 17.901043125527956), (21.662627041651323, 17.917151073809045), (21.64319633641449, 17.933342767429153), (21.623681891924917, 17.94961820597892), (21.60408370862713, 17.965977389048092), (21.584401786966534, 17.982420316225543), (21.564636127389434, 17.998946987099256), (21.54478673034301, 18.015557401256324), (21.524853596275324, 18.032251558282958), (21.504836725635332, 18.049029457764483), (21.48473611887287, 18.06589109928534), (21.464551776438665, 18.082836482429087), (21.44428369878432, 18.099865606778387), (21.423931886362336, 18.116978471915026), (21.403496339626084, 18.1341750774199), (21.382977059029837, 18.151455422873028), (21.362374045028737, 18.16881950785353)]",True
1783881430.4899993,0,22.18252985516921,17.545973167173614,0.8003444891078916,103.7915221404515,-0.4437589191995442,21.592928650355077,16.66611826305778,1.1725229932680123,103.1639147275624,0.3565097836894314,-0.5896012048141337,-0.8798549041158346,0.37217850416012077,-0.6276074128891054,0.8002687028889757,"[(22.184950558730474, 17.498963551420797), (22.16805066926512, 17.512396095652278), (22.151066983185963, 17.52591244151647), (22.133999500911504, 17.53951258863163), (22.11684822286114, 17.55319653661513), (22.099613149455156, 17.566964285083447), (22.082294281114713, 17.580815833652178), (22.06489161826187, 17.594751181936026), (22.047405161319578, 17.608770329548815), (22.02983491071166, 17.62287327610347), (22.01218086686284, 17.637060021212037), (21.99444303019872, 17.65133056448567), (21.976621401145803, 17.665684905534636), (21.958715980131466, 17.68012304396832), (21.940726767583975, 17.694644979395203), (21.92265376393249, 17.709250711422897), (21.904496969607063, 17.72394023965812), (21.886256385038617, 17.738713563706696), (21.867932010658976, 17.753570683173567), (21.849523846900844, 17.76851159766279), (21.831031894197817, 17.783536306777528), (21.81245615298438, 17.79864481012006), (21.793796623695904, 17.81383710729177), (21.77505330676864, 17.829113197893175), (21.756226202639738, 17.84447308152388), (21.737315311747228, 17.85991675778261), (21.71832063453003, 17.875444226267213), (21.69924217142795, 17.891055486574636), (21.680079922881685, 17.906750538300948), (21.660833889332814, 17.92252938104132), (21.64150407122381, 17.938392014390043), (21.622090468998028, 17.954338437940525), (21.60259308309971, 17.97036865128527), (21.58301191397399, 17.986482654015912), (21.563346962066888, 18.00268044572319), (21.54359822782531, 18.018962025996952), (21.52376571169705, 18.035327394426165), (21.503849414130787, 18.051776550598902), (21.483849335576092, 18.068309494102355), (21.463765476483424, 18.084926224522825), (21.44359783730412, 18.101626741445724), (21.423346418490418, 18.118411044455577), (21.403011220495433, 18.135279133136024), (21.38259224377317, 18.15223100706982), (21.362089488778523, 18.169266665838823)]",True
1783881430.5422976,0,22.17755042513351,17.561184508458197,0.8002259118064657,103.7915221404515,-0.4437589191995442,21.58616807026338,16.68837422152582,1.1544433221756316,103.1639147275624,0.3565097836894314,-0.5913823548701309,-0.8728102869323777,0.3542174103691659,-0.6276074128891054,0.8002687028889757,"[(22.182394162197006, 17.50681845049024), (22.165624707677235, 17.519885238682907), (22.14877170201942, 17.533035583344535), (22.131835145637265, 17.546269484100357), (22.114815038945352, 17.55958694057473), (22.097711382359133, 17.572987952391127), (22.080524176294947, 17.58647251917216), (22.063253421170007, 17.60004064053954), (22.045899117402403, 17.613692316114122), (22.0284612654111, 17.62742754551587), (22.01093986561595, 17.641246328363877), (21.99333491843767, 17.65514866427635), (21.975646424297867, 17.66913455287062), (21.95787438361902, 17.68320399376315), (21.940018796824486, 17.697356986569513), (21.922079664338494, 17.71159353090441), (21.90405698658616, 17.725913626381665), (21.885950763993474, 17.740317272614224), (21.867760996987304, 17.75480446921415), (21.849487685995395, 17.769375215792632), (21.831130831446373, 17.78402951195998), (21.812690433769735, 17.798767357325627), (21.79416649339586, 17.81358875149813), (21.775559010756, 17.828493694085164), (21.7568679862823, 17.84348218469353), (21.73809342040776, 17.85855422292915), (21.719235313566276, 17.873709808397066), (21.700293666192607, 17.888948940701447), (21.6812684787224, 17.904271619445577), (21.66215975159218, 17.919677844231874), (21.642967485239346, 17.935167614661864), (21.623691680102176, 17.950740930336206), (21.60433233661982, 17.96639779085467), (21.58488945523231, 17.982138195816166), (21.56536303638056, 17.997962144818707), (21.545753080506355, 18.01386963745944), (21.52605958805236, 18.029860673334632), (21.506282559462115, 18.04593525203967), (21.48642199518004, 18.062093373169066), (21.466477895651437, 18.078335036316457), (21.446450261322475, 18.094660241074592), (21.426339092640212, 18.111068987035353), (21.406144390052575, 18.127561273789734), (21.385866154008372, 18.14413710092786), (21.36550438495729, 18.160796468038978)]",True
1783881430.6620343,0,22.175060844515503,17.568789414220984,0.8001829456482367,103.7915221404515,-0.4437589191995442,21.58284207338521,16.699394945257588,1.1478922032047707,103.1639147275624,0.3565097836894314,-0.5922187711302946,-0.8693944689633959,0.34770925755653403,-0.6276074128891054,0.8002687028889757,"[(22.180007847874954, 17.513907550723395), (22.163191381282573, 17.527037057719966), (22.14629110963527, 17.540250375111683), (22.12930703335098, 17.553547502519738), (22.112239152848513, 17.566928439564432), (22.095087468547582, 17.580393185865177), (22.077851980868783, 17.5939417410405), (22.060532690233597, 17.607574104708032), (22.043129597064397, 17.621290276484526), (22.02564270178444, 17.63509025598584), (22.008072004817883, 17.648974042826946), (21.990417506589754, 17.662941636621927), (21.972679207525985, 17.676993036983976), (21.95485710805339, 17.691128243525398), (21.936951208599663, 17.70534725585761), (21.9189615095934, 17.71965007359114), (21.90088801146408, 17.734036696335625), (21.882730714642065, 17.74850712369982), (21.864489619558615, 17.76306135529159), (21.84616472664587, 17.777699390717906), (21.82775603633687, 17.792421229584853), (21.80926354906552, 17.807226871497633), (21.79068726526664, 17.82211631606055), (21.772027185375926, 17.83708956287703), (21.753283309829957, 17.852146611549603), (21.73445563906621, 17.867287461679915), (21.71554417352304, 17.88251211286872), (21.696548913639703, 17.897820564715886), (21.67746985985633, 17.91321281682039), (21.658307012613953, 17.928688868780323), (21.639060372354482, 17.944248720192892), (21.619729939520724, 17.959892370654405), (21.600315714556363, 17.97561981976029), (21.58081769790598, 17.991431067105083), (21.56123589001504, 18.00732611228243), (21.5415702913299, 18.0233049548851), (21.5218209022978, 18.039367594504956), (21.501987723366874, 18.05551403073299), (21.482070754986136, 18.071744263159292), (21.4620699976055, 18.088058291373073), (21.441985451675755, 18.104456114962648), (21.421817117648587, 18.12093773351545), (21.401564995976567, 18.13750314661802), (21.381229087113155, 18.154152353856013), (21.3608093915127, 18.170885354814196)]",True
1783881430.687518,0,22.160955924679158,17.614674516206268,0.8000516013139158,103.7915221404515,-0.4437589191995442,21.563361197403943,16.764704114654776,1.1278659221559446,103.1639147275624,0.3565097836894314,-0.5975947272752151,-0.8499704015514915,0.3278143208420288,-0.6276074128891054,0.8002687028889757,"[(22.162059842171175, 17.56722344644557), (22.145077794444344, 17.580555214643972), (22.12801190145121, 17.593970833399627), (22.110862163611966, 17.607470302331112), (22.09362858134769, 17.621053621056127), (22.076311155080358, 17.63472078919148), (22.058909885232826, 17.648471806353083), (22.04142477222885, 17.662306672155967), (22.02385581649307, 17.676225386214266), (22.006203018451014, 17.690227948141228), (21.988466378529107, 17.7043143575492), (21.970645897154654, 17.718484614049657), (21.952741574755862, 17.732738717253174), (21.934753411761815, 17.747076666769438), (21.916681408602496, 17.761498462207243), (21.898525565708773, 17.776004103174493), (21.880285883512407, 17.79059358927821), (21.86196236244605, 17.805266920124517), (21.843555002943237, 17.820024095318654), (21.825063805438397, 17.83486511446496), (21.80648877036685, 17.8497899771669), (21.787829898164805, 17.864798683027033), (21.76908718926936, 17.879891231647044), (21.750260644118498, 17.895067622627714), (21.7313502631511, 17.91032785556894), (21.71235604680693, 17.925671930069733), (21.693277995526653, 17.941099845728207), (21.674116109751807, 17.956611602141592), (21.65487038992483, 17.972207198906222), (21.63554083648905, 17.98788663561755), (21.616127449888683, 18.003649911870127), (21.59663023056883, 18.019497027257625), (21.577049178975493, 18.035427981372823), (21.55738429555555, 18.051442773807608), (21.537635580756778, 18.067541404152976), (21.51780303502784, 18.083723871999037), (21.497886658818288, 18.099990176935012), (21.477886452578566, 18.11634031854923), (21.457802416760007, 18.13277429642913), (21.43763455181484, 18.14929211016126), (21.417382858196163, 18.16589375933128), (21.397047336357986, 18.18257924352396), (21.3766279867552, 18.19934856232318), (21.356124809843585, 18.216201715311932), (21.335537806079813, 18.233138702072313)]",True
1783881430.7375557,0,22.156498360461633,17.630041882349005,0.8000338430087679,105.09468573946499,-0.4386075811948062,21.557088381116305,16.786341868417026,1.1251582849237614,103.1639147275624,0.3565097836894314,-0.599409979345328,-0.8437000139319792,0.32512444191499346,-1.9307710119025927,0.7951173648842376,"[(22.154535490971373, 17.59029247014214), (22.13746476461366, 17.603844736141962), (22.12031020445529, 17.61748084104102), (22.103071810917232, 17.6312007844557), (22.085749584421347, 17.64500456600151), (22.068343525390382, 17.658892185293066), (22.050853634247975, 17.672863641944083), (22.033279911418656, 17.686918935567405), (22.015622357327842, 17.701058065774973), (21.997880972401838, 17.71528103217784), (21.98005575706784, 17.729587834386173), (21.962146711753938, 17.743978472009253), (21.9441538368891, 17.758452944655463), (21.926077132903195, 17.773011251932303), (21.907916600226972, 17.78765339344638), (21.88967223929208, 17.802379368803415), (21.871344050531043, 17.81718917760823), (21.852932034377286, 17.832082819464773), (21.83443619126512, 17.84706029397609), (21.815856521629744, 17.86212160074434), (21.797193025907248, 17.877266739370796), (21.77844570453461, 17.89249570945584), (21.759614557949703, 17.907808510598965), (21.740699586591273, 17.923205142398775), (21.721700790898975, 17.938685604452985), (21.70261817131334, 17.954249896358412), (21.68345172827579, 17.969898017710996), (21.664201462228643, 17.985629968105783), (21.644867373615103, 18.00144574713693), (21.62544946287926, 18.0173453543977), (21.605947730466095, 18.033328789480475), (21.58636217682148, 18.049396051976736), (21.566692802392176, 18.065547141477083), (21.546939607625827, 18.081782057571232), (21.527102592970973, 18.098100799847998), (21.507181758877046, 18.11450336789531), (21.487177105794355, 18.13098976130021), (21.46708863417411, 18.14755997964885), (21.44691634446841, 18.164214022526494), (21.426660237130232, 18.180951889517516), (21.406320312613452, 18.197773580205396), (21.385896571372832, 18.21467909417273), (21.365389013864025, 18.231668431001225), (21.34479764054357, 18.248741590271695), (21.3241224518689, 18.265898571564065)]",True
1783881430.8119636,0,22.149414071407374,17.652972863342907,0.8000179778334232,105.09468573946499,-0.4386075811948062,21.547994990999584,16.818807383908595,1.1227392962252096,103.1639147275624,0.3565097836894314,-0.6014190804077906,-0.8341654794343114,0.3227213183917864,-1.9307710119025927,0.7951173648842376,"[(22.145064424309243, 17.621136365990623), (22.127941215734392, 17.63492353592759), (22.110734183775612, 17.64879453408181), (22.093443328854306, 17.662749360067288), (22.076068651392756, 17.676788013497163), (22.05861015181414, 17.69091049398367), (22.041067830542524, 17.70511680113816), (22.023441688002855, 17.719406934571094), (22.005731724620983, 17.733780893892042), (21.987937940823638, 17.74823867870969), (21.970060337038436, 17.762780288631827), (21.95209891369389, 17.777405723265364), (21.934053671219402, 17.79211498221631), (21.915924610045256, 17.806908065089797), (21.897711730602623, 17.821784971490057), (21.879415033323575, 17.836745701020437), (21.861034518641063, 17.8517902532834), (21.84257018698893, 17.866918627880516), (21.824022038801907, 17.882130824412464), (21.805390074515618, 17.897426842479035), (21.78667429456657, 17.912806681679132), (21.767874699392163, 17.928270341610773), (21.748991289430684, 17.94381782187108), (21.73002406512131, 17.959449122056288), (21.710973026904103, 17.975164241761743), (21.691838175220024, 17.990963180581904), (21.67261951051091, 18.00684593811034), (21.65331703321949, 18.02281251393973), (21.633930743789392, 18.038862907661862), (21.614460642665122, 18.054997118867643), (21.594906730292077, 18.071215147147083), (21.575269007116542, 18.087516992089302), (21.5555474735857, 18.103902653282542), (21.53574213014761, 18.120372130314145), (21.515852977251228, 18.136925422770567), (21.495880015346394, 18.153562530237373), (21.47582324488384, 18.17028345229925), (21.455682666315187, 18.18708818853998), (21.435458280092938, 18.20397673854247), (21.415150086670497, 18.220949101888728), (21.394758086502147, 18.23800527815988), (21.37428228004306, 18.255145266936157), (21.353722667749302, 18.27236906779691), (21.333079250077827, 18.28967668032059), (21.312352027486472, 18.307068104084763)]",True
1783881430.8360596,0,22.146983472058295,17.66059484613326,0.8000145607168668,105.09468573946499,-0.4386075811948062,21.545026135596746,16.82963242902519,1.122218282990119,103.1639147275624,0.3565097836894314,-0.6019573364615489,-0.8309624171080721,0.3222037222732522,-1.9307710119025927,0.7951173648842376,"[(22.140762003984143, 17.63615001658946), (22.12381346187857, 17.649568609415272), (22.106781082651118, 17.663071044481484), (22.089664866721744, 17.676657321405646), (22.072464814511303, 17.69032743980442), (22.055180926441526, 17.70408139929358), (22.03781320293504, 17.717919199488012), (22.020361644415374, 17.731840840001702), (22.002826251306924, 17.745846320447754), (21.985207024034995, 17.75993564043838), (21.967503963025774, 17.774108799584898), (21.949717068706338, 17.788365797497743), (21.931846341504656, 17.802706633786453), (21.913891781849586, 17.817131308059682), (21.895853390170874, 17.83163981992519), (21.87773116689916, 17.846232168989847), (21.85952511246597, 17.86090835485963), (21.841235227303727, 17.875668377139633), (21.822861511845737, 17.890512235434056), (21.804403966526195, 17.90543992934621), (21.785862591780187, 17.92045145847851), (21.767237388043696, 17.935546822432492), (21.748528355753585, 17.950726020808794), (21.729735495347615, 17.965989053207167), (21.710858807264433, 17.981335919226467), (21.691898291943573, 17.99676661846467), (21.672853949825466, 18.01228115051885), (21.653725781351426, 18.027879514985198), (21.63451378696366, 18.043561711459017), (21.615217967105263, 18.059327739534716), (21.595838322220224, 18.075177598805812), (21.57637485275342, 18.091111288864933), (21.55682755915062, 18.107128809303823), (21.53719644185847, 18.12323015971333), (21.517481501324525, 18.139415339683413), (21.497682737997216, 18.155684348803142), (21.47780015232587, 18.172037186660695), (21.457833744760702, 18.188473852843366), (21.437783515752816, 18.20499434693755), (21.41764946575421, 18.22159866852876), (21.397431595217764, 18.23828681720161), (21.377129904597254, 18.255058792539838), (21.35674439434735, 18.27191459412628), (21.336275064923598, 18.288854221542884), (21.315721916782444, 18.305877674370716)]",True
1783881430.8879836,0,22.146983472058295,17.66059484613326,0.8000145607168668,105.09468573946499,-0.4386075811948062,21.545026135596746,16.82963242902519,1.122218282990119,103.1639147275624,0.3565097836894314,-0.6019573364615489,-0.8309624171080721,0.3222037222732522,-1.9307710119025927,0.7951173648842376,"[(22.129097517046606, 17.674243604560402), (22.112214348709344, 17.687528839684123), (22.095247292919723, 17.70089796748443), (22.078196350097826, 17.714350987579554), (22.061061520664634, 17.72788789958682), (22.043842805042008, 17.74150870312267), (22.02654020365271, 17.755213397802653), (22.009153716920398, 17.76900198324142), (21.991683345269607, 17.782874459052735), (21.97412908912578, 17.796830824849472), (21.956490948915242, 17.8108710802436), (21.93876892506522, 17.824995224846212), (21.92096301800382, 17.839203258267496), (21.903073228160057, 17.853495180116756), (21.885099555963823, 17.867870990002395), (21.86704200184591, 17.88233068753193), (21.848900566237997, 17.896874272311987), (21.830675249572664, 17.911501743948293), (21.812366052283377, 17.926213102045686), (21.793972974804493, 17.941008346208115), (21.775496017571264, 17.955887476038633), (21.756935181019834, 17.970850491139398), (21.73829046558724, 17.98589739111168), (21.71956187171141, 18.001028175555856), (21.70074939983116, 18.01624284407141), (21.681853050386206, 18.031541396256937), (21.662872823817146, 18.04692383171013), (21.643808720565485, 18.062390150027802), (21.62466074107361, 18.077940350805864), (21.605428885784793, 18.09357443363934), (21.586113155143217, 18.10929239812236), (21.566713549593945, 18.125094243848164), (21.547230069582934, 18.140979970409095), (21.52766271555703, 18.156949577396606), (21.50801148796398, 18.17300306440126), (21.488276387252412, 18.189140431012728), (21.46845741387185, 18.20536167681978), (21.448554568272716, 18.221666801410304), (21.42856785090632, 18.238055804371292), (21.40849726222486, 18.254528685288843), (21.388342802681432, 18.271085443748166), (21.36810447273002, 18.287726079333577), (21.347782272825505, 18.304450591628495), (21.327376203423654, 18.321258980215454), (21.306886264981127, 18.33815124467609)]",True
1783881430.936561,0,22.144576753093002,17.66822436449668,0.8000117935358795,105.09468573946499,-0.4386075811948062,21.542065031960654,16.840454710543174,1.1217963664723427,103.1639147275624,0.3565097836894314,-0.6025117211323483,-0.8277696539535064,0.32178457293646323,-1.9307710119025927,0.7951173648842376,"[(22.12666680732503, 17.68191162407832), (22.109748980191224, 17.695277701992122), (22.092747237979193, 17.708727700143115), (22.075661581109674, 17.7222616181484), (22.05849201000429, 17.7358794556242), (22.041238525085568, 17.749581212185827), (22.02390112677692, 17.76336688744771), (22.006479815502658, 17.777236481023383), (21.98897459168798, 17.791189992525485), (21.97138545575898, 17.80522742156576), (21.953712408142646, 17.819348767755063), (21.935955449266856, 17.833554030703354), (21.918114579560388, 17.847843210019697), (21.900189799452907, 17.862216305312266), (21.882181109374976, 17.87667331618834), (21.864088509758044, 17.891214242254307), (21.84591200103446, 17.90583908311566), (21.827651583637458, 17.920547838376994), (21.809307258001176, 17.93534050764202), (21.790879024560635, 17.95021709051355), (21.77236688375176, 17.965177586593505), (21.75377083601136, 17.98022199548291), (21.735090881777136, 17.995350316781902), (21.71632702148769, 18.010562550089716), (21.69747925558251, 18.025858695004704), (21.67854758450198, 18.041238751124315), (21.65953200868738, 18.05670271804511), (21.640432528580874, 18.07225059536276), (21.621249144625533, 18.08788238267204), (21.60198185726531, 18.103598079566826), (21.582630666945054, 18.11939768564011), (21.563195574110505, 18.135281200483984), (21.543676579208302, 18.151248623689646), (21.52407368268597, 18.16729995484741), (21.504386884991927, 18.18343519354669), (21.484616186575494, 18.199654339376007), (21.464761587886873, 18.21595739192299), (21.444823089377163, 18.232344350774376), (21.424800691498362, 18.248815215516007), (21.404694394703352, 18.265369985732832), (21.384504199445917, 18.282008661008906), (21.364230106180724, 18.298731240927395), (21.343872115363336, 18.315537725070566), (21.323430227450213, 18.332428113019798), (21.302904442898708, 18.349402404355573)]",True
1783881430.989672,0,22.144576753093002,17.66822436449668,0.8000117935358795,105.09468573946499,-0.4386075811948062,21.542065031960654,16.840454710543174,1.1217963664723427,103.1639147275624,0.3565097836894314,-0.6025117211323483,-0.8277696539535064,0.32178457293646323,-1.9307710119025927,0.7951173648842376,"[(22.12666680732503, 17.68191162407832), (22.109748980191224, 17.695277701992122), (22.092747237979193, 17.708727700143115), (22.075661581109674, 17.7222616181484), (22.05849201000429, 17.7358794556242), (22.041238525085568, 17.749581212185827), (22.02390112677692, 17.76336688744771), (22.006479815502658, 17.777236481023383), (21.98897459168798, 17.791189992525485), (21.97138545575898, 17.80522742156576), (21.953712408142646, 17.819348767755063), (21.935955449266856, 17.833554030703354), (21.918114579560388, 17.847843210019697), (21.900189799452907, 17.862216305312266), (21.882181109374976, 17.87667331618834), (21.864088509758044, 17.891214242254307), (21.84591200103446, 17.90583908311566), (21.827651583637458, 17.920547838376994), (21.809307258001176, 17.93534050764202), (21.790879024560635, 17.95021709051355), (21.77236688375176, 17.965177586593505), (21.75377083601136, 17.98022199548291), (21.735090881777136, 17.995350316781902), (21.71632702148769, 18.010562550089716), (21.69747925558251, 18.025858695004704), (21.67854758450198, 18.041238751124315), (21.65953200868738, 18.05670271804511), (21.640432528580874, 18.07225059536276), (21.621249144625533, 18.08788238267204), (21.60198185726531, 18.103598079566826), (21.582630666945054, 18.11939768564011), (21.563195574110505, 18.135281200483984), (21.543676579208302, 18.151248623689646), (21.52407368268597, 18.16729995484741), (21.504386884991927, 18.18343519354669), (21.484616186575494, 18.199654339376007), (21.464761587886873, 18.21595739192299), (21.444823089377163, 18.232344350774376), (21.424800691498362, 18.248815215516007), (21.404694394703352, 18.265369985732832), (21.384504199445917, 18.282008661008906), (21.364230106180724, 18.298731240927395), (21.343872115363336, 18.315537725070566), (21.323430227450213, 18.332428113019798), (21.302904442898708, 18.349402404355573)]",True
1783881431.038708,0,22.144576753093002,17.66822436449668,0.8000117935358795,105.09468573946499,-0.4386075811948062,21.542065031960654,16.840454710543174,1.1217963664723427,103.1639147275624,0.3565097836894314,-0.6025117211323483,-0.8277696539535064,0.32178457293646323,-1.9307710119025927,0.7951173648842376,"[(22.106002041334584, 17.696960256945015), (22.086990394546515, 17.711308166590687), (22.06790322968669, 17.725731601082266), (22.048740547174095, 17.740230560050446), (22.029502347428533, 17.754805043125113), (22.010188630870605, 17.76945504993536), (21.99079939792172, 17.784180580109464), (21.97133464900408, 17.798981633274906), (21.951794384540708, 17.81385820905836), (21.932178604955414, 17.828810307085696), (21.912487310672816, 17.843837926981983), (21.892720502118348, 17.858941068371486), (21.872878179718224, 17.87411973087766), (21.852960343899486, 17.88937391412316), (21.83296699508997, 17.904703617729837), (21.812898133718306, 17.920108841318743), (21.79275376021394, 17.93558958451012), (21.77253387500712, 17.951145846923406), (21.752238478528895, 17.96677762817724), (21.731867571211115, 17.982484927889452)]",False
1783881431.1076598,0,22.144576753093002,17.66822436449668,0.8000117935358795,105.09468573946499,-0.4386075811948062,21.542065031960654,16.840454710543174,1.1217963664723427,104.78093203302043,0.3543817447547355,-0.6025117211323483,-0.8277696539535064,0.32178457293646323,-0.31375370644455813,0.7929893259495417,"[(22.088439313011698, 17.710586482121492), (22.06823292363268, 17.72549014515951), (22.04795101791729, 17.740469332236195), (22.02759359629724, 17.75552404297632), (22.007160659205063, 17.770654277003853), (21.986652207074087, 17.785860033941958), (21.966068240338448, 17.801141313412998), (21.945408759433082, 17.816498115038527), (21.924673764793734, 17.831930438439304), (21.90386325685695, 17.847438283235277), (21.88297723606008, 17.863021649045592), (21.86201570284127, 17.87868053548859), (21.840978657639482, 17.89441494218181), (21.81986610089448, 17.910224868741988), (21.79867803304682, 17.926110314785053), (21.77741445453787, 17.942071279926132), (21.756075365809803, 17.958107763779548), (21.73466076730559, 17.974219765958818), (21.713170659469014, 17.99040728607666), (21.691605042744655, 18.006670323744988)]",False
1783881431.138839,0,22.144576753093002,17.66822436449668,0.8000117935358795,105.09468573946499,-0.4386075811948062,21.542065031960654,16.840454710543174,1.1217963664723427,104.78093203302043,0.3543817447547355,-0.6025117211323483,-0.8277696539535064,0.32178457293646323,-0.31375370644455813,0.7929893259495417,"[(22.07096871874664, 17.724153919479946), (22.049737770364708, 17.739528869004612), (22.028431307134582, 17.754979341883395), (22.0070493294989, 17.770505337736047), (21.98559183790111, 17.786106856181515), (21.964058832785458, 17.80178389683794), (21.942450314596993, 17.817536459322664), (21.920766283781568, 17.833364543252227), (21.899006740785843, 17.849268148242356), (21.877171686057277, 17.86524727390798), (21.855261120044137, 17.88130191986323), (21.83327504319549, 17.89743208572142), (21.81121345596121, 17.913637771095072), (21.789076358791966, 17.9299189755959), (21.766863752139244, 17.94627569883481), (21.744575636455327, 17.96270794042191), (21.722212012193296, 17.9792156999665), (21.69977287980704, 17.99579897707708), (21.677258239751254, 18.01245777136134), (21.654668092481437, 18.029192082426178)]",False
1783881431.203643,0,22.144576753093002,17.66822436449668,0.8000117935358795,105.09468573946499,-0.4386075811948062,21.542065031960654,16.840454710543174,1.1217963664723427,104.78093203302043,0.3543817447547355,-0.6025117211323483,-0.8277696539535064,0.32178457293646323,-0.31375370644455813,0.7929893259495417,"[(22.07096871874664, 17.724153919479946), (22.049737770364708, 17.739528869004612), (22.028431307134582, 17.754979341883395), (22.0070493294989, 17.770505337736047), (21.98559183790111, 17.786106856181515), (21.964058832785458, 17.80178389683794), (21.942450314596993, 17.817536459322664), (21.920766283781568, 17.833364543252227), (21.899006740785843, 17.849268148242356), (21.877171686057277, 17.86524727390798), (21.855261120044137, 17.88130191986323), (21.83327504319549, 17.89743208572142), (21.81121345596121, 17.913637771095072), (21.789076358791966, 17.9299189755959), (21.766863752139244, 17.94627569883481), (21.744575636455327, 17.96270794042191), (21.722212012193296, 17.9792156999665), (21.69977287980704, 17.99579897707708), (21.677258239751254, 18.01245777136134), (21.654668092481437, 18.029192082426178)]",False
1783881431.2389696,0,22.144576753093002,17.66822436449668,0.8000117935358795,105.09468573946499,-0.4386075811948062,21.542065031960654,16.840454710543174,1.1217963664723427,104.78093203302043,0.3543817447547355,-0.6025117211323483,-0.8277696539535064,0.32178457293646323,-0.31375370644455813,0.7929893259495417,"[(22.052769959151078, 17.7380496524643), (22.03054660704327, 17.753879745193924), (22.00824774152875, 17.76978536061656), (21.985873363060726, 17.785766498347115), (21.963423472093222, 17.80182315799968), (21.940898069081054, 17.81795533918756), (21.91829715447985, 17.834163041523237), (21.89562072874603, 17.8504462646184), (21.872868792336835, 17.86680500808394), (21.850041345710288, 17.883239271529927), (21.827138389325235, 17.899749054565643), (21.804159923641315, 17.916334356799556), (21.78110594911897, 17.932995177839338), (21.757976466219453, 17.949731517291852), (21.734771475404813, 17.96654337476316), (21.711490977137903, 17.983430749858513), (21.688134971882388, 18.000393642182367), (21.664703460102725, 18.017432051338375), (21.64119644226418, 18.03454597692938), (21.617613918832824, 18.051735418557424)]",False
1783881431.2850592,0,22.13754799612023,17.69117225473021,0.8000062685173543,105.09468573946499,-0.4386075811948062,21.533318237816868,16.87293770750133,1.1209539580475354,104.78093203302043,0.3543817447547355,-0.6042297583033616,-0.8182345472288794,0.32094768953018105,-0.31375370644455813,0.7929893259495417,"[(22.119531578761677, 17.690643439285168), (22.097730130014156, 17.70481991925401), (22.07575321947647, 17.719171893833373), (22.053600850021674, 17.733699360642532), (22.031273024534126, 17.74840231728944), (22.0087697459095, 17.76328076137073), (21.986091017054783, 17.778334690471723), (21.963236840888268, 17.793564102166425), (21.940207220339556, 17.80896899401752), (21.917002158349565, 17.824549363576377), (21.893621657870522, 17.84030520838305), (21.870065721865952, 17.856236525966278), (21.846334353310706, 17.87234331384348), (21.822427555190934, 17.888625569520766), (21.798345330504095, 17.90508329049293), (21.77408768225896, 17.92171647424344), (21.7496546134756, 17.938525118244463), (21.7250461271854, 17.95550921995685), (21.700262226431057, 17.97266877683013), (21.67530291426657, 17.990003786302527), (21.65016819375724, 18.007514245800945), (21.62485806797968, 18.02520015274098), (21.599372540021804, 18.043061504526904), (21.573711612982844, 18.06109829855169), (21.547875289973327, 18.079310532196995), (21.521863574115088, 18.09769820283316), (21.495676468541266, 18.116261307819215), (21.469313976396307, 18.13499984450288), (21.44277610083596, 18.153913810220562), (21.41606284502728, 18.173003202297355), (21.389174212148625, 18.19226801804705), (21.36211020538965, 18.211708254772116), (21.33487082795133, 18.23132390976372), (21.307456083045924, 18.251114980301715), (21.279865973897003, 18.271081463654646), (21.25210050373944, 18.291223357079748), (21.224159675819415, 18.311540657822945), (21.1960434933944, 18.332033363118857), (21.167751959733167, 18.352701470190787), (21.1392850781158, 18.373544976250738), (21.110642851833678, 18.394563878499397), (21.08182528418948, 18.415758174126154), (21.05283237849719, 18.437127860309076), (21.023664138082086, 18.45867293421494), (20.99432056628075, 18.480393392999193)]",True
1783881431.4203205,0,22.135219622702945,17.698825977545017,0.8000050785127142,105.09468573946499,-0.4386075811948062,21.530428034657838,16.88376729836765,1.1207725161338384,104.78093203302043,0.3543817447547355,-0.6047915880451065,-0.8150586791773655,0.32076743762112425,-0.31375370644455813,0.7929893259495417,"[(22.119531578761677, 17.690643439285168), (22.097730130014156, 17.70481991925401), (22.07575321947647, 17.719171893833373), (22.053600850021674, 17.733699360642532), (22.031273024534126, 17.74840231728944), (22.0087697459095, 17.76328076137073), (21.986091017054783, 17.778334690471723), (21.963236840888268, 17.793564102166425), (21.940207220339556, 17.80896899401752), (21.917002158349565, 17.824549363576377), (21.893621657870522, 17.84030520838305), (21.870065721865952, 17.856236525966278), (21.846334353310706, 17.87234331384348), (21.822427555190934, 17.888625569520766), (21.798345330504095, 17.90508329049293), (21.77408768225896, 17.92171647424344), (21.7496546134756, 17.938525118244463), (21.7250461271854, 17.95550921995685), (21.700262226431057, 17.97266877683013), (21.67530291426657, 17.990003786302527), (21.65016819375724, 18.007514245800945), (21.62485806797968, 18.02520015274098), (21.599372540021804, 18.043061504526904), (21.573711612982844, 18.06109829855169), (21.547875289973327, 18.079310532196995), (21.521863574115088, 18.09769820283316), (21.495676468541266, 18.116261307819215), (21.469313976396307, 18.13499984450288), (21.44277610083596, 18.153913810220562), (21.41606284502728, 18.173003202297355), (21.389174212148625, 18.19226801804705), (21.36211020538965, 18.211708254772116), (21.33487082795133, 18.23132390976372), (21.307456083045924, 18.251114980301715), (21.279865973897003, 18.271081463654646), (21.25210050373944, 18.291223357079748), (21.224159675819415, 18.311540657822945), (21.1960434933944, 18.332033363118857), (21.167751959733167, 18.352701470190787), (21.1392850781158, 18.373544976250738), (21.110642851833678, 18.394563878499397), (21.08182528418948, 18.415758174126154), (21.05283237849719, 18.437127860309076), (21.023664138082086, 18.45867293421494), (20.99432056628075, 18.480393392999193)]",True
1783881431.4962785,0,22.132909794047304,17.706485305270434,0.8000041148469567,105.09468573946499,-0.4386075811948062,21.52756728283083,16.894603007864227,1.1206255844721267,104.78093203302043,0.3543817447547355,-0.6053425112164739,-0.811882297406207,0.32062146962517,-0.31375370644455813,0.7929893259495417,"[(22.121271974461852, 17.69602613192627), (22.103667711732253, 17.708307972814243), (22.085973104708586, 17.720680165790466), (22.06818815385506, 17.733142710452228), (22.050312859636932, 17.74569560639577), (22.032347222520496, 17.758338853216294), (22.014291242973094, 17.77107245050796), (21.99614492146311, 17.783896397863867), (21.977908258459973, 17.796810694876097), (21.959581254434145, 17.809815341135675), (21.94116390985714, 17.82291033623258), (21.92265622520151, 17.83609567975576), (21.904058200940856, 17.84937137129311), (21.885369837549817, 17.862737410431482), (21.866591135504073, 17.876193796756688), (21.847722095280357, 17.889740529853498), (21.82876271735643, 17.903377609305636), (21.809713002211108, 17.917105034695783), (21.79057295032424, 17.93092280560558), (21.771342562176727, 17.94483092161562), (21.752021838250506, 17.958829382305456), (21.732610779028565, 17.9729181872536), (21.713109384994922, 17.987097336037518), (21.69351765663465, 18.001366828233635), (21.673835594433857, 18.01572666341733), (21.654063198879697, 18.030176841162938), (21.634200470460364, 18.044717361043755), (21.614247409665097, 18.05934822263204), (21.594204016984182, 18.074069425498994), (21.574070292908942, 18.088880969214784), (21.553846237931744, 18.103782853348534), (21.533531852545995, 18.11877507746832), (21.513127137246148, 18.133857641141184), (21.4926320925277, 18.149030543933115), (21.472046718887185, 18.16429378540907), (21.451371016822186, 18.17964736513295), (21.430604986831327, 18.195091282667626), (21.40974862941427, 18.210625537574916), (21.388801945071727, 18.2262501294156), (21.367764934305445, 18.241965057749418), (21.346637597618216, 18.25777032213506), (21.32541993551388, 18.273665922130174), (21.30411194849732, 18.28965185729137), (21.282713637074448, 18.305728127174216), (21.26122500175223, 18.32189473133323)]",True
1783881431.535103,0,22.11221177458646,17.775446141977557,0.8000006263809607,105.54843451270027,-0.43234195638573614,21.499271306894414,16.991365040227635,1.1200936924736915,104.78093203302043,0.3543817447547355,-0.6129404676920451,-0.7840811017499227,0.3200930660927308,-0.767502479679834,0.7867237011404716,"[(22.10782433551256, 17.742625478064703), (22.090689931103267, 17.755517890188077), (22.073471478555767, 17.768494356632115), (22.056168978295197, 17.78155487701709), (22.0387824307476, 17.794699450962383), (22.02131183633991, 17.80792807808648), (22.00375719549996, 17.82124075800696), (21.986118508656492, 17.834637490340505), (21.968395776239134, 17.8481182747029), (21.950588998678423, 17.861683110709034), (21.93269817640579, 17.875331997972886), (21.914723309853567, 17.889064936107545), (21.896664399454984, 17.902881924725197), (21.87852144564417, 17.916782963437132), (21.860294448856152, 17.93076805185374), (21.841983409526854, 17.944837189584504), (21.823588328093106, 17.958990376238024), (21.805109204992636, 17.973227611421983), (21.786546040664064, 17.987548894743178), (21.767898835546912, 18.001954225807502), (21.749167590081605, 18.016443604219948), (21.730352304709463, 18.03101702958461), (21.711452979872703, 18.04567450150469), (21.692469616014446, 18.060416019582476), (21.673402213578708, 18.07524158341937), (21.654250773010403, 18.09015119261587), (21.635015294755352, 18.105144846771573), (21.615695779260264, 18.12022254548518), (21.596292226972754, 18.135384288354498), (21.576804638341333, 18.150630074976423), (21.557233013815413, 18.16595990494696), (21.5375773538453, 18.18137377786121), (21.517837658882208, 18.196871693313383), (21.498013929378235, 18.212453650896787), (21.478106165786393, 18.228119650203823), (21.45811436856059, 18.243869690826), (21.438038538155624, 18.259703772353927), (21.4178786750272, 18.275621894377313), (21.397634779631915, 18.291624056484974), (21.37730685242727, 18.307710258264816), (21.35689489387167, 18.323880499303854), (21.336398904424406, 18.340134779188205), (21.315818884545678, 18.35647309750308), (21.29515483469658, 18.372895453832797), (21.2744067553391, 18.389401847760773)]",True
1783881431.5857568,0,22.093267282659713,17.8365767202955,0.8000001255568976,105.54843451270027,-0.43234195638573614,21.475239179428222,17.065990020750785,1.120021400493457,104.78093203302043,0.3543817447547355,-0.6180281032314916,-0.7705866995447153,0.3200212749365594,-0.767502479679834,0.7867237011404716,"[(22.10552900883691, 17.75040677649814), (22.08839589993056, 17.763407325410384), (22.07117875609383, 17.776491915274235), (22.053877577751653, 17.78966054570898), (22.036492365329867, 17.80291321633301), (22.019023119255206, 17.81624992676382), (22.001469839955302, 17.829670676618004), (21.983832527858684, 17.843175465511262), (21.966111183394787, 17.85676429305839), (21.948305806993933, 17.870437158873283), (21.930416399087353, 17.88419406256894), (21.912442960107168, 17.89803500375747), (21.8943854904864, 17.911959982050075), (21.876243990658974, 17.92596899705705), (21.858018461059707, 17.940062048387812), (21.839708902124322, 17.954239135650866), (21.821315314289436, 17.96850025845382), (21.802837697992558, 17.98284541640338), (21.784276053672105, 17.997274609105357), (21.76563038176739, 18.011787836164668), (21.746900682718625, 18.026385097185326), (21.728086956966916, 18.041066391770443), (21.70918920495427, 18.055831719522242), (21.690207427123593, 18.070681080042036), (21.67114162391869, 18.085614472930246), (21.651991795784262, 18.100631897786396), (21.63275794316591, 18.11573335420911), (21.61344006651013, 18.130918841796106), (21.594038166264323, 18.146188360144215), (21.57455224287678, 18.16154190884936), (21.554982296796705, 18.176979487506575), (21.53532832847418, 18.192501095709986), (21.515590338360198, 18.20810673305283), (21.495768326906653, 18.223796399127433), (21.475862294566323, 18.239570093525234), (21.4558722417929, 18.255427815836768), (21.435798169040964, 18.27136956565167), (21.415640076766, 18.287395342558685), (21.395397965424387, 18.303505146145653), (21.375071835473403, 18.319698975999515), (21.354661687371223, 18.335976831706315), (21.334167521576923, 18.352338712851196), (21.313589338550475, 18.36878461901841), (21.292927138752752, 18.3853145497913), (21.27218092264552, 18.40192850475232)]",True
1783881431.6349735,0,22.08358032493205,17.867075254323744,0.8000000607891926,105.54843451270027,-0.43234195638573614,21.456535904294565,17.118774290815974,1.1200074557908084,104.78093203302043,0.3543817447547355,-0.6270444206374854,-0.74830096350777,0.3200073950016158,-0.767502479679834,0.7867237011404716,"[(22.096286395370917, 17.78092272932794), (22.07856382335057, 17.795559340754906), (22.060756488467288, 17.81028071961061), (22.042864391162702, 17.825086865487236), (22.02488753187939, 17.839977777976035), (22.00682591106084, 17.854953456667335), (21.988679529151483, 17.870013901150532), (21.97044838659667, 17.885159111014094), (21.95213248384268, 17.900389085845564), (21.93373182133672, 17.915703825231553), (21.91524639952693, 17.93110332875775), (21.896676218862375, 17.946587596008907), (21.878021279793042, 17.96215662656885), (21.85928158276986, 17.977810420020482), (21.840457128244672, 17.993548975945775), (21.821547916670255, 18.00937229392577), (21.80255394850031, 18.02528037354059), (21.783475224189477, 18.04127321436941), (21.76431174419331, 18.0573508159905), (21.745063508968304, 18.073513177981187), (21.725730518971872, 18.089760299917874), (21.706312774662358, 18.106092181376034), (21.686810276499035, 18.122508821930218), (21.667223024942103, 18.139010221154045), (21.64755102045269, 18.155596378620203), (21.627794263492852, 18.172267293900457), (21.607952754525574, 18.189022966565638), (21.58802649401477, 18.205863396185656), (21.568015482425277, 18.22278858232949), (21.547919720222865, 18.239798524565185), (21.527739207874223, 18.256893222459865), (21.50747394584698, 18.27407267557973), (21.487123934609684, 18.291336883490043), (21.46668917463182, 18.30868584575514), (21.446169666383792, 18.326119561938434), (21.42556541033693, 18.343638031602406), (21.404876406963503, 18.361241254308613), (21.384102656736697, 18.378929229617675), (21.363244160130634, 18.3967019570893), (21.34230091762036, 18.414559436282246), (21.321272929681847, 18.432501666754366), (21.300160196791996, 18.45052864806257), (21.27896271942864, 18.468640379762846), (21.25768049807054, 18.48683686141025), (21.236313533197368, 18.505118092558916)]",True
1783881431.6850243,0,22.0738668800561,17.897565315382195,0.8000000329363453,105.54843451270027,-0.43234195638573614,21.441614451899618,17.161015766233056,1.1200032090225616,104.78093203302043,0.3543817447547355,-0.6322524281564839,-0.7365495491491387,0.3200031760862163,-0.767502479679834,0.7867237011404716,"[(22.083790711291474, 17.822118249010938), (22.065573231231923, 17.838362649628333), (22.047271643950623, 17.854691160341808), (22.02888594988442, 17.87110378073565), (22.010416149471062, 17.887600510393238), (21.991862243149203, 17.904181348897055), (21.973224231358387, 17.920846295828685), (21.95450211453906, 17.93759535076881), (21.935695893132575, 17.954428513297213), (21.916805567581175, 17.97134578299278), (21.89783113832801, 17.988347159433495), (21.878772605817122, 18.00543264219644), (21.859629970493465, 18.022602230857796), (21.84040323280288, 18.039855924992846), (21.82109239319212, 18.057193724175978), (21.801697452108826, 18.074615627980673), (21.782218410001544, 18.092121635979517), (21.762655267319722, 18.109711747744193), (21.743008024513706, 18.127385962845487), (21.72327668203474, 18.14514428085328), (21.703461240334967, 18.16298670133656), (21.683561699867436, 18.18091322386341), (21.663578061086092, 18.198923848001016), (21.643510324445774, 18.21701857331566), (21.62335849040223, 18.23519739937273), (21.6031225594121, 18.25346032573671), (21.58280253193293, 18.27180735197119), (21.562398408423167, 18.29023847763885), (21.54191018934215, 18.30875370230148), (21.52133787515012, 18.327353025519965), (21.500681466308226, 18.346036446854292), (21.4799409632785, 18.364803965863544), (21.459116366523894, 18.383655582105913), (21.43820767650824, 18.402591295138684), (21.417214893696286, 18.42161110451825), (21.396138018553668, 18.440715009800087), (21.374977051546928, 18.459903010538792), (21.353731993143505, 18.47917510628805), (21.33240284381174, 18.498531296600653), (21.310989604020868, 18.517971581028487), (21.289492274241034, 18.53749595912254), (21.267910854943274, 18.557104430432904), (21.24624534659952, 18.576796994508765), (21.224495749682614, 18.596573650898417), (21.202662064666296, 18.616434399149252)]",True
1783881431.7391639,0,22.069166139501128,17.912859175081525,0.8000000257023354,105.54843451270027,-0.43234195638573614,21.434340415315763,17.182201851908154,1.1200021060414955,104.78093203302043,0.3543817447547355,-0.6348257241853652,-0.7306573231733715,0.3200020803391601,-0.767502479679834,0.7867237011404716,"[(22.07632728443092, 17.846034140588333), (22.058074675907267, 17.8625731600674), (22.03973832015428, 17.87919592925306), (22.021318217604033, 17.895902447731387), (22.002814368689467, 17.91269271508757), (21.98422677384442, 17.929566730905904), (21.965555433503614, 17.946524494769804), (21.946800348102652, 17.9635660062618), (21.927961518078035, 17.980691264963536), (21.90903894386713, 17.99790027045577), (21.89003262590821, 18.01519302231837), (21.870942564640412, 18.03256952013033), (21.851768760503777, 18.05002976346975), (21.83251121393922, 18.067573751913844), (21.813169925388546, 18.085201485038947), (21.793744895294445, 18.1029129624205), (21.774236124100494, 18.120708183633063), (21.75464361225115, 18.138587148250313), (21.734967360191764, 18.156549855845036), (21.71520736836856, 18.174596305989137), (21.695363637228663, 18.19272649825363), (21.67543616722007, 18.210940432208655), (21.655424958791667, 18.229238107423456), (21.635330012393226, 18.247619523466394), (21.615151328475406, 18.266084679904946), (21.594888907489754, 18.2846335763057), (21.574542749888693, 18.303266212234366), (21.55411285612554, 18.321982587255764), (21.533599226654488, 18.340782700933826), (21.513001861930626, 18.359666552831605), (21.492320762409925, 18.378634142511263), (21.471555928549236, 18.397685469534082), (21.4507073608063, 18.41682053346045), (21.429775059639745, 18.436039333849877), (21.40875902550908, 18.455341870260987), (21.387659258874702, 18.474728142251518), (21.366475760197886, 18.49419814937832), (21.345208529940805, 18.513751891197362), (21.323857568566506, 18.533389367263727), (21.302422876538927, 18.553110577131612), (21.280904454322886, 18.572915520354325), (21.259302302384096, 18.592804196484295), (21.23761642118915, 18.61277660507306), (21.21584681120552, 18.632832745671273), (21.19399347290157, 18.652972617828706)]",True
1783881431.7871046,0,22.05990732594174,17.943490393520506,0.8000000178475155,105.54843451270027,-0.43234195638573614,21.42347235270462,17.213995638988468,1.1200011206440788,104.78093203302043,0.3543817447547355,-0.6364349732371188,-0.7294947545320376,0.32000110279656324,-0.767502479679834,0.7867237011404716,"[(22.066601825147483, 17.87669357624531), (22.048116133545363, 17.893956404268383), (22.02954647021133, 17.911303205799705), (22.010892835583142, 17.928733980414545), (21.99215523009947, 17.946248727687276), (21.97333365419987, 17.963847447191384), (21.95442810832479, 17.98153013849945), (21.93543859291558, 17.99929680118317), (21.916365108414478, 18.01714743481334), (21.89720765526462, 18.03508203895986), (21.877966233910033, 18.05310061319175), (21.858640844795644, 18.07120315707711), (21.83923148836727, 18.08938967018317), (21.81973816507162, 18.107660152076253), (21.80016087535631, 18.12601460232179), (21.780499619669833, 18.144453020484313), (21.760754398461586, 18.162975406127472), (21.74092521218186, 18.18158175881401), (21.72101206128184, 18.20027207810578), (21.7010149462136, 18.219046363563745), (21.68093386743012, 18.23790461474797), (21.66076882538526, 18.256846831217622), (21.640519820533786, 18.27587301253098), (21.62018685333135, 18.294983158245426), (21.599769924234508, 18.314177267917444), (21.579269033700697, 18.333455341102628), (21.55868418218826, 18.352817377355677), (21.538015370156426, 18.372263376230396), (21.517262598065326, 18.391793337279697), (21.49642586637598, 18.411407260055594), (21.4755051755503, 18.431105144109207), (21.4545005260511, 18.450886988990764), (21.433411918342085, 18.4707527942496), (21.41223935288785, 18.49070255943415), (21.390982830153884, 18.510736284091962), (21.369642350606583, 18.530853967769687), (21.348217914713217, 18.551055610013076), (21.326709522941968, 18.571341210366995), (21.305117175761904, 18.591710768375414), (21.283440873642984, 18.6121642835814), (21.261680617056072, 18.632701755527133), (21.239836406472914, 18.653323183753898), (21.21790824236616, 18.674028567802086), (21.195896125209348, 18.694817907211196), (21.17380005547691, 18.715691201519824)]",True
1783881431.8399863,0,22.050716713985963,17.97414215028655,0.8000000144696113,105.54843451270027,-0.43234195638573614,21.405327501102633,17.266973019148303,1.1200003933700617,104.78093203302043,0.3543817447547355,-0.6453892128833303,-0.7071691311382473,0.3200003789004504,-0.767502479679834,0.7867237011404716,"[(22.056658250172877, 17.907896021364817), (22.037967839569742, 17.92581796716173), (22.019193508588888, 17.943823834451116), (22.000335257669402, 17.96191362280206), (21.98139308725127, 17.980087331782755), (21.962366997775366, 17.998344960960505), (21.94325698968345, 18.016686509901724), (21.924063063418192, 18.03511197817193), (21.904785219423136, 18.053621365335744), (21.88542345814273, 18.07221467095691), (21.865977780022302, 18.09089189459826), (21.846448185508084, 18.10965303582175), (21.826834675047195, 18.128498094188437), (21.807137249087642, 18.147427069258484), (21.787355908078332, 18.16643996059117), (21.76749065246906, 18.185536767744875), (21.747541482710517, 18.204717490277083), (21.72750839925428, 18.2239821277444), (21.707391402552815, 18.243330679702527), (21.687190493059493, 18.26276314570628), (21.666905671228566, 18.28227952530958), (21.646536937515183, 18.30187981806545), (21.626084292375385, 18.321564023526037), (21.6055477362661, 18.341332141242578), (21.584927269645153, 18.361184170765434), (21.564222892971262, 18.381120111644062), (21.543434606704032, 18.40113996342703), (21.52256241130396, 18.421243725662016), (21.50160630723244, 18.44143139789581), (21.480566294951757, 18.461702979674296), (21.459442374925082, 18.482058470542484), (21.438234547616485, 18.50249787004448), (21.416942813490927, 18.5230211777235), (21.395567173014257, 18.54362839312187), (21.374107626653217, 18.564319515781026), (21.352564174875443, 18.58509454524151), (21.33093681814946, 18.60595348104297), (21.30922555694469, 18.626896322724164), (21.287430391731437, 18.647923069822955), (21.26555132298091, 18.66903372187632), (21.243588351165204, 18.690228278420342), (21.221541476757302, 18.71150673899021), (21.199410700231084, 18.732869103120223), (21.177196022061317, 18.754315370343782), (21.154897442723662, 18.77584554019341)]",True
1783881431.8965297,0,22.04386243332264,17.997142527647828,0.8000000132744002,105.54843451270027,-0.43234195638573614,21.39445963073432,17.298766591458854,1.1200002111343033,104.78093203302043,0.3543817447547355,-0.6494028025883196,-0.6983759361889739,0.3200001978599031,-0.767502479679834,0.7867237011404716,"[(22.04704689661952, 17.93909526227493), (22.028205895126806, 17.95759066354437), (22.009281027464723, 17.97616993148384), (21.990272294073094, 17.994833065657193), (21.97117969539263, 18.01358006562738), (21.95200323186494, 18.03241093095647), (21.93274290393251, 18.05132566120564), (21.91339871203873, 18.07032425593518), (21.893970656627868, 18.08940671470448), (21.874458738145087, 18.10857303707206), (21.854862957036442, 18.127823222595527), (21.83518331374887, 18.147157270831613), (21.81541980873021, 18.166575181336157), (21.795572442429176, 18.18607695366411), (21.775641215295387, 18.205662587369527), (21.755626127779337, 18.22533208200558), (21.73552718033242, 18.245085437124544), (21.71534437340691, 18.264922652277818), (21.695077707455987, 18.284843727015897), (21.674727182933704, 18.30484866088839), (21.654292800295014, 18.32493745344402), (21.633774559995754, 18.345110104230614), (21.613172462492653, 18.36536661279512), (21.592486508243326, 18.38570697868359), (21.571716697706282, 18.40613120144118), (21.550863031340928, 18.426639280612168), (21.529925509607537, 18.44723121573993), (21.508904132967295, 18.467907006366964), (21.487798901882265, 18.488666652034876), (21.466609816815406, 18.509510152284378), (21.445336878230563, 18.530437506655293), (21.42398008659247, 18.551448714686554), (21.40253944236675, 18.57254377591621), (21.381014946019917, 18.593722689881414), (21.35940659801938, 18.614985456118433), (21.33771439883343, 18.63633207416264), (21.31593834893125, 18.65776254354853), (21.294078448782912, 18.679276863809694), (21.272134698859382, 18.70087503447884), (21.25010709963251, 18.722557055087787), (21.227995651575032, 18.744322925167467), (21.205800355160584, 18.766172644247913), (21.183521210863685, 18.788106211858278), (21.161158219159745, 18.810123627526817), (21.138711380525063, 18.83222489078091)]",True
1783881431.9351678,0,22.03681441305388,18.02008409210978,0.8000000126396863,105.54843451270027,-0.43234195638573614,21.383852995814674,17.330648510581014,1.1200001143584708,104.78093203302043,0.3543817447547355,-0.6529614172392044,-0.689435581528766,0.32000010171878446,-0.767502479679834,0.7867237011404716,"[(22.044674401527296, 17.947116515011796), (22.025969102744014, 17.965360504830404), (22.007180196807038, 17.983688102467216), (21.988307684150946, 18.00209930749251), (21.969351565211202, 18.02059411947568), (21.950311840424142, 18.03917253798524), (21.93118851022699, 18.057834562588834), (21.911981575057837, 18.076580192853218), (21.89269103535567, 18.095409428344265), (21.873316891560343, 18.114322268626978), (21.853859144112594, 18.133318713265478), (21.834317793454037, 18.152398761823), (21.81469284002717, 18.171562413861917), (21.79498428427537, 18.1908096689437), (21.775192126642885, 18.210140526628955), (21.755316367574853, 18.229554986477403), (21.735357007517283, 18.24905304804789), (21.715314046917072, 18.268634710898386), (21.695187486221986, 18.288299974585968), (21.67497732588068, 18.308048838666842), (21.654683566342676, 18.32788130269634), (21.634306208058394, 18.347797366228907), (21.613845251479113, 18.367797028818114), (21.593300697057007, 18.387880290016646), (21.57267254524512, 18.408047149376316), (21.551960796497372, 18.42829760644805), (21.531165451268578, 18.448631660781906), (21.510286510014417, 18.46904931192705), (21.489323973191457, 18.48955055943178), (21.468277841257134, 18.510135402843506), (21.447148114669773, 18.530803841708764), (21.425934793888572, 18.55155587557321), (21.40463787937362, 18.572391503981617), (21.38325737158587, 18.593310726477885), (21.36179327098716, 18.61431354260503), (21.340245578040207, 18.63539995190519), (21.318614293208608, 18.656569953919625), (21.29689941695684, 18.677823548188716), (21.27510094975026, 18.699160734251965), (21.253218892055102, 18.720581511647993), (21.231253244338475, 18.742085879914544), (21.209204007068376, 18.763673838588478), (21.187071180713673, 18.78534538720578), (21.16485476574412, 18.807100525301557), (21.142554762630347, 18.82893925241004)]",True
1783881431.9921968,0,22.029282088047598,18.042870197003797,0.8000000123026232,105.54843451270027,-0.43234195638573614,21.373444428724863,17.362595293976945,1.1200000629659128,104.78093203302043,0.3543817447547355,-0.6558376593227351,-0.6802749030268522,0.3200000506632896,-0.767502479679834,0.7867237011404716,"[(22.03784898501037, 17.969688545867232), (22.01888598579478, 17.988682962703823), (21.999838902873005, 18.00776146320085), (21.98070773668952, 18.026924046913507), (21.96149248768969, 18.046170713396098), (21.942193156319778, 18.065501462202022), (21.922809743026946, 18.084916292883776), (21.903342248259257, 18.104415204992964), (21.883790672465672, 18.12399819808029), (21.864155016096046, 18.143665271695557), (21.84443527960114, 18.163416425387673), (21.82463146343261, 18.183251658704645), (21.804743568043012, 18.20317097119358), (21.7847715938858, 18.223174362400684), (21.76471554141533, 18.243261831871273), (21.744575411086856, 18.263433379149756), (21.724351203356523, 18.28368900377965), (21.70404291868138, 18.304028705303562), (21.683650557519382, 18.32445248326321), (21.66317412032937, 18.344960337199417), (21.642613607571093, 18.365552266652095), (21.62196901970519, 18.386228271160263), (21.601240357193213, 18.406988350262043), (21.5804276204976, 18.42783250349466), (21.559530810081686, 18.448760730394433), (21.538549926409715, 18.469773030496786), (21.51748496994683, 18.490869403336244), (21.49633594115906, 18.51204984844644), (21.475102840513344, 18.533314365360102), (21.45378566847752, 18.554662953609053), (21.43238442552031, 18.57609561272423), (21.410899112111355, 18.597612342235664), (21.389329728721183, 18.619213141672486), (21.36767627582122, 18.640898010562935), (21.345938753883797, 18.662666948434346), (21.324117163382137, 18.684519954813155), (21.302211504790364, 18.706457029224904), (21.2802217785835, 18.728478171194233), (21.25814798523747, 18.750583380244887), (21.235990125229097, 18.772772655899704), (21.213748199036093, 18.79504599768063), (21.19142220713708, 18.817403405108717), (21.16901215001157, 18.839844877704106), (21.146518028139983, 18.86237041498605), (21.12393984200363, 18.884980016472895)]",True
1783881432.0394206,0,22.02130665055602,18.06550616605852,0.8000000121236267,105.54843451270027,-0.43234195638573614,21.363411725951536,17.39466236752977,1.120000035674027,104.78093203302043,0.3543817447547355,-0.6578949246044843,-0.6708437985287503,0.32000002355040025,-0.767502479679834,0.7867237011404716,"[(22.03071478783087, 17.99340977017038), (22.01150511519958, 18.013170777610686), (21.992211356427553, 18.03301587038961), (21.97283351196158, 18.052945048054482), (21.953371582249336, 18.072958310151716), (21.933825567739405, 18.093055656226838), (21.914195468881264, 18.113237085824473), (21.89448128612529, 18.133502598488345), (21.874683019922763, 18.153852193761292), (21.854800670725854, 18.174285871185237), (21.834834238987636, 18.194803630301216), (21.81478372516208, 18.21540547064936), (21.79464912970405, 18.236091391768912), (21.774430453069314, 18.256861393198207), (21.754127695714537, 18.277715474474686), (21.73374085809728, 18.29865363513489), (21.713269940676007, 18.319675874714463), (21.692714943910072, 18.34078219274815), (21.67207586825974, 18.3619725887698), (21.651352714186157, 18.38324706231236), (21.63054548215138, 18.404605612907886), (21.609654172618363, 18.42604824008753), (21.588678786050956, 18.447574943381547), (21.5676193229139, 18.469185722319295), (21.546475783672843, 18.49088057642923), (21.52524816879433, 18.51265950523892), (21.503936478745807, 18.53452250827502), (21.482540713995608, 18.5564695850633), (21.46106087501297, 18.578500735128628), (21.43949696226803, 18.600615957994975), (21.417848976231827, 18.622815253185404), (21.39611691737629, 18.645098620222097), (21.374300786174246, 18.667466058626328), (21.352400583099424, 18.689917567918467), (21.33041630862645, 18.712453147618), (21.30834796323085, 18.735072797243504), (21.28619554738905, 18.757776516312667), (21.26395906157836, 18.78056430434227), (21.241638506277, 18.803436160848204), (21.21923388196409, 18.82639208534546), (21.196745189119643, 18.849432077348126), (21.174172428224573, 18.872556136369397), (21.151515599760685, 18.895764261921563), (21.12877470421069, 18.91905645351603), (21.10594974205819, 18.942432710663294)]",True
1783881432.1080222,0,22.013632641506298,18.088245879714815,0.8000000120285711,105.54843451270027,-0.43234195638573614,21.35381352899833,17.426861910490878,1.1200000211807408,104.78093203302043,0.3543817447547355,-0.659819112507968,-0.6613839692239374,0.32000000915216975,-0.767502479679834,0.7867237011404716,"[(22.018743495342967, 18.033298151968374), (21.99929662547149, 18.05393130334442), (21.97976601838242, 18.074648190226014), (21.96015167451967, 18.095448812156715), (21.940453594328023, 18.1163331686792), (21.920671778253162, 18.137301259335263), (21.90080622674164, 18.158353083665812), (21.880856940240907, 18.17948864121087), (21.860823919199284, 18.20070793150958), (21.840707164065982, 18.2220109541002), (21.820506675291096, 18.2433977085201), (21.8002224533256, 18.264868194305777), (21.779854498621354, 18.286422410992834), (21.759402811631105, 18.308060358116), (21.738867392808483, 18.329782035209107), (21.718248242607995, 18.351587441805115), (21.69754536148504, 18.373476577436097), (21.6767587498959, 18.395449441633243), (21.65588840829773, 18.417506033926852), (21.634934337148582, 18.439646353846353), (21.613896536907387, 18.46187040092028), (21.592775008033957, 18.48417817467629), (21.571569750988992, 18.506569674641153), (21.550280766234067, 18.529044900340754), (21.52890805423165, 18.551603851300104), (21.50745161544509, 18.57424652704332), (21.485911450338612, 18.59697292709364), (21.46428755937734, 18.619783050973414), (21.44257994302727, 18.642676898204115), (21.42078860175528, 18.66565446830633), (21.39891353602914, 18.688715760799756), (21.376954746317498, 18.71186077520322), (21.354912233089888, 18.735089511034655), (21.332785996816725, 18.758401967811118), (21.310576037969312, 18.78179814504877), (21.28828235701983, 18.805278042262906), (21.265904954441346, 18.82884165896792), (21.24344383070781, 18.852488994677337), (21.220898986294056, 18.87622004890379), (21.1982704216758, 18.900034821159032), (21.175558137329645, 18.92393331095393), (21.152762133733074, 18.94791551779847), (21.129882411364456, 18.971981441201756), (21.10691897070304, 18.996131080672), (21.08387181222896, 19.020364435716544)]",True
1783881432.1408644,0,22.01115304306941,18.095851874822195,0.8000000120080976,105.54843451270027,-0.43234195638573614,21.350634185920335,17.43760116770294,1.120000018059108,104.78093203302043,0.3543817447547355,-0.660518857149075,-0.6582507071192545,0.32000000605101053,-0.767502479679834,0.7867237011404716,"[(22.016362738705176, 18.041194859793496), (21.997101240172384, 18.061426147734622), (21.977756281807903, 18.08174089411588), (21.95832786404971, 18.10213909848914), (21.938815987336657, 18.122620760405397), (21.919220652108468, 18.14318587941477), (21.899541858805737, 18.16383445506651), (21.879779607869935, 18.184566486909), (21.859933899743407, 18.205381974489736), (21.840004734869364, 18.226280917355353), (21.8199921136919, 18.247263315051608), (21.799896036655976, 18.26832916712339), (21.77971650420742, 18.289478473114706), (21.75945351679295, 18.310711232568696), (21.739107074860133, 18.33202744502763), (21.71867717885743, 18.353427110032904), (21.698163829234165, 18.37491022712504), (21.67756702644053, 18.39647679584368), (21.656886770927606, 18.418126815727607), (21.636123063147334, 18.439860286314723), (21.615275903552526, 18.461677207142056), (21.594345292596874, 18.483577577745766), (21.573331230734944, 18.50556139766114), (21.552233718422166, 18.527628666422586), (21.53105275611485, 18.549779383563646), (21.509788344270174, 18.572013548616987), (21.488440483346196, 18.5943311611144), (21.467009173801838, 18.616732220586808), (21.445494416096903, 18.639216726564264), (21.42389621069206, 18.66178467857594), (21.402214558048854, 18.684436076150142), (21.380449458629702, 18.707170918814295), (21.358600912897888, 18.729989206094963), (21.33666892131758, 18.752890937517833), (21.314653484353816, 18.775876112607715), (21.2925546024725, 18.79894473088855), (21.27037227614041, 18.822096791883403), (21.248106505825202, 18.845332295114474), (21.2257572919954, 18.868651240103077), (21.203324635120403, 18.89205362636967), (21.180808535670483, 18.915539453433826), (21.158208994116784, 18.93910872081425), (21.13552601093132, 18.962761428028777), (21.112759586586982, 18.986497574594363), (21.08990972155753, 19.010317160027096)]",True
1783881432.193807,0,22.00384438009299,18.118711810706053,0.8000000119672196,105.54843451270027,-0.43234195638573614,21.34114608570588,17.469833668536985,1.120000011826383,104.78093203302043,0.3543817447547355,-0.6626982943871091,-0.6488781421690675,0.3199999998591635,-0.767502479679834,0.7867237011404716,"[(22.014113644837042, 18.048428797948997), (21.995023853207183, 18.068247743910174), (21.975850595120093, 18.08815015528164), (21.95659387101227, 18.108136031619257), (21.937253681321078, 18.12820537247802), (21.917830026484754, 18.14835817741205), (21.898322906942415, 18.16859444597459), (21.878732323134052, 18.188914177718022), (21.859058275500523, 18.209317372193837), (21.839300764483564, 18.22980402895266), (21.819459790525784, 18.25037414754425), (21.799535354070667, 18.271027727517478), (21.77952745556256, 18.291764768420354), (21.759436095446702, 18.312585269800007), (21.739261274169195, 18.333489231202694), (21.71900299217701, 18.3544766521738), (21.698661249918, 18.375547532257844), (21.67823604784089, 18.396701870998452), (21.657727386395273, 18.417939667938395), (21.63713526603162, 18.43926092261956), (21.616459687201278, 18.46066563458297), (21.59570065035646, 18.48215380336876), (21.574858155950256, 18.50372542851621), (21.553932204436634, 18.525380509563707), (21.532922796270434, 18.54711904604878), (21.51182993190736, 18.568941037508083), (21.490653611804003, 18.59084648347739), (21.46939383641782, 18.6128353834916), (21.448050606207136, 18.634907737084742), (21.426623921631162, 18.65706354378998), (21.405113783149975, 18.679302803139592), (21.383520191224527, 18.701625514664986), (21.361843146316644, 18.724031677896704), (21.340082648889023, 18.746521292364402), (21.318238699405235, 18.769094357596877), (21.29631129832973, 18.791750873122037), (21.27430044612782, 18.81449083846693), (21.252206143265703, 18.83731425315773), (21.23002839021044, 18.86022111671972), (21.207767187429972, 18.88321142867734), (21.185422535393112, 18.906285188554122), (21.162994434569544, 18.929442395872755), (21.140482885429826, 18.952683050155038), (21.117887888445388, 18.9760071509219), (21.09520944408854, 18.9994146976934)]",True
1783881432.2366018,0,21.99888182386973,18.133922726721032,0.8000000119512852,105.54843451270027,-0.43234195638573614,21.334870009727652,17.491336450689705,1.1200000093968465,104.97878573946498,0.3449348532453406,-0.6640118141420785,-0.6425862760313272,0.3199999974455613,-0.5696487732352864,0.7772768096310767,"[(22.009157736012437, 18.06309245077757), (21.990002906144106, 18.08302869970921), (21.97076432047898, 18.103048703308332), (21.951441979458586, 18.123152461125137), (21.93203588352534, 18.143339972708944), (21.91254603312254, 18.163611237608187), (21.892972428694367, 18.183966255370414), (21.873315070685894, 18.20440502554229), (21.853573959543073, 18.224927547669584), (21.833749095712744, 18.245533821297194), (21.813840479642636, 18.266223845969122), (21.79384811178135, 18.28699762122849), (21.773771992578393, 18.307855146617538), (21.753612122484142, 18.328796421677612), (21.73336850194986, 18.34982144594918), (21.71304113142771, 18.370930218971818), (21.692630011370714, 18.39212274028423), (21.672135142232804, 18.413399009424214), (21.651556524468784, 18.434759025928702), (21.63089415853435, 18.45620278933373), (21.610148044886074, 18.477730299174453), (21.589318183981426, 18.499341554985143), (21.56840457627875, 18.52103655629918), (21.54740722223728, 18.542815302649064), (21.526326122317133, 18.564677793566407), (21.50516127697932, 18.586624028581937), (21.483912686685724, 18.608654007225496), (21.462580351899124, 18.630767729026044), (21.441164273083178, 18.652965193511655), (21.419664450702427, 18.675246400209513), (21.398080885222306, 18.69761134864592), (21.376413577109126, 18.7200600383463), (21.35466252683009, 18.74259246883518), (21.332827734853282, 18.76520863963621), (21.31090920164767, 18.78790855027215), (21.288906927683115, 18.810692200264878), (21.266820913430355, 18.833559589135383), (21.244651159361013, 18.85651071640378), (21.222397665947604, 18.87954558158928), (21.200060433663523, 18.902664184210227), (21.177639462983052, 18.92586652378407), (21.155134754381354, 18.949152599827375), (21.132546308334483, 18.972522411855827), (21.109874125319376, 18.99597595938422), (21.08711820581385, 19.019513241926468)]",True
1783881432.2876668,0,21.991579982484474,18.156784833744478,0.8000000119370496,105.54843451270027,-0.43234195638573614,21.325554993301346,17.52361938089904,1.1200000072263112,104.97878573946498,0.3449348532453406,-0.6660249891831285,-0.6331654528454393,0.3199999952892616,-0.5696487732352864,0.7772768096310767,"[(22.009157736012437, 18.06309245077757), (21.990002906144106, 18.08302869970921), (21.97076432047898, 18.103048703308332), (21.951441979458586, 18.123152461125137), (21.93203588352534, 18.143339972708944), (21.91254603312254, 18.163611237608187), (21.892972428694367, 18.183966255370414), (21.873315070685894, 18.20440502554229), (21.853573959543073, 18.224927547669584), (21.833749095712744, 18.245533821297194), (21.813840479642636, 18.266223845969122), (21.79384811178135, 18.28699762122849), (21.773771992578393, 18.307855146617538), (21.753612122484142, 18.328796421677612), (21.73336850194986, 18.34982144594918), (21.71304113142771, 18.370930218971818), (21.692630011370714, 18.39212274028423), (21.672135142232804, 18.413399009424214), (21.651556524468784, 18.434759025928702), (21.63089415853435, 18.45620278933373), (21.610148044886074, 18.477730299174453), (21.589318183981426, 18.499341554985143), (21.56840457627875, 18.52103655629918), (21.54740722223728, 18.542815302649064), (21.526326122317133, 18.564677793566407), (21.50516127697932, 18.586624028581937), (21.483912686685724, 18.608654007225496), (21.462580351899124, 18.630767729026044), (21.441164273083178, 18.652965193511655), (21.419664450702427, 18.675246400209513), (21.398080885222306, 18.69761134864592), (21.376413577109126, 18.7200600383463), (21.35466252683009, 18.74259246883518), (21.332827734853282, 18.76520863963621), (21.31090920164767, 18.78790855027215), (21.288906927683115, 18.810692200264878), (21.266820913430355, 18.833559589135383), (21.244651159361013, 18.85651071640378), (21.222397665947604, 18.87954558158928), (21.200060433663523, 18.902664184210227), (21.177639462983052, 18.92586652378407), (21.155134754381354, 18.949152599827375), (21.132546308334483, 18.972522411855827), (21.109874125319376, 18.99597595938422), (21.08711820581385, 19.019513241926468)]",True
1783881432.3360517,0,21.986658715436004,18.172009153579726,0.8000000119315005,105.54843451270027,-0.43234195638573614,21.319424182376412,17.545164047118412,1.1200000063802296,104.97878573946498,0.3449348532453406,-0.6672345330595917,-0.6268451064613139,0.31999999444872906,-0.5696487732352864,0.7772768096310767,"[(21.99043534239949, 18.11751951833506), (21.970870221563736, 18.138394861155366), (21.95122157576183, 18.159353727061063), (21.931489405435443, 18.18039611559676), (21.911673711027106, 18.201522026306183), (21.89177449298024, 18.222731458732177), (21.87179175173913, 18.244024412416728), (21.851725487748944, 18.265400886900935), (21.831575701455716, 18.286860881725026), (21.81134239330636, 18.308404396428358), (21.791025563748665, 18.330031430549408), (21.77062521323129, 18.35174198362578), (21.750141342203776, 18.373536055194208), (21.729573951116528, 18.395413644790544), (21.708923040420835, 18.417374751949772), (21.688188610568858, 18.439419376206), (21.667370662013628, 18.461547517092463), (21.646469195209058, 18.483759174141515), (21.62548421060993, 18.50605434688464), (21.604415708671898, 18.528433034852448), (21.5832636898515, 18.55089523757468), (21.562028154606136, 18.573440954580185), (21.540709103394093, 18.596070185396957), (21.519306536674527, 18.61878292955211), (21.497820454907465, 18.641579186571878), (21.47625085855381, 18.664458955981626), (21.454597748075347, 18.68742223730584), (21.432861123934725, 18.710469030068136), (21.411040986595474, 18.733599333791254), (21.389137336521994, 18.756813147997057), (21.367150174179564, 18.780110472206545), (21.345079500034334, 18.80349130593983), (21.32292531455333, 18.82695564871615), (21.30068761820445, 18.85050350005388), (21.27836641145647, 18.87413485947051), (21.255961694779035, 18.89784972648266), (21.233473468642675, 18.92164810060608), (21.210901733518778, 18.94552998135564), (21.188246489879624, 18.969495368245337), (21.165507738198357, 18.99354426078829), (21.142685478948994, 19.017676658496754), (21.11977971260643, 19.0418925608821), (21.096790439646437, 19.066191967454827), (21.073717660545654, 19.09057487772456), (21.0505613757816, 19.11504129120005)]",True
1783881432.3939316,0,21.97947802054046,18.194909687479203,0.8000000119265429,105.54843451270027,-0.43234195638573614,21.31034930195298,17.577515298787453,1.1200000056243447,104.97878573946498,0.3449348532453406,-0.6691287185874799,-0.6173943886917499,0.31999999369780174,-0.5696487732352864,0.7772768096310767,"[(21.98815969734689, 18.12484585250728), (21.968792227257495, 18.145269442774612), (21.949341321787546, 18.165776466907513), (21.929806981375872, 18.186366924456102), (21.91018920646218, 18.207040814969623), (21.89048799748705, 18.22779813799645), (21.87070335489192, 18.248638893084088), (21.850835279119114, 18.26956307977916), (21.830883770611827, 18.29057069762743), (21.81084882981412, 18.311661746173783), (21.790730457170927, 18.33283622496223), (21.770528653128057, 18.35409413353591), (21.750243418132193, 18.375435471437093), (21.729874752630884, 18.396860238207182), (21.709422657072558, 18.4183684333867), (21.688887131906508, 18.4399600565153), (21.668268177582902, 18.461635107131762), (21.647565794552783, 18.483393584774), (21.62677998326806, 18.505235488979043), (21.605910744181525, 18.52716081928306), (21.584958077746826, 18.54916957522135), (21.563921984418496, 18.571261756328326), (21.54280246465193, 18.593437362137543), (21.521599518903407, 18.615696392181675), (21.50031314763007, 18.63803884599253), (21.478943351289935, 18.66046472310104), (21.45749013034189, 18.682974023037268), (21.435953485245694, 18.7055667453304), (21.414333416461982, 18.72824288950876), (21.392629924452258, 18.75100245509979), (21.370843009678897, 18.77384544163007), (21.348972672605147, 18.796771848625294), (21.32701891369513, 18.819781675610297), (21.30498173341384, 18.842874922109033), (21.282861132227136, 18.86605158764459), (21.26065711060176, 18.88931167173919), (21.238369669005312, 18.912655173914168), (21.215998807906278, 18.936082093689997), (21.19354452777401, 18.959592430586277), (21.171006829078728, 18.983186184121735), (21.14838571229153, 19.006863353814225), (21.125681177884385, 19.03062393918073), (21.102893226330128, 19.054467939737368), (21.080021858102473, 19.078395354999373), (21.057067073676002, 19.10240618448111)]",True
1783881432.4442084,0,21.97249999061536,18.217872194877817,0.8000000119239102,105.54843451270027,-0.43234195638573614,21.30140009493288,17.60990154034175,1.120000005222934,104.97878573946498,0.3449348532453406,-0.671099895682481,-0.6079706545360679,0.31999999329902373,-0.5696487732352864,0.7772768096310767,"[(21.975981028276127, 18.16262210469432), (21.95672621300173, 18.18282518955932), (21.937387900435276, 18.203111770354248), (21.917966091015334, 18.223481846630587), (21.898460785181342, 18.243935417938957), (21.87887198337362, 18.264472483829092), (21.859199686033364, 18.28509304384986), (21.83944389360264, 18.30579709754925), (21.819604606524386, 18.326584644474373), (21.799681825242423, 18.347455684171475), (21.77967555020144, 18.368410216185918), (21.759585781847, 18.389448240062197), (21.73941252062555, 18.41056975534393), (21.7191557669844, 18.431774761573855), (21.69881552137174, 18.453063258293845), (21.67839178423663, 18.47443524504489), (21.657884556029014, 18.49589072136711), (21.6372938371997, 18.517429686799755), (21.61661962820038, 18.53905214088119), (21.59586192948361, 18.56075808314891), (21.575020741502833, 18.582547513139538), (21.554096064712354, 18.60442043038882), (21.53308789956736, 18.626376834431632), (21.51199624652391, 18.64841672480197), (21.490821106038943, 18.670540101032955), (21.46956247857026, 18.69274696265684), (21.44822036457655, 18.715037309204998), (21.426794764517368, 18.73741114020793), (21.405285678853147, 18.759868455195257), (21.38369310804519, 18.78240925369574), (21.362017052555682, 18.80503353523725), (21.34025751284768, 18.82774129934679), (21.318414489385106, 18.85053254555049), (21.296487982632772, 18.8734072733736), (21.27447799305635, 18.89636548234051), (21.252384521122398, 18.91940717197472), (21.23020756729834, 18.942532341798856), (21.20794713205248, 18.965740991334677), (21.185603215853995, 18.989033120103066), (21.16317581917293, 19.012408727624038), (21.140664942480214, 19.03586781341672), (21.118070586247644, 19.05941037699937), (21.095392750947894, 19.083036417889375), (21.072631437054515, 19.106745935603247), (21.049786645041923, 19.130538929656623)]",True
1783881432.488999,0,21.968172566934275,18.23327582894547,0.8000000119228841,105.54843451270027,-0.43234195638573614,21.295515590841774,17.631514779142236,1.1200000050664627,104.97878573946498,0.3449348532453406,-0.672656976092501,-0.6017610498032333,0.31999999314357863,-0.5696487732352864,0.7772768096310767,"[(21.973733253740527, 18.169853517018147), (21.954649241816615, 18.18964617987937), (21.9354817260529, 18.20952234556182), (21.916230706886466, 18.22948201362096), (21.896896184755278, 18.249525183611397), (21.877478160098175, 18.269651855086853), (21.857976633354873, 18.289862027600176), (21.838391604965963, 18.31015570070334), (21.818723075372912, 18.330532873947444), (21.798971045018057, 18.350993546882712), (21.77913551434462, 18.371537719058495), (21.75921648379669, 18.392165390023262), (21.739213953819227, 18.41287655932461), (21.719127924858086, 18.43367122650926), (21.698958397359977, 18.454549391123066), (21.67870537177249, 18.475511052710996), (21.6583688485441, 18.496556210817143), (21.637948828124145, 18.517684864984734), (21.617445310962843, 18.538897014756113), (21.596858297511286, 18.56019265967275), (21.576187788221446, 18.581571799275245), (21.555433783546164, 18.603034433103318), (21.534596283939162, 18.624580560695815), (21.513675289855033, 18.646210181590703), (21.492670801749245, 18.66792329532508), (21.471582820078144, 18.68971990143517), (21.45041134529895, 18.71159999945631), (21.429156377869756, 18.73356358892298), (21.40781791824953, 18.755610669368767), (21.386395966898124, 18.777741240326396), (21.36489052427625, 18.799955301327707), (21.343301590845506, 18.822252851903674), (21.321629167068366, 18.84463389158439), (21.29987325340817, 18.867098419899076), (21.27803385032914, 18.889646436376072), (21.256110958296375, 18.912277940542854), (21.23410457777584, 18.934992931926015), (21.21201470923439, 18.95779141005127), (21.189841353139734, 18.98067337444347), (21.167584509960477, 19.00363882462658), (21.145244180166085, 19.026687760123696), (21.122820364226904, 19.04982018045704), (21.100313062614156, 19.07303608514795), (21.07772227579994, 19.096335473716902), (21.055048004257223, 19.119718345683488)]",True
1783881432.53723,0,21.961606549932938,18.256360108371872,0.8000000119219672,105.54843451270027,-0.43234195638573614,21.286811482289885,17.663967751533193,1.120000004926672,104.97878573946498,0.3449348532453406,-0.6747950676430534,-0.5923923568386797,0.31999999300470483,-0.5696487732352864,0.7772768096310767,"[(21.968990646189337, 18.184588038669897), (21.949856282972775, 18.204503597079913), (21.930638134038524, 18.224502940077578), (21.91133619982846, 18.24458606721274), (21.89195048078535, 18.264752978034362), (21.872480977352836, 18.285003672090514), (21.852927689975456, 18.30533814892839), (21.833290619098637, 18.325756408094282), (21.813569765168683, 18.346258449133614), (21.793765128632792, 18.366844271590907), (21.773876709939042, 18.387513875009805), (21.753904509536408, 18.408267258933062), (21.733848527874745, 18.429104422902547), (21.713708765404792, 18.450025366459236), (21.693485222578186, 18.47103008914323), (21.673177899847435, 18.492118590493728), (21.65278679766595, 18.513290870049055), (21.632311916488014, 18.534546927346646), (21.611753256768807, 18.55588676192305), (21.591110818964392, 18.577310373313917), (21.570384603531714, 18.598817761054036), (21.549574610928616, 18.620408924677285), (21.528680841613816, 18.642083863716667), (21.50770329604693, 18.663842577704298), (21.486641974688446, 18.685685066171402), (21.465496877999755, 18.707611328648323), (21.44426800644312, 18.729621364664517), (21.422955360481705, 18.751715173748547), (21.401558940579548, 18.773892755428097), (21.380078747201576, 18.796154109229963), (21.35851478081361, 18.81849923468005), (21.33686704188235, 18.84092813130338), (21.315135530875388, 18.86344079862409), (21.293320248261196, 18.886037236165425), (21.271421194509138, 18.908717443449753), (21.249438370089464, 18.931481419998544), (21.227371775473312, 18.954329165332386), (21.205221411132698, 18.977260678970985), (21.182987277540533, 19.000275960433154), (21.160669375170617, 19.023375009236826), (21.138267704497625, 19.04655782489904), (21.11578226599713, 19.069824406935954), (21.093213060145583, 19.09317475486284), (21.070560087420326, 19.116608868194078), (21.04782334829959, 19.14012674644317)]",True
1783881432.586633,0,21.95251918055791,18.287042599898406,0.8000000119213755,105.54843451270027,-0.43234195638573614,21.275264704780007,17.7072538336915,1.1200000048364473,104.97878573946498,0.3449348532453406,-0.6772544757779038,-0.5797887662069066,0.31999999291507186,-0.5696487732352864,0.7772768096310767,"[(21.96166122206543, 18.207809307403846), (21.942635811836563, 18.22751061177068), (21.923526837480058, 18.24729547929248), (21.904334299433216, 18.267163909524832), (21.88505819813423, 18.287115902022446), (21.865698534022165, 18.307151456339156), (21.84625530753696, 18.327270572027906), (21.826728519119435, 18.347473248640778), (21.807118169211286, 18.367759485728968), (21.787424258255086, 18.38812928284279), (21.767646786694293, 18.408582639531694), (21.747785754973233, 18.42911955534424), (21.727841163537114, 18.449740029828117), (21.707813012832023, 18.470444062530134), (21.68770130330492, 18.491231652996223), (21.667506035403644, 18.512102800771437), (21.64722720957691, 18.53305750539996), (21.62686482627432, 18.554095766425082), (21.606418885946347, 18.575217583389232), (21.585889389044336, 18.596422955833955), (21.565276336020517, 18.61771188329991), (21.544579727327992, 18.639084365326898), (21.523799563420745, 18.660540401453822), (21.502935844753637, 18.68207999121872), (21.481988571782406, 18.703703134158754), (21.460957744963668, 18.7254098298102), (21.439843364754914, 18.747200077708463), (21.418645431614515, 18.769073877388067), (21.397363946001715, 18.791031228382653), (21.37599890837664, 18.813072130225), (21.354550319200293, 18.835196582446997), (21.33301817893455, 18.857404584579662), (21.311402488042177, 18.879696136153132), (21.289703246986797, 18.902071236696667), (21.267920456232932, 18.924529885738654), (21.246054116245965, 18.947072082806596), (21.224104227492163, 18.969697827427122), (21.202070790438672, 18.992407119125982), (21.179953805553513, 19.01519995742805), (21.157753273305588, 19.038076341857327), (21.135469194164667, 19.061036271936928), (21.113101568601405, 19.084079747189097), (21.090650397087334, 19.1072067671352), (21.068115680094863, 19.13041733129572), (21.045497418097273, 19.153711439190275)]",True
1783881432.7350411,0,21.945459663105563,18.309980614183818,0.8000000119211661,105.54843451270027,-0.43234195638573614,21.265803709894165,17.739493411397632,1.1200000048045229,104.97878573946498,0.3449348532453406,-0.6796559532113982,-0.570487202786186,0.3199999928833568,-0.5696487732352864,0.7772768096310767,"[(21.952402441308678, 18.23779945699502), (21.93294425769466, 18.258654150918222), (21.91340177489306, 18.279593141986314), (21.893774993356864, 18.30061642973126), (21.874063913539977, 18.321724013684104), (21.85426853589721, 18.34291589337499), (21.83438886088427, 18.364192068333146), (21.814424888957788, 18.385552538086902), (21.794376620575292, 18.406997302163678), (21.774244056195222, 18.42852636008998), (21.754027196276922, 18.45013971139141), (21.733726041280647, 18.471837355592672), (21.713340591667556, 18.493619292217552), (21.692870847899716, 18.51548552078893), (21.67231681044011, 18.537436040828776), (21.65167847975261, 18.55947085185816), (21.63095585630202, 18.581589953397238), (21.610148940554026, 18.603793344965265), (21.589257732975245, 18.626081026080584), (21.568282234033184, 18.64845299626063), (21.547222444196265, 18.670909255021932), (21.52607836393382, 18.693449801880114), (21.504849993716082, 18.716074636349884), (21.483537334014194, 18.73878375794505), (21.46214038530021, 18.761577166178515), (21.440659148047082, 18.78445486056227), (21.419093622728678, 18.807416840607402), (21.397443809819773, 18.830463105824084), (21.37570970979605, 18.853593655721586), (21.35389132313409, 18.876808489808273), (21.331988650311395, 18.9001076075916), (21.310001691806367, 18.923491008578115), (21.287930448098315, 18.94695869227346), (21.265774919667454, 18.97051065818236), (21.24353510699491, 18.99414690580865), (21.221211010562715, 19.017867434655248), (21.198802630853812, 19.041672244224163), (21.176309968352047, 19.065561334016497), (21.153733023542173, 19.08953470353245), (21.13107179690985, 19.113592352271315), (21.10832628894165, 19.13773427973147), (21.08549650012505, 19.161960485410386), (21.06258243094843, 19.18627096880464), (21.039584081901086, 19.210665729409886), (21.01650145347321, 19.23514476672088)]",True
1783881432.787592,0,21.908719472473397,18.432592330420523,0.8000000119209371,105.94421260576246,-0.438069870545657,21.21299190521749,17.910732566741984,1.1200000047696081,104.97878573946498,0.3449348532453406,-0.6957275672559078,-0.5218597636785383,0.3199999928486711,-0.9654268662974772,0.7830047237909976,"[(21.91165466122718, 18.374039007734257), (21.89091928546052, 18.398552446863693), (21.87010060597605, 18.423149184341007), (21.84919862322209, 18.447829219678766), (21.828213337647824, 18.47259255238868), (21.807144749703298, 18.49743918198159), (21.78599285983941, 18.522369107967485), (21.76475766850793, 18.54738232985548), (21.74343917616148, 18.572478847153842), (21.722037383253557, 18.59765865936997), (21.70055229023851, 18.622921766010403), (21.678983897571545, 18.64826816658082), (21.65733220570874, 18.673697860586035), (21.635597215107026, 18.69921084753), (21.6137789262242, 18.724807126915817), (21.59187733951892, 18.750486698245712), (21.569892455450706, 18.776249561021057), (21.547824274479936, 18.802095714742364), (21.525672797067852, 18.82802515890928), (21.50343802367656, 18.854037893020596), (21.48111995476902, 18.880133916574238), (21.45871859080906, 18.90631322906727), (21.436233932261366, 18.932575829995894), (21.413665979591485, 18.958921718855457), (21.391014733265827, 18.98535089514044), (21.368280193751662, 19.011863358344463), (21.345462361517125, 19.038459107960286), (21.322561237031206, 19.065138143479807), (21.29957682076376, 19.091900464394065), (21.276509113185508, 19.118746070193232), (21.253358114768023, 19.14567496036663), (21.230123825983746, 19.172687134402707), (21.206806247305977, 19.19978259178906), (21.183405379208875, 19.22696133201242), (21.159921222167466, 19.254223354558654), (21.136353776657625, 19.281568658912775), (21.112703043156106, 19.30899724455893), (21.08896902214051, 19.336509110980412), (21.06515171408931, 19.364104257659644), (21.041251119481828, 19.39178268407819), (21.017267238798254, 19.41954438971676), (20.993200072519645, 19.447389374055188), (20.96904962112791, 19.475317636572463), (20.94481588510582, 19.503329176746707), (20.920498864937013, 19.531423994055178)]",True
1783881432.843581,0,21.901856941940313,18.45558996028971,0.8000000119209333,105.94421260576246,-0.438069870545657,21.203723238134256,17.943028552482694,1.1200000047690282,104.97878573946498,0.3449348532453406,-0.6981337038060573,-0.5125614078070164,0.3199999928480949,-0.9654268662974772,0.7830047237909976,"[(21.905434105401437, 18.395447130899157), (21.8851275733019, 18.419067882663395), (21.86473755487393, 18.44277211599684), (21.84426405056693, 18.46655983041534), (21.82370706083119, 18.490431025433875), (21.803066586117865, 18.51438570056655), (21.78234262687899, 18.538423855326595), (21.76153518356747, 18.562545489226373), (21.740644256637086, 18.58675060177736), (21.71966984654249, 18.611039192490168), (21.698611953739217, 18.63541126087453), (21.677470578683664, 18.65986680643931), (21.65624572183311, 18.684405828692498), (21.634937383645706, 18.7090283271412), (21.613545564580477, 18.733734301291666), (21.592070265097323, 18.758523750649253), (21.570511485657015, 18.783396674718453), (21.5488692267212, 18.808353073002888), (21.527143488752404, 18.8333929450053), (21.505334272214018, 18.85851629022756), (21.48344157757031, 18.883723108170663), (21.461465405286425, 18.909013398334732), (21.43940575582838, 18.934387160219018), (21.417262629663064, 18.959844393321895), (21.395036027258246, 18.985385097140863), (21.372725949082565, 19.01100927117255), (21.350332395605527, 19.03671691491271), (21.327855367297524, 19.06250802785622), (21.305294864629815, 19.088382609497096), (21.282650888074535, 19.11434065932846), (21.259923438104693, 19.14038217684257), (21.237112515194173, 19.16650716153082), (21.214218119817726, 19.19271561288371), (21.19124025245099, 19.219007530390883), (21.16817891357046, 19.245382913541107), (21.145034103653522, 19.271841761822266), (21.121805823178423, 19.298384074721376), (21.098494072624288, 19.32500985172458), (21.075098852471122, 19.351719092317147), (21.051620163199797, 19.378511795983474), (21.028058005292056, 19.405387962207083), (21.004412379230523, 19.43234759047062), (20.980683285498692, 19.45939068025586), (20.956870724580934, 19.486517231043702), (20.93297469696249, 19.51372724231417)]",True
1783881432.9114203,0,21.89003295452288,18.493802314073193,0.8000000119209305,105.94421260576246,-0.438069870545657,21.188873191731563,17.997023476574434,1.1200000047686,104.97878573946498,0.3449348532453406,-0.7011597627913169,-0.4967788374987592,0.31999999284766956,-0.9654268662974772,0.7830047237909976,"[(21.90327956135547, 18.403028169410565), (21.883242956580148, 18.426028266399587), (21.86312303772295, 18.44911167323309), (21.842919805227645, 18.472278389436443), (21.822633259538872, 18.495528414534142), (21.802263401102135, 18.51886174804982), (21.781810230363803, 18.54227838950624), (21.76127374777111, 18.5657783384253), (21.740653953772163, 18.589361594328036), (21.719950848815934, 18.613028156734607), (21.699164433352255, 18.636778025164315), (21.67829470783183, 18.66061119913559), (21.657341672706234, 18.684527678165995), (21.636305328427902, 18.70852746177223), (21.615185675450135, 18.73261054947013), (21.59398271422711, 18.756776940774657), (21.57269644521386, 18.78102663519991), (21.55132686886629, 18.80535963225912), (21.529873985641174, 18.829775931464653), (21.508337795996148, 18.854275532328003), (21.486718300389715, 18.87885843435981), (21.465015499281247, 18.903524637069836), (21.443229393130984, 18.928274139966977), (21.42135998240003, 18.95310694255927), (21.39940726755036, 18.97802304435388), (21.377371249044803, 19.003022444857102), (21.35525192734707, 19.028105143574372), (21.33304930292173, 19.05327114001026), (21.31076337623422, 19.078520433668462), (21.288394147750846, 19.10385302405181), (21.265941617938783, 19.129268910662272), (21.243405787266067, 19.15476809300095), (21.2207866562016, 19.180350570568073), (21.19808422521515, 19.206016342863016), (21.175298494777362, 19.231765409384273), (21.152429465359738, 19.25759776962948), (21.129477137434648, 19.283513423095407), (21.10644151147533, 19.309512369277954), (21.08332258795589, 19.335594607672157), (21.060120367351292, 19.36176013777218), (21.036834850137378, 19.38800895907133), (21.013466036790852, 19.41434107106204), (20.990013927789285, 19.440756473235883), (20.966478523611112, 19.467255165083557), (20.94285982473564, 19.493837146094904)]",True
1783881432.9641771,0,21.885439778923537,18.509128822260628,0.80000001192093,105.94421260576246,-0.438069870545657,21.1828604280908,18.018601380487407,1.1200000047685215,104.97878573946498,0.3449348532453406,-0.7025793508327354,-0.49052744177322083,0.3199999928475915,-0.9654268662974772,0.7830047237909976,"[(21.90327956135547, 18.403028169410565), (21.883242956580148, 18.426028266399587), (21.86312303772295, 18.44911167323309), (21.842919805227645, 18.472278389436443), (21.822633259538872, 18.495528414534142), (21.802263401102135, 18.51886174804982), (21.781810230363803, 18.54227838950624), (21.76127374777111, 18.5657783384253), (21.740653953772163, 18.589361594328036), (21.719950848815934, 18.613028156734607), (21.699164433352255, 18.636778025164315), (21.67829470783183, 18.66061119913559), (21.657341672706234, 18.684527678165995), (21.636305328427902, 18.70852746177223), (21.615185675450135, 18.73261054947013), (21.59398271422711, 18.756776940774657), (21.57269644521386, 18.78102663519991), (21.55132686886629, 18.80535963225912), (21.529873985641174, 18.829775931464653), (21.508337795996148, 18.854275532328003), (21.486718300389715, 18.87885843435981), (21.465015499281247, 18.903524637069836), (21.443229393130984, 18.928274139966977), (21.42135998240003, 18.95310694255927), (21.39940726755036, 18.97802304435388), (21.377371249044803, 19.003022444857102), (21.35525192734707, 19.028105143574372), (21.33304930292173, 19.05327114001026), (21.31076337623422, 19.078520433668462), (21.288394147750846, 19.10385302405181), (21.265941617938783, 19.129268910662272), (21.243405787266067, 19.15476809300095), (21.2207866562016, 19.180350570568073), (21.19808422521515, 19.206016342863016), (21.175298494777362, 19.231765409384273), (21.152429465359738, 19.25759776962948), (21.129477137434648, 19.283513423095407), (21.10644151147533, 19.309512369277954), (21.08332258795589, 19.335594607672157), (21.060120367351292, 19.36176013777218), (21.036834850137378, 19.38800895907133), (21.013466036790852, 19.41434107106204), (20.990013927789285, 19.440756473235883), (20.966478523611112, 19.467255165083557), (20.94285982473564, 19.493837146094904)]",True
1783881432.9947574,0,21.883174550158238,18.51680140929693,0.8000000119209297,105.94421260576246,-0.438069870545657,21.17982528922219,18.029382280213465,1.120000004768493,104.97878573946498,0.3449348532453406,-0.7033492609360472,-0.48741912908346663,0.3199999928475633,-0.9654268662974772,0.7830047237909976,"[(21.88983531549266, 18.44801742562629), (21.869088738653733, 18.472961239840988), (21.8482575886042, 18.497989621097556), (21.82734186581468, 18.52310256887977), (21.80634157075672, 18.548300082670497), (21.785256703902782, 18.573582161951673), (21.764087265726236, 18.598948806204326), (21.74283325670138, 18.62440001490856), (21.721494677303426, 18.64993578754357), (21.7000715280085, 18.675556123587626), (21.678563809293657, 18.70126102251808), (21.656971521636855, 18.727050483811368), (21.63529466551698, 18.752924506943014), (21.613533241413837, 18.77888309138762), (21.59168724980814, 18.80492623661887), (21.569756691181524, 18.831053942109524), (21.54774156601655, 18.85726620733144), (21.525641874796687, 18.883563031755543), (21.503457618006323, 18.909944414851854), (21.481188796130766, 18.936410356089464), (21.458835409656242, 18.962960854936558), (21.43639745906989, 18.989595910860395), (21.413874944859778, 19.016315523327318), (21.391267867514873, 19.043119691802758), (21.36857622752508, 19.07000841575122), (21.345800025381205, 19.0969816946363), (21.322939261574987, 19.12403952792067), (21.29999393659907, 19.151181915066086), (21.27696405094702, 19.17840885553339), (21.253849605113317, 19.205720348782506), (21.230650599593368, 19.23311639427244), (21.207367034883493, 19.260596991461277), (21.183998911480924, 19.28816213980619), (21.160546229883813, 19.315811838763427), (21.137008990591237, 19.343546087788326), (21.113387194103186, 19.371364886335307), (21.08968084092056, 19.39926823385787), (21.065889931545193, 19.4272561298086), (21.042014466479817, 19.455328573639164), (21.018054446228096, 19.483485564800308), (20.994009871294608, 19.51172710274186), (20.969880742184845, 19.540053186912743), (20.94566705940522, 19.56846381676095), (20.921368823463062, 19.596958991733565), (20.89698603486662, 19.625538711276747)]",True
1783881433.0427833,0,21.87867600897645,18.532155896706062,0.8000000119209295,105.94421260576246,-0.438069870545657,21.17375406212769,18.050943809076774,1.1200000047684513,104.97878573946498,0.3449348532453406,-0.70492194684876,-0.481212087629288,0.3199999928475218,-0.9654268662974772,0.7830047237909976,"[(21.882442881153295, 18.47318863481658), (21.86159810617878, 18.49858228204263), (21.84066950669247, 18.524059747214725), (21.819657083153583, 18.54962102982553), (21.798560836022215, 18.575266129366835), (21.77738076575936, 18.60099504532953), (21.75611687282689, 18.626807777203634), (21.734769157687566, 18.652704324478275), (21.713337620805028, 18.678684686641695), (21.69182226264381, 18.70474886318125), (21.670223083669327, 18.730896853583413), (21.648540084347882, 18.75712865733377), (21.62677326514666, 18.78344427391702), (21.604922626533735, 18.809843702816984), (21.582988168978066, 18.83632694351659), (21.560969892949498, 18.862893995497878), (21.538867798918755, 18.88954485824201), (21.516681887357457, 18.916279531229264), (21.494412158738104, 18.943098013939025), (21.47205861353408, 18.970000305849798), (21.44962125221966, 18.9969864064392), (21.42710007527, 19.024056315183962), (21.40449508316114, 19.051210031559936), (21.38180627637001, 19.078447555042082), (21.35903365537442, 19.10576888510448), (21.336177220653077, 19.13317402122032), (21.313236972685562, 19.16066296286191), (21.29021291195234, 19.188235709500667), (21.267105038934776, 19.215892260607127), (21.243913354115108, 19.24363261565094), (21.22063785797646, 19.27145677410088), (21.197278551002842, 19.299364735424817), (21.17383543367916, 19.32735649908975), (21.150308506491186, 19.35543206456179), (21.126697769925595, 19.383591431306158), (21.10300322446994, 19.4118345987872), (21.079224870612663, 19.440161566468362), (21.055362708843084, 19.468572333812215), (21.031416739651416, 19.497066900280448), (21.007386963528752, 19.525645265333857), (20.983273380967074, 19.554307428432356), (20.959075992459248, 19.58305338903497), (20.934794798499023, 19.611883146599844), (20.910429799581042, 19.640796700584236), (20.885980996200825, 19.66979405044452)]",True
1783881433.0859878,0,21.870474469848077,18.563085878274503,0.8000000119209292,105.94421260576246,-0.438069870545657,21.16161949908573,18.094069092478158,1.120000004768406,104.97878573946498,0.3449348532453406,-0.7088549707623457,-0.4690167857963452,0.3199999928474768,-0.9654268662974772,0.7830047237909976,"[(21.87285417411094, 18.50476227482007), (21.85223340581879, 18.529744915502395), (21.83152943027159, 18.554810757224008), (21.810742247917116, 18.579959799491913), (21.789871859204, 18.605192041812263), (21.768918264581732, 18.630507483690334), (21.747881464500672, 18.655906124630558), (21.72676145941204, 18.681387964136494), (21.70555824976792, 18.70695300171084), (21.684271836021246, 18.732601236855437), (21.662902218625828, 18.75833266907126), (21.64144939803633, 18.784147297858432), (21.619913374708275, 18.8100451227162), (21.598294149098056, 18.836026143142963), (21.576591721662922, 18.86209035863625), (21.554806092860982, 18.888237768692736), (21.53293726315121, 18.914468372808223), (21.51098523299345, 18.94078217047766), (21.488950002848384, 18.967179161195137), (21.46683157317758, 18.993659344453874), (21.444629944443452, 19.020222719746236), (21.422345117109288, 19.046869286563727), (21.399977091639226, 19.07359904439699), (21.37752586849827, 19.100411992735797), (21.35499144815229, 19.12730813106907), (21.33237383106801, 19.154287458884866), (21.30967301771302, 19.18134997567038), (21.286889008555768, 19.20849568091194), (21.26402180406557, 19.23572457409503), (21.2410714047126, 19.263036654704255), (21.21803781096789, 19.290431922223362), (21.194921023303337, 19.317910376135245), (21.171721042191702, 19.34547201592193), (21.148437868106605, 19.373116841064583), (21.125071501522523, 19.400844851043505), (21.101621942914804, 19.428656045338148), (21.07808919275965, 19.456550423427085), (21.054473251534123, 19.48452798478804), (21.030774119716153, 19.512588728897878), (21.006991797784526, 19.540732655232592), (20.983126286218898, 19.568959763267323), (20.959177585499773, 19.597270052476343), (20.935145696108528, 19.62566352233307), (20.911030618527395, 19.654140172310058), (20.886832353239473, 19.682700001878995)]",True
1783881433.136626,0,21.858298078306134,18.609512004458725,0.8000000119209292,105.94421260576246,-0.438069870545657,21.143922491559096,18.158895534877995,1.1200000047683814,104.97878573946498,0.3449348532453406,-0.7143755867470389,-0.45061646958073,0.3199999928474522,-0.9654268662974772,0.7830047237909976,"[(21.87285417411094, 18.50476227482007), (21.85223340581879, 18.529744915502395), (21.83152943027159, 18.554810757224008), (21.810742247917116, 18.579959799491913), (21.789871859204, 18.605192041812263), (21.768918264581732, 18.630507483690334), (21.747881464500672, 18.655906124630558), (21.72676145941204, 18.681387964136494), (21.70555824976792, 18.70695300171084), (21.684271836021246, 18.732601236855437), (21.662902218625828, 18.75833266907126), (21.64144939803633, 18.784147297858432), (21.619913374708275, 18.8100451227162), (21.598294149098056, 18.836026143142963), (21.576591721662922, 18.86209035863625), (21.554806092860982, 18.888237768692736), (21.53293726315121, 18.914468372808223), (21.51098523299345, 18.94078217047766), (21.488950002848384, 18.967179161195137), (21.46683157317758, 18.993659344453874), (21.444629944443452, 19.020222719746236), (21.422345117109288, 19.046869286563727), (21.399977091639226, 19.07359904439699), (21.37752586849827, 19.100411992735797), (21.35499144815229, 19.12730813106907), (21.33237383106801, 19.154287458884866), (21.30967301771302, 19.18134997567038), (21.286889008555768, 19.20849568091194), (21.26402180406557, 19.23572457409503), (21.2410714047126, 19.263036654704255), (21.21803781096789, 19.290431922223362), (21.194921023303337, 19.317910376135245), (21.171721042191702, 19.34547201592193), (21.148437868106605, 19.373116841064583), (21.125071501522523, 19.400844851043505), (21.101621942914804, 19.428656045338148), (21.07808919275965, 19.456550423427085), (21.054473251534123, 19.48452798478804), (21.030774119716153, 19.512588728897878), (21.006991797784526, 19.540732655232592), (20.983126286218898, 19.568959763267323), (20.959177585499773, 19.597270052476343), (20.935145696108528, 19.62566352233307), (20.911030618527395, 19.654140172310058), (20.886832353239473, 19.682700001878995)]",True
1783881433.185051,0,21.853936570573374,18.624906004693702,0.8000000119209292,105.94421260576246,-0.438069870545657,21.138289487106167,18.180575649235806,1.120000004768378,104.97878573946498,0.3449348532453406,-0.7156470834672071,-0.4443303554578968,0.31999999284744884,-0.9654268662974772,0.7830047237909976,"[(21.87285417411094, 18.50476227482007), (21.85223340581879, 18.529744915502395), (21.83152943027159, 18.554810757224008), (21.810742247917116, 18.579959799491913), (21.789871859204, 18.605192041812263), (21.768918264581732, 18.630507483690334), (21.747881464500672, 18.655906124630558), (21.72676145941204, 18.681387964136494), (21.70555824976792, 18.70695300171084), (21.684271836021246, 18.732601236855437), (21.662902218625828, 18.75833266907126), (21.64144939803633, 18.784147297858432), (21.619913374708275, 18.8100451227162), (21.598294149098056, 18.836026143142963), (21.576591721662922, 18.86209035863625), (21.554806092860982, 18.888237768692736), (21.53293726315121, 18.914468372808223), (21.51098523299345, 18.94078217047766), (21.488950002848384, 18.967179161195137), (21.46683157317758, 18.993659344453874), (21.444629944443452, 19.020222719746236), (21.422345117109288, 19.046869286563727), (21.399977091639226, 19.07359904439699), (21.37752586849827, 19.100411992735797), (21.35499144815229, 19.12730813106907), (21.33237383106801, 19.154287458884866), (21.30967301771302, 19.18134997567038), (21.286889008555768, 19.20849568091194), (21.26402180406557, 19.23572457409503), (21.2410714047126, 19.263036654704255), (21.21803781096789, 19.290431922223362), (21.194921023303337, 19.317910376135245), (21.171721042191702, 19.34547201592193), (21.148437868106605, 19.373116841064583), (21.125071501522523, 19.400844851043505), (21.101621942914804, 19.428656045338148), (21.07808919275965, 19.456550423427085), (21.054473251534123, 19.48452798478804), (21.030774119716153, 19.512588728897878), (21.006991797784526, 19.540732655232592), (20.983126286218898, 19.568959763267323), (20.959177585499773, 19.597270052476343), (20.935145696108528, 19.62566352233307), (20.911030618527395, 19.654140172310058), (20.886832353239473, 19.682700001878995)]",True
1783881433.2586527,0,21.853936570573374,18.624906004693702,0.8000000119209292,105.94421260576246,-0.438069870545657,21.138289487106167,18.180575649235806,1.120000004768378,104.97878573946498,0.3449348532453406,-0.7156470834672071,-0.4443303554578968,0.31999999284744884,-0.9654268662974772,0.7830047237909976,"[(21.87285417411094, 18.50476227482007), (21.85223340581879, 18.529744915502395), (21.83152943027159, 18.554810757224008), (21.810742247917116, 18.579959799491913), (21.789871859204, 18.605192041812263), (21.768918264581732, 18.630507483690334), (21.747881464500672, 18.655906124630558), (21.72676145941204, 18.681387964136494), (21.70555824976792, 18.70695300171084), (21.684271836021246, 18.732601236855437), (21.662902218625828, 18.75833266907126), (21.64144939803633, 18.784147297858432), (21.619913374708275, 18.8100451227162), (21.598294149098056, 18.836026143142963), (21.576591721662922, 18.86209035863625), (21.554806092860982, 18.888237768692736), (21.53293726315121, 18.914468372808223), (21.51098523299345, 18.94078217047766), (21.488950002848384, 18.967179161195137), (21.46683157317758, 18.993659344453874), (21.444629944443452, 19.020222719746236), (21.422345117109288, 19.046869286563727), (21.399977091639226, 19.07359904439699), (21.37752586849827, 19.100411992735797), (21.35499144815229, 19.12730813106907), (21.33237383106801, 19.154287458884866), (21.30967301771302, 19.18134997567038), (21.286889008555768, 19.20849568091194), (21.26402180406557, 19.23572457409503), (21.2410714047126, 19.263036654704255), (21.21803781096789, 19.290431922223362), (21.194921023303337, 19.317910376135245), (21.171721042191702, 19.34547201592193), (21.148437868106605, 19.373116841064583), (21.125071501522523, 19.400844851043505), (21.101621942914804, 19.428656045338148), (21.07808919275965, 19.456550423427085), (21.054473251534123, 19.48452798478804), (21.030774119716153, 19.512588728897878), (21.006991797784526, 19.540732655232592), (20.983126286218898, 19.568959763267323), (20.959177585499773, 19.597270052476343), (20.935145696108528, 19.62566352233307), (20.911030618527395, 19.654140172310058), (20.886832353239473, 19.682700001878995)]",True
1783881433.2886472,0,21.853936570573374,18.624906004693702,0.8000000119209292,105.94421260576246,-0.438069870545657,21.138289487106167,18.180575649235806,1.120000004768378,104.97878573946498,0.3449348532453406,-0.7156470834672071,-0.4443303554578968,0.31999999284744884,-0.9654268662974772,0.7830047237909976,"[(21.87285417411094, 18.50476227482007), (21.85223340581879, 18.529744915502395), (21.83152943027159, 18.554810757224008), (21.810742247917116, 18.579959799491913), (21.789871859204, 18.605192041812263), (21.768918264581732, 18.630507483690334), (21.747881464500672, 18.655906124630558), (21.72676145941204, 18.681387964136494), (21.70555824976792, 18.70695300171084), (21.684271836021246, 18.732601236855437), (21.662902218625828, 18.75833266907126), (21.64144939803633, 18.784147297858432), (21.619913374708275, 18.8100451227162), (21.598294149098056, 18.836026143142963), (21.576591721662922, 18.86209035863625), (21.554806092860982, 18.888237768692736), (21.53293726315121, 18.914468372808223), (21.51098523299345, 18.94078217047766), (21.488950002848384, 18.967179161195137), (21.46683157317758, 18.993659344453874), (21.444629944443452, 19.020222719746236), (21.422345117109288, 19.046869286563727), (21.399977091639226, 19.07359904439699), (21.37752586849827, 19.100411992735797), (21.35499144815229, 19.12730813106907), (21.33237383106801, 19.154287458884866), (21.30967301771302, 19.18134997567038), (21.286889008555768, 19.20849568091194), (21.26402180406557, 19.23572457409503), (21.2410714047126, 19.263036654704255), (21.21803781096789, 19.290431922223362), (21.194921023303337, 19.317910376135245), (21.171721042191702, 19.34547201592193), (21.148437868106605, 19.373116841064583), (21.125071501522523, 19.400844851043505), (21.101621942914804, 19.428656045338148), (21.07808919275965, 19.456550423427085), (21.054473251534123, 19.48452798478804), (21.030774119716153, 19.512588728897878), (21.006991797784526, 19.540732655232592), (20.983126286218898, 19.568959763267323), (20.959177585499773, 19.597270052476343), (20.935145696108528, 19.62566352233307), (20.911030618527395, 19.654140172310058), (20.886832353239473, 19.682700001878995)]",True
1783881433.3365867,0,21.853936570573374,18.624906004693702,0.8000000119209292,105.94421260576246,-0.438069870545657,21.138289487106167,18.180575649235806,1.120000004768378,104.97878573946498,0.3449348532453406,-0.7156470834672071,-0.4443303554578968,0.31999999284744884,-0.9654268662974772,0.7830047237909976,"[(21.846744935774215, 18.53759161303032), (21.82434552693807, 18.562804239754744), (21.8018712342542, 18.58809174631422), (21.779322058165842, 18.61345413223631), (21.756697999117023, 18.638891397047793), (21.733999057552538, 18.664403540274687), (21.711225233917958, 18.689990561442222), (21.68837652865963, 18.715652460074853), (21.66545294222469, 18.741389235696264), (21.64245447506103, 18.76720088782936), (21.619381127617327, 18.793087415996276), (21.59623290034304, 18.81904881971836), (21.573009793688396, 18.845085098516194), (21.5497118081044, 18.871196251909577), (21.526338944042838, 18.897382279417535), (21.502891201956263, 18.923643180558315), (21.479368582298008, 18.949978954849396), (21.455771085522187, 18.976389601807472), (21.43209871208369, 19.00287512094847), (21.408351462438173, 19.029435511787536)]",True
1783881433.391836,0,21.853936570573374,18.624906004693702,0.8000000119209292,105.94421260576246,-0.438069870545657,21.138289487106167,18.180575649235806,1.120000004768378,104.97878573946498,0.3449348532453406,-0.7156470834672071,-0.4443303554578968,0.31999999284744884,-0.9654268662974772,0.7830047237909976,"[(21.849354721465186, 18.58156083539776), (21.82690853770789, 18.608717005678255), (21.804355063473555, 18.63598045627789), (21.781694299668278, 18.66335118619583), (21.75892624720031, 18.69082919442909), (21.73605090698006, 18.71841447997253), (21.713068279920094, 18.746107041818856), (21.689978366935126, 18.773906878958616), (21.666781168942027, 18.80181399038021), (21.64347668685983, 18.829828375069873), (21.620064921609718, 18.857950032011697), (21.596545874115026, 18.886178960187614), (21.572919545301247, 18.9145151585774), (21.54918593609603, 18.942958626158685), (21.525345047429177, 18.97150936190693), (21.501396880232647, 19.000167364795452), (21.47734143544055, 19.02893263379542), (21.453178713989153, 19.05780516787584), (21.428908716816878, 19.086784966003563), (21.4045314448643, 19.11587202714329), (21.380046899074156, 19.14506635025756), (21.355455080391323, 19.17436793430677), (21.33075598976285, 19.203776778249154), (21.305949628137924, 19.2332928810408), (21.281035996467896, 19.262916241635633), (21.256015095706275, 19.29264685898543), (21.230886926808715, 19.32248473203982), (21.20565149073303, 19.35242985974626), (21.180308788439188, 19.382482241050067), (21.15485882088931, 19.412641874894405), (21.129301589047675, 19.442908760220273), (21.10363709388071, 19.47328289596653), (21.077865336357004, 19.503764281069873), (21.051986317447295, 19.534352914464847), (21.026000038124476, 19.565048795083847), (20.999906499363593, 19.595851921857108), (20.97370570214185, 19.626762293712716), (20.947397647438603, 19.6577799095766), (20.920982336235365, 19.688904768372538), (20.894459769515798, 19.720136869022156), (20.867829948265722, 19.751476210444924), (20.84109287347311, 19.782922791558157), (20.814248546128084, 19.814476611277023), (20.787296967222932, 19.84613766851453), (20.760238137752086, 19.877905962181536)]",True
1783881433.4355977,0,21.823319580563947,18.7409269484139,0.8000000119209292,105.94421260576246,-0.438069870545657,21.0982078670183,18.343720663235487,1.120000004768372,104.97878573946498,0.3449348532453406,-0.7251117135456475,-0.39720628517841305,0.31999999284744285,-0.9654268662974772,0.7830047237909976,"[(21.848109836219166, 18.590213459647316), (21.82706956239231, 18.61610685744605), (21.805944200680077, 18.6420853361825), (21.78473375154681, 18.66814889534065), (21.763438215457764, 18.694297534403574), (21.7420575928791, 18.720531252853437), (21.720591884277876, 18.74685005017151), (21.69904109012206, 18.773253925838148), (21.677405210880522, 18.799742879332808), (21.655684247023046, 18.826316910134036), (21.633878199020312, 18.85297601771948), (21.611987067343907, 18.87972020156589), (21.590010852466325, 18.906549461149087), (21.567949554860963, 18.93346379594401), (21.54580317500212, 18.960463205424684), (21.52357171336501, 18.987547689064233), (21.50125517042574, 19.014717246334868), (21.47885354666133, 19.04197187670791), (21.456366842549702, 19.069311579653757), (21.43379505856968, 19.09673635464192), (21.411138195200994, 19.124246201141), (21.388396252924284, 19.151841118618684), (21.365569232221095, 19.179521106541763), (21.342657133573866, 19.20728616437612), (21.31965995746596, 19.23513629158674), (21.296577704381622, 19.263071487637696), (21.273410374806016, 19.291091751992155), (21.250157969225207, 19.31919708411239), (21.226820488126165, 19.347387483459755), (21.20339793199677, 19.375662949494714), (21.1798903013258, 19.404023481676816), (21.156297596602936, 19.432469079464706), (21.132619818318773, 19.460999742316137), (21.108856966964808, 19.489615469687937), (21.085009043033434, 19.518316261036045), (21.061076047017956, 19.54710211581549), (21.037057979412587, 19.5759730334804), (21.012954840712435, 19.604929013483993), (20.988766631413526, 19.633970055278585), (20.964493352012777, 19.663096158315586), (20.940135003008017, 19.692307322045508), (20.915691584897978, 19.72160354591795), (20.891163098182297, 19.75098482938161), (20.86654954336152, 19.780451171884287), (20.841850920937087, 19.810002572872865)]",True
1783881433.4901366,0,21.813788940511863,18.779774836692045,0.8000000119209292,105.94421260576246,-0.438069870545657,21.08549113328494,18.39825734934765,1.120000004768372,104.97878573946498,0.3449348532453406,-0.728297807226923,-0.3815174873443965,0.31999999284744285,-0.9654268662974772,0.7830047237909976,"[(21.81474914961953, 18.711758827662468), (21.791416594951418, 18.744519180871162), (21.767996767233306, 18.777366792592716), (21.744489667004853, 18.81030166217665), (21.720895294806734, 18.843323788971453), (21.69721365118066, 18.8764331723246), (21.673444736669364, 18.90962981158254), (21.649588551816592, 18.942913706090692), (21.625645097167126, 18.976284855193462), (21.601614373266777, 19.00974325823422), (21.577496380662364, 19.043288914555315), (21.553291119901747, 19.076921823498076), (21.5289985915338, 19.110641984402804), (21.504618796108428, 19.144449396608778), (21.480151734176555, 19.178344059454254), (21.455597406290135, 19.21232597227646), (21.430955813002143, 19.246395134411607), (21.40622695486658, 19.28055154519487), (21.38141083243847, 19.314795203960415), (21.356507446273863, 19.349126110041368), (21.331516796929833, 19.383544262769846), (21.30643888496448, 19.418049661476935), (21.281273710936926, 19.452642305492695), (21.256021275407317, 19.487322194146163), (21.23068157893683, 19.522089326765357), (21.205254622087658, 19.556943702677266), (21.179740405423022, 19.591885321207858), (21.15413892950717, 19.626914181682075), (21.12845019490537, 19.66203028342383), (21.102674202183916, 19.697233625756027), (21.076810951910126, 19.732524208000534), (21.050860444652347, 19.767902029478194), (21.02482268097994, 19.803367089508836), (20.998697661463307, 19.838919387411256), (20.972485386673856, 19.874558922503233), (20.94618585718403, 19.910285694101518), (20.919799073567294, 19.946099701521835), (20.89332503639814, 19.98200094407889), (20.86676374625208, 20.017989421086366), (20.840115203705647, 20.054065131856916), (20.813379409336413, 20.09022807570218), (20.78655636372296, 20.12647825193276), (20.759646067444894, 20.162815659858243), (20.732648521082858, 20.199240298787192), (20.70556372521851, 20.235752168027144)]",True
1783881433.5401442,0,21.80805028560274,18.803078232494837,0.8000000119209292,105.94421260576246,-0.438069870545657,21.076924348177666,18.43074476131962,1.120000004768372,104.97878573946498,0.3449348532453406,-0.7311259374250731,-0.3723334711752173,0.31999999284744285,-0.9654268662974772,0.7830047237909976,"[(21.8129154127574, 18.719891457109615), (21.790279881338982, 18.751354373433085), (21.76756148020594, 18.782900147066616), (21.74476020981862, 18.81452877745998), (21.721876070638192, 18.846240264062104), (21.69890906312669, 18.878034606321073), (21.67585918774697, 18.90991180368413), (21.65272644496275, 18.94187185559767), (21.62951083523858, 18.973914761507256), (21.606212359039855, 19.0060405208576), (21.582831016832817, 19.038249133092574), (21.559366809084544, 19.07054059765521), (21.53581973626296, 19.102914913987696), (21.512189798836836, 19.135372081531376), (21.48847699727578, 19.167912099726752), (21.46468133205024, 19.200534968013482), (21.44080280363152, 19.233240685830385), (21.416841412491753, 19.266029252615436), (21.392797159103917, 19.298900667805768), (21.368670043941844, 19.33185493083767), (21.3444600674802, 19.364892041146593), (21.320167230194492, 19.39801199816714), (21.295791532561072, 19.431214801333073), (21.271332975057135, 19.464500450077313), (21.246791558160723, 19.49786894383194), (21.222167282350718, 19.531320282028183), (21.19746014810684, 19.564854464096445), (21.172670155909653, 19.59847148946627), (21.14779730624057, 19.63217135756637), (21.122841599581843, 19.66595406782461), (21.09780303641657, 19.699819619668016), (21.07268161722868, 19.73376801252277), (21.04747734250296, 19.767799245814206), (21.022190212725032, 19.801913318966825), (20.99682022838136, 19.83611023140428), (20.97136738995925, 19.870389982549387), (20.94583169794686, 19.904752571824112), (20.920213152833185, 19.93919799864958), (20.894511755108052, 19.97372626244608), (20.868727505262147, 20.008337362633053), (20.84286040378699, 20.043031298629103), (20.816910451174945, 20.07780806985199), (20.79087764791922, 20.11266767571863), (20.764761994513865, 20.14761011564509), (20.738563491453775, 20.18263538904661)]",True
1783881433.5855803,0,21.795515334680033,18.84941227643059,0.8000000119209292,105.94421260576246,-0.438069870545657,21.0583030582478,18.495312473227784,1.120000004768372,104.97878573946498,0.3449348532453406,-0.7372122764322313,-0.3540998032028071,0.31999999284744285,-0.9654268662974772,0.7830047237909976,"[(21.8129154127574, 18.719891457109615), (21.790279881338982, 18.751354373433085), (21.76756148020594, 18.782900147066616), (21.74476020981862, 18.81452877745998), (21.721876070638192, 18.846240264062104), (21.69890906312669, 18.878034606321073), (21.67585918774697, 18.90991180368413), (21.65272644496275, 18.94187185559767), (21.62951083523858, 18.973914761507256), (21.606212359039855, 19.0060405208576), (21.582831016832817, 19.038249133092574), (21.559366809084544, 19.07054059765521), (21.53581973626296, 19.102914913987696), (21.512189798836836, 19.135372081531376), (21.48847699727578, 19.167912099726752), (21.46468133205024, 19.200534968013482), (21.44080280363152, 19.233240685830385), (21.416841412491753, 19.266029252615436), (21.392797159103917, 19.298900667805768), (21.368670043941844, 19.33185493083767), (21.3444600674802, 19.364892041146593), (21.320167230194492, 19.39801199816714), (21.295791532561072, 19.431214801333073), (21.271332975057135, 19.464500450077313), (21.246791558160723, 19.49786894383194), (21.222167282350718, 19.531320282028183), (21.19746014810684, 19.564854464096445), (21.172670155909653, 19.59847148946627), (21.14779730624057, 19.63217135756637), (21.122841599581843, 19.66595406782461), (21.09780303641657, 19.699819619668016), (21.07268161722868, 19.73376801252277), (21.04747734250296, 19.767799245814206), (21.022190212725032, 19.801913318966825), (20.99682022838136, 19.83611023140428), (20.97136738995925, 19.870389982549387), (20.94583169794686, 19.904752571824112), (20.920213152833185, 19.93919799864958), (20.894511755108052, 19.97372626244608), (20.868727505262147, 20.008337362633053), (20.84286040378699, 20.043031298629103), (20.816910451174945, 20.07780806985199), (20.79087764791922, 20.11266767571863), (20.764761994513865, 20.14761011564509), (20.738563491453775, 20.18263538904661)]",True
1783881433.6372824,0,21.791270385523834,18.864838871625253,0.8000000119209292,105.94421260576246,-0.438069870545657,21.052239272996893,18.51687606521411,1.120000004768372,104.97878573946498,0.3449348532453406,-0.7390311125269413,-0.3479628064111431,0.31999999284744285,-0.9654268662974772,0.7830047237909976,"[(21.803490760059233, 18.75713650831556), (21.780692654229618, 18.7894445411259), (21.757810924387712, 18.82183618428806), (21.734845571009977, 18.854311437225707), (21.71179659457376, 18.88687029936162), (21.688663995557274, 18.919512770117713), (21.66544777443962, 18.952238848915012), (21.642147931700777, 18.985048535173675), (21.618764467821592, 19.017941828312978), (21.595297383283796, 19.050918727751323), (21.57174667856999, 19.083979232906234), (21.548112354163667, 19.117123343194354), (21.52439441054918, 19.150351058031458), (21.500592848211767, 19.18366237683244), (21.476707667637545, 19.21705729901132), (21.452738869313503, 19.25053582398123), (21.42868645372751, 19.284097951154447), (21.404550421368317, 19.317743679942346), (21.380330772725543, 19.351473009755445), (21.356027508289685, 19.385285940003374), (21.331640628552126, 19.419182470094892), (21.30717013400512, 19.453162599437878), (21.28261602514179, 19.487226327439338), (21.257978302456156, 19.5213736535054), (21.233256966443097, 19.55560457704131), (21.208452017598376, 19.589919097451453), (21.183563456418632, 19.624317214139317), (21.158591283401385, 19.65879892650753), (21.133535499045028, 19.69336423395783), (21.108396103848833, 19.72801313589109), (21.083173098312944, 19.762745631707293), (21.057866482938387, 19.797561720805565), (21.03247625822706, 19.832461402584137), (21.007002424681747, 19.867444676440375), (20.9814449828061, 19.902511541770764), (20.955803933104654, 19.93766199797091), (20.930079276082818, 19.972896044435544), (20.90427101224688, 20.008213680558523), (20.878379142104, 20.04361490573283), (20.852403666162218, 20.079099719350566), (20.826344584930457, 20.114668120802957), (20.800201898918505, 20.150320109480354), (20.773975608637038, 20.186055684772228), (20.747665714597602, 20.221874846067177), (20.721272217312624, 20.257777592752923)]",True
1783881433.7022018,0,21.78276380649125,18.895687419087597,0.8000000119209292,105.94421260576246,-0.438069870545657,21.03963288186228,18.55986561043097,1.120000004768372,104.97878573946498,0.3449348532453406,-0.7431309246289715,-0.3358218086566289,0.31999999284744285,-0.9654268662974772,0.7830047237909976,"[(21.787996279570496, 18.819833712931203), (21.76453236935559, 18.854625195704944), (21.740984074228784, 18.889501046874113), (21.717351394685217, 18.924461265821744), (21.69363433122092, 18.959505851929972), (21.66983288433284, 18.99463480458002), (21.64594705451883, 19.029848123152206), (21.621976842277643, 19.065145807025946), (21.597922248108944, 19.10052785557975), (21.5737832725133, 19.135994268191215), (21.54955991599219, 19.171545044237043), (21.525252179047996, 19.20718018309302), (21.50086006218401, 19.24289968413403), (21.476383565904428, 19.278703546734054), (21.45182269071435, 19.314591770266162), (21.427177437119784, 19.35056435410252), (21.402447805627645, 19.386621297614386), (21.37763379674576, 19.42276260017212), (21.35273541098285, 19.45898826114517), (21.32775264884855, 19.495298279902073), (21.3026855108534, 19.531692655810474), (21.277533997508858, 19.5681713882371), (21.252298109327267, 19.60473447654778), (21.22697784682189, 19.641381920107428), (21.20157321050689, 19.67811371828006), (21.176084200897343, 19.714929870428787), (21.150510818509222, 19.75183037591581), (21.124853063859415, 19.788815234102422), (21.099110937465717, 19.82588444434902), (21.073284439846823, 19.86303800601508), (21.047373571522336, 19.900275918459194), (21.02137833301277, 19.937598181039025), (20.99529872483954, 19.975004793111346), (20.96913474752497, 20.012495754032017), (20.942886401592283, 20.050071063155993), (20.916553687565624, 20.087730719837328), (20.890136605970028, 20.125474723429164), (20.863635157331444, 20.163303073283743), (20.83704934217673, 20.201215768752398), (20.81037916103364, 20.239212809185556), (20.78362461443085, 20.27729419393274), (20.756785702897925, 20.315459922342566), (20.729862426965347, 20.353709993762745), (20.702854787164497, 20.392044407540084), (20.675762784027672, 20.430463163020484)]",True
1783881433.737155,0,21.778668044490527,18.911154281387443,0.8000000119209292,105.94421260576246,-0.438069870545657,21.03337035911227,18.58137235884526,1.120000004768372,104.97878573946498,0.3449348532453406,-0.745297685378258,-0.32978192254218186,0.31999999284744285,-0.9654268662974772,0.7830047237909976,"[(21.777359892479367, 18.861274379073805), (21.75374534098339, 18.896937793699927), (21.730047182592116, 18.932684797978652), (21.706265417788693, 18.96851539130079), (21.682400047057133, 19.004429573056296), (21.658451070882318, 19.04042734263424), (21.63441848975001, 19.07650869942282), (21.610302304146845, 19.112673642809366), (21.58610251456033, 19.14892217218033), (21.56181912147884, 19.185254286921296), (21.537452125391635, 19.22166998641697), (21.51300152678884, 19.258169270051187), (21.48846732616146, 19.294752137206906), (21.463849524001365, 19.33141858726622), (21.439148120801306, 19.368168619610348), (21.414363117054904, 19.40500223361963), (21.389494513256654, 19.441919428673536), (21.36454230990193, 19.47892020415066), (21.339506507486963, 19.516004559428737), (21.314387106508878, 19.55317249388461), (21.28918410746566, 19.59042400689426), (21.26389751085617, 19.627759097832794), (21.23852731718015, 19.66517776607444), (21.213073526938206, 19.702680010992562), (21.18753614063182, 19.74026583195965), (21.16191515876335, 19.777935228347314), (21.136210581836025, 19.815688199526296), (21.110422410353948, 19.853524744866466), (21.084550644822098, 19.89144486373682), (21.05859528574632, 19.92944855550548), (21.03255633363334, 19.967535819539698), (21.00643378899076, 20.005706655205852), (20.980227652327038, 20.043961061869442), (20.953937924151525, 20.082299038895105), (20.927564604974435, 20.120720585646602), (20.901107695306862, 20.15922570148681), (20.874567195660767, 20.19781438577775), (20.847943106548982, 20.23648663788056), (20.82123542848522, 20.275242457155514), (20.794444161984067, 20.314081842962), (20.767569307560976, 20.353004794658546), (20.74061086573228, 20.3920113116028), (20.713568837015178, 20.43110139315154), (20.686443221927753, 20.470275038660667), (20.65923402098895, 20.509532247485215)]",True
1783881433.7856295,0,21.77284071989645,18.93443574129502,0.8000000119209292,105.94421260576246,-0.438069870545657,21.02404886316553,18.613653405486417,1.120000004768372,104.97878573946498,0.3449348532453406,-0.7487918567309215,-0.3207823358086017,0.31999999284744285,-0.9654268662974772,0.7830047237909976,"[(21.777359892479367, 18.861274379073805), (21.75374534098339, 18.896937793699927), (21.730047182592116, 18.932684797978652), (21.706265417788693, 18.96851539130079), (21.682400047057133, 19.004429573056296), (21.658451070882318, 19.04042734263424), (21.63441848975001, 19.07650869942282), (21.610302304146845, 19.112673642809366), (21.58610251456033, 19.14892217218033), (21.56181912147884, 19.185254286921296), (21.537452125391635, 19.22166998641697), (21.51300152678884, 19.258169270051187), (21.48846732616146, 19.294752137206906), (21.463849524001365, 19.33141858726622), (21.439148120801306, 19.368168619610348), (21.414363117054904, 19.40500223361963), (21.389494513256654, 19.441919428673536), (21.36454230990193, 19.47892020415066), (21.339506507486963, 19.516004559428737), (21.314387106508878, 19.55317249388461), (21.28918410746566, 19.59042400689426), (21.26389751085617, 19.627759097832794), (21.23852731718015, 19.66517776607444), (21.213073526938206, 19.702680010992562), (21.18753614063182, 19.74026583195965), (21.16191515876335, 19.777935228347314), (21.136210581836025, 19.815688199526296), (21.110422410353948, 19.853524744866466), (21.084550644822098, 19.89144486373682), (21.05859528574632, 19.92944855550548), (21.03255633363334, 19.967535819539698), (21.00643378899076, 20.005706655205852), (20.980227652327038, 20.043961061869442), (20.953937924151525, 20.082299038895105), (20.927564604974435, 20.120720585646602), (20.901107695306862, 20.15922570148681), (20.874567195660767, 20.19781438577775), (20.847943106548982, 20.23648663788056), (20.82123542848522, 20.275242457155514), (20.794444161984067, 20.314081842962), (20.767569307560976, 20.353004794658546), (20.74061086573228, 20.3920113116028), (20.713568837015178, 20.43110139315154), (20.686443221927753, 20.470275038660667), (20.65923402098895, 20.509532247485215)]",True
1783881433.8376784,0,21.763792379901535,18.973397635473365,0.8000000119209292,105.94421260576246,-0.438069870545657,21.00969513825676,18.66778096031274,1.120000004768372,104.97878573946498,0.3449348532453406,-0.7540972416447751,-0.30561667516062485,0.31999999284744285,-0.9654268662974772,0.7830047237909976,"[(21.775178792240407, 18.870266626082692), (21.752132714601604, 18.904580913558622), (21.729004077809922, 18.938977744425195), (21.70579288232605, 18.973457118107913), (21.682499128611525, 19.008019034031438), (21.659122817128704, 19.042663491619614), (21.635663948340785, 19.07739049029544), (21.61212252271179, 19.112200029481084), (21.588498540706585, 19.147092108597885), (21.56479200279086, 19.18206672706635), (21.541002909431143, 19.217123884306147), (21.517131261094793, 19.252263579736127), (21.49317705825, 19.28748581277429), (21.469140301365798, 19.322790582837815), (21.44502099091203, 19.358177889343047), (21.420819127359394, 19.393647731705496), (21.396534711179413, 19.429200109339842), (21.372167742844443, 19.464835021659933), (21.34771822282767, 19.500552468078784), (21.323186151603117, 19.536352448008575), (21.29857152964564, 19.57223496086066), (21.27387435743092, 19.60820000604555), (21.24909463543548, 19.64424758297294), (21.224232364136675, 19.680377691051678), (21.199287544012684, 19.71659032968979), (21.17426017554253, 19.75288549829446), (21.14915025920606, 19.78926319627205), (21.123957795483957, 19.82572342302808), (21.09868278485774, 19.862266177967246), (21.073325227809754, 19.898891460493406), (21.047885124823182, 19.93559927000959), (21.022362476382035, 19.972389605917993), (20.996757282971164, 20.00926246761998), (20.971069545076244, 20.046217854516083), (20.945299263183788, 20.083255766006), (20.919446437781144, 20.1203762014886), (20.89351106935648, 20.157579160361916), (20.867493158398815, 20.194864642023155), (20.841392705397986, 20.232232645868685), (20.81520971084467, 20.269683171294048), (20.78894417523037, 20.30721621769395), (20.762596099047432, 20.344831784462265), (20.736165482789023, 20.382529870992038), (20.709652326949154, 20.420310476675475), (20.683056632022662, 20.458173600903958)]",True
1783881433.8866434,0,21.758652265433863,18.996840594969377,0.8000000119209292,105.94421260576246,-0.438069870545657,21.001513993078365,18.700369675803298,1.120000004768372,104.97878573946498,0.3449348532453406,-0.7571382723554976,-0.2964709191660795,0.31999999284744285,-0.9654268662974772,0.7830047237909976,"[(21.76501833265155, 18.90718508979602), (21.74178064096499, 18.9421436254227), (21.718459483186656, 18.977185610382087), (21.695054859794542, 19.012311044073893), (21.671566771267507, 19.047519925896953), (21.647995218085285, 19.08281225524923), (21.62434020072848, 19.118188031527826), (21.600601719678558, 19.153647254128966), (21.576779775417865, 19.189189922448012), (21.552874368429617, 19.22481603587945), (21.52888549919789, 19.2605255938169), (21.504813168207633, 19.29631859565312), (21.480657375944674, 19.332195040779983), (21.4564181228957, 19.368154928588503), (21.43209540954827, 19.404198258468828), (21.40768923639082, 19.440325029810225), (21.383199603912644, 19.476535242001106), (21.35862651260392, 19.512828894429), (21.333969962955685, 19.549205986480573), (21.30922995545985, 19.585666517541622), (21.28440649060919, 19.622210486997076), (21.25949956889736, 19.658837894230995), (21.234509190818883, 19.695548738626563), (21.20943535686914, 19.732343019566102), (21.184278067544394, 19.769220736431063), (21.159037323341774, 19.80618188860202), (21.13371312475928, 19.843226475458692), (21.108305472295772, 19.880354496379923), (21.082814366450997, 19.917565950743683), (21.05723980772556, 19.954860837927075), (21.031581796620937, 19.99223915730634), (21.005840333639476, 20.029700908256835), (20.980015419284396, 20.067246090153063), (20.95410705405978, 20.10487470236865), (20.928115238470586, 20.142586744276354), (20.902039973022642, 20.180382215248066), (20.87588125822264, 20.218261114654805), (20.849639094578148, 20.256223441866723), (20.8233134825976, 20.2942691962531), (20.796904422790302, 20.332398377182354), (20.770411915666426, 20.370610984022022), (20.743835961737016, 20.408907016138784), (20.717176561513984, 20.447286472898444), (20.690433715510117, 20.48574935366594), (20.663607424239068, 20.524295657805336)]",True
1783881433.9351497,0,21.756932834649188,19.00465361307967,0.8000000119209292,105.94421260576246,-0.438069870545657,20.998816944153837,18.711240085136684,1.120000004768372,104.97878573946498,0.3449348532453406,-0.7581158904953504,-0.29341352794298814,0.31999999284744285,-0.9654268662974772,0.7830047237909976,"[(21.748133470313395, 18.971772155075936), (21.72494588021311, 19.00713819362562), (21.70167574484295, 19.04258676042915), (21.678323064664443, 19.07811785490216), (21.654887840139942, 19.113731476459463), (21.631370071732633, 19.149427624515038), (21.607769759906535, 19.185206298482026), (21.5840869051265, 19.221067497772744), (21.560321507858212, 19.257011221798678), (21.53647356856818, 19.29303746997048), (21.51254308772375, 19.329146241697966), (21.488530065793096, 19.365337536390136), (21.46443450324523, 19.401611353455145), (21.440256400549988, 19.437967692300322), (21.415995758178045, 19.474406552332166), (21.391652576600904, 19.510927932956342), (21.3672268562909, 19.547531833577686), (21.342718597721188, 19.584218253600202), (21.318127801365776, 19.620987192427062), (21.29345446769949, 19.65783864946061), (21.268698597197993, 19.694772624102367), (21.243860190337774, 19.731789115753), (21.218939247596158, 19.768888123812367), (21.193935769451297, 19.806069647679482), (21.16884975638218, 19.843333686752533), (21.143681208868625, 19.880680240428877), (21.118430127391278, 19.91810930810504), (21.093096512431625, 19.95562088917672), (21.067680364471975, 19.99321498303878), (21.042181683995477, 20.03089158908525), (21.0166004714861, 20.068650706709334), (20.99093672742865, 20.106492335303404), (20.96519045230877, 20.144416474259), (20.939361646612927, 20.18242312296683), (20.91345031082842, 20.220512280816777), (20.887456445443384, 20.258683947197884), (20.86138005094678, 20.29693812149837), (20.835221127828408, 20.33527480310562), (20.808979676578893, 20.37369399140619), (20.782655697689695, 20.4121956857858), (20.756249191653097, 20.45077988562935), (20.729760158962222, 20.489446590320902), (20.703188600111023, 20.528195799243687), (20.676534515594284, 20.567027511780104), (20.64979790590762, 20.605941727311723)]",True
1783881433.9851527,0,21.75362645716511,19.02030821850544,0.8000000119209292,105.94421260576246,-0.438069870545657,20.993487004568603,18.732996720982143,1.120000004768372,104.97878573946498,0.3449348532453406,-0.7601394525965084,-0.287311497523298,0.31999999284744285,-0.9654268662974772,0.7830047237909976,"[(21.746790341998462, 18.97825894407236), (21.724169559607915, 19.012153814442918), (21.70146629129449, 19.046131154970627), (21.67868053751405, 19.080190965085897), (21.655812298723284, 19.114333244218304), (21.632861575379717, 19.1485579917966), (21.609828367941706, 19.1828652072487), (21.586712676868434, 19.217254890001694), (21.56351450261992, 19.25172703948184), (21.540233845657013, 19.28628165511456), (21.516870706441388, 19.320918736324455), (21.493425085435558, 19.355638282535285), (21.469896983102863, 19.39044029316999), (21.446286399907475, 19.42532476765067), (21.422593336314396, 19.4602917053986), (21.398817792789465, 19.49534110583422), (21.374959769799343, 19.530472968377147), (21.35101926781153, 19.565687292446157), (21.326996287294353, 19.600984077459206), (21.30289082871697, 19.63636332283341), (21.27870289254937, 19.671825027985065), (21.254432479262373, 19.707369192329626), (21.23007958932763, 19.74299581528172), (21.20564422321763, 19.77870489625515), (21.18112638140568, 19.814496434662882), (21.156526064365927, 19.850370429917053), (21.13184327257335, 19.886326881428968), (21.107078006503748, 19.922365788609106), (21.082230266633765, 19.958487150867114), (21.05730005344087, 19.994690967611806), (21.03228736740336, 20.030977238251165), (21.007192209000365, 20.067345962192345), (20.982014578711848, 20.103797138841674), (20.956754477018603, 20.140330767604645), (20.93141190440225, 20.17694684788592), (20.905986861345244, 20.21364537908933), (20.880479348330876, 20.25042636061788), (20.854889365843256, 20.28728979187374), (20.829216914367333, 20.324235672258254), (20.803461994388883, 20.361264001171932), (20.777624606394518, 20.398374778014453), (20.751704750871674, 20.43556800218467), (20.72570242830863, 20.4728436730806), (20.69961763919448, 20.510201790099437), (20.673450384019155, 20.54764235263754)]",True
1783881434.0447047,0,21.75053410162025,19.036006271654564,0.8000000119209292,105.94421260576246,-0.438069870545657,20.98819855725085,18.75476346380317,1.120000004768372,106.02616631220701,0.35217966141084195,-0.7623355443693995,-0.2812428078513953,0.31999999284744285,0.08195370644455124,0.7902495319564989,"[(21.742260442246806, 18.9992623983352), (21.72048348841725, 19.031011836104337), (21.698623832482753, 19.06284396195123), (21.676681474894423, 19.094758775323317), (21.654656416104224, 19.12675627566719), (21.63254865656495, 19.158836462428617), (21.61035819673024, 19.190999335052506), (21.588085037054576, 19.223244892982937), (21.565729177993276, 19.255573135663152), (21.5432906200025, 19.287984062535543), (21.520769363539248, 19.32047767304167), (21.49816540906136, 19.353053966622248), (21.475478757027517, 19.385712942717163), (21.45270940789724, 19.418454600765447), (21.42985736213089, 19.4512789402053), (21.406922620189665, 19.48418596047408), (21.383905182535614, 19.517175661008306), (21.36080504963161, 19.55024804124366), (21.337622221941388, 19.583403100614976), (21.314356699929498, 19.616640838556254), (21.291008484061347, 19.649961254500656), (21.26757757480318, 19.683364347880502), (21.24406397262208, 19.71685011812727), (21.220467677985965, 19.750418564671598), (21.196788691363608, 19.78406968694329), (21.173027013224605, 19.817803484371304), (21.149182644039406, 19.851619956383765), (21.12525558427929, 19.885519102407947), (21.101245834416385, 19.9195009218703), (21.077153394923656, 19.953565414196415), (21.052978266274906, 19.987712578811063), (21.02872044894478, 20.021942415138163), (21.004379943408765, 20.056254922600797), (20.97995675014318, 20.09065010062121), (20.9554508696252, 20.125127948620804), (20.930862302332827, 20.15968846602014), (20.9061910487449, 20.19433165223894), (20.881437109341118, 20.229057506696094), (20.856600484601994, 20.26386602880964), (20.831681175008903, 20.298757217996787), (20.80667918104405, 20.3337310736739), (20.781594503190476, 20.368787595256503), (20.756427141932072, 20.40392678215928), (20.731177097753562, 20.439148633796083), (20.70584437114052, 20.474453149579915)]",True
1783881434.0870123,0,21.747628582791613,19.051740147683557,0.8000000119209292,105.94421260576246,-0.438069870545657,20.982802427049325,18.77650376155334,1.120000004768372,106.02616631220701,0.35217966141084195,-0.7648261557422877,-0.27523638613021717,0.31999999284744285,0.08195370644455124,0.7902495319564989,"[(21.7397714139839, 19.012370831656053), (21.718864507705664, 19.041760966605494), (21.697874703119865, 19.07123398786104), (21.676802000672357, 19.10078989488984), (21.65564640080984, 19.1304286871582), (21.63440790397987, 19.160150364131574), (21.613086510630847, 19.189954925274563), (21.591682221212018, 19.21984237005093), (21.570195036173484, 19.249812697923577), (21.548624955966197, 19.279865908354566), (21.526971981041953, 19.310002000805106), (21.5052361118534, 19.34022097473556), (21.48341734885403, 19.37052282960544), (21.46151569249819, 19.40090756487341), (21.439531143241073, 19.431375179997282), (21.417463701538725, 19.461925674434028), (21.395313367848036, 19.492559047639762), (21.37308014262675, 19.523275299069756), (21.350764026333458, 19.554074428178424), (21.328365019427597, 19.58495643441934), (21.30588312236946, 19.615921317245228), (21.28331833562018, 19.64696907610796), (21.260670659641747, 19.678099710458568), (21.237940094896995, 19.70931321974722), (21.21512664184961, 19.74060960342325), (21.19223030096413, 19.77198886093513), (21.169251072705936, 19.8034509917305), (21.14618895754126, 19.834995995256136), (21.123043955937185, 19.866623870957977), (21.099816068361637, 19.898334618281098), (21.076505295283397, 19.93012823666974), (21.053111637172094, 19.962004725567294), (21.029635094498207, 19.993964084416298), (21.00607566773306, 20.02600631265844), (20.982433357348828, 20.05813140973456), (20.95870816381854, 20.090339375084657), (20.93490008761606, 20.12263020814787), (20.91100912921612, 20.155003908362495), (20.887035289094285, 20.18746047516598), (20.862978567726977, 20.219999907994932), (20.838838965591464, 20.25262220628509), (20.814616483165867, 20.28532736947136), (20.79031112092915, 20.3181153969878), (20.76592287936113, 20.350986288267606), (20.741451758942475, 20.38394004274314)]",True
1783881434.1417077,0,21.738294243995966,19.098821503192255,0.8000000119209292,105.94421260576246,-0.438069870545657,20.96710838314939,18.841845251882766,1.120000004768372,106.02616631220701,0.35217966141084195,-0.7711858608465754,-0.25697625130948865,0.31999999284744285,0.08195370644455124,0.7902495319564989,"[(21.733417723939805, 19.045253745674536), (21.71445847667748, 19.068956071544903), (21.695415783861748, 19.09274183615753), (21.67628964592769, 19.116611039027646), (21.657080063311245, 19.14056367966962), (21.63778703644924, 19.164599757596946), (21.61841056577936, 19.188719272322246), (21.59895065174018, 19.212922223357257), (21.579407294771134, 19.23720861021286), (21.559780495312534, 19.26157843239905), (21.54007025380557, 19.28603168942496), (21.5202765706923, 19.310568380798834), (21.500399446415653, 19.33518850602806), (21.48043888141944, 19.359892064619146), (21.46039487614833, 19.384679056077722), (21.44026743104789, 19.409549479908556), (21.420056546564535, 19.434503335615535), (21.39976222314557, 19.459540622701674), (21.379384461239162, 19.484661340669113), (21.358923261294358, 19.50986548901913), (21.338378623761074, 19.535153067252118), (21.3177505490901, 19.560524074867594), (21.297039037733107, 19.58597851136422), (21.276244090142626, 19.611516376239766), (21.25536570677207, 19.63713766899114), (21.23440388807572, 19.662842389114378), (21.21335863450874, 19.688630536104633), (21.192229946527153, 19.7145021094562), (21.171017824587867, 19.740457108662483), (21.149722269148654, 19.76649553321603), (21.128343280668165, 19.79261738260851), (21.106880859605923, 19.81882265633071), (21.085335006422323, 19.84511135387256), (21.063705721578632, 19.871483474723107), (21.041993005536995, 19.897939018370526), (21.020196858760425, 19.924477984302122), (20.99831728171281, 19.951100372004326), (20.976354274858917, 19.977806180962695), (20.95430783866437, 20.004595410661917), (20.93217797359568, 20.0314680605858), (20.90996468012023, 20.05842413021729), (20.887667958706267, 20.085463619038446), (20.86528780982292, 20.112586526530468), (20.84282423394019, 20.139792852173674), (20.820277231528944, 20.167082595447514)]",True
1783881434.1988246,0,21.731311779423663,19.130049706084836,0.8000000119209292,105.94421260576246,-0.438069870545657,20.9569793824869,18.88548499652266,1.120000004768372,106.02616631220701,0.35217966141084195,-0.7743323969367637,-0.24456470956217657,0.31999999284744285,0.08195370644455124,0.7902495319564989,"[(21.732070103871255, 19.05238785145979), (21.713333213511262, 19.07544315304066), (21.69451281607845, 19.098581955482608), (21.675608912006602, 19.121804258306508), (21.656621501730378, 19.14511006103235), (21.637550585685307, 19.168499363179258), (21.618396164307804, 19.19197216426547), (21.59915823803516, 19.215528463808347), (21.579836807305526, 19.239168261324387), (21.56043187255795, 19.2628915563292), (21.540943434232343, 19.286698348337527), (21.5213714927695, 19.310588636863226), (21.501716048611083, 19.33456242141929), (21.481977102199636, 19.358619701517824), (21.462154653978576, 19.38276047667007), (21.4422487043922, 19.406984746386385), (21.422259253885677, 19.431292510176252), (21.40218630290505, 19.45568376754828), (21.38202985189725, 19.4801585180102), (21.36178990131007, 19.50471676106887), (21.34146645159218, 19.529358496230273), (21.321059503193133, 19.554083722999515), (21.300569056563354, 19.57889244088082), (21.27999511215415, 19.603784649377545), (21.259337670417693, 19.62876034799217), (21.23859673180704, 19.653819536226294), (21.21777229677612, 19.678962213580647), (21.196864365779735, 19.704188379555077), (21.175872939273567, 19.729498033648564), (21.154798017714178, 19.75489117535921), (21.133639601558997, 19.780367804184227), (21.112397691266334, 19.805927919619975), (21.091072287295372, 19.831571521161926), (21.06966339010617, 19.857298608304674), (21.048171000159666, 19.88310918054194), (21.026595117917672, 19.909003237366576), (21.004935743842875, 19.93498077827055), (20.983192878398842, 19.961041802744955), (20.96136652205001, 19.987186310280013), (20.939456675261688, 20.013414300365067), (20.917463338500074, 20.039725772488584), (20.895386512232236, 20.066120726138156), (20.87322619692611, 20.092599160800503), (20.850982393050522, 20.11916107596147), (20.82865510107516, 20.145806471106013)]",True
1783881434.2351978,0,21.720612911919293,19.17684021364392,0.8000000119209292,105.94421260576246,-0.438069870545657,20.942518900099476,18.95110958388929,1.120000004768372,106.02616631220701,0.35217966141084195,-0.7780940118198174,-0.22573062975462932,0.31999999284744285,0.08195370644455124,0.7902495319564989,"[(21.7307844877732, 19.05958844414388), (21.712256813095056, 19.082043808820835), (21.69364557483076, 19.104582731425488), (21.674950773412856, 19.12720521148397), (21.65617240927476, 19.14991124852153), (21.63731048285076, 19.172700842062532), (21.618364994576034, 19.195573991630468), (21.599335944886636, 19.21853069674795), (21.580223334219497, 19.241570956936712), (21.561027163012422, 19.26469477171761), (21.541747431704106, 19.28790214061062), (21.522384140734108, 19.31119306313484), (21.502937290542878, 19.334567538808493), (21.483406881571735, 19.35802556714892), (21.46379291426289, 19.381567147672587), (21.444095389059413, 19.405192279895076), (21.424314306405268, 19.428900963331095), (21.404449666745293, 19.452693197494476), (21.384501470525198, 19.47656898189817), (21.364469718191582, 19.500528316054243), (21.34435441019192, 19.524571199473897), (21.32415554697456, 19.54869763166744), (21.303873128988734, 19.572907612144316), (21.283507156684546, 19.597201140413084), (21.263057630512982, 19.621578215981422), (21.24252455092591, 19.646038838356137), (21.221907918376072, 19.67058300704315), (21.201207733317094, 19.695210721547507), (21.180423996203473, 19.71992198137338), (21.159556707490584, 19.744716786024053), (21.138605867634688, 19.769595135001946), (21.117571477092916, 19.79455702780859), (21.09645353632329, 19.81960246394464), (21.07525204578469, 19.844731442909872), (21.053967005936894, 19.869943964203188), (21.03259841724055, 19.895240027322608), (21.011146280157185, 19.920619631765273), (20.989610595149202, 19.94608277702745), (20.967991362679886, 19.971629462604525), (20.9462885832134, 19.997259687991008), (20.92450225721478, 20.022973452680528), (20.902632385149946, 20.048770756165837), (20.880678967485697, 20.07465159793881), (20.85864200468971, 20.100615977490445), (20.83652149723053, 20.126663894310862)]",True
1783881434.2859743,0,21.714117523324205,19.208173711074302,0.8000000119209292,105.94421260576246,-0.438069870545657,20.93378098701161,18.99504873201931,1.120000004768372,106.02616631220701,0.35217966141084195,-0.7803365363125963,-0.21312497905499228,0.31999999284744285,0.08195370644455124,0.7902495319564989,"[(21.7307844877732, 19.05958844414388), (21.712256813095056, 19.082043808820835), (21.69364557483076, 19.104582731425488), (21.674950773412856, 19.12720521148397), (21.65617240927476, 19.14991124852153), (21.63731048285076, 19.172700842062532), (21.618364994576034, 19.195573991630468), (21.599335944886636, 19.21853069674795), (21.580223334219497, 19.241570956936712), (21.561027163012422, 19.26469477171761), (21.541747431704106, 19.28790214061062), (21.522384140734108, 19.31119306313484), (21.502937290542878, 19.334567538808493), (21.483406881571735, 19.35802556714892), (21.46379291426289, 19.381567147672587), (21.444095389059413, 19.405192279895076), (21.424314306405268, 19.428900963331095), (21.404449666745293, 19.452693197494476), (21.384501470525198, 19.47656898189817), (21.364469718191582, 19.500528316054243), (21.34435441019192, 19.524571199473897), (21.32415554697456, 19.54869763166744), (21.303873128988734, 19.572907612144316), (21.283507156684546, 19.597201140413084), (21.263057630512982, 19.621578215981422), (21.24252455092591, 19.646038838356137), (21.221907918376072, 19.67058300704315), (21.201207733317094, 19.695210721547507), (21.180423996203473, 19.71992198137338), (21.159556707490584, 19.744716786024053), (21.138605867634688, 19.769595135001946), (21.117571477092916, 19.79455702780859), (21.09645353632329, 19.81960246394464), (21.07525204578469, 19.844731442909872), (21.053967005936894, 19.869943964203188), (21.03259841724055, 19.895240027322608), (21.011146280157185, 19.920619631765273), (20.989610595149202, 19.94608277702745), (20.967991362679886, 19.971629462604525), (20.9462885832134, 19.997259687991008), (20.92450225721478, 20.022973452680528), (20.902632385149946, 20.048770756165837), (20.880678967485697, 20.07465159793881), (20.85864200468971, 20.100615977490445), (20.83652149723053, 20.126663894310862)]",True
1783881434.3438482,0,21.70880103228917,19.231577309303837,0.8000000119209292,105.94421260576246,-0.438069870545657,20.929488380173268,19.017033531967954,1.120000004768372,106.02616631220701,0.35217966141084195,-0.7793126521159017,-0.2145437773358836,0.31999999284744285,0.08195370644455124,0.7902495319564989,"[(21.7307844877732, 19.05958844414388), (21.712256813095056, 19.082043808820835), (21.69364557483076, 19.104582731425488), (21.674950773412856, 19.12720521148397), (21.65617240927476, 19.14991124852153), (21.63731048285076, 19.172700842062532), (21.618364994576034, 19.195573991630468), (21.599335944886636, 19.21853069674795), (21.580223334219497, 19.241570956936712), (21.561027163012422, 19.26469477171761), (21.541747431704106, 19.28790214061062), (21.522384140734108, 19.31119306313484), (21.502937290542878, 19.334567538808493), (21.483406881571735, 19.35802556714892), (21.46379291426289, 19.381567147672587), (21.444095389059413, 19.405192279895076), (21.424314306405268, 19.428900963331095), (21.404449666745293, 19.452693197494476), (21.384501470525198, 19.47656898189817), (21.364469718191582, 19.500528316054243), (21.34435441019192, 19.524571199473897), (21.32415554697456, 19.54869763166744), (21.303873128988734, 19.572907612144316), (21.283507156684546, 19.597201140413084), (21.263057630512982, 19.621578215981422), (21.24252455092591, 19.646038838356137), (21.221907918376072, 19.67058300704315), (21.201207733317094, 19.695210721547507), (21.180423996203473, 19.71992198137338), (21.159556707490584, 19.744716786024053), (21.138605867634688, 19.769595135001946), (21.117571477092916, 19.79455702780859), (21.09645353632329, 19.81960246394464), (21.07525204578469, 19.844731442909872), (21.053967005936894, 19.869943964203188), (21.03259841724055, 19.895240027322608), (21.011146280157185, 19.920619631765273), (20.989610595149202, 19.94608277702745), (20.967991362679886, 19.971629462604525), (20.9462885832134, 19.997259687991008), (20.92450225721478, 20.022973452680528), (20.902632385149946, 20.048770756165837), (20.880678967485697, 20.07465159793881), (20.85864200468971, 20.100615977490445), (20.83652149723053, 20.126663894310862)]",True
1783881434.4926236,0,21.701683717266995,19.26277524139796,0.8000000119209292,105.94421260576246,-0.438069870545657,20.918580240254187,19.07196062592469,1.120000004768372,106.02616631220701,0.35217966141084195,-0.7831034770128085,-0.19081461547327194,0.31999999284744285,0.08195370644455124,0.7902495319564989,"[(21.700370373106043, 19.195988660245288), (21.67902403949078, 19.22466089736756), (21.65757033246245, 19.25344049213267), (21.636009252904046, 19.282327443510432), (21.61434080170072, 19.311321750468515), (21.59256497973978, 19.340423411972427), (21.570681787910683, 19.369632426985525), (21.548691227105046, 19.39894879446901), (21.526593298216635, 19.428372513381934), (21.504388002141376, 19.45790358268119), (21.48207533977734, 19.487542001321525), (21.45965531202476, 19.517287768255525), (21.43712791978603, 19.547140882433624), (21.41449316396568, 19.57710134280411), (21.391751045470407, 19.607169148313105), (21.368901565209065, 19.63734429790459), (21.345944724092654, 19.66762679052039), (21.322880523034325, 19.698016625100173), (21.299708962949396, 19.728513800581453), (21.27643004475533, 19.7591183158996), (21.253043769371747, 19.789830169987816), (21.22955013772042, 19.82064936177716), (21.205949150725274, 19.851575890196543), (21.182240809312393, 19.88260975417271), (21.15842511441001, 19.91375095263026), (21.134502066948517, 19.94499948449164), (21.110471667860455, 19.97635534867714), (21.086333918080523, 20.0078185441049), (21.062088818545565, 20.03938906969091), (21.037736370194594, 20.071066924349), (21.013276573968767, 20.102852106990856), (20.988709430811394, 20.134744616526003), (20.96403494166794, 20.166744451861817), (20.939253107486028, 20.19885161190352), (20.91436392921543, 20.231066095554183), (20.889367407808074, 20.263387901714726), (20.86426354421804, 20.29581702928391), (20.83905233940156, 20.32835347715835), (20.813733794317027, 20.360997244232504), (20.788307909924978, 20.393748329398683), (20.76277468718811, 20.42660673154704), (20.73713412707127, 20.459572449565577), (20.711386230541457, 20.492645482340144), (20.685530998567835, 20.525825828754442), (20.65956843212171, 20.55911348769001)]",True
1783881434.547967,0,21.69414927480055,19.302054720266206,0.8000000119209292,105.94421260576246,-0.438069870545657,20.907225041619693,19.1267972255001,1.120000004768372,106.02616631220701,0.35217966141084195,-0.7869242331808586,-0.1752574947661074,0.31999999284744285,0.08195370644455124,0.7902495319564989,"[(21.68062885025933, 19.285200517307878), (21.658783951777146, 19.31550803561213), (21.636832402471356, 19.345922186703195), (21.614774203220318, 19.376442969535475), (21.5926093549045, 19.407070383061264), (21.570337858406475, 19.437804426230755), (21.54795971461092, 19.468645097992038), (21.52547492440461, 19.499592397291096), (21.502883488676435, 19.53064632307181), (21.480185408317386, 19.56180687427596), (21.457380684220556, 19.593074049843214), (21.434469317281145, 19.624447848711142), (21.411451308396458, 19.655928269815213), (21.388326658465907, 19.687515312088788), (21.365095368391003, 19.71920897446313), (21.341757439075366, 19.751009255867388), (21.318312871424716, 19.78291615522862), (21.294761666346883, 19.814929671471774), (21.2711038247518, 19.847049803519695), (21.247339347551506, 19.879276550293124), (21.22346823566014, 19.911609910710695), (21.199490489993945, 19.944049883688947), (21.175406111471272, 19.97659646814231), (21.15121510101258, 20.009249662983116), (21.126917459540422, 20.042009467121584), (21.10251318797947, 20.074875879465843), (21.07800228725648, 20.107848898921908), (21.053384758300336, 20.140928524393694), (21.028660602042002, 20.174114754783012), (21.00382981941457, 20.207407588989575), (20.97889241135322, 20.24080702591099), (20.953848378795236, 20.274313064442754), (20.928697722680017, 20.307925703478272), (20.90344044394906, 20.34164494190884), (20.878076543545966, 20.37547077862365), (20.852606022416442, 20.409403212509797), (20.82702888150829, 20.443442242452267), (20.801345121771433, 20.477587867333945), (20.775554744157883, 20.511840086035615), (20.74965774962176, 20.546198897435957), (20.723654139119294, 20.58066430041155), (20.69754391360881, 20.615236293836862), (20.671327074050748, 20.64991487658427), (20.64500362140764, 20.68470004752404), (20.61857355664413, 20.71959180552434)]",True
1783881434.6125782,0,21.68963821254299,19.333734294911487,0.8000000119209292,105.94421260576246,-0.438069870545657,20.898367892306727,19.170712333947684,1.120000004768372,106.02616631220701,0.35217966141084195,-0.791270320236265,-0.16302196096380328,0.31999999284744285,0.08195370644455124,0.7902495319564989,"[(21.676270551996843, 19.313656650165434), (21.656925131854724, 19.339574284490524), (21.637496353220733, 19.365575267886626), (21.617984216532754, 19.391659599847195), (21.598388722229544, 19.417827279864824), (21.57870987075072, 19.44407830743123), (21.558947662536777, 19.470412682037267), (21.53910209802908, 19.49683040317292), (21.51917317766986, 19.523331470327292), (21.499160901902222, 19.54991588298863), (21.479065271170136, 19.5765836406443), (21.458886285918446, 19.603334742780817), (21.438623946592863, 19.630169188883805), (21.41827825363997, 19.65708697843803), (21.397849207507218, 19.684088110927387), (21.377336808642927, 19.7111725858349), (21.356741057496293, 19.738340402642724), (21.336061954517373, 19.765591560832146), (21.3152995001571, 19.79292605988358), (21.294453694867276, 19.820343899276573), (21.27352453910057, 19.8478450784898), (21.252512033310527, 19.875429597001073), (21.231416177951555, 19.90309745428733), (21.21023697347893, 19.93084864982464), (21.188974420348806, 19.9586831830882), (21.167628519018205, 19.986601053552338), (21.14619926994501, 20.014602260690516), (21.124686673587988, 20.04268680397533), (21.10309073040676, 20.07085468287849), (21.081411440861828, 20.09910589687086), (21.05964880541456, 20.12744044542242), (21.037802824527194, 20.155858328002278), (21.015873498662838, 20.184359544078678), (20.99386082828547, 20.212944093119), (20.971764813859938, 20.241611974589745), (20.94958545585196, 20.27036318795655), (20.92732275472812, 20.299197732684185), (20.904976710955875, 20.328115608236537), (20.88254732500355, 20.35711681407664), (20.86003459734034, 20.386201349666653), (20.837438528436316, 20.415369214467866), (20.814759118762407, 20.444620407940697), (20.791996368790418, 20.473954929544696), (20.769150278993024, 20.503372778738544), (20.74622084984377, 20.53287395498005)]",True
1783881434.642088,0,21.688619547754257,19.34166916104022,0.8000000119209292,105.94421260576246,-0.438069870545657,20.89628858011628,19.181717590236335,1.120000004768372,106.02616631220701,0.35217966141084195,-0.7923309676379766,-0.15995157080388367,0.31999999284744285,0.08195370644455124,0.7902495319564989,"[(21.67512283613841, 19.320643135243795), (21.656054740698984, 19.345753646048323), (21.636903206704424, 19.370947586730697), (21.617668234590923, 19.396224956791425), (21.598349824795548, 19.421585755730145), (21.578947977756233, 19.447029983045628), (21.55946269391179, 19.47255763823576), (21.539893973701904, 19.498168720797562), (21.520241817567136, 19.523863230227178), (21.50050622594891, 19.549641166019885), (21.480687199289537, 19.575502527670082), (21.46078473803219, 19.6014473146713), (21.440798842620914, 19.627475526516193), (21.42072951350064, 19.653587162696546), (21.400576751117157, 19.679782222703267), (21.380340555917137, 19.70606070602639), (21.36002092834812, 19.73242261215508), (21.339617868858525, 19.75886794057763), (21.31913137789764, 19.78539669078146), (21.298561455915628, 19.81200886225311), (21.27790810336352, 19.838704454478254), (21.257171320693224, 19.865483466941697), (21.236351108357525, 19.892345899127363), (21.21544746681007, 19.91929175051831), (21.194460396505388, 19.946321020596717), (21.17338989789888, 19.973433708843896), (21.152235971446817, 20.000629814740275), (21.13099861760635, 20.02790933776543), (21.109677836835488, 20.055272277398043), (21.08827362959313, 20.082718633115935), (21.066785996339036, 20.11024840439605), (21.045214937533846, 20.137861590714465), (21.02356045363907, 20.16555819154638), (21.001822545117093, 20.193338206366118), (20.98000121243117, 20.221201634647137), (20.958096456045432, 20.24914847586202), (20.93610827642488, 20.27717872948248), (20.914036674035387, 20.305292394979343), (20.891881649343706, 20.33348947182258), (20.869643202817453, 20.361769959481286), (20.847321334925127, 20.390133857423677), (20.82491604613609, 20.4185811651171), (20.80242733692058, 20.44711188202803), (20.77985520774972, 20.475726007622065), (20.757199659095484, 20.504423541363938)]",True
1783881434.6879015,0,21.685357798885004,19.365445816477553,0.8000000119209292,105.94421260576246,-0.438069870545657,20.89048641580234,19.214812496687802,1.120000004768372,106.02616631220701,0.35217966141084195,-0.7948713830826648,-0.15063331978975114,0.31999999284744285,0.08195370644455124,0.7902495319564989,"[(21.671365101633704, 19.34935647968916), (21.65324933963732, 19.371789059304923), (21.635049898825063, 19.394305311496932), (21.616766779627127, 19.416905235789343), (21.598399982474596, 19.43958883170544), (21.579949507799437, 19.462356098767607), (21.561415356034498, 19.485207036497357), (21.542797527613512, 19.50814164441531), (21.524096022971097, 19.531159922041212), (21.50531084254275, 19.554261868893917), (21.48644198676486, 19.5774474844914), (21.467489456074695, 19.600716768350754), (21.448453250910404, 19.62406971998818), (21.429333371711028, 19.647506338919005), (21.410129818916484, 19.671026624657667), (21.390842592967577, 19.694630576717724), (21.371471694305995, 19.718318194611847), (21.352017123374306, 19.74208947785182), (21.33247888061597, 19.765944425948557), (21.31285696647532, 19.789883038412075), (21.293151381397582, 19.81390531475151), (21.273362125828864, 19.838011254475116), (21.253489200216155, 19.86220085709027), (21.23353260500733, 19.88647412210345), (21.21349234065114, 19.910831049020267), (21.193368407597234, 19.935271637345437), (21.173160806296135, 19.9597958865828), (21.15286953719925, 19.98440379623531), (21.132494600758875, 20.00909536580503), (21.112035997428183, 20.033870594793154), (21.091493727661234, 20.05872948269998), (21.070867791912974, 20.083672029024928), (21.050158190639227, 20.108698233266534), (21.029364924296704, 20.13380809492245), (21.008487993343003, 20.15900161348945), (20.987527398236598, 20.184278788463416), (20.966483139436853, 20.20963961933935), (20.945355217404018, 20.235084105611367), (20.924143632599215, 20.260612246772705), (20.90284838548446, 20.28622404231572), (20.88146947652265, 20.311919491731878), (20.860006906177563, 20.33769859451176), (20.83846067491386, 20.363561350145073), (20.816830783197094, 20.38950775812063), (20.795117231493695, 20.415537817926367)]",True
1783881434.7376313,0,21.668249893620374,19.46224058471771,0.6044744597756174,105.94421260576246,-0.438069870545657,20.86632848349263,19.358393267924765,1.120000004768372,106.02616631220701,0.35217966141084195,-0.8019214101277434,-0.1038473167929439,0.5155255449927546,0.08195370644455124,0.7902495319564989,"[(21.66884878023454, 19.371472736058863), (21.65128141594554, 19.392365446093063), (21.633630225436992, 19.413341977521014), (21.615895209135722, 19.434402329880523), (21.598076367469456, 19.455546502708508), (21.58017370086681, 19.47677449554099), (21.562187209757283, 19.49808630791311), (21.544116894571275, 19.51948193935911), (21.525962755740064, 19.54096138941234), (21.507724793695832, 19.562524657605277), (21.489403008871644, 19.584171743469483), (21.470997401701457, 19.605902646535647), (21.452507972620115, 19.62771736633356), (21.433934722063356, 19.649615902392124), (21.415277650467807, 19.67159825423936), (21.39653675827099, 19.69366442140238), (21.37771204591131, 19.715814403407425), (21.358803513828065, 19.73804819977983), (21.339811162461444, 19.76036581004405), (21.320734992252532, 19.78276723372365), (21.301575003643297, 19.805252470341298), (21.282331197076598, 19.827821519418773), (21.263003572996187, 19.850474380476967), (21.243592131846707, 19.87321105303588), (21.224096874073688, 19.896031536614625), (21.20451780012355, 19.91893583073142), (21.18485491044361, 19.941923934903595), (21.165108205482074, 19.964995848647593), (21.14527768568803, 19.98815157147896), (21.12536335151146, 20.011391102912356), (21.105365203403238, 20.03471444246155), (21.08528324181513, 20.05812158963942), (21.06511746719979, 20.08161254395796), (21.04486788001077, 20.10518730492826), (21.024534480702496, 20.12884587206054), (21.004117269730298, 20.152588244864113), (20.98361624755039, 20.176414422847404), (20.96303141461988, 20.200324405517954), (20.942362771396763, 20.22431819238241), (20.921610318339923, 20.24839578294653), (20.90077405590914, 20.27255717671519), (20.87985398456508, 20.296802373192357), (20.858850104769303, 20.32113137188112), (20.837762416984255, 20.34554417228368), (20.81659092167327, 20.370040773901348)]",True
1783881434.7849455,0,21.66155676250472,19.499466575164128,0.6540323546522858,107.04955181815829,-0.4459448488346412,20.85621153842297,19.424825627241898,1.120000004768372,106.02616631220701,0.35217966141084195,-0.8053452240817514,-0.07464094792223008,0.4659676501160862,-1.023385505951282,0.7981245102454831,"[(21.66884878023454, 19.371472736058863), (21.65128141594554, 19.392365446093063), (21.633630225436992, 19.413341977521014), (21.615895209135722, 19.434402329880523), (21.598076367469456, 19.455546502708508), (21.58017370086681, 19.47677449554099), (21.562187209757283, 19.49808630791311), (21.544116894571275, 19.51948193935911), (21.525962755740064, 19.54096138941234), (21.507724793695832, 19.562524657605277), (21.489403008871644, 19.584171743469483), (21.470997401701457, 19.605902646535647), (21.452507972620115, 19.62771736633356), (21.433934722063356, 19.649615902392124), (21.415277650467807, 19.67159825423936), (21.39653675827099, 19.69366442140238), (21.37771204591131, 19.715814403407425), (21.358803513828065, 19.73804819977983), (21.339811162461444, 19.76036581004405), (21.320734992252532, 19.78276723372365), (21.301575003643297, 19.805252470341298), (21.282331197076598, 19.827821519418773), (21.263003572996187, 19.850474380476967), (21.243592131846707, 19.87321105303588), (21.224096874073688, 19.896031536614625), (21.20451780012355, 19.91893583073142), (21.18485491044361, 19.941923934903595), (21.165108205482074, 19.964995848647593), (21.14527768568803, 19.98815157147896), (21.12536335151146, 20.011391102912356), (21.105365203403238, 20.03471444246155), (21.08528324181513, 20.05812158963942), (21.06511746719979, 20.08161254395796), (21.04486788001077, 20.10518730492826), (21.024534480702496, 20.12884587206054), (21.004117269730298, 20.152588244864113), (20.98361624755039, 20.176414422847404), (20.96303141461988, 20.200324405517954), (20.942362771396763, 20.22431819238241), (20.921610318339923, 20.24839578294653), (20.90077405590914, 20.27255717671519), (20.87985398456508, 20.296802373192357), (20.858850104769303, 20.32113137188112), (20.837762416984255, 20.34554417228368), (20.81659092167327, 20.370040773901348)]",True
1783881434.835183,0,21.656357058183005,19.532581975372377,0.6855890680447542,107.04955181815829,-0.4459448488346412,20.848758927089,19.482387875171543,1.2191529873411686,106.02616631220701,0.35217966141084195,-0.8075981310940037,-0.0501941002008337,0.5335639192964144,-1.023385505951282,0.7981245102454831,"[(21.66884878023454, 19.371472736058863), (21.65128141594554, 19.392365446093063), (21.633630225436992, 19.413341977521014), (21.615895209135722, 19.434402329880523), (21.598076367469456, 19.455546502708508), (21.58017370086681, 19.47677449554099), (21.562187209757283, 19.49808630791311), (21.544116894571275, 19.51948193935911), (21.525962755740064, 19.54096138941234), (21.507724793695832, 19.562524657605277), (21.489403008871644, 19.584171743469483), (21.470997401701457, 19.605902646535647), (21.452507972620115, 19.62771736633356), (21.433934722063356, 19.649615902392124), (21.415277650467807, 19.67159825423936), (21.39653675827099, 19.69366442140238), (21.37771204591131, 19.715814403407425), (21.358803513828065, 19.73804819977983), (21.339811162461444, 19.76036581004405), (21.320734992252532, 19.78276723372365), (21.301575003643297, 19.805252470341298), (21.282331197076598, 19.827821519418773), (21.263003572996187, 19.850474380476967), (21.243592131846707, 19.87321105303588), (21.224096874073688, 19.896031536614625), (21.20451780012355, 19.91893583073142), (21.18485491044361, 19.941923934903595), (21.165108205482074, 19.964995848647593), (21.14527768568803, 19.98815157147896), (21.12536335151146, 20.011391102912356), (21.105365203403238, 20.03471444246155), (21.08528324181513, 20.05812158963942), (21.06511746719979, 20.08161254395796), (21.04486788001077, 20.10518730492826), (21.024534480702496, 20.12884587206054), (21.004117269730298, 20.152588244864113), (20.98361624755039, 20.176414422847404), (20.96303141461988, 20.200324405517954), (20.942362771396763, 20.22431819238241), (20.921610318339923, 20.24839578294653), (20.90077405590914, 20.27255717671519), (20.87985398456508, 20.296802373192357), (20.858850104769303, 20.32113137188112), (20.837762416984255, 20.34554417228368), (20.81659092167327, 20.370040773901348)]",True
1783881434.8852866,0,21.6511095971657,19.567107271863694,0.7103235430128457,107.04955181815829,-0.4459448488346412,20.842997843186275,19.545664412413604,1.3187833829586675,106.02616631220701,0.35217966141084195,-0.8081117539794249,-0.021442859450090168,0.6084598399458218,-1.023385505951282,0.7981245102454831,"[(21.64408032230104, 19.41773682901026), (21.6243325747507, 19.440216618228362), (21.604508992534086, 19.462772238109398), (21.584609576083583, 19.4854036881915), (21.564634325832383, 19.50811096801199), (21.5445832422145, 19.53089407710737), (21.52445632566477, 19.553753015013314), (21.504253576618837, 19.576687781264692), (21.48397499551317, 19.59969837539556), (21.46362058278505, 19.62278479693914), (21.443190338872583, 19.645947045427846), (21.422684264214684, 19.66918512039328), (21.402102359251096, 19.692499021366217), (21.381444624422368, 19.71588874787662), (21.36071106016987, 19.73935429945363), (21.339901666935795, 19.76289567562558), (21.319016445163147, 19.786512875919975), (21.29805539529575, 19.810205899863508), (21.27701851777825, 19.833974746982058), (21.255905813056096, 19.857819416800684)]",True
1783881434.941078,0,21.650067934245794,19.574155258195365,0.7145876591094251,107.04955181815829,-0.4459448488346412,20.84227720243446,19.558918453939036,1.3359592306048862,106.02616631220701,0.35217966141084195,-0.807790731811334,-0.015236804256328895,0.6213715714954611,-1.023385505951282,0.7981245102454831,"[(21.639371963397767, 19.540392453005392), (21.620534881655356, 19.566783208986703), (21.60161418047093, 19.593257573577667), (21.582609860278577, 19.619815546265002), (21.563521921513274, 19.646457126534557), (21.544350364610864, 19.673182313871298), (21.525095190008066, 19.699991107759317), (21.505756398142477, 19.72688350768183), (21.486333989452568, 19.753859513121185), (21.46682796437769, 19.780919123558846), (21.44723832335806, 19.808062338475406), (21.427565066834784, 19.83528915735058), (21.40780819524983, 19.86259957966321), (21.387967709046052, 19.889993604891263), (21.368043608667175, 19.91747123251183), (21.3480358945578, 19.94503246200112), (21.327944567163403, 19.97267729283448), (21.30776962693034, 20.00040572448637), (21.28751107430584, 20.028217756430383), (21.267168909738004, 20.05611338813923), (21.246743133675814, 20.084092619084753), (21.226233746569125, 20.112155448737912), (21.205640748868664, 20.140301876568802), (21.18496414102604, 20.168531902046627), (21.164203923493734, 20.19684552463973), (21.143360096725104, 20.225242743815578), (21.122432661174383, 20.25372355904075), (21.101421617296683, 20.282287969780963), (21.080326965547986, 20.310935975501057), (21.059148706385148, 20.339667575664986), (21.03788684026591, 20.36848276973584), (21.016541367648877, 20.397381557175834), (20.99511228899354, 20.4263639374463), (20.973599604760256, 20.4554299100077), (20.95200331541027, 20.484579474319624), (20.93032342140569, 20.513812629840782), (20.908559923209502, 20.543129376029007), (20.886712821285574, 20.57252971234126), (20.864782116098645, 20.602013638233633), (20.842767808114328, 20.63158115316133), (20.820669897799114, 20.66123225657869), (20.79848838562037, 20.69096694793917), (20.776223272046334, 20.720785226695355), (20.753874557546123, 20.750687092298957), (20.73144224258973, 20.780672544200815)]",True
1783881434.9993267,0,21.64797508716778,19.588374044483704,0.7225172563185615,107.04955181815829,-0.4459448488346412,20.84125286274206,19.58594096302363,1.3678996258650582,106.02616631220701,0.35217966141084195,-0.8067222244257195,-0.0024330814600723727,0.6453823695464967,-1.023385505951282,0.7981245102454831,"[(21.637075223671342, 19.557743245200903), (21.619016350436546, 19.58155244084072), (21.600873847407485, 19.605445257970608), (21.582647715013117, 19.62942169610089), (21.56433795368329, 19.65348175474102), (21.545944563848728, 19.677625433399548), (21.527467545941047, 19.701852731584165), (21.508906900392734, 19.726163648801663), (21.49026262763716, 19.750558184557963), (21.47153472810859, 19.775036338358102), (21.452723202242154, 19.799598109706235), (21.433828050473878, 19.82424349810563), (21.414849273240655, 19.84897250305868), (21.395786870980274, 19.87378512406689), (21.3766408441314, 19.898681360630896), (21.357411193133583, 19.923661212250433), (21.33809791842725, 19.94872467842437), (21.318701020453712, 19.973871758650688), (21.299220499655164, 19.999102452426488), (21.279656356474682, 20.024416759247988), (21.260008591356222, 20.049814678610524), (21.240277204744626, 20.075296210008553), (21.22046219708561, 20.100861352935645), (21.200563568825782, 20.126510106884496), (21.180581320412628, 20.152242471346916), (21.16051545229451, 20.178058445813832), (21.14036596492068, 20.20395802977529), (21.120132858741268, 20.22994122272046), (21.099816134207288, 20.256008024137618), (21.079415791770636, 20.28215843351417), (21.058931831884088, 20.30839245033664), (21.038364255001298, 20.334710074090662), (21.017713061576814, 20.361111304260994), (20.99697825206605, 20.387596140331514), (20.976159826925315, 20.41416458178522), (20.955257786611792, 20.440816628104216), (20.93427213158355, 20.467552278769737), (20.913202862299542, 20.494371533262132), (20.892049979219593, 20.52127439106087), (20.87081348280442, 20.54826085164454), (20.849493373515617, 20.57533091449084), (20.82808965181566, 20.602484579076602), (20.806602318167908, 20.629721844877764), (20.785031373036603, 20.657042711369385), (20.76337681688686, 20.684447178025643)]",True
1783881435.0510848,0,21.644639638473407,19.609954617888896,0.7330529355157487,107.04955181815829,-0.4459448488346412,20.84065149698415,19.62762272404946,1.4103373120447305,106.02616631220701,0.35217966141084195,-0.8039881414892562,0.017668106160563468,0.6772843765289818,-1.023385505951282,0.7981245102454831,"[(21.634535586531598, 19.576085009509658), (21.61703406498667, 19.597869290465567), (21.59944872619201, 19.61973738245612), (21.581779570573698, 19.641689285009697), (21.5640265985587, 19.6637249976538), (21.54618981057488, 19.685844519915037), (21.52826920705098, 19.708047851319115), (21.510264788416645, 19.730334991390862), (21.4921765551024, 19.752705939654216), (21.474004507539668, 19.77516069563222), (21.455748646160757, 19.79769925884703), (21.437408971398867, 19.82032162881991), (21.418985483688093, 19.843027805071237), (21.400478183463413, 19.865817787120495), (21.381887071160698, 19.888691574486273), (21.363212147216707, 19.911649166686285), (21.344453412069093, 19.93469056323734), (21.3256108661564, 19.957815763655365), (21.306684509918057, 19.981024767455395), (21.28767434379439, 20.00431757415157), (21.26858036822661, 20.027694183257154), (21.249402583656817, 20.051154594284505), (21.230140990528007, 20.074698806745097), (21.210795589284057, 20.09832682014952), (21.19136638036975, 20.122038634007467), (21.171853364230742, 20.14583424782774), (21.152256541313587, 20.16971366111826), (21.13257591206573, 20.193676873386046), (21.112811476935505, 20.217723884137236), (21.092963236372135, 20.241854692877073), (21.073031190825738, 20.266069299109912), (21.05301534074731, 20.29036770233922), (21.032915686588755, 20.314749902067575), (21.012732228802847, 20.33921589779666), (20.992464967843265, 20.36376568902727), (20.972113904164576, 20.388399275259314), (20.95167903822223, 20.4131166559918), (20.931160370472575, 20.43791783072286), (20.910557901372844, 20.462802798949735), (20.889871631381162, 20.487771560168763), (20.869101560956544, 20.512824113875403), (20.848247690558896, 20.53796045956422), (20.827310020649012, 20.5631805967289), (20.806288551688578, 20.58848452486222), (20.785183284140164, 20.613872243456083)]",True
1783881435.0873075,0,21.641165305815306,19.63156613905859,0.6937594166825619,107.04955181815829,-0.4459448488346412,20.841021720035247,19.671112986048517,1.5082782901816494,106.02616631220701,0.35217966141084195,-0.8001435857800594,0.039546846989924944,0.8145188734990875,-1.023385505951282,0.7981245102454831,"[(21.631852913550684, 19.59534256806437), (21.614770697558413, 19.615535712909185), (21.597604521292844, 19.63581281349541), (21.580354385177923, 19.656173869365837), (21.56302028963849, 19.67661888006237), (21.545602235100283, 19.697147845126015), (21.52810022198994, 19.71776076409687), (21.510514250734996, 19.738457636514152), (21.49284432176387, 19.75923846191617), (21.475090435505894, 19.78010323984034), (21.45725259239129, 19.801051969823185), (21.43933079285117, 19.822084651400328), (21.421325037317555, 19.843201284106495), (21.403235326223356, 19.864401867475515), (21.385061660002382, 19.885686401040324), (21.366804039089338, 19.907054884332958), (21.34846246391983, 19.92850731688456), (21.33003693493035, 19.95004369822537), (21.311527452558302, 19.971664027884746), (21.29293401724197, 19.99336830539113), (21.27425662942054, 20.015156530272076), (21.255495289534107, 20.037028702054247), (21.236649998023648, 20.0589848202634), (21.217720755331044, 20.08102488442441), (21.198707561899063, 20.103148894061235), (21.179610418171386, 20.125356848696953), (21.160429324592574, 20.14764874785374), (21.1411642816081, 20.170024591052876), (21.121815289664315, 20.19248437781474), (21.102382349208487, 20.21502810765882), (21.08286546068876, 20.23765578010371), (21.063264624554197, 20.260367394667103), (21.04357984125474, 20.283162950865798), (21.023811111241233, 20.30604244821569), (21.00395843496542, 20.329005886231787), (20.984021812879934, 20.3520532644282), (20.964001245438315, 20.375184582318138), (20.943896733094984, 20.39839983941392), (20.923708276305277, 20.421699035226958), (20.90343587552541, 20.445082169267785), (20.88307953121251, 20.46854924104602), (20.86263924382459, 20.492100250070397), (20.84211501382056, 20.51573519584875), (20.821506841660234, 20.539454077888013), (20.80081472780432, 20.56325689569423)]",True
1783881435.1452417,0,21.641165305815306,19.63156613905859,0.6937594166825619,107.04955181815829,-0.4459448488346412,20.841021720035247,19.671112986048517,1.5082782901816494,106.02616631220701,0.35217966141084195,-0.8001435857800594,0.039546846989924944,0.8145188734990875,-1.023385505951282,0.7981245102454831,"[(21.624762633366764, 19.642925653771428), (21.6082694654647, 19.660612693235084), (21.59169209885166, 19.678383929659507), (21.5750305339491, 19.69623936261035), (21.55828477117939, 19.714178991652364), (21.541454810965806, 19.732202816349393), (21.524540653732533, 19.750310836264376), (21.507542299904664, 19.76850305095934), (21.490459749908197, 19.786779459995405), (21.47329300417004, 19.805140062932782), (21.456042063118, 19.823584859330783), (21.438706927180807, 19.842113848747807), (21.421287596788083, 19.86072703074134), (21.40378407237037, 19.87942440486797), (21.38619635435911, 19.89820597068337), (21.368524443186658, 19.917071727742314), (21.350768339286265, 19.93602167559866), (21.332928043092103, 19.955055813805366), (21.315003555039247, 19.974174141914474), (21.296994875563673, 19.993376659477132), (21.27890200510227, 20.012663366043565), (21.260724944092836, 20.0320342611631), (21.242463692974074, 20.05148934438416), (21.22411825218559, 20.071028615254246), (21.20568862216791, 20.090652073319966), (21.187174803362453, 20.110359718127018), (21.168576796211553, 20.130151549220187), (21.14989460115845, 20.150027566143358), (21.131128218647294, 20.1699877684395), (21.11227764912314, 20.190032155650684), (21.093342893031945, 20.210160727318065), (21.074323950820585, 20.2303734829819), (21.05522082293683, 20.250670422181532), (21.036033509829366, 20.271051544455396), (21.016762011947787, 20.291516849341026), (20.99740632974259, 20.31206633637504), (20.977966463665176, 20.33270000509316), (20.958442414167866, 20.35341785503019), (20.93883418170388, 20.374219885720038), (20.91914176672734, 20.39510609669569), (20.899365169693283, 20.416076487489242), (20.879504391057655, 20.43713105763187), (20.859559431277297, 20.458269806653846), (20.839530290809975, 20.479492734084534), (20.819416970114347, 20.500799839452394)]",True
1783881435.1850345,0,21.641165305815306,19.63156613905859,0.6937594166825619,107.04955181815829,-0.4459448488346412,20.841021720035247,19.671112986048517,1.5082782901816494,106.02616631220701,0.35217966141084195,-0.8001435857800594,0.039546846989924944,0.8145188734990875,-1.023385505951282,0.7981245102454831,"[(21.624762633366764, 19.642925653771428), (21.6082694654647, 19.660612693235084), (21.59169209885166, 19.678383929659507), (21.5750305339491, 19.69623936261035), (21.55828477117939, 19.714178991652364), (21.541454810965806, 19.732202816349393), (21.524540653732533, 19.750310836264376), (21.507542299904664, 19.76850305095934), (21.490459749908197, 19.786779459995405), (21.47329300417004, 19.805140062932782), (21.456042063118, 19.823584859330783), (21.438706927180807, 19.842113848747807), (21.421287596788083, 19.86072703074134), (21.40378407237037, 19.87942440486797), (21.38619635435911, 19.89820597068337), (21.368524443186658, 19.917071727742314), (21.350768339286265, 19.93602167559866), (21.332928043092103, 19.955055813805366), (21.315003555039247, 19.974174141914474), (21.296994875563673, 19.993376659477132), (21.27890200510227, 20.012663366043565), (21.260724944092836, 20.0320342611631), (21.242463692974074, 20.05148934438416), (21.22411825218559, 20.071028615254246), (21.20568862216791, 20.090652073319966), (21.187174803362453, 20.110359718127018), (21.168576796211553, 20.130151549220187), (21.14989460115845, 20.150027566143358), (21.131128218647294, 20.1699877684395), (21.11227764912314, 20.190032155650684), (21.093342893031945, 20.210160727318065), (21.074323950820585, 20.2303734829819), (21.05522082293683, 20.250670422181532), (21.036033509829366, 20.271051544455396), (21.016762011947787, 20.291516849341026), (20.99740632974259, 20.31206633637504), (20.977966463665176, 20.33270000509316), (20.958442414167866, 20.35341785503019), (20.93883418170388, 20.374219885720038), (20.91914176672734, 20.39510609669569), (20.899365169693283, 20.416076487489242), (20.879504391057655, 20.43713105763187), (20.859559431277297, 20.458269806653846), (20.839530290809975, 20.479492734084534), (20.819416970114347, 20.500799839452394)]",True
1783881435.235625,0,21.641165305815306,19.63156613905859,0.6937594166825619,107.04955181815829,-0.4459448488346412,20.841021720035247,19.671112986048517,1.5082782901816494,106.02616631220701,0.35217966141084195,-0.8001435857800594,0.039546846989924944,0.8145188734990875,-1.023385505951282,0.7981245102454831,"[(21.624762633366764, 19.642925653771428), (21.6082694654647, 19.660612693235084), (21.59169209885166, 19.678383929659507), (21.5750305339491, 19.69623936261035), (21.55828477117939, 19.714178991652364), (21.541454810965806, 19.732202816349393), (21.524540653732533, 19.750310836264376), (21.507542299904664, 19.76850305095934), (21.490459749908197, 19.786779459995405), (21.47329300417004, 19.805140062932782), (21.456042063118, 19.823584859330783), (21.438706927180807, 19.842113848747807), (21.421287596788083, 19.86072703074134), (21.40378407237037, 19.87942440486797), (21.38619635435911, 19.89820597068337), (21.368524443186658, 19.917071727742314), (21.350768339286265, 19.93602167559866), (21.332928043092103, 19.955055813805366), (21.315003555039247, 19.974174141914474), (21.296994875563673, 19.993376659477132), (21.27890200510227, 20.012663366043565), (21.260724944092836, 20.0320342611631), (21.242463692974074, 20.05148934438416), (21.22411825218559, 20.071028615254246), (21.20568862216791, 20.090652073319966), (21.187174803362453, 20.110359718127018), (21.168576796211553, 20.130151549220187), (21.14989460115845, 20.150027566143358), (21.131128218647294, 20.1699877684395), (21.11227764912314, 20.190032155650684), (21.093342893031945, 20.210160727318065), (21.074323950820585, 20.2303734829819), (21.05522082293683, 20.250670422181532), (21.036033509829366, 20.271051544455396), (21.016762011947787, 20.291516849341026), (20.99740632974259, 20.31206633637504), (20.977966463665176, 20.33270000509316), (20.958442414167866, 20.35341785503019), (20.93883418170388, 20.374219885720038), (20.91914176672734, 20.39510609669569), (20.899365169693283, 20.416076487489242), (20.879504391057655, 20.43713105763187), (20.859559431277297, 20.458269806653846), (20.839530290809975, 20.479492734084534), (20.819416970114347, 20.500799839452394)]",True
1783881435.2850509,0,21.641165305815306,19.63156613905859,0.6937594166825619,107.04955181815829,-0.4459448488346412,20.841021720035247,19.671112986048517,1.5082782901816494,106.02616631220701,0.35217966141084195,-0.8001435857800594,0.039546846989924944,0.8145188734990875,-1.023385505951282,0.7981245102454831,"[(21.624762633366764, 19.642925653771428), (21.6082694654647, 19.660612693235084), (21.59169209885166, 19.678383929659507), (21.5750305339491, 19.69623936261035), (21.55828477117939, 19.714178991652364), (21.541454810965806, 19.732202816349393), (21.524540653732533, 19.750310836264376), (21.507542299904664, 19.76850305095934), (21.490459749908197, 19.786779459995405), (21.47329300417004, 19.805140062932782), (21.456042063118, 19.823584859330783), (21.438706927180807, 19.842113848747807), (21.421287596788083, 19.86072703074134), (21.40378407237037, 19.87942440486797), (21.38619635435911, 19.89820597068337), (21.368524443186658, 19.917071727742314), (21.350768339286265, 19.93602167559866), (21.332928043092103, 19.955055813805366), (21.315003555039247, 19.974174141914474), (21.296994875563673, 19.993376659477132), (21.27890200510227, 20.012663366043565), (21.260724944092836, 20.0320342611631), (21.242463692974074, 20.05148934438416), (21.22411825218559, 20.071028615254246), (21.20568862216791, 20.090652073319966), (21.187174803362453, 20.110359718127018), (21.168576796211553, 20.130151549220187), (21.14989460115845, 20.150027566143358), (21.131128218647294, 20.1699877684395), (21.11227764912314, 20.190032155650684), (21.093342893031945, 20.210160727318065), (21.074323950820585, 20.2303734829819), (21.05522082293683, 20.250670422181532), (21.036033509829366, 20.271051544455396), (21.016762011947787, 20.291516849341026), (20.99740632974259, 20.31206633637504), (20.977966463665176, 20.33270000509316), (20.958442414167866, 20.35341785503019), (20.93883418170388, 20.374219885720038), (20.91914176672734, 20.39510609669569), (20.899365169693283, 20.416076487489242), (20.879504391057655, 20.43713105763187), (20.859559431277297, 20.458269806653846), (20.839530290809975, 20.479492734084534), (20.819416970114347, 20.500799839452394)]",True
1783881435.3350558,0,21.641165305815306,19.63156613905859,0.6937594166825619,107.04955181815829,-0.4459448488346412,20.841021720035247,19.671112986048517,1.5082782901816494,106.02616631220701,0.35217966141084195,-0.8001435857800594,0.039546846989924944,0.8145188734990875,-1.023385505951282,0.7981245102454831,"[(21.624762633366764, 19.642925653771428), (21.6082694654647, 19.660612693235084), (21.59169209885166, 19.678383929659507), (21.5750305339491, 19.69623936261035), (21.55828477117939, 19.714178991652364), (21.541454810965806, 19.732202816349393), (21.524540653732533, 19.750310836264376), (21.507542299904664, 19.76850305095934), (21.490459749908197, 19.786779459995405), (21.47329300417004, 19.805140062932782), (21.456042063118, 19.823584859330783), (21.438706927180807, 19.842113848747807), (21.421287596788083, 19.86072703074134), (21.40378407237037, 19.87942440486797), (21.38619635435911, 19.89820597068337), (21.368524443186658, 19.917071727742314), (21.350768339286265, 19.93602167559866), (21.332928043092103, 19.955055813805366), (21.315003555039247, 19.974174141914474), (21.296994875563673, 19.993376659477132), (21.27890200510227, 20.012663366043565), (21.260724944092836, 20.0320342611631), (21.242463692974074, 20.05148934438416), (21.22411825218559, 20.071028615254246), (21.20568862216791, 20.090652073319966), (21.187174803362453, 20.110359718127018), (21.168576796211553, 20.130151549220187), (21.14989460115845, 20.150027566143358), (21.131128218647294, 20.1699877684395), (21.11227764912314, 20.190032155650684), (21.093342893031945, 20.210160727318065), (21.074323950820585, 20.2303734829819), (21.05522082293683, 20.250670422181532), (21.036033509829366, 20.271051544455396), (21.016762011947787, 20.291516849341026), (20.99740632974259, 20.31206633637504), (20.977966463665176, 20.33270000509316), (20.958442414167866, 20.35341785503019), (20.93883418170388, 20.374219885720038), (20.91914176672734, 20.39510609669569), (20.899365169693283, 20.416076487489242), (20.879504391057655, 20.43713105763187), (20.859559431277297, 20.458269806653846), (20.839530290809975, 20.479492734084534), (20.819416970114347, 20.500799839452394)]",True
1783881435.3850348,0,21.641165305815306,19.63156613905859,0.6937594166825619,107.04955181815829,-0.4459448488346412,20.841021720035247,19.671112986048517,1.5082782901816494,106.02616631220701,0.35217966141084195,-0.8001435857800594,0.039546846989924944,0.8145188734990875,-1.023385505951282,0.7981245102454831,"[(21.624762633366764, 19.642925653771428), (21.6082694654647, 19.660612693235084), (21.59169209885166, 19.678383929659507), (21.5750305339491, 19.69623936261035), (21.55828477117939, 19.714178991652364), (21.541454810965806, 19.732202816349393), (21.524540653732533, 19.750310836264376), (21.507542299904664, 19.76850305095934), (21.490459749908197, 19.786779459995405), (21.47329300417004, 19.805140062932782), (21.456042063118, 19.823584859330783), (21.438706927180807, 19.842113848747807), (21.421287596788083, 19.86072703074134), (21.40378407237037, 19.87942440486797), (21.38619635435911, 19.89820597068337), (21.368524443186658, 19.917071727742314), (21.350768339286265, 19.93602167559866), (21.332928043092103, 19.955055813805366), (21.315003555039247, 19.974174141914474), (21.296994875563673, 19.993376659477132), (21.27890200510227, 20.012663366043565), (21.260724944092836, 20.0320342611631), (21.242463692974074, 20.05148934438416), (21.22411825218559, 20.071028615254246), (21.20568862216791, 20.090652073319966), (21.187174803362453, 20.110359718127018), (21.168576796211553, 20.130151549220187), (21.14989460115845, 20.150027566143358), (21.131128218647294, 20.1699877684395), (21.11227764912314, 20.190032155650684), (21.093342893031945, 20.210160727318065), (21.074323950820585, 20.2303734829819), (21.05522082293683, 20.250670422181532), (21.036033509829366, 20.271051544455396), (21.016762011947787, 20.291516849341026), (20.99740632974259, 20.31206633637504), (20.977966463665176, 20.33270000509316), (20.958442414167866, 20.35341785503019), (20.93883418170388, 20.374219885720038), (20.91914176672734, 20.39510609669569), (20.899365169693283, 20.416076487489242), (20.879504391057655, 20.43713105763187), (20.859559431277297, 20.458269806653846), (20.839530290809975, 20.479492734084534), (20.819416970114347, 20.500799839452394)]",True
1783881435.4385247,0,21.592556026377235,19.782310997027135,0.50034561771239,107.04955181815829,-0.4459448488346412,20.893188958200348,20.239198844787907,2.1471392859699985,107.54981478201242,0.2798115255653748,-0.6993670681768869,0.45688784776077185,1.6467936682576085,0.5002629638541265,0.725756374400016,"[(21.62366268144123, 19.649718232479522), (21.607223149550492, 19.667134029652544), (21.590699398751028, 19.684634044302282), (21.574091429464058, 19.702218275996977), (21.557399242111707, 19.71988672430397), (21.540622837117006, 19.737639388789677), (21.5237622149039, 19.75547626901962), (21.506817375897242, 19.77339736455841), (21.489788320522788, 19.791402674969735), (21.472675049207204, 19.809492199816397), (21.45547756237807, 19.827665938660274), (21.438195860463875, 19.845923891062345), (21.420829943894006, 19.86426605658267), (21.403379813098766, 19.882692434780417), (21.385845468509366, 19.901203025213828), (21.368226910557926, 19.919797827440245), (21.35052413967747, 19.9384768410161), (21.33273715630194, 19.95724006549692), (21.314865960866165, 19.97608750043732), (21.29691055380591, 19.995019145391012), (21.278870935557826, 20.01403499991079), (21.26074710655949, 20.03313506354855), (21.24253906724937, 20.05231933585527), (21.224246818066863, 20.07158781638103), (21.205870359452256, 20.090940504674993), (21.18740969184675, 20.11037740028542), (21.168864815692455, 20.12989850275966), (21.150235731432392, 20.149503811644156), (21.131522439510483, 20.16919332648444), (21.112724940371567, 20.188967046825137), (21.09384323446139, 20.208824972209964), (21.074877322226595, 20.228767102181735), (21.05582720411475, 20.248793436282345), (21.036692880574318, 20.268903974052787), (21.017474352054677, 20.28909871503315), (20.99817161900611, 20.309377658762603), (20.978784681879812, 20.32974080477942), (20.959313541127884, 20.35018815262096), (20.939758197203332, 20.37071970182367), (20.920118650560077, 20.3913354519231), (20.900394901652945, 20.412035402453885), (20.880586950937666, 20.43281955294975), (20.860694798870885, 20.45368790294351), (20.84071844591015, 20.474640451967083), (20.820657892513918, 20.49567719955147)]",True
1783881435.4869561,0,21.5810052466473,19.804494229193264,0.5001203607411868,107.04955181815829,-0.4459448488346412,20.903162124461193,20.34717519423167,2.1888337796863437,107.54981478201242,0.2798115255653748,-0.6778431221861076,0.5426809650384072,1.688713418945157,0.5002629638541265,0.725756374400016,"[(21.62366268144123, 19.649718232479522), (21.607223149550492, 19.667134029652544), (21.590699398751028, 19.684634044302282), (21.574091429464058, 19.702218275996977), (21.557399242111707, 19.71988672430397), (21.540622837117006, 19.737639388789677), (21.5237622149039, 19.75547626901962), (21.506817375897242, 19.77339736455841), (21.489788320522788, 19.791402674969735), (21.472675049207204, 19.809492199816397), (21.45547756237807, 19.827665938660274), (21.438195860463875, 19.845923891062345), (21.420829943894006, 19.86426605658267), (21.403379813098766, 19.882692434780417), (21.385845468509366, 19.901203025213828), (21.368226910557926, 19.919797827440245), (21.35052413967747, 19.9384768410161), (21.33273715630194, 19.95724006549692), (21.314865960866165, 19.97608750043732), (21.29691055380591, 19.995019145391012), (21.278870935557826, 20.01403499991079), (21.26074710655949, 20.03313506354855), (21.24253906724937, 20.05231933585527), (21.224246818066863, 20.07158781638103), (21.205870359452256, 20.090940504674993), (21.18740969184675, 20.11037740028542), (21.168864815692455, 20.12989850275966), (21.150235731432392, 20.149503811644156), (21.131522439510483, 20.16919332648444), (21.112724940371567, 20.188967046825137), (21.09384323446139, 20.208824972209964), (21.074877322226595, 20.228767102181735), (21.05582720411475, 20.248793436282345), (21.036692880574318, 20.268903974052787), (21.017474352054677, 20.28909871503315), (20.99817161900611, 20.309377658762603), (20.978784681879812, 20.32974080477942), (20.959313541127884, 20.35018815262096), (20.939758197203332, 20.37071970182367), (20.920118650560077, 20.3913354519231), (20.900394901652945, 20.412035402453885), (20.880586950937666, 20.43281955294975), (20.860694798870885, 20.45368790294351), (20.84071844591015, 20.474640451967083), (20.820657892513918, 20.49567719955147)]",True
1783881435.5356266,0,21.574202935207413,19.817866050808853,0.5000639172631458,107.04955181815829,-0.4459448488346412,20.9073398191051,20.413020970556456,2.2093885197186247,107.54981478201242,0.2798115255653748,-0.6668631161023129,0.5951549197476034,1.709324602455479,0.5002629638541265,0.725756374400016,"[(21.62366268144123, 19.649718232479522), (21.607223149550492, 19.667134029652544), (21.590699398751028, 19.684634044302282), (21.574091429464058, 19.702218275996977), (21.557399242111707, 19.71988672430397), (21.540622837117006, 19.737639388789677), (21.5237622149039, 19.75547626901962), (21.506817375897242, 19.77339736455841), (21.489788320522788, 19.791402674969735), (21.472675049207204, 19.809492199816397), (21.45547756237807, 19.827665938660274), (21.438195860463875, 19.845923891062345), (21.420829943894006, 19.86426605658267), (21.403379813098766, 19.882692434780417), (21.385845468509366, 19.901203025213828), (21.368226910557926, 19.919797827440245), (21.35052413967747, 19.9384768410161), (21.33273715630194, 19.95724006549692), (21.314865960866165, 19.97608750043732), (21.29691055380591, 19.995019145391012), (21.278870935557826, 20.01403499991079), (21.26074710655949, 20.03313506354855), (21.24253906724937, 20.05231933585527), (21.224246818066863, 20.07158781638103), (21.205870359452256, 20.090940504674993), (21.18740969184675, 20.11037740028542), (21.168864815692455, 20.12989850275966), (21.150235731432392, 20.149503811644156), (21.131522439510483, 20.16919332648444), (21.112724940371567, 20.188967046825137), (21.09384323446139, 20.208824972209964), (21.074877322226595, 20.228767102181735), (21.05582720411475, 20.248793436282345), (21.036692880574318, 20.268903974052787), (21.017474352054677, 20.28909871503315), (20.99817161900611, 20.309377658762603), (20.978784681879812, 20.32974080477942), (20.959313541127884, 20.35018815262096), (20.939758197203332, 20.37071970182367), (20.920118650560077, 20.3913354519231), (20.900394901652945, 20.412035402453885), (20.880586950937666, 20.43281955294975), (20.860694798870885, 20.45368790294351), (20.84071844591015, 20.474640451967083), (20.820657892513918, 20.49567719955147)]",True
1783881435.5861726,0,21.567290414975034,19.831880311923978,0.5408475787166506,107.04955181815829,-0.4459448488346412,20.9099293157252,20.479522892989728,2.227148339187251,107.54981478201242,0.2798115255653748,-0.6573610992498331,0.6476425810657496,1.6863007604706004,0.5002629638541265,0.725756374400016,"[(21.62366268144123, 19.649718232479522), (21.607223149550492, 19.667134029652544), (21.590699398751028, 19.684634044302282), (21.574091429464058, 19.702218275996977), (21.557399242111707, 19.71988672430397), (21.540622837117006, 19.737639388789677), (21.5237622149039, 19.75547626901962), (21.506817375897242, 19.77339736455841), (21.489788320522788, 19.791402674969735), (21.472675049207204, 19.809492199816397), (21.45547756237807, 19.827665938660274), (21.438195860463875, 19.845923891062345), (21.420829943894006, 19.86426605658267), (21.403379813098766, 19.882692434780417), (21.385845468509366, 19.901203025213828), (21.368226910557926, 19.919797827440245), (21.35052413967747, 19.9384768410161), (21.33273715630194, 19.95724006549692), (21.314865960866165, 19.97608750043732), (21.29691055380591, 19.995019145391012), (21.278870935557826, 20.01403499991079), (21.26074710655949, 20.03313506354855), (21.24253906724937, 20.05231933585527), (21.224246818066863, 20.07158781638103), (21.205870359452256, 20.090940504674993), (21.18740969184675, 20.11037740028542), (21.168864815692455, 20.12989850275966), (21.150235731432392, 20.149503811644156), (21.131522439510483, 20.16919332648444), (21.112724940371567, 20.188967046825137), (21.09384323446139, 20.208824972209964), (21.074877322226595, 20.228767102181735), (21.05582720411475, 20.248793436282345), (21.036692880574318, 20.268903974052787), (21.017474352054677, 20.28909871503315), (20.99817161900611, 20.309377658762603), (20.978784681879812, 20.32974080477942), (20.959313541127884, 20.35018815262096), (20.939758197203332, 20.37071970182367), (20.920118650560077, 20.3913354519231), (20.900394901652945, 20.412035402453885), (20.880586950937666, 20.43281955294975), (20.860694798870885, 20.45368790294351), (20.84071844591015, 20.474640451967083), (20.820657892513918, 20.49567719955147)]",True
1783881435.6361346,0,21.557881176307205,19.85240569396082,0.5867328275001804,107.04955181815829,-0.4459448488346412,20.911046631996392,20.569010178908094,2.247129716670916,107.54981478201242,0.2798115255653748,-0.6468345443108134,0.7166044849472755,1.6603968891707357,0.5002629638541265,0.725756374400016,"[(21.62366268144123, 19.649718232479522), (21.607223149550492, 19.667134029652544), (21.590699398751028, 19.684634044302282), (21.574091429464058, 19.702218275996977), (21.557399242111707, 19.71988672430397), (21.540622837117006, 19.737639388789677), (21.5237622149039, 19.75547626901962), (21.506817375897242, 19.77339736455841), (21.489788320522788, 19.791402674969735), (21.472675049207204, 19.809492199816397), (21.45547756237807, 19.827665938660274), (21.438195860463875, 19.845923891062345), (21.420829943894006, 19.86426605658267), (21.403379813098766, 19.882692434780417), (21.385845468509366, 19.901203025213828), (21.368226910557926, 19.919797827440245), (21.35052413967747, 19.9384768410161), (21.33273715630194, 19.95724006549692), (21.314865960866165, 19.97608750043732), (21.29691055380591, 19.995019145391012), (21.278870935557826, 20.01403499991079), (21.26074710655949, 20.03313506354855), (21.24253906724937, 20.05231933585527), (21.224246818066863, 20.07158781638103), (21.205870359452256, 20.090940504674993), (21.18740969184675, 20.11037740028542), (21.168864815692455, 20.12989850275966), (21.150235731432392, 20.149503811644156), (21.131522439510483, 20.16919332648444), (21.112724940371567, 20.188967046825137), (21.09384323446139, 20.208824972209964), (21.074877322226595, 20.228767102181735), (21.05582720411475, 20.248793436282345), (21.036692880574318, 20.268903974052787), (21.017474352054677, 20.28909871503315), (20.99817161900611, 20.309377658762603), (20.978784681879812, 20.32974080477942), (20.959313541127884, 20.35018815262096), (20.939758197203332, 20.37071970182367), (20.920118650560077, 20.3913354519231), (20.900394901652945, 20.412035402453885), (20.880586950937666, 20.43281955294975), (20.860694798870885, 20.45368790294351), (20.84071844591015, 20.474640451967083), (20.820657892513918, 20.49567719955147)]",True
1783881435.6856194,0,21.550403594911227,19.868829680498262,0.6157317269440166,107.04955181815829,-0.4459448488346412,20.910425940796166,20.63661418222457,2.259757695634956,107.54981478201242,0.2798115255653748,-0.6399776541150608,0.7677845017263074,1.6440259686909393,0.5002629638541265,0.725756374400016,"[(21.62366268144123, 19.649718232479522), (21.607223149550492, 19.667134029652544), (21.590699398751028, 19.684634044302282), (21.574091429464058, 19.702218275996977), (21.557399242111707, 19.71988672430397), (21.540622837117006, 19.737639388789677), (21.5237622149039, 19.75547626901962), (21.506817375897242, 19.77339736455841), (21.489788320522788, 19.791402674969735), (21.472675049207204, 19.809492199816397), (21.45547756237807, 19.827665938660274), (21.438195860463875, 19.845923891062345), (21.420829943894006, 19.86426605658267), (21.403379813098766, 19.882692434780417), (21.385845468509366, 19.901203025213828), (21.368226910557926, 19.919797827440245), (21.35052413967747, 19.9384768410161), (21.33273715630194, 19.95724006549692), (21.314865960866165, 19.97608750043732), (21.29691055380591, 19.995019145391012), (21.278870935557826, 20.01403499991079), (21.26074710655949, 20.03313506354855), (21.24253906724937, 20.05231933585527), (21.224246818066863, 20.07158781638103), (21.205870359452256, 20.090940504674993), (21.18740969184675, 20.11037740028542), (21.168864815692455, 20.12989850275966), (21.150235731432392, 20.149503811644156), (21.131522439510483, 20.16919332648444), (21.112724940371567, 20.188967046825137), (21.09384323446139, 20.208824972209964), (21.074877322226595, 20.228767102181735), (21.05582720411475, 20.248793436282345), (21.036692880574318, 20.268903974052787), (21.017474352054677, 20.28909871503315), (20.99817161900611, 20.309377658762603), (20.978784681879812, 20.32974080477942), (20.959313541127884, 20.35018815262096), (20.939758197203332, 20.37071970182367), (20.920118650560077, 20.3913354519231), (20.900394901652945, 20.412035402453885), (20.880586950937666, 20.43281955294975), (20.860694798870885, 20.45368790294351), (20.84071844591015, 20.474640451967083), (20.820657892513918, 20.49567719955147)]",True
1783881435.7351322,0,21.542876687131386,19.88611805574363,0.640787515443533,107.04955181815829,-0.4459448488346412,20.908797654694933,20.70455390175758,2.2706685914333335,107.54981478201242,0.2798115255653748,-0.6340790324364534,0.8184358460139514,1.6298810759898006,0.5002629638541265,0.725756374400016,"[(21.62366268144123, 19.649718232479522), (21.607223149550492, 19.667134029652544), (21.590699398751028, 19.684634044302282), (21.574091429464058, 19.702218275996977), (21.557399242111707, 19.71988672430397), (21.540622837117006, 19.737639388789677), (21.5237622149039, 19.75547626901962), (21.506817375897242, 19.77339736455841), (21.489788320522788, 19.791402674969735), (21.472675049207204, 19.809492199816397), (21.45547756237807, 19.827665938660274), (21.438195860463875, 19.845923891062345), (21.420829943894006, 19.86426605658267), (21.403379813098766, 19.882692434780417), (21.385845468509366, 19.901203025213828), (21.368226910557926, 19.919797827440245), (21.35052413967747, 19.9384768410161), (21.33273715630194, 19.95724006549692), (21.314865960866165, 19.97608750043732), (21.29691055380591, 19.995019145391012), (21.278870935557826, 20.01403499991079), (21.26074710655949, 20.03313506354855), (21.24253906724937, 20.05231933585527), (21.224246818066863, 20.07158781638103), (21.205870359452256, 20.090940504674993), (21.18740969184675, 20.11037740028542), (21.168864815692455, 20.12989850275966), (21.150235731432392, 20.149503811644156), (21.131522439510483, 20.16919332648444), (21.112724940371567, 20.188967046825137), (21.09384323446139, 20.208824972209964), (21.074877322226595, 20.228767102181735), (21.05582720411475, 20.248793436282345), (21.036692880574318, 20.268903974052787), (21.017474352054677, 20.28909871503315), (20.99817161900611, 20.309377658762603), (20.978784681879812, 20.32974080477942), (20.959313541127884, 20.35018815262096), (20.939758197203332, 20.37071970182367), (20.920118650560077, 20.3913354519231), (20.900394901652945, 20.412035402453885), (20.880586950937666, 20.43281955294975), (20.860694798870885, 20.45368790294351), (20.84071844591015, 20.474640451967083), (20.820657892513918, 20.49567719955147)]",True
1783881435.786064,0,21.533247228148603,19.910493840311865,0.6689775074107455,107.04955181815829,-0.4459448488346412,20.904898979499507,20.79554841279391,2.282944320250141,107.54981478201242,0.2798115255653748,-0.6283482486490968,0.8850545724820442,1.6139668128393958,0.5002629638541265,0.725756374400016,"[(21.62366268144123, 19.649718232479522), (21.607223149550492, 19.667134029652544), (21.590699398751028, 19.684634044302282), (21.574091429464058, 19.702218275996977), (21.557399242111707, 19.71988672430397), (21.540622837117006, 19.737639388789677), (21.5237622149039, 19.75547626901962), (21.506817375897242, 19.77339736455841), (21.489788320522788, 19.791402674969735), (21.472675049207204, 19.809492199816397), (21.45547756237807, 19.827665938660274), (21.438195860463875, 19.845923891062345), (21.420829943894006, 19.86426605658267), (21.403379813098766, 19.882692434780417), (21.385845468509366, 19.901203025213828), (21.368226910557926, 19.919797827440245), (21.35052413967747, 19.9384768410161), (21.33273715630194, 19.95724006549692), (21.314865960866165, 19.97608750043732), (21.29691055380591, 19.995019145391012), (21.278870935557826, 20.01403499991079), (21.26074710655949, 20.03313506354855), (21.24253906724937, 20.05231933585527), (21.224246818066863, 20.07158781638103), (21.205870359452256, 20.090940504674993), (21.18740969184675, 20.11037740028542), (21.168864815692455, 20.12989850275966), (21.150235731432392, 20.149503811644156), (21.131522439510483, 20.16919332648444), (21.112724940371567, 20.188967046825137), (21.09384323446139, 20.208824972209964), (21.074877322226595, 20.228767102181735), (21.05582720411475, 20.248793436282345), (21.036692880574318, 20.268903974052787), (21.017474352054677, 20.28909871503315), (20.99817161900611, 20.309377658762603), (20.978784681879812, 20.32974080477942), (20.959313541127884, 20.35018815262096), (20.939758197203332, 20.37071970182367), (20.920118650560077, 20.3913354519231), (20.900394901652945, 20.412035402453885), (20.880586950937666, 20.43281955294975), (20.860694798870885, 20.45368790294351), (20.84071844591015, 20.474640451967083), (20.820657892513918, 20.49567719955147)]",True
1783881435.8353708,0,21.523046953114758,19.943109909528886,0.6973032317537876,107.89903732410957,-0.5301877632484453,20.897311931919997,20.909761916070963,2.295279155640632,107.54981478201242,0.2798115255653748,-0.6257350211947603,0.966652006542077,1.5979759238868443,-0.3492225420971522,0.8099992888138201,"[(21.62366268144123, 19.649718232479522), (21.607223149550492, 19.667134029652544), (21.590699398751028, 19.684634044302282), (21.574091429464058, 19.702218275996977), (21.557399242111707, 19.71988672430397), (21.540622837117006, 19.737639388789677), (21.5237622149039, 19.75547626901962), (21.506817375897242, 19.77339736455841), (21.489788320522788, 19.791402674969735), (21.472675049207204, 19.809492199816397), (21.45547756237807, 19.827665938660274), (21.438195860463875, 19.845923891062345), (21.420829943894006, 19.86426605658267), (21.403379813098766, 19.882692434780417), (21.385845468509366, 19.901203025213828), (21.368226910557926, 19.919797827440245), (21.35052413967747, 19.9384768410161), (21.33273715630194, 19.95724006549692), (21.314865960866165, 19.97608750043732), (21.29691055380591, 19.995019145391012), (21.278870935557826, 20.01403499991079), (21.26074710655949, 20.03313506354855), (21.24253906724937, 20.05231933585527), (21.224246818066863, 20.07158781638103), (21.205870359452256, 20.090940504674993), (21.18740969184675, 20.11037740028542), (21.168864815692455, 20.12989850275966), (21.150235731432392, 20.149503811644156), (21.131522439510483, 20.16919332648444), (21.112724940371567, 20.188967046825137), (21.09384323446139, 20.208824972209964), (21.074877322226595, 20.228767102181735), (21.05582720411475, 20.248793436282345), (21.036692880574318, 20.268903974052787), (21.017474352054677, 20.28909871503315), (20.99817161900611, 20.309377658762603), (20.978784681879812, 20.32974080477942), (20.959313541127884, 20.35018815262096), (20.939758197203332, 20.37071970182367), (20.920118650560077, 20.3913354519231), (20.900394901652945, 20.412035402453885), (20.880586950937666, 20.43281955294975), (20.860694798870885, 20.45368790294351), (20.84071844591015, 20.474640451967083), (20.820657892513918, 20.49567719955147)]",True
1783881435.8850224,0,21.51391162021666,19.977353540958372,0.7195052244328877,107.89903732410957,-0.5301877632484453,20.887722944581924,21.024375238003138,2.3049473258777278,107.54981478201242,0.2798115255653748,-0.6261886756347366,1.0470216970447659,1.58544210144484,-0.3492225420971522,0.8099992888138201,"[(21.62366268144123, 19.649718232479522), (21.607223149550492, 19.667134029652544), (21.590699398751028, 19.684634044302282), (21.574091429464058, 19.702218275996977), (21.557399242111707, 19.71988672430397), (21.540622837117006, 19.737639388789677), (21.5237622149039, 19.75547626901962), (21.506817375897242, 19.77339736455841), (21.489788320522788, 19.791402674969735), (21.472675049207204, 19.809492199816397), (21.45547756237807, 19.827665938660274), (21.438195860463875, 19.845923891062345), (21.420829943894006, 19.86426605658267), (21.403379813098766, 19.882692434780417), (21.385845468509366, 19.901203025213828), (21.368226910557926, 19.919797827440245), (21.35052413967747, 19.9384768410161), (21.33273715630194, 19.95724006549692), (21.314865960866165, 19.97608750043732), (21.29691055380591, 19.995019145391012), (21.278870935557826, 20.01403499991079), (21.26074710655949, 20.03313506354855), (21.24253906724937, 20.05231933585527), (21.224246818066863, 20.07158781638103), (21.205870359452256, 20.090940504674993), (21.18740969184675, 20.11037740028542), (21.168864815692455, 20.12989850275966), (21.150235731432392, 20.149503811644156), (21.131522439510483, 20.16919332648444), (21.112724940371567, 20.188967046825137), (21.09384323446139, 20.208824972209964), (21.074877322226595, 20.228767102181735), (21.05582720411475, 20.248793436282345), (21.036692880574318, 20.268903974052787), (21.017474352054677, 20.28909871503315), (20.99817161900611, 20.309377658762603), (20.978784681879812, 20.32974080477942), (20.959313541127884, 20.35018815262096), (20.939758197203332, 20.37071970182367), (20.920118650560077, 20.3913354519231), (20.900394901652945, 20.412035402453885), (20.880586950937666, 20.43281955294975), (20.860694798870885, 20.45368790294351), (20.84071844591015, 20.474640451967083), (20.820657892513918, 20.49567719955147)]",True
1783881435.935673,0,21.503782682156718,20.01234237004335,0.7369073735519408,107.89903732410957,-0.5301877632484453,20.87861670581179,21.116250041473542,2.3111536991476176,107.54981478201242,0.2798115255653748,-0.6251659763449275,1.1039076714301927,1.5742463255956767,-0.3492225420971522,0.8099992888138201,"[(21.62366268144123, 19.649718232479522), (21.607223149550492, 19.667134029652544), (21.590699398751028, 19.684634044302282), (21.574091429464058, 19.702218275996977), (21.557399242111707, 19.71988672430397), (21.540622837117006, 19.737639388789677), (21.5237622149039, 19.75547626901962), (21.506817375897242, 19.77339736455841), (21.489788320522788, 19.791402674969735), (21.472675049207204, 19.809492199816397), (21.45547756237807, 19.827665938660274), (21.438195860463875, 19.845923891062345), (21.420829943894006, 19.86426605658267), (21.403379813098766, 19.882692434780417), (21.385845468509366, 19.901203025213828), (21.368226910557926, 19.919797827440245), (21.35052413967747, 19.9384768410161), (21.33273715630194, 19.95724006549692), (21.314865960866165, 19.97608750043732), (21.29691055380591, 19.995019145391012), (21.278870935557826, 20.01403499991079), (21.26074710655949, 20.03313506354855), (21.24253906724937, 20.05231933585527), (21.224246818066863, 20.07158781638103), (21.205870359452256, 20.090940504674993), (21.18740969184675, 20.11037740028542), (21.168864815692455, 20.12989850275966), (21.150235731432392, 20.149503811644156), (21.131522439510483, 20.16919332648444), (21.112724940371567, 20.188967046825137), (21.09384323446139, 20.208824972209964), (21.074877322226595, 20.228767102181735), (21.05582720411475, 20.248793436282345), (21.036692880574318, 20.268903974052787), (21.017474352054677, 20.28909871503315), (20.99817161900611, 20.309377658762603), (20.978784681879812, 20.32974080477942), (20.959313541127884, 20.35018815262096), (20.939758197203332, 20.37071970182367), (20.920118650560077, 20.3913354519231), (20.900394901652945, 20.412035402453885), (20.880586950937666, 20.43281955294975), (20.860694798870885, 20.45368790294351), (20.84071844591015, 20.474640451967083), (20.820657892513918, 20.49567719955147)]",True
1783881435.9980907,0,21.497297316138194,20.033614330482287,0.7454863637077775,107.89903732410957,-0.5301877632484453,20.867895665408067,21.208176111048893,2.3162611786968843,107.54981478201242,0.2798115255653748,-0.6294016507301272,1.1745617805666058,1.5707748149891068,-0.3492225420971522,0.8099992888138201,"[(21.62366268144123, 19.649718232479522), (21.607223149550492, 19.667134029652544), (21.590699398751028, 19.684634044302282), (21.574091429464058, 19.702218275996977), (21.557399242111707, 19.71988672430397), (21.540622837117006, 19.737639388789677), (21.5237622149039, 19.75547626901962), (21.506817375897242, 19.77339736455841), (21.489788320522788, 19.791402674969735), (21.472675049207204, 19.809492199816397), (21.45547756237807, 19.827665938660274), (21.438195860463875, 19.845923891062345), (21.420829943894006, 19.86426605658267), (21.403379813098766, 19.882692434780417), (21.385845468509366, 19.901203025213828), (21.368226910557926, 19.919797827440245), (21.35052413967747, 19.9384768410161), (21.33273715630194, 19.95724006549692), (21.314865960866165, 19.97608750043732), (21.29691055380591, 19.995019145391012), (21.278870935557826, 20.01403499991079), (21.26074710655949, 20.03313506354855), (21.24253906724937, 20.05231933585527), (21.224246818066863, 20.07158781638103), (21.205870359452256, 20.090940504674993), (21.18740969184675, 20.11037740028542), (21.168864815692455, 20.12989850275966), (21.150235731432392, 20.149503811644156), (21.131522439510483, 20.16919332648444), (21.112724940371567, 20.188967046825137), (21.09384323446139, 20.208824972209964), (21.074877322226595, 20.228767102181735), (21.05582720411475, 20.248793436282345), (21.036692880574318, 20.268903974052787), (21.017474352054677, 20.28909871503315), (20.99817161900611, 20.309377658762603), (20.978784681879812, 20.32974080477942), (20.959313541127884, 20.35018815262096), (20.939758197203332, 20.37071970182367), (20.920118650560077, 20.3913354519231), (20.900394901652945, 20.412035402453885), (20.880586950937666, 20.43281955294975), (20.860694798870885, 20.45368790294351), (20.84071844591015, 20.474640451967083), (20.820657892513918, 20.49567719955147)]",True
1783881436.0456843,0,21.492665745234298,20.047839863687813,0.7505473561579542,107.89903732410957,-0.5301877632484453,20.861715081181547,21.254109546504022,2.3184650591000624,107.54981478201242,0.2798115255653748,-0.6309506640527509,1.2062696828162096,1.567917702942108,-0.3492225420971522,0.8099992888138201,"[(21.62366268144123, 19.649718232479522), (21.607223149550492, 19.667134029652544), (21.590699398751028, 19.684634044302282), (21.574091429464058, 19.702218275996977), (21.557399242111707, 19.71988672430397), (21.540622837117006, 19.737639388789677), (21.5237622149039, 19.75547626901962), (21.506817375897242, 19.77339736455841), (21.489788320522788, 19.791402674969735), (21.472675049207204, 19.809492199816397), (21.45547756237807, 19.827665938660274), (21.438195860463875, 19.845923891062345), (21.420829943894006, 19.86426605658267), (21.403379813098766, 19.882692434780417), (21.385845468509366, 19.901203025213828), (21.368226910557926, 19.919797827440245), (21.35052413967747, 19.9384768410161), (21.33273715630194, 19.95724006549692), (21.314865960866165, 19.97608750043732), (21.29691055380591, 19.995019145391012), (21.278870935557826, 20.01403499991079), (21.26074710655949, 20.03313506354855), (21.24253906724937, 20.05231933585527), (21.224246818066863, 20.07158781638103), (21.205870359452256, 20.090940504674993), (21.18740969184675, 20.11037740028542), (21.168864815692455, 20.12989850275966), (21.150235731432392, 20.149503811644156), (21.131522439510483, 20.16919332648444), (21.112724940371567, 20.188967046825137), (21.09384323446139, 20.208824972209964), (21.074877322226595, 20.228767102181735), (21.05582720411475, 20.248793436282345), (21.036692880574318, 20.268903974052787), (21.017474352054677, 20.28909871503315), (20.99817161900611, 20.309377658762603), (20.978784681879812, 20.32974080477942), (20.959313541127884, 20.35018815262096), (20.939758197203332, 20.37071970182367), (20.920118650560077, 20.3913354519231), (20.900394901652945, 20.412035402453885), (20.880586950937666, 20.43281955294975), (20.860694798870885, 20.45368790294351), (20.84071844591015, 20.474640451967083), (20.820657892513918, 20.49567719955147)]",True
1783881436.0896707,0,21.487577363464812,20.062010738543638,0.7551384911427014,107.89903732410957,-0.5301877632484453,20.855218784053122,21.300041780297068,2.3204643334559996,107.54981478201242,0.2798115255653748,-0.6323585794116902,1.2380310417534304,1.5653258423132983,-0.3492225420971522,0.8099992888138201,"[(21.62366268144123, 19.649718232479522), (21.607223149550492, 19.667134029652544), (21.590699398751028, 19.684634044302282), (21.574091429464058, 19.702218275996977), (21.557399242111707, 19.71988672430397), (21.540622837117006, 19.737639388789677), (21.5237622149039, 19.75547626901962), (21.506817375897242, 19.77339736455841), (21.489788320522788, 19.791402674969735), (21.472675049207204, 19.809492199816397), (21.45547756237807, 19.827665938660274), (21.438195860463875, 19.845923891062345), (21.420829943894006, 19.86426605658267), (21.403379813098766, 19.882692434780417), (21.385845468509366, 19.901203025213828), (21.368226910557926, 19.919797827440245), (21.35052413967747, 19.9384768410161), (21.33273715630194, 19.95724006549692), (21.314865960866165, 19.97608750043732), (21.29691055380591, 19.995019145391012), (21.278870935557826, 20.01403499991079), (21.26074710655949, 20.03313506354855), (21.24253906724937, 20.05231933585527), (21.224246818066863, 20.07158781638103), (21.205870359452256, 20.090940504674993), (21.18740969184675, 20.11037740028542), (21.168864815692455, 20.12989850275966), (21.150235731432392, 20.149503811644156), (21.131522439510483, 20.16919332648444), (21.112724940371567, 20.188967046825137), (21.09384323446139, 20.208824972209964), (21.074877322226595, 20.228767102181735), (21.05582720411475, 20.248793436282345), (21.036692880574318, 20.268903974052787), (21.017474352054677, 20.28909871503315), (20.99817161900611, 20.309377658762603), (20.978784681879812, 20.32974080477942), (20.959313541127884, 20.35018815262096), (20.939758197203332, 20.37071970182367), (20.920118650560077, 20.3913354519231), (20.900394901652945, 20.412035402453885), (20.880586950937666, 20.43281955294975), (20.860694798870885, 20.45368790294351), (20.84071844591015, 20.474640451967083), (20.820657892513918, 20.49567719955147)]",True
1783881436.1351457,0,21.457080042941598,20.132080142967336,0.7724389559410143,107.89903732410957,-0.5301877632484453,20.815354740957158,21.529031295442852,2.3279980643813514,107.54981478201242,0.2798115255653748,-0.6417253019844402,1.3969511524755163,1.555559108440337,-0.3492225420971522,0.8099992888138201,"[(21.62366268144123, 19.649718232479522), (21.607223149550492, 19.667134029652544), (21.590699398751028, 19.684634044302282), (21.574091429464058, 19.702218275996977), (21.557399242111707, 19.71988672430397), (21.540622837117006, 19.737639388789677), (21.5237622149039, 19.75547626901962), (21.506817375897242, 19.77339736455841), (21.489788320522788, 19.791402674969735), (21.472675049207204, 19.809492199816397), (21.45547756237807, 19.827665938660274), (21.438195860463875, 19.845923891062345), (21.420829943894006, 19.86426605658267), (21.403379813098766, 19.882692434780417), (21.385845468509366, 19.901203025213828), (21.368226910557926, 19.919797827440245), (21.35052413967747, 19.9384768410161), (21.33273715630194, 19.95724006549692), (21.314865960866165, 19.97608750043732), (21.29691055380591, 19.995019145391012), (21.278870935557826, 20.01403499991079), (21.26074710655949, 20.03313506354855), (21.24253906724937, 20.05231933585527), (21.224246818066863, 20.07158781638103), (21.205870359452256, 20.090940504674993), (21.18740969184675, 20.11037740028542), (21.168864815692455, 20.12989850275966), (21.150235731432392, 20.149503811644156), (21.131522439510483, 20.16919332648444), (21.112724940371567, 20.188967046825137), (21.09384323446139, 20.208824972209964), (21.074877322226595, 20.228767102181735), (21.05582720411475, 20.248793436282345), (21.036692880574318, 20.268903974052787), (21.017474352054677, 20.28909871503315), (20.99817161900611, 20.309377658762603), (20.978784681879812, 20.32974080477942), (20.959313541127884, 20.35018815262096), (20.939758197203332, 20.37071970182367), (20.920118650560077, 20.3913354519231), (20.900394901652945, 20.412035402453885), (20.880586950937666, 20.43281955294975), (20.860694798870885, 20.45368790294351), (20.84071844591015, 20.474640451967083), (20.820657892513918, 20.49567719955147)]",True
1783881436.1891327,0,21.442601343111132,20.15948528486309,0.7773188866240432,107.89903732410957,-0.5301877632484453,20.796228609991662,21.62020840406914,2.33012309888932,107.54981478201242,0.2798115255653748,-0.6463727331194704,1.4607231192060475,1.5528042122652765,-0.3492225420971522,0.8099992888138201,"[(21.62366268144123, 19.649718232479522), (21.607223149550492, 19.667134029652544), (21.590699398751028, 19.684634044302282), (21.574091429464058, 19.702218275996977), (21.557399242111707, 19.71988672430397), (21.540622837117006, 19.737639388789677), (21.5237622149039, 19.75547626901962), (21.506817375897242, 19.77339736455841), (21.489788320522788, 19.791402674969735), (21.472675049207204, 19.809492199816397), (21.45547756237807, 19.827665938660274), (21.438195860463875, 19.845923891062345), (21.420829943894006, 19.86426605658267), (21.403379813098766, 19.882692434780417), (21.385845468509366, 19.901203025213828), (21.368226910557926, 19.919797827440245), (21.35052413967747, 19.9384768410161), (21.33273715630194, 19.95724006549692), (21.314865960866165, 19.97608750043732), (21.29691055380591, 19.995019145391012), (21.278870935557826, 20.01403499991079), (21.26074710655949, 20.03313506354855), (21.24253906724937, 20.05231933585527), (21.224246818066863, 20.07158781638103), (21.205870359452256, 20.090940504674993), (21.18740969184675, 20.11037740028542), (21.168864815692455, 20.12989850275966), (21.150235731432392, 20.149503811644156), (21.131522439510483, 20.16919332648444), (21.112724940371567, 20.188967046825137), (21.09384323446139, 20.208824972209964), (21.074877322226595, 20.228767102181735), (21.05582720411475, 20.248793436282345), (21.036692880574318, 20.268903974052787), (21.017474352054677, 20.28909871503315), (20.99817161900611, 20.309377658762603), (20.978784681879812, 20.32974080477942), (20.959313541127884, 20.35018815262096), (20.939758197203332, 20.37071970182367), (20.920118650560077, 20.3913354519231), (20.900394901652945, 20.412035402453885), (20.880586950937666, 20.43281955294975), (20.860694798870885, 20.45368790294351), (20.84071844591015, 20.474640451967083), (20.820657892513918, 20.49567719955147)]",True
1783881436.2436619,0,21.42661048047915,20.186245122778992,0.7813347820724091,107.89903732410957,-0.5301877632484453,20.774955994839907,21.710988248276337,2.3318718770918156,107.54981478201242,0.2798115255653748,-0.651654485639245,1.524743125497345,1.5505370950194064,-0.3492225420971522,0.8099992888138201,"[(21.62366268144123, 19.649718232479522), (21.607223149550492, 19.667134029652544), (21.590699398751028, 19.684634044302282), (21.574091429464058, 19.702218275996977), (21.557399242111707, 19.71988672430397), (21.540622837117006, 19.737639388789677), (21.5237622149039, 19.75547626901962), (21.506817375897242, 19.77339736455841), (21.489788320522788, 19.791402674969735), (21.472675049207204, 19.809492199816397), (21.45547756237807, 19.827665938660274), (21.438195860463875, 19.845923891062345), (21.420829943894006, 19.86426605658267), (21.403379813098766, 19.882692434780417), (21.385845468509366, 19.901203025213828), (21.368226910557926, 19.919797827440245), (21.35052413967747, 19.9384768410161), (21.33273715630194, 19.95724006549692), (21.314865960866165, 19.97608750043732), (21.29691055380591, 19.995019145391012), (21.278870935557826, 20.01403499991079), (21.26074710655949, 20.03313506354855), (21.24253906724937, 20.05231933585527), (21.224246818066863, 20.07158781638103), (21.205870359452256, 20.090940504674993), (21.18740969184675, 20.11037740028542), (21.168864815692455, 20.12989850275966), (21.150235731432392, 20.149503811644156), (21.131522439510483, 20.16919332648444), (21.112724940371567, 20.188967046825137), (21.09384323446139, 20.208824972209964), (21.074877322226595, 20.228767102181735), (21.05582720411475, 20.248793436282345), (21.036692880574318, 20.268903974052787), (21.017474352054677, 20.28909871503315), (20.99817161900611, 20.309377658762603), (20.978784681879812, 20.32974080477942), (20.959313541127884, 20.35018815262096), (20.939758197203332, 20.37071970182367), (20.920118650560077, 20.3913354519231), (20.900394901652945, 20.412035402453885), (20.880586950937666, 20.43281955294975), (20.860694798870885, 20.45368790294351), (20.84071844591015, 20.474640451967083), (20.820657892513918, 20.49567719955147)]",True
1783881436.2871835,0,21.404536835623134,20.21859119006295,0.7853700137104032,107.89903732410957,-0.5301877632484453,20.745410089566754,21.823819147213417,2.3336290755102698,107.54981478201242,0.2798115255653748,-0.6591267460563799,1.6052279571504684,1.5482590617998666,-0.3492225420971522,0.8099992888138201,"[(21.62366268144123, 19.649718232479522), (21.607223149550492, 19.667134029652544), (21.590699398751028, 19.684634044302282), (21.574091429464058, 19.702218275996977), (21.557399242111707, 19.71988672430397), (21.540622837117006, 19.737639388789677), (21.5237622149039, 19.75547626901962), (21.506817375897242, 19.77339736455841), (21.489788320522788, 19.791402674969735), (21.472675049207204, 19.809492199816397), (21.45547756237807, 19.827665938660274), (21.438195860463875, 19.845923891062345), (21.420829943894006, 19.86426605658267), (21.403379813098766, 19.882692434780417), (21.385845468509366, 19.901203025213828), (21.368226910557926, 19.919797827440245), (21.35052413967747, 19.9384768410161), (21.33273715630194, 19.95724006549692), (21.314865960866165, 19.97608750043732), (21.29691055380591, 19.995019145391012), (21.278870935557826, 20.01403499991079), (21.26074710655949, 20.03313506354855), (21.24253906724937, 20.05231933585527), (21.224246818066863, 20.07158781638103), (21.205870359452256, 20.090940504674993), (21.18740969184675, 20.11037740028542), (21.168864815692455, 20.12989850275966), (21.150235731432392, 20.149503811644156), (21.131522439510483, 20.16919332648444), (21.112724940371567, 20.188967046825137), (21.09384323446139, 20.208824972209964), (21.074877322226595, 20.228767102181735), (21.05582720411475, 20.248793436282345), (21.036692880574318, 20.268903974052787), (21.017474352054677, 20.28909871503315), (20.99817161900611, 20.309377658762603), (20.978784681879812, 20.32974080477942), (20.959313541127884, 20.35018815262096), (20.939758197203332, 20.37071970182367), (20.920118650560077, 20.3913354519231), (20.900394901652945, 20.412035402453885), (20.880586950937666, 20.43281955294975), (20.860694798870885, 20.45368790294351), (20.84071844591015, 20.474640451967083), (20.820657892513918, 20.49567719955147)]",True
1783881436.3380027,0,21.385203832804144,20.243414041251445,0.7879603853279579,107.89903732410957,-0.5301877632484453,20.719576956491153,21.913541448966544,2.3347570892943406,107.54981478201242,0.2798115255653748,-0.6656268763129916,1.6701274077150998,1.5467967039663826,-0.3492225420971522,0.8099992888138201,"[(21.62366268144123, 19.649718232479522), (21.607223149550492, 19.667134029652544), (21.590699398751028, 19.684634044302282), (21.574091429464058, 19.702218275996977), (21.557399242111707, 19.71988672430397), (21.540622837117006, 19.737639388789677), (21.5237622149039, 19.75547626901962), (21.506817375897242, 19.77339736455841), (21.489788320522788, 19.791402674969735), (21.472675049207204, 19.809492199816397), (21.45547756237807, 19.827665938660274), (21.438195860463875, 19.845923891062345), (21.420829943894006, 19.86426605658267), (21.403379813098766, 19.882692434780417), (21.385845468509366, 19.901203025213828), (21.368226910557926, 19.919797827440245), (21.35052413967747, 19.9384768410161), (21.33273715630194, 19.95724006549692), (21.314865960866165, 19.97608750043732), (21.29691055380591, 19.995019145391012), (21.278870935557826, 20.01403499991079), (21.26074710655949, 20.03313506354855), (21.24253906724937, 20.05231933585527), (21.224246818066863, 20.07158781638103), (21.205870359452256, 20.090940504674993), (21.18740969184675, 20.11037740028542), (21.168864815692455, 20.12989850275966), (21.150235731432392, 20.149503811644156), (21.131522439510483, 20.16919332648444), (21.112724940371567, 20.188967046825137), (21.09384323446139, 20.208824972209964), (21.074877322226595, 20.228767102181735), (21.05582720411475, 20.248793436282345), (21.036692880574318, 20.268903974052787), (21.017474352054677, 20.28909871503315), (20.99817161900611, 20.309377658762603), (20.978784681879812, 20.32974080477942), (20.959313541127884, 20.35018815262096), (20.939758197203332, 20.37071970182367), (20.920118650560077, 20.3913354519231), (20.900394901652945, 20.412035402453885), (20.880586950937666, 20.43281955294975), (20.860694798870885, 20.45368790294351), (20.84071844591015, 20.474640451967083), (20.820657892513918, 20.49567719955147)]",True
1783881436.3911726,0,21.364452992738546,20.267192423300447,0.7900921085560544,107.89903732410957,-0.5301877632484453,20.692493840863918,22.002937717756023,2.335685378181086,107.54981478201242,0.2798115255653748,-0.6719591518746277,1.735745294455576,1.5455932696250314,-0.3492225420971522,0.8099992888138201,"[(21.62366268144123, 19.649718232479522), (21.607223149550492, 19.667134029652544), (21.590699398751028, 19.684634044302282), (21.574091429464058, 19.702218275996977), (21.557399242111707, 19.71988672430397), (21.540622837117006, 19.737639388789677), (21.5237622149039, 19.75547626901962), (21.506817375897242, 19.77339736455841), (21.489788320522788, 19.791402674969735), (21.472675049207204, 19.809492199816397), (21.45547756237807, 19.827665938660274), (21.438195860463875, 19.845923891062345), (21.420829943894006, 19.86426605658267), (21.403379813098766, 19.882692434780417), (21.385845468509366, 19.901203025213828), (21.368226910557926, 19.919797827440245), (21.35052413967747, 19.9384768410161), (21.33273715630194, 19.95724006549692), (21.314865960866165, 19.97608750043732), (21.29691055380591, 19.995019145391012), (21.278870935557826, 20.01403499991079), (21.26074710655949, 20.03313506354855), (21.24253906724937, 20.05231933585527), (21.224246818066863, 20.07158781638103), (21.205870359452256, 20.090940504674993), (21.18740969184675, 20.11037740028542), (21.168864815692455, 20.12989850275966), (21.150235731432392, 20.149503811644156), (21.131522439510483, 20.16919332648444), (21.112724940371567, 20.188967046825137), (21.09384323446139, 20.208824972209964), (21.074877322226595, 20.228767102181735), (21.05582720411475, 20.248793436282345), (21.036692880574318, 20.268903974052787), (21.017474352054677, 20.28909871503315), (20.99817161900611, 20.309377658762603), (20.978784681879812, 20.32974080477942), (20.959313541127884, 20.35018815262096), (20.939758197203332, 20.37071970182367), (20.920118650560077, 20.3913354519231), (20.900394901652945, 20.412035402453885), (20.880586950937666, 20.43281955294975), (20.860694798870885, 20.45368790294351), (20.84071844591015, 20.474640451967083), (20.820657892513918, 20.49567719955147)]",True
1783881436.434997,0,21.34264928619466,20.2901169653111,0.7918463911811459,107.89903732410957,-0.5301877632484453,20.664139461128396,22.091974280182725,2.336449305244233,109.06234721667852,-0.10246231776159362,-0.6785098250662642,1.8018573148716257,1.5446029140630873,1.1633098925689467,0.42772544548685165,"[(21.62366268144123, 19.649718232479522), (21.607223149550492, 19.667134029652544), (21.590699398751028, 19.684634044302282), (21.574091429464058, 19.702218275996977), (21.557399242111707, 19.71988672430397), (21.540622837117006, 19.737639388789677), (21.5237622149039, 19.75547626901962), (21.506817375897242, 19.77339736455841), (21.489788320522788, 19.791402674969735), (21.472675049207204, 19.809492199816397), (21.45547756237807, 19.827665938660274), (21.438195860463875, 19.845923891062345), (21.420829943894006, 19.86426605658267), (21.403379813098766, 19.882692434780417), (21.385845468509366, 19.901203025213828), (21.368226910557926, 19.919797827440245), (21.35052413967747, 19.9384768410161), (21.33273715630194, 19.95724006549692), (21.314865960866165, 19.97608750043732), (21.29691055380591, 19.995019145391012), (21.278870935557826, 20.01403499991079), (21.26074710655949, 20.03313506354855), (21.24253906724937, 20.05231933585527), (21.224246818066863, 20.07158781638103), (21.205870359452256, 20.090940504674993), (21.18740969184675, 20.11037740028542), (21.168864815692455, 20.12989850275966), (21.150235731432392, 20.149503811644156), (21.131522439510483, 20.16919332648444), (21.112724940371567, 20.188967046825137), (21.09384323446139, 20.208824972209964), (21.074877322226595, 20.228767102181735), (21.05582720411475, 20.248793436282345), (21.036692880574318, 20.268903974052787), (21.017474352054677, 20.28909871503315), (20.99817161900611, 20.309377658762603), (20.978784681879812, 20.32974080477942), (20.959313541127884, 20.35018815262096), (20.939758197203332, 20.37071970182367), (20.920118650560077, 20.3913354519231), (20.900394901652945, 20.412035402453885), (20.880586950937666, 20.43281955294975), (20.860694798870885, 20.45368790294351), (20.84071844591015, 20.474640451967083), (20.820657892513918, 20.49567719955147)]",True
1783881436.4849963,0,21.31987270369179,20.312166995552154,0.7932900624270824,107.89903732410957,-0.5301877632484453,20.634495751245048,22.18061918960966,2.3370779722100252,109.06234721667852,-0.10246231776159362,-0.6853769524467417,1.8684521940575074,1.5437879097829428,1.1633098925689467,0.42772544548685165,"[(21.62366268144123, 19.649718232479522), (21.607223149550492, 19.667134029652544), (21.590699398751028, 19.684634044302282), (21.574091429464058, 19.702218275996977), (21.557399242111707, 19.71988672430397), (21.540622837117006, 19.737639388789677), (21.5237622149039, 19.75547626901962), (21.506817375897242, 19.77339736455841), (21.489788320522788, 19.791402674969735), (21.472675049207204, 19.809492199816397), (21.45547756237807, 19.827665938660274), (21.438195860463875, 19.845923891062345), (21.420829943894006, 19.86426605658267), (21.403379813098766, 19.882692434780417), (21.385845468509366, 19.901203025213828), (21.368226910557926, 19.919797827440245), (21.35052413967747, 19.9384768410161), (21.33273715630194, 19.95724006549692), (21.314865960866165, 19.97608750043732), (21.29691055380591, 19.995019145391012), (21.278870935557826, 20.01403499991079), (21.26074710655949, 20.03313506354855), (21.24253906724937, 20.05231933585527), (21.224246818066863, 20.07158781638103), (21.205870359452256, 20.090940504674993), (21.18740969184675, 20.11037740028542), (21.168864815692455, 20.12989850275966), (21.150235731432392, 20.149503811644156), (21.131522439510483, 20.16919332648444), (21.112724940371567, 20.188967046825137), (21.09384323446139, 20.208824972209964), (21.074877322226595, 20.228767102181735), (21.05582720411475, 20.248793436282345), (21.036692880574318, 20.268903974052787), (21.017474352054677, 20.28909871503315), (20.99817161900611, 20.309377658762603), (20.978784681879812, 20.32974080477942), (20.959313541127884, 20.35018815262096), (20.939758197203332, 20.37071970182367), (20.920118650560077, 20.3913354519231), (20.900394901652945, 20.412035402453885), (20.880586950937666, 20.43281955294975), (20.860694798870885, 20.45368790294351), (20.84071844591015, 20.474640451967083), (20.820657892513918, 20.49567719955147)]",True
1783881436.5356379,0,21.296167448748967,20.333294391316727,0.7944781188078124,107.89903732410957,-0.5301877632484453,20.603568060825864,22.26884855039025,2.3375953280846162,109.06234721667852,-0.10246231776159362,-0.6925993879231029,1.9355541590735221,1.543117209276804,1.1633098925689467,0.42772544548685165,"[(21.62366268144123, 19.649718232479522), (21.607223149550492, 19.667134029652544), (21.590699398751028, 19.684634044302282), (21.574091429464058, 19.702218275996977), (21.557399242111707, 19.71988672430397), (21.540622837117006, 19.737639388789677), (21.5237622149039, 19.75547626901962), (21.506817375897242, 19.77339736455841), (21.489788320522788, 19.791402674969735), (21.472675049207204, 19.809492199816397), (21.45547756237807, 19.827665938660274), (21.438195860463875, 19.845923891062345), (21.420829943894006, 19.86426605658267), (21.403379813098766, 19.882692434780417), (21.385845468509366, 19.901203025213828), (21.368226910557926, 19.919797827440245), (21.35052413967747, 19.9384768410161), (21.33273715630194, 19.95724006549692), (21.314865960866165, 19.97608750043732), (21.29691055380591, 19.995019145391012), (21.278870935557826, 20.01403499991079), (21.26074710655949, 20.03313506354855), (21.24253906724937, 20.05231933585527), (21.224246818066863, 20.07158781638103), (21.205870359452256, 20.090940504674993), (21.18740969184675, 20.11037740028542), (21.168864815692455, 20.12989850275966), (21.150235731432392, 20.149503811644156), (21.131522439510483, 20.16919332648444), (21.112724940371567, 20.188967046825137), (21.09384323446139, 20.208824972209964), (21.074877322226595, 20.228767102181735), (21.05582720411475, 20.248793436282345), (21.036692880574318, 20.268903974052787), (21.017474352054677, 20.28909871503315), (20.99817161900611, 20.309377658762603), (20.978784681879812, 20.32974080477942), (20.959313541127884, 20.35018815262096), (20.939758197203332, 20.37071970182367), (20.920118650560077, 20.3913354519231), (20.900394901652945, 20.412035402453885), (20.880586950937666, 20.43281955294975), (20.860694798870885, 20.45368790294351), (20.84071844591015, 20.474640451967083), (20.820657892513918, 20.49567719955147)]",True
1783881436.586425,0,21.277805050459797,20.348506274089143,0.79522895548042,107.89903732410957,-0.5301877632484453,20.579527881218585,22.334732083985983,2.337922290482809,109.06234721667852,-0.10246231776159362,-0.6982771692412122,1.9862258098968404,1.5426933350023893,1.1633098925689467,0.42772544548685165,"[(21.62366268144123, 19.649718232479522), (21.607223149550492, 19.667134029652544), (21.590699398751028, 19.684634044302282), (21.574091429464058, 19.702218275996977), (21.557399242111707, 19.71988672430397), (21.540622837117006, 19.737639388789677), (21.5237622149039, 19.75547626901962), (21.506817375897242, 19.77339736455841), (21.489788320522788, 19.791402674969735), (21.472675049207204, 19.809492199816397), (21.45547756237807, 19.827665938660274), (21.438195860463875, 19.845923891062345), (21.420829943894006, 19.86426605658267), (21.403379813098766, 19.882692434780417), (21.385845468509366, 19.901203025213828), (21.368226910557926, 19.919797827440245), (21.35052413967747, 19.9384768410161), (21.33273715630194, 19.95724006549692), (21.314865960866165, 19.97608750043732), (21.29691055380591, 19.995019145391012), (21.278870935557826, 20.01403499991079), (21.26074710655949, 20.03313506354855), (21.24253906724937, 20.05231933585527), (21.224246818066863, 20.07158781638103), (21.205870359452256, 20.090940504674993), (21.18740969184675, 20.11037740028542), (21.168864815692455, 20.12989850275966), (21.150235731432392, 20.149503811644156), (21.131522439510483, 20.16919332648444), (21.112724940371567, 20.188967046825137), (21.09384323446139, 20.208824972209964), (21.074877322226595, 20.228767102181735), (21.05582720411475, 20.248793436282345), (21.036692880574318, 20.268903974052787), (21.017474352054677, 20.28909871503315), (20.99817161900611, 20.309377658762603), (20.978784681879812, 20.32974080477942), (20.959313541127884, 20.35018815262096), (20.939758197203332, 20.37071970182367), (20.920118650560077, 20.3913354519231), (20.900394901652945, 20.412035402453885), (20.880586950937666, 20.43281955294975), (20.860694798870885, 20.45368790294351), (20.84071844591015, 20.474640451967083), (20.820657892513918, 20.49567719955147)]",True
1783881436.6358423,0,21.258963336116626,20.36315443971554,0.7958776975095089,107.89903732410957,-0.5301877632484453,20.554785491122143,22.40036488658572,2.3382047943313533,109.06234721667852,-0.10246231776159362,-0.7041778449944829,2.03721044687018,1.5423270968218445,1.1633098925689467,0.42772544548685165,"[(21.602420164686404, 19.674930487455544), (21.58393666673875, 19.693049776577613), (21.565377364117886, 19.71124487090736), (21.54674225724298, 19.72951577002955), (21.528031346534018, 19.747862473528127), (21.509244632411814, 19.76628498098622), (21.490382115297987, 19.78478329198614), (21.47144379561498, 19.80335740610938), (21.452429673786053, 19.822007322936614), (21.433339750235284, 19.8407330420477), (21.41417402538757, 19.859534563021672), (21.394932499668627, 19.87841188543675), (21.375615173504986, 19.89736500887034), (21.356222047323996, 19.916393932899023), (21.33675312155383, 19.93549865709857), (21.31720839662347, 19.95467918104392), (21.297587872962723, 19.973935504309214), (21.277891551002213, 19.993267626467755), (21.25811943117338, 20.01267554709204), (21.23827151390848, 20.032159265753744)]",True
1783881436.690929,0,21.246145366628543,20.372598086661657,0.7962604090468449,107.89903732410957,-0.5301877632484453,20.53789074565434,22.443972205086055,2.3383714514575016,109.06234721667852,-0.10246231776159362,-0.708254620974202,2.071374118424398,1.5421110424106566,1.1633098925689467,0.42772544548685165,"[(21.26554578662457, 20.38479263000205), (21.224589345147276, 20.444541302437624), (21.18354784938874, 20.504375003947303), (21.14242129998286, 20.564293733709665), (21.10120969756437, 20.624297490902443), (21.059913042768866, 20.68438627470252), (21.01853133623278, 20.74456008428594), (20.977064578593396, 20.8048189188279), (20.93551277048884, 20.865162777502743), (20.893875912558094, 20.92559165948397), (20.852154005440976, 20.986105563944236), (20.810347049778162, 21.04670449005535), (20.768455046211173, 21.10738843698827), (20.72647799538237, 21.168157403913114), (20.684415897934976, 21.229011389999147), (20.642268754513044, 21.28995039441479), (20.600036565761485, 21.35097441632762), (20.55771933232605, 21.412083454904366), (20.51531705485335, 21.47327750931091), (20.472829733990835, 21.534556578712287), (20.430257370386794, 21.595920662272682), (20.387599964690377, 21.65736975915544), (20.344857517551574, 21.71890386852306), (20.302030029621225, 21.780522989537193), (20.259117501551017, 21.842227121358636), (20.216119933993483, 21.904016263147348), (20.173037327602, 21.965890414062443), (20.1298696830308, 22.02784957326218), (20.086617000934957, 22.089893739903978), (20.043279281970392, 22.152022913144414), (19.999856526793877, 22.214237092139204), (19.956348736063024, 22.276536276043235), (19.9127559104363, 22.338920464010535), (19.869078050573012, 22.40138965519429), (19.82531515713332, 22.463943848746837), (19.781467230778233, 22.526583043819674), (19.737534272169597, 22.589307239563446), (19.693516281970116, 22.652116435127954), (19.64941326084333, 22.715010629662153), (19.605225209453636, 22.777989822314154), (19.560952128466273, 22.841054012231215), (19.51659401854733, 22.904203198559753), (19.47215088036374, 22.96743738044534), (19.42762271458328, 23.030756557032696), (19.383009521874587, 23.0941607274657)]",True
1783881436.772077,0,21.233135292661565,20.3817880480187,0.7966075900287231,107.89903732410957,-0.5301877632484453,20.52068060133583,22.487459429620863,2.338522636303132,109.06234721667852,-0.10246231776159362,-0.7124546913257355,2.105671381602164,1.5419150462744091,1.1633098925689467,0.42772544548685165,"[(21.25015987808354, 20.395656246930216), (21.21228688606689, 20.449128240460343), (21.17433331035643, 20.502680796998458), (21.13629915151742, 20.55631391583341), (21.098184410115877, 20.610027596253293), (21.05998908671857, 20.663821837545445), (21.021713181893013, 20.71769663899646), (20.983356696207483, 20.771651999892175), (20.944919630231006, 20.82568791951768), (20.906401984533357, 20.879804397157308), (20.867803759685067, 20.93400143209464), (20.82912495625742, 20.98827902361251), (20.79036557482245, 21.042637170992997), (20.75152561595294, 21.09707587351743), (20.71260508022243, 21.151595130466383), (20.67360396820522, 21.206194941119676), (20.634522280476347, 21.26087530475639), (20.595360017611608, 21.31563622065484), (20.556117180187552, 21.3704776880926), (20.51679376878148, 21.42539970634648), (20.477389783971446, 21.480402274692548), (20.43790522633626, 21.53548539240612), (20.398340096455474, 21.590649058761755), (20.358694394909403, 21.645893273033263), (20.31896812227911, 21.701218034493703), (20.279161279146408, 21.75662334241538), (20.239273866093864, 21.812109196069855), (20.1993058837048, 21.867675594727924), (20.15925733256329, 21.92332253765964), (20.119128213254154, 21.979050024134306), (20.078918526362973, 22.034858053420468), (20.03862827247607, 22.090746624785922), (19.998257452180532, 22.146715737497715), (19.95780606606419, 22.20276539082214), (19.917274114715628, 22.258895584024735), (19.876661598724187, 22.315106316370294), (19.83596851867996, 22.37139758712285), (19.79519487517378, 22.4277693955457), (19.754340668797255, 22.48422174090137), (19.71340590014272, 22.540754622451647), (19.672390569803284, 22.597368039457564), (19.63129467837279, 22.6540619911794), (19.590118226445842, 22.710836476876683), (19.548861214617798, 22.76769149580819), (19.50752364348477, 22.82462704723195)]",True
1783881436.7978039,0,21.226594738550087,20.38633693172152,0.7967688996896974,107.89903732410957,-0.5301877632484453,20.51195129206432,22.509154675603423,2.338592880865669,109.06234721667852,-0.10246231776159362,-0.7146434464857663,2.122817743881903,1.5418239811759715,1.1633098925689467,0.42772544548685165,"[(21.23036644590212, 20.40429704282947), (21.197535578355193, 20.44700811529169), (21.164623416213168, 20.489800468991827), (21.131629960008762, 20.53267410330215), (21.098555210275478, 20.57562901759415), (21.065399167547596, 20.61866521123854), (21.032161832360174, 20.661782683605246), (20.99884320524905, 20.704981434063424), (20.965443286750848, 20.74826146198144), (20.93196207740297, 20.79162276672689), (20.898399577743604, 20.835065347666582), (20.864755788311705, 20.878589204166545), (20.83103070964702, 20.922194335592028), (20.79722434229008, 20.9658807413075), (20.76333668678218, 21.009648420676655), (20.72936774366541, 21.0534973730624), (20.69531751348264, 21.097427597826865), (20.661185996777508, 21.1414390943314), (20.626973194094447, 21.18553186193657), (20.592679105978664, 21.22970590000217), (20.558303732976146, 21.273961207887204), (20.52384707563366, 21.318297784949902), (20.48930913449876, 21.362715630547708), (20.45468991011977, 21.407214744037297), (20.419989403045804, 21.451795124774552), (20.38520761382675, 21.496456772114588), (20.350344543013282, 21.54119968541173), (20.315400191156847, 21.586023864019527), (20.28037455880968, 21.630929307290746), (20.24526764652479, 21.675916014577375), (20.210079454855972, 21.72098398523062), (20.1748099843578, 21.766133218600917), (20.139459235585626, 21.811363714037906), (20.104027209095587, 21.85667547089046), (20.068513905444593, 21.902068488506664), (20.032919325190342, 21.94754276623383), (19.997243468891305, 21.993098303418485), (19.961486337106738, 22.038735099406377), (19.925647930396682, 22.084453153542473), (19.889728249321948, 22.130252465170965), (19.853727294444134, 22.176133033635256), (19.817645066325618, 22.22209485827798), (19.781481565529557, 22.268137938440983), (19.745236792619888, 22.31426227346533), (19.70891074816133, 22.360467862691316)]",True
1783881436.8371496,0,21.20012211724476,20.404272652107906,0.8163609986178781,107.89903732410957,-0.5301877632484453,20.476275330829417,22.595632705469573,2.3388420086565453,109.06234721667852,-0.10246231776159362,-0.7238467864153435,2.1913600533616666,1.5224810100386672,1.1633098925689467,0.42772544548685165,"[(21.202783246451688, 20.41717813274844), (21.174124334763675, 20.450176717857012), (21.145383141496797, 20.48325757850963), (21.116559667163752, 20.51642071415017), (21.087653912278057, 20.549666124221673), (21.058665877354056, 20.58299380816637), (21.029595562906913, 20.61640376542567), (21.00044296945261, 20.649895995440147), (20.971208097507965, 20.683470497649562), (20.9418909475906, 20.717127271492856), (20.912491520218975, 20.750866316408143), (20.883009815912363, 20.78468763183272), (20.85344583519086, 20.818591217203053), (20.823799578575393, 20.852577071954794), (20.7940710465877, 20.88664519552277), (20.76426023975035, 20.920795587340987), (20.73436715858673, 20.955028246842623), (20.704391803621043, 20.989343173460046), (20.67433417537833, 21.02374036662479), (20.64419427438444, 21.058219825767573), (20.61397210116605, 21.092781550318286), (20.58366765625066, 21.127425539706003), (20.553280940166598, 21.162151793358976), (20.522811953443, 21.196960310704632), (20.49226069660983, 21.231851091169577), (20.46162717019788, 21.266824134179597), (20.43091137473876, 21.30187943915965), (20.400113310764898, 21.337017005533877), (20.36923297880955, 21.372236832725598), (20.338270379406794, 21.407538920157307), (20.30722551309153, 21.44292326725068), (20.276098380399482, 21.478389873426572), (20.24488898186719, 21.513938738105004), (20.213597318032022, 21.54956986070519), (20.18222338943216, 21.585283240645516), (20.150767196606616, 21.621078877343546), (20.119228740095224, 21.65695677021602), (20.087608020438637, 21.692916918678858), (20.05590503817833, 21.72895932214716), (20.024119793856606, 21.7650839800352), (19.992252288016584, 21.801290891756437), (19.960302521202202, 21.8375800567235), (19.928270493958227, 21.8739514743482), (19.89615620683025, 21.910405144041526), (19.863959660364674, 21.946941065213643)]",True
1783881436.8937387,0,21.14033264255808,20.44176997244792,0.940187396278057,107.89903732410957,-0.5301877632484453,20.403010437694373,22.759494091659775,1.9586470261509374,109.06234721667852,-0.10246231776159362,-0.7373222048637054,2.3177241192118565,1.0184596298728805,1.1633098925689467,0.42772544548685165,"[(21.166163402247918, 20.43564461681366), (21.140507862764867, 20.460832821642207), (21.114769250978252, 20.486104099438553), (21.088947567386, 20.511458449709604), (21.06304281248689, 20.536895871961402), (21.037054986780568, 20.562416365699136), (21.01098409076752, 20.588019930427137), (20.98483012494909, 20.61370656564888), (20.958593089827502, 20.63947627086698), (20.932272985905808, 20.6653290455832), (20.90586981368793, 20.691264889298445), (20.879383573678645, 20.717283801512764), (20.85281426638359, 20.743385781725348), (20.826161892309255, 20.769570829434528), (20.799426451962983, 20.795838944137785), (20.77260794585298, 20.822190125331744), (20.7457063744883, 20.848624372512166), (20.718721738378864, 20.87514168517396), (20.69165403803545, 20.90174206281118), (20.66450327396968, 20.92842550491702), (20.637269446694038, 20.95519201098382), (20.609952556721876, 20.982041580503058), (20.582552604567383, 21.008974212965363), (20.555069590745617, 21.035989907860504), (20.527503515772494, 21.063088664677394), (20.49985438016478, 21.09027048290409), (20.472122184440103, 21.117535362027787), (20.444306929116937, 21.144883301534836), (20.416408614714626, 21.17231430091072), (20.388427241753362, 21.199828359640073), (20.360362810754197, 21.227425477206666), (20.332215322239037, 21.255105653093413), (20.303984776730644, 21.282868886782378), (20.27567117475264, 21.310715177754766), (20.2472745168295, 21.338644525490924), (20.218794803486556, 21.366656929470345), (20.190232035250002, 21.394752389171664), (20.16158621264688, 21.42293090407266), (20.13285733620509, 21.451192473650256), (20.104045406453398, 21.479537097380515), (20.07515042392141, 21.507964774738646), (20.0461723891396, 21.536475505199007), (20.017111302639293, 21.565069288235094), (19.987967164952675, 21.593746123319548), (19.958739976612787, 21.62250600992415)]",True
1783881436.9373767,0,21.098405582512562,20.466083457783782,0.9963562320980105,107.89903732410957,-0.5301877632484453,20.358314806220115,22.849027114490085,2.0410916170539597,109.06234721667852,-0.10246231776159362,-0.7400907762924476,2.3829436567063027,1.044735384955949,1.1633098925689467,0.42772544548685165,"[(21.13132984897484, 20.4532406129629), (21.107643863316966, 20.47320125491298), (21.083874232721303, 20.49324554717762), (21.060020957676073, 20.51337348930791), (21.036084038670385, 20.533585080854063), (21.01206347619423, 20.55388032136541), (20.98795927073848, 20.574259210390395), (20.963771422794885, 20.594721747476584), (20.939499932856084, 20.61526793217066), (20.915144801415593, 20.635897764018427), (20.890706028967816, 20.656611242564804), (20.866183616008026, 20.677408367353824), (20.841577563032388, 20.698289137928644), (20.816887870537947, 20.71925355383154), (20.792114539022627, 20.7403016146039), (20.767257568985237, 20.76143331978624), (20.742316960925464, 20.782648668918178), (20.71729271534388, 20.80394766153847), (20.692184832741937, 20.825330297184976), (20.66699331362197, 20.84679657539468), (20.641718158487194, 20.868346495703683), (20.616359367841707, 20.889980057647204), (20.590916942190486, 20.911697260759574), (20.565390882039395, 20.93349810457425), (20.539781187895173, 20.955382588623813), (20.514087860265448, 20.977350712439947), (20.48831089965872, 20.999402475553463), (20.462450306584383, 21.02153787749429), (20.436506081552704, 21.043756917791473), (20.410478225074833, 21.06605959597318), (20.3843667376628, 21.08844591156669), (20.358171619829516, 21.110915864098406), (20.331892872088783, 21.133469453093845), (20.305530494955274, 21.156106678077645), (20.279084488944548, 21.17882753857356), (20.252554854573045, 21.201632034104467), (20.225941592358087, 21.224520164192356), (20.199244702817875, 21.24749192835834), (20.172464186471494, 21.270547326122646), (20.14560004383891, 21.293686357004617), (20.118652275440972, 21.316909020522726), (20.091620881799408, 21.340215316194552), (20.064505863436825, 21.363605243536796), (20.037307220876716, 21.387078802065282), (20.01002495464346, 21.41063599129495)]",True
1783881436.986137,0,21.080876038180453,20.47595605474403,1.0152623197840622,107.89903732410957,-0.5301877632484453,20.33920059175079,22.885414753641072,2.068841963702581,109.06234721667852,-0.10246231776159362,-0.7416754464296638,2.4094586988970406,1.053579643918519,1.1633098925689467,0.42772544548685165,"[(21.117062997206173, 20.459905421222505), (21.09482414582554, 20.47708308226813), (21.072501357564427, 20.49434468756099), (21.050094632901413, 20.511690236676554), (21.027603972315976, 20.529119729189404), (21.005029376288494, 20.546633164673214), (20.98237084530023, 20.564230542700766), (20.959628379833358, 20.581911862843953), (20.936801980370934, 20.599677124673764), (20.91389164739691, 20.6175263277603), (20.89089738139614, 20.635459471672753), (20.867819182854372, 20.653476555979434), (20.844657052258245, 20.671577580247757), (20.821410990095302, 20.68976254404423), (20.798080996853972, 20.70803144693447), (20.774667073023583, 20.726384288483207), (20.751169219094358, 20.744821068254264), (20.727587435557417, 20.763341785810574), (20.70392172290477, 20.781946440714176), (20.680172081629333, 20.80063503252621), (20.656338512224902, 20.819407560806916), (20.632421015186186, 20.83826402511565), (20.608419591008772, 20.85720442501086), (20.584334240189154, 20.87622876005011), (20.560164963224718, 20.895337029790063), (20.535911760613743, 20.914529233786485), (20.511574632855407, 20.933805371594246), (20.48715358044978, 20.95316544276733), (20.462648603897833, 20.972609446858808), (20.438059703701423, 20.99213738342087), (20.413386880363312, 21.011749252004808), (20.388630134387146, 21.031445052161015), (20.363789466277478, 21.05122478343899), (20.33886487653975, 21.07108844538734), (20.313856365680298, 21.091036037553767), (20.288763934206358, 21.111067559485093), (20.26358758262605, 21.131183010727227), (20.238327311448412, 21.151382390825194), (20.21298312118335, 21.171665699323125), (20.187555012341683, 21.192032935764242), (20.162042985435118, 21.21248409969089), (20.13644704097626, 21.233019190644505), (20.110767179478607, 21.25363820816563), (20.085003401456557, 21.274341151793916), (20.0591557074254, 21.295128021068123)]",True
1783881437.0446873,0,21.044849084974143,20.496116310948352,1.0479717815458887,107.89903732410957,-0.5301877632484453,20.29955044140655,22.95917603356208,2.1168528963531354,109.06234721667852,-0.10246231776159362,-0.7452986435675939,2.4630597226137283,1.0688811148072468,1.1633098925689467,0.42772544548685165,"[(21.066881573592514, 20.485722182262414), (21.045627676603885, 20.499443853100317), (21.024289943583597, 20.51324937091713), (21.002868374998457, 20.52713873532627), (20.981362971316177, 20.541111945940262), (20.95977373300535, 20.555169002370736), (20.93810066053546, 20.569309904228437), (20.916343754376893, 20.58353465112321), (20.89450301500092, 20.597843242664005), (20.872578442879707, 20.612235678458898), (20.850570038486303, 20.626711958115052), (20.828477802294664, 20.64127208123875), (20.806301734779627, 20.655916047435372), (20.78404183641692, 20.67064385630942), (20.761698107683173, 20.685455507464496), (20.7392705490559, 20.700351000503304), (20.716759161013503, 20.715330335027662), (20.69416394403529, 20.730393510638503), (20.671484898601445, 20.745540526935855), (20.648722025193056, 20.760771383518858), (20.625875324292092, 20.77608607998576), (20.60294479638143, 20.79148461593392), (20.57993044194482, 20.8069669909598), (20.556832261466916, 20.822533204658978), (20.533650255433262, 20.838183256626127), (20.51038442433029, 20.85391714645504), (20.487034768645323, 20.869734873738604), (20.463601288866585, 20.88563643806883), (20.440083985483184, 20.901621839036824), (20.416482858985123, 20.91769107623281), (20.392797909863294, 20.93384414924611), (20.36902913860948, 20.950081057665162), (20.34517654571636, 20.966401801077506), (20.321240131677502, 20.982806379069793), (20.297219896987368, 20.99929479122778), (20.27311584214131, 21.015867037136335), (20.24892796763557, 21.032523116379434), (20.224656273967284, 21.04926302854015), (20.200300761634484, 21.066086773200677), (20.175861431136084, 21.082994349942318), (20.151338282971896, 21.099985758345472), (20.126731317642623, 21.117060997989654), (20.10204053564986, 21.13422006845349), (20.07726593749609, 21.151462969314704), (20.052407523684696, 21.168789700150136)]",True
1783881437.0860095,0,21.00771398866266,20.516730414421946,1.0748897414801646,107.89903732410957,-0.5301877632484453,20.258267808451425,23.03403540401662,2.1563630653343657,109.06234721667852,-0.10246231776159362,-0.7494461802112333,2.517304989594674,1.0814733238542011,1.1633098925689467,0.42772544548685165,"[(21.041213241055264, 20.498963728981643), (21.020848003648354, 20.5110407687196), (21.00039871817564, 20.523201868638132), (20.979865385098208, 20.53544702836516), (20.959248004878056, 20.547776247527683), (20.93854657797808, 20.560189525751817), (20.917761104862077, 20.572686862662763), (20.896891585994748, 20.58526825788483), (20.87593802184169, 20.59793371104142), (20.8549004128694, 20.610683221755032), (20.83377875954529, 20.62351678964726), (20.81257306233766, 20.636434414338808), (20.791283321715714, 20.649436095449467), (20.769909538149562, 20.662521832598127), (20.748451712110214, 20.675691625402784), (20.726909844069578, 20.688945473480523), (20.70528393450047, 20.702283376447532), (20.683573983876602, 20.715705333919093), (20.66177999267259, 20.729211345509594), (20.639901961363947, 20.742801410832513), (20.617939890427092, 20.75647552950043), (20.59589378033935, 20.770233701125026), (20.573763631578935, 20.784075925317072), (20.55154944462497, 20.798002201686444), (20.529251219957484, 20.812012529842118), (20.5068689580574, 20.82610690939216), (20.484402659406545, 20.840285339943733), (20.461852324487648, 20.85454782110311), (20.439217953784336, 20.868894352475657), (20.41649954778114, 20.883324933665836), (20.393697106963494, 20.897839564277202), (20.370810631817733, 20.912438243912423), (20.347840122831087, 20.92712097217325), (20.324785580491696, 20.94188774866054), (20.301647005288597, 20.95673857297425), (20.27842439771173, 20.971673444713428), (20.255117758251938, 20.98669236347623), (20.23172708740096, 21.001795328859902), (20.208252385651438, 21.016982340460785), (20.18469365349692, 21.032253397874335), (20.161050891431852, 21.047608500695084), (20.137324099951577, 21.063047648516683), (20.113513279552343, 21.078570840931867), (20.089618430731303, 21.09417807753248), (20.065639553986507, 21.10986935790945)]",True
1783881437.141015,0,20.941551728137917,20.555281272843473,1.1110413554113094,107.89903732410957,-0.5301877632484453,20.18216970309736,23.166656330831987,2.209426387326496,109.06234721667852,-0.10246231776159362,-0.759382025040555,2.611375057988514,1.0983850319151864,1.1633098925689467,0.42772544548685165,"[(20.98598547343945, 20.52854685502666), (20.96504943143728, 20.539970720240014), (20.94402880529413, 20.551479183675106), (20.922923595486136, 20.5630722449599), (20.90173380249035, 20.57474990372144), (20.880459426784753, 20.58651215958583), (20.859100468848254, 20.59835901217826), (20.83765692916068, 20.610290461122993), (20.816128808202787, 20.622306506043365), (20.794516106456257, 20.634407146561788), (20.77281882440369, 20.646592382299747), (20.751036962528616, 20.658862212877807), (20.72917052131549, 20.6712166379156), (20.707219501249686, 20.683655657031842), (20.68518390281751, 20.69617926984432), (20.663063726506184, 20.708787475969892), (20.640858972803866, 20.7214802750245), (20.618569642199624, 20.734257666623158), (20.596195735183464, 20.747119650379943), (20.573737252246307, 20.760066225908027), (20.55119419388, 20.77309739281964), (20.528566560577325, 20.786213150726102), (20.50585435283197, 20.79941349923779), (20.483057571138566, 20.812698437964173), (20.460176215992654, 20.826067966513786), (20.437210287890707, 20.83952208449425), (20.41415978733012, 20.853060791512238), (20.391024714809216, 20.86668408717352), (20.367805070827238, 20.880391971082936), (20.344500855884355, 20.894184442844395), (20.32111207048166, 20.908061502060885), (20.297638715121174, 20.922023148334475), (20.274080790305835, 20.936069381266297), (20.25043829653951, 20.950200200456568), (20.22671123432699, 20.96441560550457), (20.202899604173997, 20.978715596008673), (20.17900340658716, 20.993100171566315), (20.155022642074048, 21.00756933177401), (20.13095731114315, 21.02212307622735), (20.106807414303873, 21.03676140452099), (20.08257295206656, 21.05148431624868), (20.05825392494247, 21.066291811003225), (20.03385033344379, 21.081183888376522), (20.009362178083627, 21.09616054795953), (19.98478945937602, 21.1112217893423)]",True
1783881437.1900253,0,20.875387918967238,20.597919592563326,1.13674667415315,107.89903732410957,-0.5301877632484453,20.101471546525904,23.30022093094486,2.247156642133557,109.06234721667852,-0.10246231776159362,-0.7739163724413345,2.7023013383815346,1.110409967980407,1.1633098925689467,0.42772544548685165,"[(20.938545194286725, 20.555387446939367), (20.917295926826373, 20.566549665547985), (20.895961988655586, 20.577796569820745), (20.874543380255112, 20.589128159387563), (20.853040102106633, 20.600544433877413), (20.831452154692755, 20.612045392918347), (20.809779538497015, 20.62363103613749), (20.788022254003874, 20.635301363161037), (20.76618030169872, 20.64705637361425), (20.744253682067875, 20.65889606712147), (20.722242395598578, 20.67082044330611), (20.70014644277901, 20.682829501790646), (20.677965824098266, 20.694923242196637), (20.65570054004638, 20.7071016641447), (20.633350591114304, 20.71936476725454), (20.61091597779393, 20.73171255114492), (20.588396700578066, 20.744145015433684), (20.565792759960452, 20.756662159737743), (20.543104156435756, 20.76926398367308), (20.520330890499572, 20.78195048685475), (20.497472962648423, 20.794721668896884), (20.474530373379764, 20.807577529412676), (20.451503123191973, 20.8205180680144), (20.42839121258435, 20.833543284313404), (20.40519464205714, 20.846653177920093), (20.381913412111498, 20.859847748443958), (20.358547523249513, 20.873126995493557), (20.335096975974203, 20.88649091867652), (20.311561770789513, 20.899939517599552), (20.287941908200313, 20.913472791868422), (20.264237388712402, 20.92709074108798), (20.24044821283251, 20.940793364862138), (20.216574381068295, 20.954580662793887), (20.192615893928338, 20.968452634485292), (20.168572751922145, 20.982409279537485), (20.144444955560157, 20.99645059755067), (20.120232505353737, 21.010576588124124), (20.095935401815183, 21.024787250856196), (20.071553645457712, 21.039082585344307), (20.04708723679547, 21.05346259118495), (20.02253617634354, 21.067927267973687), (19.997900464617917, 21.082476615305154), (19.973180102135537, 21.097110632773067), (19.948375089414256, 21.111829319970198), (19.923485426972857, 21.126632676488406)]",True
1783881437.2413702,0,20.82364693124021,20.635719839858254,0.9473406635280832,107.89903732410957,-0.5301877632484453,20.031269601945205,23.41096445693711,1.9744809599211917,109.06234721667852,-0.10246231776159362,-0.7923773292950038,2.7752446170788545,1.0271402963931084,1.1633098925689467,0.42772544548685165,"[(20.89001578248728, 20.584913617909105), (20.86777450584688, 20.596538212505973), (20.845448660639093, 20.60824739136652), (20.823038247353644, 20.620041154117025), (20.800543266481192, 20.631919500382857), (20.777963718513316, 20.64388242978845), (20.755299603942515, 20.655929941957332), (20.732550923262213, 20.668062036512087), (20.70971767696676, 20.680278713074383), (20.68679986555143, 20.69257997126497), (20.66379748951241, 20.704965810703666), (20.640710549346824, 20.717436231009373), (20.617539045552707, 20.729991231800064), (20.59428297862902, 20.742630812692788), (20.570942349075654, 20.755354973303675), (20.547517157393415, 20.768163713247933), (20.524007404084035, 20.781057032139838), (20.500413089650174, 20.794034929592748), (20.476734214595407, 20.807097405219093), (20.452970779424234, 20.820244458630388), (20.429122784642082, 20.833476089437216), (20.405190230755295, 20.846792297249245), (20.38117311827114, 20.860193081675206), (20.357071447697813, 20.873678442322923), (20.332885219544433, 20.887248378799285), (20.308614434321036, 20.900902890710263), (20.284259092538584, 20.9146419776609), (20.25981919470896, 20.92846563925532), (20.235294741344976, 20.942373875096724), (20.210685732960357, 20.956366684787387), (20.185992170069756, 20.970444067928657), (20.161214053188758, 20.984606024120964), (20.13635138283385, 20.998852552963815), (20.111404159522465, 21.013183654055787), (20.08637238377294, 21.02759932699454), (20.061256056104543, 21.042099571376813), (20.03605517703747, 21.056684386798416), (20.01076974709283, 21.071353772854234), (19.98539976679266, 21.08610772913823), (19.95994523665992, 21.100946255243453), (19.934406157218486, 21.115869350762015), (19.90878252899317, 21.13087701528511), (19.8830743525097, 21.145969248403016), (19.85728162829472, 21.161146049705074), (19.831404356875808, 21.176407418779714)]",True
1783881437.2894645,0,20.795807932274112,20.658532150135212,0.8633627120442876,107.89903732410957,-0.5301877632484453,19.988588042460492,23.474580775660087,1.9420133933752466,109.06234721667852,-0.10246231776159362,-0.80721988981362,2.816048625524875,1.0786506813309589,1.1633098925689467,0.42772544548685165,"[(20.842262305744992, 20.61680573825746), (20.819381152488717, 20.628883886562797), (20.79641550366017, 20.64104654638253), (20.77336535975474, 20.653293717339007), (20.750230721268743, 20.66562539905366), (20.727011588699398, 20.678041591146993), (20.703707962544858, 20.690542293238597), (20.680319843304193, 20.703127504947137), (20.656847231477393, 20.715797225890366), (20.633290127565363, 20.728551455685107), (20.609648532069933, 20.741390193947268), (20.585922445493846, 20.754313440291835), (20.56211186834078, 20.767321194332872), (20.53821680111531, 20.780413455683526), (20.514237244322953, 20.793590223956027), (20.490173198470128, 20.806851498761677), (20.466024664064182, 20.820197279710865), (20.441791641613385, 20.83362756641305), (20.41747413162692, 20.847142358476777), (20.393072134614897, 20.860741655509674), (20.368585651088335, 20.874425457118445), (20.34401468155918, 20.888193762908877), (20.3193592265403, 20.90204657248583), (20.29461928654548, 20.915983885453244), (20.26979486208942, 20.93000570141415), (20.244885953687742, 20.94411201997065), (20.21989256185699, 20.958302840723924), (20.194814687114633, 20.97257816327424), (20.169652329979048, 20.98693798722093), (20.144405490969536, 21.001382312162427), (20.11907417060632, 21.015911137696232), (20.093658369410544, 21.030524463418928), (20.068158087904262, 21.045222288926173), (20.04257332661046, 21.060004613812712), (20.016904086053035, 21.074871437672368), (19.991150366756806, 21.089822760098038), (19.96531216924751, 21.10485858068171), (19.939389494051813, 21.119978899014445), (19.91338234169729, 21.13518371468638), (19.88729071271243, 21.15047302728674), (19.86111460762666, 21.165846836403826), (19.83485402697032, 21.18130514162502), (19.808508971274655, 21.196847942536785), (19.782079441071847, 21.212475238724657), (19.755565436894987, 21.22818702977326)]",True
1783881437.3376591,0,20.771207008859655,20.681575842329448,0.8272486478074268,107.89903732410957,-0.5301877632484453,19.942911540027406,23.539198138146837,2.012480455147853,109.06234721667852,-0.10246231776159362,-0.8282954688322484,2.8576222958173894,1.185231807340426,1.1633098925689467,0.42772544548685165,"[(20.815296550503486, 20.63650101502633), (20.792246415085465, 20.648807399650405), (20.7691118562583, 20.661198223512645), (20.745892874518, 20.673673486233838), (20.722589470361495, 20.686233187433867), (20.69920164428663, 20.69887732673169), (20.675729396792164, 20.711605903745347), (20.652172728377778, 20.724418918091967), (20.628531639544068, 20.737316369387752), (20.604806130792543, 20.750298257248), (20.580996202625634, 20.76336458128708), (20.557101855546687, 20.77651534111845), (20.533123090059963, 20.789750536354646), (20.509059906670643, 20.803070166607288), (20.484912305884823, 20.81647423148709), (20.46068028820951, 20.829962730603825), (20.436363854152635, 20.843535663566374), (20.411963004223047, 20.857193029982685), (20.387477738930503, 20.870934829459795), (20.362908058785685, 20.884761061603825), (20.33825396430019, 20.898671726019973), (20.31351545598653, 20.912666822312524), (20.28869253435813, 20.926746350084844), (20.26378519992934, 20.940910308939387), (20.238793453215425, 20.955158698477682), (20.213717294732557, 20.969491518300348), (20.188556724997834, 20.983908768007076), (20.163311744529267, 20.998410447196655), (20.137982353845782, 21.012996555466945), (20.112568553467227, 21.027667092414895), (20.087070343914366, 21.042422057636532), (20.061487725708872, 21.057261450726973), (20.035820699373343, 21.07218527128041), (20.010069265431284, 21.087193518890125), (19.98423342440713, 21.10228619314848), (19.95831317682622, 21.117463293646917), (19.932308523214818, 21.132724819975962), (19.9062194641001, 21.14807077172523), (19.880046000010164, 21.163501148483412), (19.853788131474015, 21.179015949838284), (19.82744585902158, 21.194615175376708), (19.801019183183705, 21.21029882468462), (19.774508104492146, 21.226066897347057), (19.747912623479582, 21.241919392948112), (19.721232740679604, 21.25785631107099)]",True
1783881437.3854587,0,20.74369445559352,20.711756115341096,0.8094892999234063,107.89903732410957,-0.5301877632484453,19.882501516092347,23.621958062378607,2.0832868097348474,109.06234721667852,-0.10246231776159362,-0.8611929395011728,2.9102019470375105,1.2737975098114411,1.1633098925689467,0.42772544548685165,"[(20.784143612587552, 20.660766878197002), (20.76011604754417, 20.673915647577132), (20.736004177742117, 20.68714873767673), (20.711808003685224, 20.700466148109577), (20.68752752587823, 20.713867878488553), (20.66316274482679, 20.72735392842563), (20.63871366103746, 20.74092429753185), (20.614180275017713, 20.75457898541738), (20.589562587275932, 20.768317991691436), (20.564860598321406, 20.782141315962352), (20.540074308664344, 20.796048957837538), (20.515203718815854, 20.810040916923494), (20.490248829287964, 20.824117192825813), (20.465209640593603, 20.838277785149174), (20.440086153246618, 20.85252269349735), (20.414878367761762, 20.866851917473195), (20.389586284654698, 20.881265456678662), (20.364209904442, 20.895763310714784), (20.338749227641156, 20.91034547918169), (20.31320425477056, 20.925011961678592), (20.28757498634952, 20.9397627578038), (20.261861422898246, 20.954597867154703), (20.23606356493787, 20.96951728932779), (20.210181412990423, 20.984521023918624), (20.184214967578857, 20.999609070521874), (20.158164229227026, 21.01478142873129), (20.132029198459694, 21.03003809813971), (20.105809875802542, 21.045379078339064), (20.079506261782154, 21.06080436892037), (20.05311835692603, 21.076313969473738), (20.026646161762578, 21.091907879588362), (20.000089676821116, 21.10758609885253), (19.973448902631873, 21.12334862685362), (19.946723839725983, 21.139195463178094), (19.919914488635495, 21.15512660741151), (19.89302084989337, 21.17114205913851), (19.866042924033476, 21.187241817942827), (19.83898071159059, 21.20342588340728), (19.8118342131004, 21.219694255113787), (19.784603429099505, 21.236046932643344), (19.757288360125415, 21.252483915576043), (19.72988900671655, 21.269005203491066), (19.70240536941224, 21.28561079596668), (19.674837448752722, 21.302300692580243), (19.647185245279143, 21.319074892908205)]",True
1783881437.4436736,0,20.723712573557478,20.73707145547783,0.8040808063488528,108.35271541717178,-0.4582011535623357,19.832038022782683,23.689444948924127,2.1287401536117403,109.06234721667852,-0.10246231776159362,-0.8916745507747947,2.952373493446295,1.3246593472628874,0.709631799506738,0.35573883580074206,"[(20.75778954202342, 20.683750071659475), (20.733201460518533, 20.69756853200611), (20.708528829052465, 20.711471558207293), (20.683771648139572, 20.72545914986613), (20.658929918295122, 20.7395313065848), (20.63400364003531, 20.75368802796457), (20.608992813877247, 20.76792931360578), (20.583897440338973, 20.78225516310785), (20.558717519939442, 20.796665576069273), (20.533453053198535, 20.811160552087628), (20.508104040637047, 20.825740090759567), (20.482670482776697, 20.84040419168083), (20.457152380140123, 20.85515285444622), (20.43154973325089, 20.869986078649635), (20.405862542633475, 20.88490386388404), (20.380090808813286, 20.899906209741484), (20.35423453231664, 20.914993115813093), (20.328293713670785, 20.930164581689073), (20.30226835340389, 20.94542060695871), (20.276158452045035, 20.96076119121036), (20.24996401012423, 20.976186334031464), (20.2236850281724, 20.991696035008545), (20.197321506721398, 21.0072902937272), (20.170873446303993, 21.0229691097721), (20.144340847453876, 21.038732482727003), (20.117723710705654, 21.054580412174744), (20.09102203659486, 21.070512897697235), (20.064235825657953, 21.08652993887547), (20.037365078432302, 21.10263153528951), (20.010409795456198, 21.11881768651851), (19.98336997726886, 21.1350883921407), (19.95624562441043, 21.151443651733377), (19.929036737421953, 21.16788346487293), (19.901743316845412, 21.184407831134823), (19.874365363223706, 21.201016750093594), (19.846902877100653, 21.217710221322868), (19.819355859020995, 21.23448824439534), (19.791724309530387, 21.251350818882795), (19.764008229175413, 21.268297944356082), (19.736207618503578, 21.285329620385138), (19.708322478063298, 21.30244584653898), (19.68035280840392, 21.319646622385697), (19.652298610075707, 21.336931947492463), (19.624159883629844, 21.35430182142553), (19.595936629618436, 21.371756243750227)]",True
1783881437.4854946,0,20.70515279101098,20.763271960337285,0.801754925794196,108.35271541717178,-0.4582011535623357,19.779772169539935,23.757639583631814,2.166145577713979,109.06234721667852,-0.10246231776159362,-0.9253806214710458,2.9943676232945293,1.364390651919783,0.709631799506738,0.35573883580074206,"[(20.73991451025436, 20.70164990992788), (20.714720332260164, 20.71620697790643), (20.68944131149682, 20.730848904446727), (20.664077448490218, 20.745575689139983), (20.638628743767185, 20.76038733157648), (20.61309519785548, 20.77528383134557), (20.5874768112838, 20.790265188035658), (20.561773584581765, 20.805331401234234), (20.535985518279936, 20.82048247052784), (20.510112612909808, 20.83571839550209), (20.484154869003806, 20.851039175741672), (20.458112287095283, 20.866444810830323), (20.43198486771853, 20.88193530035086), (20.40577261140877, 20.89751064388517), (20.379475518702165, 20.913170841014193), (20.353093590135796, 20.928915891317946), (20.326626826247686, 20.944745794375507), (20.300075227576794, 20.960660549765027), (20.273438794663004, 20.976660157063716), (20.246717528047135, 20.992744615847855), (20.21991142827094, 21.008913925692795), (20.193020495877104, 21.025168086172947), (20.166044731409244, 21.041507096861793), (20.13898413541191, 21.057930957331877), (20.11183870843059, 21.074439667154817), (20.084608451011697, 21.091033225901292), (20.05729336370258, 21.10771163314105), (20.02989344705152, 21.124474888442904), (20.002408701607735, 21.14132299137474), (19.97483912792137, 21.1582559415035), (19.947184726543508, 21.175273738395205), (19.919445498026157, 21.19237638161493), (19.89162144292226, 21.209563870726825), (19.863712561785704, 21.226836205294106), (19.83571885517129, 21.244193384879054), (19.80764032363476, 21.26163540904302), (19.779476967732798, 21.279162277346416), (19.751228788023006, 21.29677398934873), (19.72289578506393, 21.314470544608508), (19.694477959415035, 21.33225194268336), (19.665975311636736, 21.35011818312998), (19.637387842290366, 21.368069265504108), (19.6087155519382, 21.386105189360563), (19.57995844114344, 21.40422595425323), (19.55111651047022, 21.422431559735063)]",True
1783881437.54414,0,20.696308104111292,20.776639188472895,0.8011508423912811,108.35271541717178,-0.4582011535623357,19.752999803115287,23.791907477145006,2.18228604002152,109.06234721667852,-0.10246231776159362,-0.943308300996005,3.015268288672111,1.3811351976302388,0.709631799506738,0.35573883580074206,"[(20.687197898694343, 20.76588252216731), (20.659664325572614, 20.783657994322265), (20.63204513760607, 20.801519096016076), (20.604340335359247, 20.81946582679415), (20.576549919397646, 20.837498186200925), (20.548673890287727, 20.855616173779875), (20.520712248596922, 20.87381978907351), (20.492664994893616, 20.89210903162338), (20.46453212974716, 20.91048390097007), (20.436313653727872, 20.9289443966532), (20.40800956740703, 20.947490518211424), (20.37961987135688, 20.966122265182435), (20.35114456615062, 20.984839637102965), (20.32258365236242, 21.003642633508782), (20.293937130567418, 21.02253125393468), (20.265205001341698, 21.041505497914503), (20.236387265262326, 21.060565364981123), (20.207483922907322, 21.079710854666452), (20.178494974855667, 21.09894196650144), (20.14942042168731, 21.118258700016064), (20.120260263983166, 21.137661054739343), (20.091014502325102, 21.157149030199342), (20.061683137295958, 21.176722625923148), (20.032266169479534, 21.196381841436892), (20.00276359946059, 21.216126676265738), (19.973175427824856, 21.235957129933887), (19.943501655159018, 21.255873201964576), (19.91374228205073, 21.27587489188008), (19.883897309088603, 21.29596219920171), (19.853966736862223, 21.31613512344982), (19.823950565962125, 21.33639366414378), (19.793848796979816, 21.356737820802024), (19.763661430507764, 21.377167592942), (19.7333884671394, 21.397682980080212), (19.703029907469112, 21.41828398173218), (19.67258575209226, 21.438970597412474), (19.642056001605162, 21.45974282663469), (19.6114406566051, 21.480600668911478), (19.580739717690324, 21.501544123754506), (19.549953185460037, 21.52257319067449), (19.519081060514413, 21.543687869181177), (19.488123343454582, 21.56488815878335), (19.457080034882644, 21.586174058988835), (19.42595113540166, 21.607545569304484), (19.39473664561565, 21.6290026892362)]",True
1783881437.5872586,0,20.683573492709936,20.797011147344076,0.8006111574928519,108.35271541717178,-0.4582011535623357,19.71208608382391,23.84343715033093,2.2037311057016047,109.06234721667852,-0.10246231776159362,-0.971487408886027,3.0464260029868555,1.4031199482087526,0.709631799506738,0.35573883580074206,"[(20.681650439301293, 20.774731486676536), (20.655615956472577, 20.791547583353204), (20.629498153715492, 20.80844701318182), (20.60329703153799, 20.825429775750766), (20.5770125904489, 20.842495870647557), (20.550644830957904, 20.859645297458837), (20.52419375357557, 20.876878055770373), (20.497659358813337, 20.894194145167074), (20.471041647183498, 20.911593565232973), (20.444340619199224, 20.92907631555123), (20.41755627537456, 20.946642395704146), (20.390688616224416, 20.964291805273135), (20.363737642264574, 20.982024543838754), (20.33670335401168, 20.999840610980684), (20.309585751983253, 21.01774000627774), (20.282384836697684, 21.035722729307867), (20.25510060867423, 21.053788779648137), (20.227733068433018, 21.07193815687475), (20.20028221649505, 21.090170860563042), (20.17274805338219, 21.108486890287477), (20.145130579617174, 21.126886245621648), (20.11742979572361, 21.145368926138275), (20.08964570222597, 21.163934931409216), (20.0617782996496, 21.182584261005456), (20.033827588520715, 21.201316914497102), (20.0057935693664, 21.220132891453403), (19.977676242714605, 21.239032191442732), (19.949475609094154, 21.258014814032595), (19.92119166903474, 21.277080758789623), (19.892824423066926, 21.29623002527958), (19.86437387172214, 21.315462613067364), (19.835840015532685, 21.334778521716995), (19.807222855031732, 21.35417775079163), (19.778522390753317, 21.373660299853558), (19.74973862323235, 21.393226168464185), (19.72087155300461, 21.41287535618406), (19.691921180606744, 21.432607862572862), (19.66288750657627, 21.452423687189395), (19.63377053145157, 21.47232282959159), (19.604570255771907, 21.492305289336517), (19.5752866800774, 21.51237106598037), (19.545919804909044, 21.53252015907848), (19.516469630808704, 21.5527525681853), (19.486936158319114, 21.57306829285442), (19.457319387983876, 21.593467332638554)]",True
1783881437.87536,0,20.667593735439375,20.824752153754762,0.800262830316145,108.35271541717178,-0.4582011535623357,19.65617441716206,23.91222652101717,2.22785871315126,109.06234721667852,-0.10246231776159362,-1.0114193182773157,3.087474367262409,1.4275958828351152,0.709631799506738,0.35573883580074206,"[(20.678045346445835, 20.78053689692548), (20.652552598256452, 20.797057516336743), (20.6269761524882, 20.81366184632019), (20.601316009650418, 20.83034988646156), (20.575572170253334, 20.847121636345694), (20.54974463480806, 20.863977095556567), (20.523833403826593, 20.880916263677253), (20.49783847782182, 20.897939140289946), (20.471759857307507, 20.915045724975947), (20.445597542798318, 20.93223601731568), (20.41935153480979, 20.94951001688868), (20.393021833858345, 20.966867723273587), (20.366608440461306, 20.984309136048168), (20.34011135513687, 21.001834254789294), (20.31353057840412, 21.019443079072957), (20.286866110783027, 21.03713560847426), (20.26011795279445, 21.054911842567414), (20.233286104960122, 21.072771780925756), (20.20637056780268, 21.090715423121722), (20.179371341845634, 21.108742768726874), (20.152288427613385, 21.126853817311883), (20.12512182563122, 21.145048568446537), (20.097871536425306, 21.163327021699732), (20.0705375605227, 21.18168917663948), (20.043119898451344, 21.20013503283291), (20.01561855074007, 21.218664589846266), (19.988033517918588, 21.2372778472449), (19.960364800517493, 21.255974804593283), (19.932612399068276, 21.274755461454998), (19.904776314103305, 21.293619817392738), (19.87685654615584, 21.312567871968316), (19.848853095760013, 21.33159962474266), (19.82076596345086, 21.350715075275797), (19.79259514976429, 21.36991422312689), (19.764340655237103, 21.389197067854205), (19.73600248040698, 21.408563609015122), (19.707580625812497, 21.42801384616613), (19.679075091993102, 21.447547778862845), (19.65048587948914, 21.467165406659984), (19.621812988841835, 21.486866729111384), (19.593056420593303, 21.506651745769997), (19.564216175286536, 21.526520456187885), (19.535292253465418, 21.54647285991623), (19.50628465567472, 21.56650895650532), (19.47719338246009, 21.58662874550457)]",True
1783881437.8859684,0,20.60099675600789,20.987273846324303,0.8000025468554905,108.35271541717178,-0.4582011535623357,19.348130059122763,24.23722950389289,1.9988852822693994,112.26657456340479,-0.3425411446553224,-1.2528666968851283,3.249955657568588,1.1988827354139089,3.9138591462330083,0.11566000890701328,"[(20.66118615981801, 20.806935387921634), (20.635178248453556, 20.82458574905346), (20.609085601032543, 20.84232085861765), (20.582908218087784, 20.860140716173067), (20.55664610015301, 20.87804532127763), (20.530299247762883, 20.896034673488334), (20.503867661452997, 20.914108772361253), (20.477351341759867, 20.932267617451522), (20.45075028922094, 20.950511208313355), (20.4240645043746, 20.96883954450003), (20.39729398776014, 20.987252625563908), (20.370438739917798, 21.005750451056407), (20.34349876138873, 21.02433302052803), (20.316474052715026, 21.04300033352834), (20.289364614439705, 21.06175238960598), (20.26217044710671, 21.080589188308664), (20.234891551260905, 21.09951072918317), (20.207527927448098, 21.118517011775356), (20.180079576215014, 21.137608035630148), (20.15254649810931, 21.156783800291542), (20.124928693679568, 21.176044305302607), (20.097226163475298, 21.195389550205487), (20.069438908046948, 21.21481953454139), (20.04156692794588, 21.234334257850605), (20.013610223724392, 21.253933719672485), (19.985568795935706, 21.273617919545458), (19.957442645133973, 21.29338685700702), (19.929231771874278, 21.31324053159375), (19.900936176712623, 21.333178942841283), (19.87255586020595, 21.35320209028433), (19.84409082291212, 21.373309973456685), (19.81554106538992, 21.393502591891203), (19.786906588199074, 21.413779945119813), (19.758187391900226, 21.434142032673513), (19.729383477054956, 21.454588854082374), (19.700494844225766, 21.475120408875544), (19.671521493976083, 21.495736696581236), (19.64246342687027, 21.516437716726738), (19.613320643473607, 21.53722346883841), (19.584093144352313, 21.55809395244168), (19.55478093007353, 21.579049167061054), (19.525384001205328, 21.600089112220108), (19.495902358316705, 21.621213787441484), (19.466336001977588, 21.6424231922469), (19.436684932758826, 21.663717326157144)]",True
1783881437.9349716,0,20.591098228305217,21.02602527389456,0.8000008947072902,108.35271541717178,-0.4582011535623357,19.272123747552353,24.305037999522867,2.072630774074009,112.26657456340479,-0.3425411446553224,-1.318974480752864,3.2790127256283057,1.2726298793667188,3.9138591462330083,0.11566000890701328,"[(20.59798469139554, 20.93437362301501), (20.570702596554042, 20.957033932120314), (20.543336671287253, 20.979778078329044), (20.51588691612314, 21.00260606116218), (20.488353331590545, 21.025517880139816), (20.460735918219203, 21.048513534781172), (20.433034676539737, 21.071593024604567), (20.405249607083654, 21.094756349127437), (20.377380710383346, 21.118003507866334), (20.349427986972096, 21.14133450033692), (20.321391437384072, 21.164749326053975), (20.29327106215433, 21.18824798453139), (20.265066861818802, 21.211830475282166), (20.236778836914326, 21.23549679781842), (20.20840698797861, 21.25924695165138), (20.179951315550255, 21.28308093629139), (20.151411820168747, 21.30699875124791), (20.12278850237446, 21.331000396029506), (20.09408136270865, 21.35508587014386), (20.06529040171347, 21.379255173097768), (20.036415619931947, 21.403508304397143), (20.007457017908, 21.427845263547002), (19.97841459618644, 21.452266050051485), (19.949288355312955, 21.47677066341384), (19.920078295834124, 21.501359103136434), (19.89078441829741, 21.526031368720737), (19.86140672325117, 21.55078745966734), (19.83194521124464, 21.57562737547595), (19.80239988282794, 21.600551115645377), (19.772770738552087, 21.625558679673553), (19.74305777896897, 21.65065006705752), (19.71326100463138, 21.675825277293434), (19.683380416092987, 21.701084309876567), (19.653416013908345, 21.7264271643013), (19.6233677986329, 21.751853840061127), (19.593235770822975, 21.777364336648663), (19.56301993103579, 21.802958653555624), (19.53272027982944, 21.828636790272853), (19.502336817762924, 21.8543987462903), (19.471869545396107, 21.880244521097023), (19.441318463289754, 21.9061741141812), (19.41068357200551, 21.932187525030127), (19.37996487210591, 21.9582847531302), (19.349162364154374, 21.984465797966944), (19.31827604871521, 22.010730659024983)]",True
1783881438.0235124,0,20.58611974898314,21.049502284774476,0.8000004807223637,108.35271541717178,-0.4582011535623357,19.225740441148243,24.344890963302337,2.006875062002894,112.26657456340479,-0.3425411446553224,-1.3603793078348971,3.2953886785278605,1.2068745812805302,3.9138591462330083,0.11566000890701328,"[(20.58858184057229, 20.963415363543582), (20.563172843509196, 20.98491707156092), (20.53768005706044, 21.006502574626236), (20.51210348173537, 21.02817187227166), (20.486443118044217, 21.04992496402844), (20.46069896649811, 21.071761849426924), (20.43487102760906, 21.09368252799658), (20.408959301889965, 21.115686999265982), (20.382963789854617, 21.137775262762815), (20.356884492017695, 21.159947318013884), (20.330721408894767, 21.182203164545097), (20.304474541002286, 21.20454280188148), (20.278143888857596, 21.226966229547166), (20.251729452978925, 21.249473447065398), (20.225231233885392, 21.272064453958535), (20.198649232097008, 21.294739249748044), (20.171983448134668, 21.31749783395451), (20.145233882520152, 21.34034020609762), (20.11840053577614, 21.363266365696177), (20.09148340842619, 21.386276312268098), (20.06448250099475, 21.40937004533041), (20.037397814007157, 21.432547564399243), (20.01022934798964, 21.455808868989855), (19.982977103469306, 21.479153958616607), (19.95564108097416, 21.50258283279297), (19.928221281033096, 21.52609549103153), (19.900717704175886, 21.54969193284398), (19.873130350933202, 21.573372157741126), (19.8454592218366, 21.597136165232893), (19.817704317418514, 21.620983954828308), (19.78986563821228, 21.64491552603551), (19.761943184752116, 21.668930878361763), (19.733936957573132, 21.69303001131343), (19.70584695721132, 21.71721292439598), (19.67767318420357, 21.74147961711401), (19.649415639087646, 21.765830088971217), (19.62107432240221, 21.79026433947042), (19.592649234686814, 21.814782368113537), (19.56414037648189, 21.839384174401605), (19.535547748328767, 21.864069757834773), (19.50687135076965, 21.8888391179123), (19.478111184347643, 21.91369225413256), (19.44926724960673, 21.93862916599303), (19.420339547091796, 21.963649852990308), (19.3913280773486, 21.9887543146201)]",True
1783881438.2549388,0,20.577125548230597,21.104863247492037,0.8190201395423303,108.35271541717178,-0.4582011535623357,19.115750765555006,24.437891332077516,2.1031341265982313,112.26657456340479,-0.3425411446553224,-1.4613747826755912,3.3330280845854787,1.284113987055901,3.9138591462330083,0.11566000890701328,"[(20.551193085511386, 21.152747131338156), (20.529774646305608, 21.175794994285212), (20.50827186731823, 21.198927194618886), (20.48668474902592, 21.222143731844852), (20.46501329190625, 21.24544460546788), (20.44325749643771, 21.268829814991832), (20.421417363099707, 21.292299359919646), (20.399492892372546, 21.315853239753352), (20.377484084737457, 21.339491453994068), (20.355390940676585, 21.363214002142), (20.333213460672976, 21.38702088369644), (20.3109516452106, 21.410912098155773), (20.288605494774334, 21.434887645017458), (20.26617500984997, 21.458947523778054), (20.24366019092421, 21.4830917339332), (20.221061038484674, 21.507320274977623), (20.19837755301989, 21.53163314640514), (20.175609735019293, 21.55603034770866), (20.152757584973248, 21.580511878380168), (20.12982110337302, 21.605077737910744), (20.106800290710783, 21.629727925790554), (20.083695147479638, 21.65446244150885), (20.060505674173584, 21.679281284553976), (20.037231871287542, 21.704184454413355), (20.013873739317344, 21.729171950573505), (19.990431278759733, 21.754243772520027), (19.966904490112363, 21.779399919737614), (19.943293373873807, 21.80464039171004), (19.919597930543542, 21.829965187920173), (19.895818160621964, 21.85537430784996), (19.87195406461038, 21.880867750980446), (19.848005643011014, 21.906445516791756), (19.823972896326993, 21.932107604763104), (19.799855825062362, 21.957854014372792), (19.775654429722078, 21.983684745098216), (19.751368710812017, 22.009599796415845), (19.726998668838952, 22.035599167801244), (19.70254430431058, 22.06168285872907), (19.67800561773552, 22.087850868673062), (19.653382609623275, 22.114103197106044), (19.628675280484288, 22.140439843499934), (19.603883630829902, 22.166860807325733), (19.579007661172376, 22.19336608805353), (19.554047372024883, 22.219955685152502), (19.5290027639015, 22.246629598090916)]",True
1783881438.291291,0,20.55353845147637,21.333377755965532,1.2274578436051928,108.35271541717178,-0.4582011535623357,18.724619554654392,24.757960351280794,2.262754515703428,112.26657456340479,-0.3425411446553224,-1.8289188968219783,3.424582595315261,1.0352966720982353,3.9138591462330083,0.11566000890701328,"[(20.542771491653326, 21.271202491711826), (20.525274090370182, 21.28975405039134), (20.507691504459714, 21.30839079211465), (20.49002373436998, 21.327112716421915), (20.472270780549987, 21.345919822852334), (20.454432643449696, 21.36481211094416), (20.436509323520017, 21.3837895802347), (20.418500821212813, 21.402852230260304), (20.4004071369809, 21.42200006055637), (20.382228271278038, 21.441233070657344), (20.36396422455895, 21.460551260096725), (20.345614997279302, 21.479954628407054), (20.327180589895715, 21.499443175119925), (20.30866100286576, 21.51901689976598), (20.290056236647967, 21.538675801874913), (20.271366291701803, 21.55841988097546), (20.252591168487697, 21.57824913659541), (20.233730867467024, 21.598163568261597), (20.21478538910211, 21.61816317549991), (20.195754733856244, 21.638247957835276), (20.176638902193655, 21.65841791479168), (20.157437894579523, 21.678673045892157), (20.138151711479985, 21.69901335065878), (20.118780353362126, 21.719438828612684), (20.099323820693982, 21.739949479274042), (20.079782113944542, 21.760545302162082), (20.06015523358375, 21.781226296795076), (20.04044318008249, 21.801992462690347), (20.020645953912613, 21.822843799364264), (20.00076355554691, 21.843780306332253), (19.980795985459125, 21.864801983108777), (19.960743244123954, 21.88590882920736), (19.940605332017046, 21.907100844140565), (19.920382249615002, 21.92837802742001), (19.90007399739537, 21.949740378556356), (19.879680575836655, 21.97118789705932), (19.859201985418306, 21.992720582437656), (19.83863822662073, 22.014338434199182), (19.817989299925284, 22.036041451850753), (19.79725520581427, 22.057829634898276), (19.776435944770952, 22.079702982846715), (19.75553151727954, 22.10166149520007), (19.73454192382519, 22.123705171461395), (19.713467164894016, 22.145834011132795), (19.692307240973083, 22.16804801371542)]",True
1783881438.3511336,0,20.550873246932284,21.358200078920717,1.2685430097721573,108.35271541717178,-0.4582011535623357,18.688696111193803,24.785602666342985,2.269925901058489,112.26657456340479,-0.3425411446553224,-1.8621771357384809,3.427402587422268,1.0013828912863316,3.9138591462330083,0.11566000890701328,"[(20.54103703750204, 21.29425127168462), (20.524036467782707, 21.311957821261526), (20.506951409362937, 21.329748858493705), (20.48978186267533, 21.347624382940836), (20.472527828153407, 21.365584394161676), (20.455189306231617, 21.38362889171406), (20.437766297345323, 21.401757875154907), (20.420258801930824, 21.419971344040203), (20.402666820425328, 21.43826929792502), (20.384990353266975, 21.456651736363508), (20.36722940089482, 21.475118658908883), (20.34938396374885, 21.493670065113452), (20.331454042269964, 21.51230595452859), (20.313439636899997, 21.531026326704755), (20.295340748081692, 21.549831181191475), (20.277157376258724, 21.56872051753737), (20.258889521875684, 21.587694335290116), (20.240537185378095, 21.60675263399649), (20.222100367212395, 21.62589541320233), (20.20357906782595, 21.645122672452555), (20.184973287667038, 21.664434411291165), (20.16628302718487, 21.683830629261234), (20.14750828682958, 21.703311325904913), (20.12864906705222, 21.722876500763437), (20.10970536830476, 21.742526153377113), (20.090677191040104, 21.762260283285322), (20.07156453571207, 21.782078890026533), (20.052367402775403, 21.80198197313828), (20.033085792685768, 21.821969532157183), (20.01371970589975, 21.84204156661894), (19.994269142874863, 21.86219807605832), (19.974734104069537, 21.88243906000918), (19.955114589943133, 21.902764518004442), (19.935410600955926, 21.923174449576113), (19.915622137569116, 21.943668854255275), (19.895749200244822, 21.96424773157209), (19.875791789446094, 21.9849110810558), (19.855749905636902, 22.005658902234718), (19.835623549282133, 22.026491194636233), (19.8154127208476, 22.047407957786824), (19.795117420800036, 22.068409191212034), (19.774737649607104, 22.08949489443649), (19.75427340773738, 22.110665066983902), (19.733724695660367, 22.131919708377044), (19.71309151384649, 22.15325881813778)]",True
1783881438.402486,0,20.546694179689652,21.396867709845548,1.3231309187266675,108.35271541717178,-0.4582011535623357,18.615956608918218,24.84036978637052,2.282333129827651,112.26657456340479,-0.3425411446553224,-1.9307375707714343,3.4435020765249718,0.9592022111009832,3.9138591462330083,0.11566000890701328,"[(20.53709689854076, 21.339601649329172), (20.520590772930305, 21.356665628745258), (20.504000038387222, 21.37381421626553), (20.48732469534063, 21.391047411454743), (20.470564744220574, 21.408365213876724), (20.453720185458028, 21.42576762309438), (20.436791019484893, 21.44325463866968), (20.419777246734, 21.46082626016367), (20.402678867639107, 21.478482487136468), (20.385495882634896, 21.496223319147262), (20.368228292156978, 21.514048755754313), (20.3508760966419, 21.531958796514957), (20.333439296527132, 21.549953440985593), (20.315917892251072, 21.5680326887217), (20.298311884253046, 21.586196539277825), (20.28062127297331, 21.60444499220759), (20.262846058853043, 21.62277804706369), (20.244986242334356, 21.641195703397884), (20.22704182386029, 21.659697960761008), (20.209012803874806, 21.678284818702977), (20.190899182822804, 21.696956276772767), (20.172700961150106, 21.715712334518432), (20.15441813930346, 21.734552991487092), (20.136050717730548, 21.753478247224947), (20.117598696879973, 21.77248810127727), (20.099062077201275, 21.79158255318839), (20.08044085914491, 21.81076160250173), (20.061735043162273, 21.830025248759767), (20.042944629705683, 21.84937349150406), (20.024069619228385, 21.86880633027524), (20.005110012184556, 21.888323764613006), (19.9860658090293, 21.907925794056126), (19.96693701021864, 21.92761241814245), (19.94772361620954, 21.94738363640889), (19.928425627459884, 21.96723944839144), (19.90904304442849, 21.987179853625157), (19.8895758675751, 22.00720485164418), (19.870024097360382, 22.027314441981705), (19.85038773424594, 22.047508624170014), (19.83066677869429, 22.067787397740457), (19.81086123116889, 22.088150762223453), (19.790971092134125, 22.1085987171485), (19.770996362055303, 22.129131262044158), (19.75093704139866, 22.14974839643807), (19.730793130631366, 22.170450119856945)]",True
1783881438.4380422,0,20.54068386374193,21.45072428933088,1.3845471744938438,109.34218388838445,0.05667478146514249,18.54178658073042,24.893954325308886,2.2925435481260488,112.26657456340479,-0.3425411446553224,-1.9988972830115088,3.443230035978008,0.907996373632205,2.9243906750203337,-0.3992159261204649,"[(20.533558852439548, 21.37514332892793), (20.517277462103305, 21.391897214942187), (20.500911060171077, 21.408736111844338), (20.48445964707542, 21.425660019196567), (20.467923223249834, 21.44266893656011), (20.451301789128767, 21.459762863495264), (20.434595345147617, 21.476941799561374), (20.417803891742718, 21.49420574431684), (20.40092742935135, 21.511554697319124), (20.383965958411746, 21.52898865812473), (20.36691947936308, 21.54650762628923), (20.349787992645474, 21.56411160136724), (20.33257149869999, 21.581800582912436), (20.31526999796864, 21.59957457047755), (20.29788349089438, 21.617433563614362), (20.280411977921112, 21.63537756187371), (20.262855459493682, 21.653406564805493), (20.245213936057883, 21.671520571958656), (20.227487408060455, 21.6897195828812), (20.209675875949074, 21.708003597120182), (20.191779340172374, 21.726372614221717), (20.17379780117993, 21.744826633730966), (20.155731259422257, 21.763365655192157), (20.137579715350824, 21.781989678148562), (20.119343169418038, 21.800698702142515), (20.10102162207725, 21.8194927267154), (20.082615073782772, 21.838371751407653), (20.06412352498984, 21.857335775758774), (20.045546976154647, 21.87638479930731), (20.02688542773433, 21.895518821590866), (20.008138880186973, 21.9147378421461), (19.989307333971603, 21.934041860508724), (19.970390789548187, 21.95343087621351), (19.951389247377644, 21.97290488879428), (19.93230270792184, 21.992463897783907), (19.91313117164358, 22.01210790271433), (19.893874639006622, 22.031836903116538), (19.87453311047566, 22.05165089852057), (19.85510658651634, 22.071549888455525), (19.835595067595246, 22.091533872449553), (19.81599855417992, 22.11160285002986), (19.796317046738835, 22.13175682072271), (19.77655054574142, 22.15199578405342), (19.75669905165804, 22.172319739546356), (19.73676256496001, 22.19272868672495)]",True
1783881438.488028,0,20.53416002892962,21.506769166437596,1.4350891346181602,109.34218388838445,0.05667478146514249,18.485143192336725,24.9331359831825,2.298996403920982,112.26657456340479,-0.3425411446553224,-2.0490168365928945,3.4263668167449026,0.8639072693028216,2.9243906750203337,-0.3992159261204649,"[(20.533558852439548, 21.37514332892793), (20.517277462103305, 21.391897214942187), (20.500911060171077, 21.408736111844338), (20.48445964707542, 21.425660019196567), (20.467923223249834, 21.44266893656011), (20.451301789128767, 21.459762863495264), (20.434595345147617, 21.476941799561374), (20.417803891742718, 21.49420574431684), (20.40092742935135, 21.511554697319124), (20.383965958411746, 21.52898865812473), (20.36691947936308, 21.54650762628923), (20.349787992645474, 21.56411160136724), (20.33257149869999, 21.581800582912436), (20.31526999796864, 21.59957457047755), (20.29788349089438, 21.617433563614362), (20.280411977921112, 21.63537756187371), (20.262855459493682, 21.653406564805493), (20.245213936057883, 21.671520571958656), (20.227487408060455, 21.6897195828812), (20.209675875949074, 21.708003597120182), (20.191779340172374, 21.726372614221717), (20.17379780117993, 21.744826633730966), (20.155731259422257, 21.763365655192157), (20.137579715350824, 21.781989678148562), (20.119343169418038, 21.800698702142515), (20.10102162207725, 21.8194927267154), (20.082615073782772, 21.838371751407653), (20.06412352498984, 21.857335775758774), (20.045546976154647, 21.87638479930731), (20.02688542773433, 21.895518821590866), (20.008138880186973, 21.9147378421461), (19.989307333971603, 21.934041860508724), (19.970390789548187, 21.95343087621351), (19.951389247377644, 21.97290488879428), (19.93230270792184, 21.992463897783907), (19.91313117164358, 22.01210790271433), (19.893874639006622, 22.031836903116538), (19.87453311047566, 22.05165089852057), (19.85510658651634, 22.071549888455525), (19.835595067595246, 22.091533872449553), (19.81599855417992, 22.11160285002986), (19.796317046738835, 22.13175682072271), (19.77655054574142, 22.15199578405342), (19.75669905165804, 22.172319739546356), (19.73676256496001, 22.19272868672495)]",True
1783881438.5350323,0,20.53416002892962,21.506769166437596,1.4350891346181602,109.34218388838445,0.05667478146514249,18.485143192336725,24.9331359831825,2.298996403920982,112.26657456340479,-0.3425411446553224,-2.0490168365928945,3.4263668167449026,0.8639072693028216,2.9243906750203337,-0.3992159261204649,"[(20.533558852439548, 21.37514332892793), (20.517277462103305, 21.391897214942187), (20.500911060171077, 21.408736111844338), (20.48445964707542, 21.425660019196567), (20.467923223249834, 21.44266893656011), (20.451301789128767, 21.459762863495264), (20.434595345147617, 21.476941799561374), (20.417803891742718, 21.49420574431684), (20.40092742935135, 21.511554697319124), (20.383965958411746, 21.52898865812473), (20.36691947936308, 21.54650762628923), (20.349787992645474, 21.56411160136724), (20.33257149869999, 21.581800582912436), (20.31526999796864, 21.59957457047755), (20.29788349089438, 21.617433563614362), (20.280411977921112, 21.63537756187371), (20.262855459493682, 21.653406564805493), (20.245213936057883, 21.671520571958656), (20.227487408060455, 21.6897195828812), (20.209675875949074, 21.708003597120182), (20.191779340172374, 21.726372614221717), (20.17379780117993, 21.744826633730966), (20.155731259422257, 21.763365655192157), (20.137579715350824, 21.781989678148562), (20.119343169418038, 21.800698702142515), (20.10102162207725, 21.8194927267154), (20.082615073782772, 21.838371751407653), (20.06412352498984, 21.857335775758774), (20.045546976154647, 21.87638479930731), (20.02688542773433, 21.895518821590866), (20.008138880186973, 21.9147378421461), (19.989307333971603, 21.934041860508724), (19.970390789548187, 21.95343087621351), (19.951389247377644, 21.97290488879428), (19.93230270792184, 21.992463897783907), (19.91313117164358, 22.01210790271433), (19.893874639006622, 22.031836903116538), (19.87453311047566, 22.05165089852057), (19.85510658651634, 22.071549888455525), (19.835595067595246, 22.091533872449553), (19.81599855417992, 22.11160285002986), (19.796317046738835, 22.13175682072271), (19.77655054574142, 22.15199578405342), (19.75669905165804, 22.172319739546356), (19.73676256496001, 22.19272868672495)]",True
1783881438.597313,0,20.528875689654445,21.549989250672102,1.4670310169920338,109.34218388838445,0.05667478146514249,18.427685713874308,24.971439540268452,2.304571835855178,112.26657456340479,-0.3425411446553224,-2.1011899757801373,3.4214502895963506,0.8375408188631444,2.9243906750203337,-0.3992159261204649,"[(20.52940353039119, 21.414366848023242), (20.513137640672348, 21.431683427269274), (20.49678672954992, 21.449085026344044), (20.480350797456413, 21.466571644803345), (20.463829844825273, 21.484143282202023), (20.447223872090902, 21.501799938093978), (20.430532879688645, 21.519541612032167), (20.41375686805479, 21.537368303568606), (20.39689583762657, 21.555280012254357), (20.379949788842165, 21.57327673763954), (20.362918722140705, 21.591358479273325), (20.345802637962265, 21.60952523670394), (20.32860153674786, 21.627777009478674), (20.311315418939458, 21.646113797143855), (20.293944284979965, 21.664535599244875), (20.27648813531324, 21.68304241532618), (20.258946970384084, 21.701634244931274), (20.241320790638245, 21.720311087602703), (20.22360959652241, 21.739072942882075), (20.205813388484227, 21.757919810310053), (20.187932166972274, 21.776851689426355), (20.169965932436085, 21.79586857976975), (20.151914685326137, 21.81497048087806), (20.13377842609385, 21.83415739228817), (20.115557155191592, 21.853429313536008), (20.097250873072678, 21.872786244156565), (20.078859580191363, 21.89222818368388), (20.060383277002853, 21.911755131651052), (20.041821963963297, 21.931367087590232), (20.023175641529793, 21.951064051032624), (20.004444310160384, 21.97084602150849), (19.985627970314056, 21.990712998547142), (19.966726622450743, 22.01066498167695), (19.947740267031325, 22.030701970425334), (19.92866890451762, 22.050823964318774), (19.909512535372407, 22.071030962882798), (19.890271160059395, 22.091322965641996), (19.870944779043246, 22.111699972120007), (19.85153339278957, 22.132161981839527), (19.832037001764917, 22.152708994322303), (19.812455606436785, 22.173341009089143), (19.792789207273618, 22.194058025659903), (19.7730378047448, 22.2148600435535), (19.75320139932067, 22.2357470622879), (19.733279991472507, 22.25671908138012)]",True
1783881438.637114,0,20.523107127087197,21.594046998743256,1.494629617779841,109.34218388838445,0.05667478146514249,18.369479196627058,25.008883725895974,2.3093891512021703,112.26657456340479,-0.3425411446553224,-2.1536279304601393,3.414836727152718,0.8147595334223292,2.9243906750203337,-0.3992159261204649,"[(20.5249133172339, 21.4550915837803), (20.508639436560152, 21.472959721738114), (20.49228053087834, 21.490912882314298), (20.475836600621097, 21.508951065058458), (20.459307646222, 21.52707426951926), (20.442693668115577, 21.54528249524443), (20.4259946667373, 21.56357574178073), (20.40921064252358, 21.581954008674003), (20.392341595911784, 21.600417295469125), (20.37538752734022, 21.618965601710038), (20.35834843724814, 21.637598926939727), (20.341224326075746, 21.656317270700242), (20.324015194264188, 21.675120632532682), (20.306721042255553, 21.6940090119772), (20.289341870492883, 21.71298240857301), (20.27187767942016, 21.732040821858362), (20.254328469482314, 21.75118425137058), (20.23669424112522, 21.770412696646037), (20.218974994795705, 21.78972615722015), (20.20117073094153, 21.809124632627405), (20.183281450011414, 21.828608122401334), (20.165307152455014, 21.848176626074522), (20.147247838722937, 21.86783014317861), (20.12910350926673, 21.887568673244296), (20.110874164538895, 21.90739221580133), (20.09255980499287, 21.927300770378515), (20.074160431083047, 21.94729433650371), (20.05567604326476, 21.96737291370383), (20.03710664199429, 21.98753650150484), (20.01845222772886, 22.007785099431764), (19.999712800926645, 22.028118707008677), (19.98088836204676, 22.04853732375871), (19.96197891154927, 22.06904094920404), (19.942984449895185, 22.089629582865918), (19.923904977546457, 22.11030322426463), (19.90474049496599, 22.13106187291952), (19.885491002617623, 22.151905528348998), (19.866156500966156, 22.172834190070514), (19.846736990477325, 22.19384785760058), (19.827232471617812, 22.214946530454764), (19.807642944855246, 22.23613020814768), (19.787968410658202, 22.257398890193006), (19.768208869496203, 22.278752576103468), (19.748364321839713, 22.30019126539085), (19.728434768160145, 22.321714957565987)]",True
1783881438.6997085,0,20.514954442567227,21.65391953199768,1.5256804998755937,109.34218388838445,0.05667478146514249,18.29111120362298,25.057998129516665,2.3148090596970823,112.26657456340479,-0.3425411446553224,-2.223843238944248,3.4040785975189856,0.7891285598214886,2.9243906750203337,-0.3992159261204649,"[(20.510939169972787, 21.572527395374436), (20.494033277616456, 21.59469680481867), (20.477042529862505, 21.616951061812447), (20.459966927147438, 21.639290165861063), (20.442806469908692, 21.661714116468886), (20.425561158584646, 21.684222913139344), (20.40823099361461, 21.706816555374928), (20.390815975438837, 21.72949504267719), (20.37331610449852, 21.75225837454675), (20.35573138123578, 21.775106550483283), (20.338061806093688, 21.798039569985537), (20.320307379516237, 21.821057432551317), (20.30246810194837, 21.844160137677488), (20.28454397383596, 21.867347684859983), (20.266534995625815, 21.890620073593798), (20.248441167765687, 21.91397730337299), (20.230262490704266, 21.937419373690688), (20.211998964891173, 21.960946284039068), (20.19365059077697, 21.984558033909376), (20.17521736881315, 22.008254622791927), (20.156699299452153, 22.032036050176092), (20.138096383147353, 22.05590231555031), (20.119408620353056, 22.07985341840208), (20.10063601152451, 22.103889358217963), (20.0817785571179, 22.128010134483585), (20.062836257590345, 22.15221574668364), (20.043809113399902, 22.17650619430188), (20.02469712500557, 22.20088147682111), (20.005500292867282, 22.22534159372322), (19.986218617445907, 22.249886544489147), (19.966852099203244, 22.274516328598896), (19.94740073860204, 22.299230945531534), (19.927864536105986, 22.324030394765195), (19.908243492179686, 22.348914675777074), (19.888537607288704, 22.37388378804343), (19.868746881899526, 22.39893773103958), (19.848871316479585, 22.424076504239913), (19.828910911497243, 22.44930010711787), (19.808865667421802, 22.47460853914597), (19.788735584723504, 22.500001799795783), (19.768520663873527, 22.52547988853794), (19.748220905343985, 22.55104280484215), (19.727836309607927, 22.57669054817718), (19.707366877139343, 22.602423118010847), (19.686812608413156, 22.628240513810052)]",True
1783881438.7362018,0,20.497117370360193,21.776664280433288,1.572262198328828,109.34218388838445,0.05667478146514249,18.131910778381503,25.153258461759926,2.3229398606957647,112.26657456340479,-0.3425411446553224,-2.3652065919786907,3.376594181326638,0.7506776623669367,2.9243906750203337,-0.3992159261204649,"[(20.5090875275952, 21.587172363639148), (20.492213078334057, 21.60928717975962), (20.475253818586463, 21.631486798555752), (20.458209748788185, 21.653771219533887), (20.441080869375938, 21.676140442199426), (20.423867180787358, 21.698594466056832), (20.406568683461032, 21.721133290609643), (20.389185377836473, 21.74375691536045), (20.37171726435413, 21.766465339810917), (20.3541643434554, 21.789258563461768), (20.3365266155826, 21.81213658581279), (20.31880408117899, 21.83509940636284), (20.300996740688767, 21.85814702460983), (20.283104594557066, 21.881279440050747), (20.265127643229953, 21.904496652181635), (20.24706588715443, 21.927798660497604), (20.228919326778435, 21.95118546449283), (20.210687962550846, 21.97465706366055), (20.192371794921474, 21.998213457493073), (20.173970824341065, 22.021854645481763), (20.1554850512613, 22.04558062711705), (20.136914476134802, 22.06939140188844), (20.11825909941512, 22.093286969284488), (20.099518921556747, 22.11726732879282), (20.08069394301511, 22.14133247990013), (20.06178416424657, 22.165482422092172), (20.042789585708427, 22.189717154853764), (20.02371020785891, 22.21403667766879), (20.00454603115719, 22.2384409900202), (19.985297056063374, 22.262930091390007), (19.9659632830385, 22.287503981259288), (19.946544712544547, 22.312162659108182), (19.927041345044426, 22.336906124415897), (19.907453181001987, 22.361734376660706), (19.88778022088201, 22.386647415319942), (19.868022465150222, 22.411645239870005), (19.84817991427327, 22.436727849786358), (19.82825256871875, 22.461895244543534), (19.808240428955184, 22.487147423615127), (19.788143495452037, 22.51248438647379), (19.76796176867971, 22.537906132591253), (19.747695249109537, 22.5634126614383), (19.727343937213778, 22.58900397248478), (19.706907833465646, 22.61468006519961), (19.686386938339282, 22.64044093905078)]",True
1783881438.794757,0,20.497117370360193,21.776664280433288,1.572262198328828,109.34218388838445,0.05667478146514249,18.131910778381503,25.153258461759926,2.3229398606957647,112.26657456340479,-0.3425411446553224,-2.3652065919786907,3.376594181326638,0.7506776623669367,2.9243906750203337,-0.3992159261204649,"[(20.505175459971, 21.616404214115818), (20.48812815829718, 21.63944254112031), (20.47099567281889, 21.66256604292909), (20.453778003979178, 21.685774719032118), (20.43647515222204, 21.709068568918408), (20.41908711799243, 21.732447592076017), (20.401613901736244, 21.75591178799206), (20.38405550390034, 21.779461156152685), (20.366411924932514, 21.8030956960431), (20.348683165281532, 21.826815407147564), (20.330869225397098, 21.850620288949372), (20.312970105729867, 21.874510340930883), (20.294985806731454, 21.89848556257349), (20.276916328854416, 21.922545953357652), (20.258761672552268, 21.94669151276286), (20.24052183827948, 21.970922240267665), (20.222196826491466, 21.99523813534966), (20.203786637644594, 22.01963919748549), (20.18529127219618, 22.04412542615085), (20.166710730604503, 22.06869682082048), (20.148045013328776, 22.093353380968175), (20.12929412082918, 22.11809510606677), (20.110458053566838, 22.14292199558816), (20.091536812003824, 22.16783404900328), (20.07253039660317, 22.19283126578211), (20.053438807828854, 22.217913645393697), (20.03426204614581, 22.243081187306117), (20.015000112019916, 22.268333890986508), (19.995653005918008, 22.293671755901048), (19.976220728307872, 22.31909478151497), (19.956703279658246, 22.344602967292555), (19.937100660438816, 22.370196312697132), (19.91741287112022, 22.39587481719108), (19.89763991217405, 22.42163848023582), (19.877781784072848, 22.447487301291837), (19.857838487290106, 22.47342127981865), (19.837810022300275, 22.499440415274833), (19.817696389578742, 22.525544707118012), (19.797497589601864, 22.551734154804855), (19.777213622846933, 22.578008757791086), (19.756844489792204, 22.604368515531473), (19.736390190916875, 22.630813427479836), (19.7158507267011, 22.65734349308904), (19.695226097625977, 22.683958711811005), (19.674516304173572, 22.7106590830967)]",True
1783881438.9762592,0,20.497117370360193,21.776664280433288,1.572262198328828,109.34218388838445,0.05667478146514249,18.131910778381503,25.153258461759926,2.3229398606957647,112.26657456340479,-0.3425411446553224,-2.3652065919786907,3.376594181326638,0.7506776623669367,2.9243906750203337,-0.3992159261204649,"[(20.496557921515304, 21.67929133715221), (20.4791969757383, 21.70419056601279), (20.461751276188046, 21.729174537444152), (20.44422082330409, 21.754243250923768), (20.42660561752692, 21.779396705928182), (20.408905659297957, 21.804634901933), (20.391120949059548, 21.829957838412902), (20.373251487254972, 21.855365514841637), (20.35529727432845, 21.880857930692013), (20.337258310725122, 21.90643508543592), (20.319134596891068, 21.93209697854431), (20.300926133273297, 21.9578436094872), (20.282632920319752, 21.983674977733678), (20.264254958479302, 22.009591082751903), (20.245792248201756, 22.0355919240091), (20.22724478993785, 22.061677500971566), (20.20861258413925, 22.08784781310466), (20.189895631258562, 22.114102859872816), (20.171093931749315, 22.14044264073953), (20.152207486065976, 22.16686715516737), (20.13323629466394, 22.19337640261798), (20.114180357999533, 22.21997038255206), (20.095039676530018, 22.246649094429383), (20.075814250713584, 22.273412537708793), (20.056504081009358, 22.300260711848203), (20.037109167877393, 22.32719361630459), (20.017629511778676, 22.354211250534007), (19.998065113175127, 22.381313613991562), (19.978415972529593, 22.408500706131445), (19.95868209030586, 22.435772526406915), (19.93886346696864, 22.46312907427029), (19.918960102983586, 22.490570349172962), (19.89897199881727, 22.51809635056539), (19.8788991549372, 22.545707077897106), (19.858741571811823, 22.573402530616704), (19.838499249910505, 22.60118270817185), (19.818172189703553, 22.629047610009284), (19.7977603916622, 22.656997235574803), (19.77726385625862, 22.685031584313283), (19.75668258396591, 22.713150655668663), (19.736016575258105, 22.741354449083953), (19.715265830610164, 22.769642964001232), (19.69443035049798, 22.798016199861646), (19.673510135398384, 22.82647415610541), (19.65250518578913, 22.85501683217181)]",True
1783881439.0050013,0,20.497117370360193,21.776664280433288,1.572262198328828,109.34218388838445,0.05667478146514249,18.131910778381503,25.153258461759926,2.3229398606957647,112.26657456340479,-0.3425411446553224,-2.3652065919786907,3.376594181326638,0.7506776623669367,2.9243906750203337,-0.3992159261204649,"[(20.49448920233526, 21.694407488015298), (20.47718467294157, 21.719102532498596), (20.45979546634263, 21.743882243211573), (20.442321582976692, 21.768746619634758), (20.424763023282935, 21.793695661247753), (20.407119787701465, 21.81872936752923), (20.389391876673322, 21.843847737956928), (20.37157929064048, 21.86905077200766), (20.353682030045828, 21.89433846915731), (20.335700095333202, 21.919710828880834), (20.317633486947358, 21.945167850652254), (20.29948220533398, 21.970709533944667), (20.28124625093969, 21.996335878230237), (20.26292562421203, 22.022046882980206), (20.244520325599478, 22.047842547664878), (20.226030355551433, 22.073722871753635), (20.20745571451824, 22.09968785471492), (20.188796402951155, 22.125737496016257), (20.17005242130238, 22.151871795124237), (20.151223770025034, 22.17809075150452), (20.132310449573172, 22.20439436462184), (20.113312460401776, 22.230782633940002), (20.09422980296676, 22.25725555892188), (20.075062477724963, 22.28381313902942), (20.05581048513416, 22.310455373723634), (20.036473825653047, 22.337182262464612), (20.017052499741258, 22.36399380471151), (19.99754650785935, 22.390889999922557), (19.977955850468817, 22.417870847555054), (19.958280528032073, 22.444936347065372), (19.93852054101247, 22.47208649790895), (19.918675889874283, 22.499321299540302), (19.898746575082722, 22.52664075141301), (19.878732597103923, 22.554044852979725), (19.858633956404955, 22.581533603692183), (19.83845065345381, 22.60910700300117), (19.81818268871941, 22.63676505035656), (19.79783006267162, 22.66450774520728), (19.777392775781212, 22.69233508700135), (19.756870828519904, 22.720247075185846), (19.73626422136034, 22.748243709206918), (19.71557295477609, 22.77632498850979), (19.694797029241656, 22.804490912538753), (19.67393644523247, 22.83274148073717), (19.652991203224893, 22.861076692547478)]",True
1783881439.0352352,0,20.497117370360193,21.776664280433288,1.572262198328828,109.34218388838445,0.05667478146514249,18.131910778381503,25.153258461759926,2.3229398606957647,112.26657456340479,-0.3425411446553224,-2.3652065919786907,3.376594181326638,0.7506776623669367,2.9243906750203337,-0.3992159261204649,"[(20.492425678545406, 21.709417135284742), (20.475169149819877, 21.73391709768008), (20.457827933195905, 21.758501737212054), (20.440402029111453, 21.783171053363045), (20.422891438005426, 21.807925045614514), (20.405296160317643, 21.832763713446983), (20.387616196488864, 21.857687056340048), (20.369851546960778, 21.88269507377238), (20.352002212175996, 21.907787765221713), (20.33406819257807, 21.932965130164852), (20.316049488611476, 21.958227168077673), (20.297946100721624, 21.983573878435127), (20.279758029354856, 22.009005260711227), (20.261485274958435, 22.03452131437906), (20.243127837980563, 22.06012203891078), (20.22468571887037, 22.08580743377762), (20.20615891807791, 22.111577498449876), (20.187547436054178, 22.137432232396915), (20.168851273251086, 22.163371635087174), (20.15007043012149, 22.18939570598816), (20.13120490711917, 22.215504444566452), (20.112254704698834, 22.2416978502877), (20.093219823316126, 22.267975922616618), (20.074100263427614, 22.294338661016997), (20.0548960254908, 22.320786064951697), (20.035607109964115, 22.347318133882645), (20.01623351730692, 22.37393486727084), (19.9967752479795, 22.400636264576352), (19.977232302443085, 22.42742232525832), (19.957604681159822, 22.454293048774957), (19.937892384592793, 22.48124843458354), (19.91809541320601, 22.508288482140422), (19.898213767464416, 22.535413190901018), (19.87824744783388, 22.562622560319824), (19.858196454781204, 22.5899165898504), (19.838060788774122, 22.617295278945384), (19.817840450281295, 22.644758627056472), (19.797535439772314, 22.672306633634435), (19.777145757717705, 22.699939298129117), (19.756671404588914, 22.727656619989432), (19.736112380858327, 22.755458598663363), (19.715468686999255, 22.783345233597966), (19.69474032348594, 22.811316524239363), (19.673927290793557, 22.839372470032746), (19.653029589398205, 22.867513070422383)]",True
1783881439.086283,0,20.489393546972465,21.823401182875884,1.585552041516491,109.34218388838445,0.05667478146514249,18.07139639899096,25.187890281345297,2.325259592990865,112.26657456340479,-0.3425411446553224,-2.417997147981506,3.364489098469413,0.7397075514743738,2.9243906750203337,-0.3992159261204649,"[(20.486031499856487, 21.75486141662202), (20.46887918923088, 21.77887827261597), (20.451642129439385, 21.80297986756148), (20.4343203209198, 21.827166200945104), (20.416913764110838, 21.851437272252475), (20.399422459452165, 21.875793080968283), (20.38184640738437, 21.900233626576288), (20.364185608348972, 21.92475890855932), (20.34644006278843, 21.949368926399277), (20.32860977114614, 21.97406367957712), (20.310694733866416, 21.998843167572883), (20.292694951394513, 22.023707389865656), (20.274610424176622, 22.048656345933612), (20.256441152659868, 22.07369003525398), (20.2381871372923, 22.098808457303058), (20.219848378522904, 22.124011611556213), (20.201424876801603, 22.149299497487885), (20.18291663257925, 22.174672114571575), (20.164323646307636, 22.20012946227985), (20.145645918439474, 22.22567154008435), (20.126883449428416, 22.251298347455773), (20.10803623972905, 22.277009883863897), (20.08910428979689, 22.30280614877756), (20.07008760008839, 22.328687141664666), (20.050986171060927, 22.354652861992196), (20.031800003172826, 22.380703309226185), (20.012529096883334, 22.406838482831745), (19.99317345265263, 22.43305838227305), (19.973733070941833, 22.459363007013344), (19.95420795221299, 22.48575235651494), (19.93459809692908, 22.51222643023922), (19.914903505554015, 22.538785227646624), (19.895124178552646, 22.565428748196673), (19.875260116390752, 22.59215699134794), (19.85531131953504, 22.618969956558086), (19.83527778845316, 22.645867643283818), (19.815159523613687, 22.672850050980927), (19.794956525486135, 22.699917179104258), (19.774668794540943, 22.727069027107735), (19.75429633124949, 22.754305594444343), (19.733839136084082, 22.78162688056614), (19.71329720951796, 22.809032884924243), (19.6926705520253, 22.836523606968846), (19.671959164081212, 22.864099046149203), (19.651163046161734, 22.891759201913644)]",True
1783881439.1397364,0,20.477803308105464,21.886067582420647,1.6005042978668735,109.34218388838445,0.05667478146514249,17.99046984939733,25.2328664756772,2.232163900839654,112.26657456340479,-0.3425411446553224,-2.487333458708136,3.346798893256551,0.6316596029727803,2.9243906750203337,-0.3992159261204649,"[(20.47899120109254, 21.80086063030956), (20.461875442016446, 21.82451926951393), (20.44467488083616, 21.8482627010738), (20.427389517989923, 21.87209092447868), (20.410019353916915, 21.896003939217156), (20.39256438905724, 21.920001744776865), (20.375024623851953, 21.94408434064452), (20.357400058743025, 21.968251726305898), (20.33969069417338, 21.992503901245833), (20.321896530586873, 22.016840864948232), (20.30401756842829, 22.041262616896063), (20.286053808143354, 22.065769156571363), (20.268005250178724, 22.09036048345523), (20.249871894981997, 22.115036597027824), (20.231653743001697, 22.139797496768377), (20.213350794687294, 22.164643182155185), (20.194963050489186, 22.1895736526656), (20.17649051085871, 22.214588907776054), (20.157933176248136, 22.239688946962033), (20.139291047110675, 22.26487376969809), (20.120564123900465, 22.290143375457845), (20.10175240707258, 22.315497763713978), (20.08285589708304, 22.34093693393824), (20.063874594388786, 22.366460885601448), (20.044808499447704, 22.392069618173476), (20.02565761271861, 22.417763131123273), (20.00642193466126, 22.44354142391884), (19.987101465736345, 22.469404496027263), (19.967696206405485, 22.49535234691467), (19.948206157131242, 22.521384976046274), (19.928631318377107, 22.54750238288634), (19.908971690607515, 22.573704566898197), (19.88922727428783, 22.599991527544255), (19.86939806988435, 22.62636326428597), (19.84948407786431, 22.65281977658388), (19.829485298695886, 22.679361063897574), (19.809401732848176, 22.705987125685716), (19.789233380791227, 22.732697961406025), (19.76898024299601, 22.7594935705153), (19.748642319934447, 22.78637395246939), (19.72821961207938, 22.813339106723216), (19.707712119904585, 22.840389032730766), (19.68711984388478, 22.86752372994509), (19.666442784495622, 22.894743197818308), (19.645680942213694, 22.9220474358016)]",True
1783881439.1857796,0,20.454270446172877,21.996356915284434,1.6205856190479129,109.34218388838445,0.05667478146514249,17.85122633409201,25.306245266573722,2.2633239710214412,112.26657456340479,-0.3425411446553224,-2.603044112080866,3.3098883512892883,0.6427383519735284,2.9243906750203337,-0.3992159261204649,"[(20.452751026514143, 21.941052022109414), (20.434240138082476, 21.967931821090616), (20.415642954316652, 21.994897902553515), (20.396959475692345, 22.02195026592555), (20.37818970268623, 22.049088910633163), (20.359333635775975, 22.076313836101793), (20.340391275440247, 22.103625041755883), (20.32136262215871, 22.131022527018878), (20.30224767641203, 22.158506291313227), (20.28304643868187, 22.18607633406038), (20.263758909450882, 22.213732654680793), (20.244385089202733, 22.241475252593922), (20.224924978422077, 22.269304127218223), (20.205378577594566, 22.29721927797116), (20.18574588720685, 22.32522070426919), (20.16602690774658, 22.353308405527784), (20.146221639702404, 22.38148238116141), (20.126330083563968, 22.409742630583533), (20.106352239821916, 22.438089153206636), (20.08628810896789, 22.466521948442193), (20.06613769149452, 22.49504101570068), (20.045900987895457, 22.523646354391577), (20.025577998665327, 22.55233796392337), (20.00516872429976, 22.581115843703543), (19.984673165295398, 22.609979993138587), (19.964091322149862, 22.638930411633993), (19.943423195361778, 22.667967098594257), (19.922668785430773, 22.697090053422873), (19.901828092857468, 22.726299275522344), (19.880901118143477, 22.75559476429417), (19.85988786179142, 22.78497651913885), (19.838788324304918, 22.814444539455902), (19.81760250618858, 22.84399882464383), (19.796330407948023, 22.873639374100147), (19.77497203008985, 22.903366187221373), (19.753527373121667, 22.93317926340302), (19.73199643755208, 22.96307860203961), (19.71037922389069, 22.993064202524668), (19.6886757326481, 23.02313606425072), (19.666885964335904, 23.0532941866093), (19.6450099194667, 23.083538568990935), (19.623047598554074, 23.11386921078516), (19.600999002112623, 23.144286111380513), (19.578864130657937, 23.17478927016453), (19.556642984706595, 23.205378686523765)]",True
1783881439.2368073,0,20.435525919711164,22.075472300872207,1.6312684931316845,109.34218388838445,0.05667478146514249,17.74900017525974,25.355774590751025,2.2799005250834234,112.26657456340479,-0.3425411446553224,-2.686525744451423,3.2803022898788186,0.6486320319517389,2.9243906750203337,-0.3992159261204649,"[(20.441949181950417, 21.991738491995868), (20.423588197150767, 22.01795495417839), (20.405142552015512, 22.044256065036365), (20.386612246994208, 22.070641824033963), (20.367997282537335, 22.09711223063444), (20.3492976590963, 22.123667284300115), (20.330513377123445, 22.150306984492374), (20.311644437072037, 22.177031330671685), (20.29269083939627, 22.20384032229758), (20.273652584551268, 22.230733958828665), (20.254529672993087, 22.257712239722622), (20.23532210517871, 22.284775164436194), (20.216029881566048, 22.31192273242521), (20.196653002613935, 22.339154943144557), (20.177191468782148, 22.366471796048202), (20.157645280531383, 22.393873290589184), (20.138014438323264, 22.421359426219606), (20.118298942620346, 22.44893020239065), (20.09849879388611, 22.476585618552566), (20.078613992584973, 22.50432567415468), (20.058644539182275, 22.53215036864538), (20.038590434144282, 22.560059701472134), (20.018451677938195, 22.588053672081482), (19.998228271032144, 22.616132279919036), (19.977920213895178, 22.644295524429474), (19.957527506997288, 22.67254340505655), (19.93705015080938, 22.700875921243092), (19.916488145803303, 22.72929307243099), (19.895841492451822, 22.75779485806122), (19.875110191228636, 22.78638127757382), (19.854294242608375, 22.8150523304079), (19.833393647066593, 22.84380801600165), (19.812408405079776, 22.872648333792316), (19.791338517125336, 22.901573283216234), (19.770183983681616, 22.930582863708796), (19.748944805227886, 22.95967707470448), (19.727620982244343, 22.988855915636826), (19.706212515212115, 23.01811938593845), (19.68471940461326, 23.04746748504104), (19.663141650930765, 23.07690021237535), (19.641479254648537, 23.106417567371214), (19.61973221625142, 23.136019549457533), (19.59790053622519, 23.16570615806228), (19.575984215056536, 23.195477392612506), (19.55398325323309, 23.225333252534323)]",True
1783881439.2956119,0,20.435525919711164,22.075472300872207,1.6312684931316845,109.34218388838445,0.05667478146514249,17.74900017525974,25.355774590751025,2.2799005250834234,113.85789455825199,-0.3332082123698084,-2.686525744451423,3.2803022898788186,0.6486320319517389,4.515710669867531,-0.3898829938349509,"[(20.43133669444245, 22.03832338153864), (20.41304197624173, 22.06380676242254), (20.394662536224363, 22.08937485443708), (20.376198374840158, 22.115027657053332), (20.357649492539842, 22.140765169741453), (20.339015889775084, 22.16658739197065), (20.320297566998473, 22.192494323209214), (20.301494524663546, 22.218485962924497), (20.282606763224756, 22.244562310582925), (20.263634283137495, 22.270723365649985), (20.244577084858083, 22.29696912759024), (20.225435168843777, 22.323299595867326), (20.206208535552758, 22.349714769943933), (20.186897185444145, 22.376214649281835), (20.167501118977984, 22.402799233341863), (20.148020336615257, 22.429468521583924), (20.128454838817873, 22.456222513466997), (20.108804626048673, 22.48306120844912), (20.089069698771432, 22.50998460598741), (20.06925005745085, 22.536992705538044), (20.04934570255257, 22.564085506556275), (20.02935663454316, 22.591263008496423), (20.00928285389011, 22.618525210811875), (19.989124361061858, 22.645872112955086), (19.96888115652776, 22.673303714377585), (19.948553240758113, 22.700820014529967), (19.92814061422414, 22.728421012861897), (19.907643277398, 22.756106708822106), (19.887061230752778, 22.783877101858398), (19.866394474762487, 22.811732191417644), (19.845643009902084, 22.839671976945787), (19.824806836647447, 22.867696457887835), (19.803885955475387, 22.895805633687864), (19.782880366863647, 22.923999503789027), (19.761790071290907, 22.952278067633536), (19.740615069236767, 22.980641324662678), (19.719355361181766, 23.009089274316807), (19.698010947607376, 23.037621916035352), (19.676581828995992, 23.066239249256803), (19.655068005830948, 23.094941273418723), (19.633469478596506, 23.123727987957743), (19.61178624777786, 23.152599392309565), (19.590018313861133, 23.18155548590896), (19.568165677333383, 23.21059626818976), (19.546228338682592, 23.239721738584883)]",True
1783881439.3696897,0,20.435525919711164,22.075472300872207,1.6312684931316845,109.34218388838445,0.05667478146514249,17.74900017525974,25.355774590751025,2.2799005250834234,113.85789455825199,-0.3332082123698084,-2.686525744451423,3.2803022898788186,0.6486320319517389,4.515710669867531,-0.3898829938349509,"[(20.416238567526396, 22.10081791922347), (20.39793797738652, 22.125557185717025), (20.379552604710398, 22.150381225160462), (20.361082449948935, 22.175290037031857), (20.342527513553957, 22.20028362080835), (20.32388779597823, 22.22536197596615), (20.305163297675456, 22.250525101980525), (20.286354019100273, 22.275772998325813), (20.267459960708248, 22.301105664475426), (20.248481122955884, 22.32652309990183), (20.22941750630062, 22.352025304076562), (20.210269111200827, 22.377612276470224), (20.191035938115814, 22.403284016552487), (20.17171798750582, 22.429040523792082), (20.152315259832015, 22.454881797656817), (20.132827755556516, 22.480807837613554), (20.11325547514236, 22.506818643128227), (20.093598419053528, 22.53291421366584), (20.073856587754936, 22.559094548690457), (20.05402998171242, 22.585359647665204), (20.03411860139277, 22.611709510052286), (20.014122447263695, 22.638144135312963), (19.994041519793843, 22.664663522907563), (19.973875819452797, 22.69126767229549), (19.95362534671108, 22.717956582935198), (19.933290102040132, 22.74473025428422), (19.91287008591235, 22.771588685799152), (19.892365298801046, 22.79853187693565), (19.87177574118047, 22.825559827148446), (19.851101413525818, 22.85267253589133), (19.830342316313207, 22.879870002617164), (19.809498450019692, 22.90715222677787), (19.788569815123267, 22.934519207824447), (19.767556412102852, 22.96197094520695), (19.746458241438305, 22.989507438374506), (19.72527530361042, 23.0171286867753), (19.704007599100922, 23.044834689856593), (19.682655128392472, 23.07262544706471), (19.661217891968665, 23.10050095784504), (19.63969589031403, 23.128461221642038), (19.618089123914025, 23.156506237899222), (19.59639759325505, 23.18463600605919), (19.57462129882443, 23.212850525563592), (19.552760241110438, 23.24114979585315), (19.530814420602265, 23.26953381636765)]",True
1783881439.384987,0,20.435525919711164,22.075472300872207,1.6312684931316845,109.34218388838445,0.05667478146514249,17.74900017525974,25.355774590751025,2.2799005250834234,113.85789455825199,-0.3332082123698084,-2.686525744451423,3.2803022898788186,0.6486320319517389,4.515710669867531,-0.3898829938349509,"[(20.416238567526396, 22.10081791922347), (20.39793797738652, 22.125557185717025), (20.379552604710398, 22.150381225160462), (20.361082449948935, 22.175290037031857), (20.342527513553957, 22.20028362080835), (20.32388779597823, 22.22536197596615), (20.305163297675456, 22.250525101980525), (20.286354019100273, 22.275772998325813), (20.267459960708248, 22.301105664475426), (20.248481122955884, 22.32652309990183), (20.22941750630062, 22.352025304076562), (20.210269111200827, 22.377612276470224), (20.191035938115814, 22.403284016552487), (20.17171798750582, 22.429040523792082), (20.152315259832015, 22.454881797656817), (20.132827755556516, 22.480807837613554), (20.11325547514236, 22.506818643128227), (20.093598419053528, 22.53291421366584), (20.073856587754936, 22.559094548690457), (20.05402998171242, 22.585359647665204), (20.03411860139277, 22.611709510052286), (20.014122447263695, 22.638144135312963), (19.994041519793843, 22.664663522907563), (19.973875819452797, 22.69126767229549), (19.95362534671108, 22.717956582935198), (19.933290102040132, 22.74473025428422), (19.91287008591235, 22.771588685799152), (19.892365298801046, 22.79853187693565), (19.87177574118047, 22.825559827148446), (19.851101413525818, 22.85267253589133), (19.830342316313207, 22.879870002617164), (19.809498450019692, 22.90715222677787), (19.788569815123267, 22.934519207824447), (19.767556412102852, 22.96197094520695), (19.746458241438305, 22.989507438374506), (19.72527530361042, 23.0171286867753), (19.704007599100922, 23.044834689856593), (19.682655128392472, 23.07262544706471), (19.661217891968665, 23.10050095784504), (19.63969589031403, 23.128461221642038), (19.618089123914025, 23.156506237899222), (19.59639759325505, 23.18463600605919), (19.57462129882443, 23.212850525563592), (19.552760241110438, 23.24114979585315), (19.530814420602265, 23.26953381636765)]",True
1783881439.5466266,0,20.423527579439394,22.122999680304215,1.636534984699693,109.34218388838445,0.05667478146514249,17.628121465762124,25.409867078109148,2.2183530443997808,113.85789455825199,-0.3332082123698084,-2.79540611367727,3.286867397804933,0.5818180597000877,4.515710669867531,-0.3898829938349509,"[(20.416238567526396, 22.10081791922347), (20.39793797738652, 22.125557185717025), (20.379552604710398, 22.150381225160462), (20.361082449948935, 22.175290037031857), (20.342527513553957, 22.20028362080835), (20.32388779597823, 22.22536197596615), (20.305163297675456, 22.250525101980525), (20.286354019100273, 22.275772998325813), (20.267459960708248, 22.301105664475426), (20.248481122955884, 22.32652309990183), (20.22941750630062, 22.352025304076562), (20.210269111200827, 22.377612276470224), (20.191035938115814, 22.403284016552487), (20.17171798750582, 22.429040523792082), (20.152315259832015, 22.454881797656817), (20.132827755556516, 22.480807837613554), (20.11325547514236, 22.506818643128227), (20.093598419053528, 22.53291421366584), (20.073856587754936, 22.559094548690457), (20.05402998171242, 22.585359647665204), (20.03411860139277, 22.611709510052286), (20.014122447263695, 22.638144135312963), (19.994041519793843, 22.664663522907563), (19.973875819452797, 22.69126767229549), (19.95362534671108, 22.717956582935198), (19.933290102040132, 22.74473025428422), (19.91287008591235, 22.771588685799152), (19.892365298801046, 22.79853187693565), (19.87177574118047, 22.825559827148446), (19.851101413525818, 22.85267253589133), (19.830342316313207, 22.879870002617164), (19.809498450019692, 22.90715222677787), (19.788569815123267, 22.934519207824447), (19.767556412102852, 22.96197094520695), (19.746458241438305, 22.989507438374506), (19.72527530361042, 23.0171286867753), (19.704007599100922, 23.044834689856593), (19.682655128392472, 23.07262544706471), (19.661217891968665, 23.10050095784504), (19.63969589031403, 23.128461221642038), (19.618089123914025, 23.156506237899222), (19.59639759325505, 23.18463600605919), (19.57462129882443, 23.212850525563592), (19.552760241110438, 23.24114979585315), (19.530814420602265, 23.26953381636765)]",True
1783881439.587656,0,20.393253773063854,22.233851302916733,1.646204953534309,109.34218388838445,0.05667478146514249,17.525357916277812,25.45338834523352,2.2446518524798678,113.85789455825199,-0.3332082123698084,-2.867895856786042,3.2195370423167873,0.5984468989455587,4.515710669867531,-0.3898829938349509,"[(20.416238567526396, 22.10081791922347), (20.39793797738652, 22.125557185717025), (20.379552604710398, 22.150381225160462), (20.361082449948935, 22.175290037031857), (20.342527513553957, 22.20028362080835), (20.32388779597823, 22.22536197596615), (20.305163297675456, 22.250525101980525), (20.286354019100273, 22.275772998325813), (20.267459960708248, 22.301105664475426), (20.248481122955884, 22.32652309990183), (20.22941750630062, 22.352025304076562), (20.210269111200827, 22.377612276470224), (20.191035938115814, 22.403284016552487), (20.17171798750582, 22.429040523792082), (20.152315259832015, 22.454881797656817), (20.132827755556516, 22.480807837613554), (20.11325547514236, 22.506818643128227), (20.093598419053528, 22.53291421366584), (20.073856587754936, 22.559094548690457), (20.05402998171242, 22.585359647665204), (20.03411860139277, 22.611709510052286), (20.014122447263695, 22.638144135312963), (19.994041519793843, 22.664663522907563), (19.973875819452797, 22.69126767229549), (19.95362534671108, 22.717956582935198), (19.933290102040132, 22.74473025428422), (19.91287008591235, 22.771588685799152), (19.892365298801046, 22.79853187693565), (19.87177574118047, 22.825559827148446), (19.851101413525818, 22.85267253589133), (19.830342316313207, 22.879870002617164), (19.809498450019692, 22.90715222677787), (19.788569815123267, 22.934519207824447), (19.767556412102852, 22.96197094520695), (19.746458241438305, 22.989507438374506), (19.72527530361042, 23.0171286867753), (19.704007599100922, 23.044834689856593), (19.682655128392472, 23.07262544706471), (19.661217891968665, 23.10050095784504), (19.63969589031403, 23.128461221642038), (19.618089123914025, 23.156506237899222), (19.59639759325505, 23.18463600605919), (19.57462129882443, 23.212850525563592), (19.552760241110438, 23.24114979585315), (19.530814420602265, 23.26953381636765)]",True
1783881439.6351824,0,20.379322341836836,22.28128312847975,1.649440467319969,109.34218388838445,0.05667478146514249,17.483738682116186,25.470454881325633,2.253503870940684,113.85789455825199,-0.3332082123698084,-2.89558365972065,3.1891717528458834,0.6040634036207149,4.515710669867531,-0.3898829938349509,"[(20.394153798479437, 22.127259491160753), (20.37375370020399, 22.152986119519156), (20.353277303496547, 22.178789038379037), (20.33272460880626, 22.204668247232483), (20.31209561658313, 22.23062374557074), (20.29139032727799, 22.256655532884206), (20.270608741342524, 22.282763608662453), (20.249750859229245, 22.308947972394197), (20.228816681391518, 22.33520862356732), (20.20780620828354, 22.361545561668866), (20.186719440360356, 22.387958786185038), (20.16555637807785, 22.414448296601197), (20.144317021892736, 22.44101409240186), (20.123001372262586, 22.467656173070715), (20.101609429645798, 22.494374538090593), (20.08014119450162, 22.5211691869435), (20.05859666729014, 22.54804011911059), (20.036975848472277, 22.574987334072187), (20.0152787385098, 22.60201083130777), (19.99350533786531, 22.629110610295974)]",True
1783881439.6860702,0,20.374541542752016,22.29707458719871,1.6504180710582799,109.34218388838445,0.05667478146514249,17.462829069070064,25.478913175723296,2.257616757796205,113.85789455825199,-0.3332082123698084,-2.911712473681952,3.1818385885245846,0.6071986867379251,4.515710669867531,-0.3898829938349509,"[(20.38609196436974, 22.214296003220092), (20.366639241761188, 22.241322356327675), (20.347101878495483, 22.268433338917763), (20.327479875031326, 22.29562895044899), (20.307773231828342, 22.32290919037907), (20.287981949347074, 22.350274058164803), (20.26810602804899, 22.377723553262054), (20.248145468396476, 22.405257675125767), (20.22810027085285, 22.43287642320997), (20.20797043588234, 22.46057979696776), (20.187755963950114, 22.488367795851325), (20.167456855522246, 22.51624041931192), (20.147073111065744, 22.544197666799878), (20.126604731048534, 22.572239537764613), (20.10605171593947, 22.600366031654612), (20.08541406620832, 22.628577147917447), (20.064691782325777, 22.65687288599976), (20.043884864763466, 22.685253245347276), (20.022993313993926, 22.713718225404794), (20.002017130490614, 22.74226782561619), (19.980956314727923, 22.77090204542442), (19.95981086718116, 22.799620884271523), (19.938580788326558, 22.828424341598605), (19.91726607864127, 22.857312416845858), (19.895866738603374, 22.886285109452547), (19.874382768691866, 22.915342418857016), (19.852814169386676, 22.944484344496683), (19.831160941168644, 22.973710885808053), (19.80942308451954, 23.003022042226704), (19.787600599922055, 23.032417813187287), (19.7656934878598, 23.061898198123536), (19.743701748817312, 23.09146319646826), (19.72162538328005, 23.12111280765335), (19.699464391734395, 23.150847031109773), (19.677218774667647, 23.18066586626757), (19.65488853256804, 23.210569312555865), (19.632473665924717, 23.24055736940285), (19.60997417522775, 23.27063003623581), (19.587390060968136, 23.300787312481095), (19.56472132363779, 23.33102919756414), (19.541967963729554, 23.361355690909456), (19.519129981737187, 23.39176679194063), (19.496207378155372, 23.42226250008033), (19.47320015347972, 23.452842814750298), (19.450108308206758, 23.483507735371358)]",True
1783881439.7808337,0,20.359840796170698,22.344396813431132,1.6530807082818257,109.34218388838445,0.05667478146514249,17.400161681717478,25.50374153232868,2.1701651274447697,113.85789455825199,-0.3332082123698084,-2.9596791144532197,3.1593447188975468,0.517084419162944,4.515710669867531,-0.3898829938349509,"[(20.38180155532944, 22.22968321462688), (20.362419744809166, 22.256376021227556), (20.34295336267376, 22.283153388613137), (20.3234024093826, 22.310015316244197), (20.303766885395977, 22.33696180358039), (20.284046791175125, 22.36399285008044), (20.264242127182193, 22.391108455202144), (20.24435289388025, 22.41830861840238), (20.224379091733308, 22.4455933391371), (20.204320721206283, 22.47296261686133), (20.18417778276503, 22.500416451029174), (20.16395027687632, 22.527954841093806), (20.14363820400786, 22.55557778650748), (20.123241564628273, 22.583285286721527), (20.10276035920711, 22.611077341186345), (20.082194588214843, 22.638953949351418), (20.061544252122875, 22.666915110665297), (20.04080935140353, 22.694960824575617), (20.01998988653006, 22.723091090529078), (19.999085857976638, 22.751305907971464), (19.978097266218363, 22.77960527634763), (19.957024111731265, 22.80798919510151), (19.93586639499229, 22.83645766367611), (19.91462411647931, 22.865010681513514), (19.89329727667113, 22.893648248054877), (19.87188587604747, 22.922370362740434), (19.850389915088982, 22.951177025009496), (19.828809394277236, 22.980068234300447), (19.807144314094735, 23.009043990050746), (19.785394675024897, 23.038104291696932), (19.763560477552076, 23.06724913867461), (19.741641722161543, 23.096478530418477), (19.719638409339495, 23.125792466362288), (19.697550539573058, 23.155190945938884), (19.675378113350277, 23.184673968580178), (19.653121131160127, 23.214241533717164), (19.6307795934925, 23.243893640779905), (19.60835350083822, 23.273630289197538), (19.585842853689037, 23.30345147839828), (19.56324765253762, 23.333357207809428), (19.540567897877562, 23.363347476857342), (19.517803590203386, 23.39342228496747), (19.49495473001054, 23.423581631564335), (19.47202131779539, 23.453825516071525), (19.449003354055236, 23.484153937911714)]",True
1783881439.792665,0,20.35480423989724,22.360145884416813,1.6538852185624002,109.34218388838445,0.05667478146514249,17.38038027093815,25.51143858907748,2.07506512744477,113.85789455825199,-0.3332082123698084,-2.9744239689590906,3.1512927046606656,0.42117990888236956,4.515710669867531,-0.3898829938349509,"[(20.377406023141763, 22.245184638438843), (20.358064897427415, 22.271581276199928), (20.338639149605616, 22.298062525603576), (20.319128780136143, 22.324628386112614), (20.2995337894797, 22.35127885718895), (20.279854178097914, 22.37801393829356), (20.260089946453338, 22.40483362888649), (20.240241095009466, 22.431737928426866), (20.220307624230703, 22.458726836372882), (20.200289534582385, 22.48580035218181), (20.180186826530782, 22.512958475309986), (20.159999500543087, 22.540201205212828), (20.139727557087422, 22.567528541344828), (20.11937099663283, 22.594940483159544), (20.09892981964929, 22.622437030109612), (20.0784040266077, 22.650018181646736), (20.05779361797989, 22.6776839372217), (20.037098594238618, 22.70543429628436), (20.016318955857567, 22.733269258283638), (19.995454703311346, 22.76118882266754), (19.974505837075494, 22.789192988883133), (19.953472357626477, 22.81728175637657), (19.932354265441685, 22.84545512459307), (19.911151560999436, 22.87371309297692), (19.88986424477898, 22.902055660971495), (19.868492317260486, 22.93048282801923), (19.847035778925058, 22.958994593561638), (19.82549463025472, 22.98759095703931), (19.80386887173243, 23.016271917891903), (19.78215850384207, 23.04503747555815), (19.760363527068442, 23.07388762947586), (19.73848394189729, 23.102822379081903), (19.716519748815273, 23.13184172381224), (19.69447094830998, 23.160945663101895), (19.67233754086993, 23.190134196384967), (19.650119526984565, 23.219407323094632), (19.627816907144258, 23.24876504266313), (19.605429681840306, 23.278207354521786), (19.582957851564935, 23.30773425810099), (19.560401416811295, 23.337345752830206), (19.537760378073468, 23.36704183813798), (19.51503473584646, 23.39682251345192), (19.492224490626196, 23.426687778198712), (19.469329642909546, 23.45663763180412), (19.44635019319429, 23.486672073692976)]",True
1783881439.8382645,0,20.34455287121971,22.391610755555643,1.655381294731781,109.34218388838445,0.05667478146514249,17.343322476842175,25.525394640078858,1.8848651274447699,113.85789455825199,-0.3332082123698084,-3.0012303943775365,3.133783884523215,0.2294838327129889,4.515710669867531,-0.3898829938349509,"[(20.372918894497506, 22.260708514295267), (20.353604873845025, 22.286831733563925), (20.33420619147467, 22.313039604443926), (20.314722847846447, 22.339332126400485), (20.29515484342129, 22.365709298897894), (20.27550217866106, 22.392171121399503), (20.255764854028556, 22.418717593367745), (20.2359428699875, 22.44534871426412), (20.21603622700254, 22.472064483549204), (20.19604492553926, 22.498864900682634), (20.175968966064158, 22.52574996512313), (20.155808349044676, 22.55271967632848), (20.135563074949182, 22.57977403375554), (20.115233144246968, 22.606913036860245), (20.094818557408257, 22.634136685097594), (20.0743193149042, 22.66144497792166), (20.05373541720688, 22.688837914785594), (20.0330668647893, 22.716315495141608), (20.012313658125404, 22.74387771844099), (19.991475797690054, 22.771524584134106), (19.970553283959045, 22.799256091670387), (19.949546117409103, 22.82707224049833), (19.928454298517877, 22.854973030065523), (19.907277827763952, 22.882958459818603), (19.886016705626837, 22.911028529203293), (19.864670932586964, 22.93918323766438), (19.843240509125707, 22.967422584645735), (19.821725435725355, 22.99574656959029), (19.800125712869132, 23.024155191940043), (19.778441341041194, 23.05264845113608), (19.756672320726622, 23.081226346618546), (19.734818652411423, 23.109888877826663), (19.71288033658254, 23.138636044198726), (19.69085737372783, 23.1674678451721), (19.668749764336095, 23.196384280183224), (19.64655750889706, 23.225385348667604), (19.624280607901376, 23.254471050059824), (19.601919061840622, 23.283641383793533), (19.579472871207308, 23.312896349301454), (19.556942036494867, 23.342235946015386), (19.534326558197673, 23.371660173366195), (19.511626436811014, 23.40116903078382), (19.488841672831118, 23.430762517697275), (19.465972266755134, 23.460440633534642), (19.443018219081143, 23.490203377723077)]",True
1783881439.9055552,0,20.317820512264383,22.470029327670147,1.6585416998974398,109.34218388838445,0.05667478146514249,17.265346487990755,25.55239402016857,1.4344873218392142,113.85789455825199,-0.3332082123698084,-3.0524740242736286,3.082364692498423,-0.2240543780582256,4.515710669867531,-0.3898829938349509,"[(20.372918894497506, 22.260708514295267), (20.353604873845025, 22.286831733563925), (20.33420619147467, 22.313039604443926), (20.314722847846447, 22.339332126400485), (20.29515484342129, 22.365709298897894), (20.27550217866106, 22.392171121399503), (20.255764854028556, 22.418717593367745), (20.2359428699875, 22.44534871426412), (20.21603622700254, 22.472064483549204), (20.19604492553926, 22.498864900682634), (20.175968966064158, 22.52574996512313), (20.155808349044676, 22.55271967632848), (20.135563074949182, 22.57977403375554), (20.115233144246968, 22.606913036860245), (20.094818557408257, 22.634136685097594), (20.0743193149042, 22.66144497792166), (20.05373541720688, 22.688837914785594), (20.0330668647893, 22.716315495141608), (20.012313658125404, 22.74387771844099), (19.991475797690054, 22.771524584134106), (19.970553283959045, 22.799256091670387), (19.949546117409103, 22.82707224049833), (19.928454298517877, 22.854973030065523), (19.907277827763952, 22.882958459818603), (19.886016705626837, 22.911028529203293), (19.864670932586964, 22.93918323766438), (19.843240509125707, 22.967422584645735), (19.821725435725355, 22.99574656959029), (19.800125712869132, 23.024155191940043), (19.778441341041194, 23.05264845113608), (19.756672320726622, 23.081226346618546), (19.734818652411423, 23.109888877826663), (19.71288033658254, 23.138636044198726), (19.69085737372783, 23.1674678451721), (19.668749764336095, 23.196384280183224), (19.64655750889706, 23.225385348667604), (19.624280607901376, 23.254471050059824), (19.601919061840622, 23.283641383793533), (19.579472871207308, 23.312896349301454), (19.556942036494867, 23.342235946015386), (19.534326558197673, 23.371660173366195), (19.511626436811014, 23.40116903078382), (19.488841672831118, 23.430762517697275), (19.465972266755134, 23.460440633534642), (19.443018219081143, 23.490203377723077)]",True
1783881440.0605922,0,20.31227685796055,22.48566370851349,1.6590865400266919,109.34218388838445,0.05667478146514249,17.252035011072213,25.556876072633184,1.37467183413234,113.85789455825199,-0.3332082123698084,-3.0602418468883386,3.0712123641196953,-0.2844147058943518,4.515710669867531,-0.3898829938349509,"[(20.372918894497506, 22.260708514295267), (20.353604873845025, 22.286831733563925), (20.33420619147467, 22.313039604443926), (20.314722847846447, 22.339332126400485), (20.29515484342129, 22.365709298897894), (20.27550217866106, 22.392171121399503), (20.255764854028556, 22.418717593367745), (20.2359428699875, 22.44534871426412), (20.21603622700254, 22.472064483549204), (20.19604492553926, 22.498864900682634), (20.175968966064158, 22.52574996512313), (20.155808349044676, 22.55271967632848), (20.135563074949182, 22.57977403375554), (20.115233144246968, 22.606913036860245), (20.094818557408257, 22.634136685097594), (20.0743193149042, 22.66144497792166), (20.05373541720688, 22.688837914785594), (20.0330668647893, 22.716315495141608), (20.012313658125404, 22.74387771844099), (19.991475797690054, 22.771524584134106), (19.970553283959045, 22.799256091670387), (19.949546117409103, 22.82707224049833), (19.928454298517877, 22.854973030065523), (19.907277827763952, 22.882958459818603), (19.886016705626837, 22.911028529203293), (19.864670932586964, 22.93918323766438), (19.843240509125707, 22.967422584645735), (19.821725435725355, 22.99574656959029), (19.800125712869132, 23.024155191940043), (19.778441341041194, 23.05264845113608), (19.756672320726622, 23.081226346618546), (19.734818652411423, 23.109888877826663), (19.71288033658254, 23.138636044198726), (19.69085737372783, 23.1674678451721), (19.668749764336095, 23.196384280183224), (19.64655750889706, 23.225385348667604), (19.624280607901376, 23.254471050059824), (19.601919061840622, 23.283641383793533), (19.579472871207308, 23.312896349301454), (19.556942036494867, 23.342235946015386), (19.534326558197673, 23.371660173366195), (19.511626436811014, 23.40116903078382), (19.488841672831118, 23.430762517697275), (19.465972266755134, 23.460440633534642), (19.443018219081143, 23.490203377723077)]",True
1783881440.0947886,0,20.289499241512956,22.548037394706828,1.6610188578158456,110.44752303977023,-0.07991025526464708,17.203037899170003,25.573391386420436,1.229519642273984,113.85789455825199,-0.3332082123698084,-3.086461342342954,3.025353991713608,-0.43149921554186155,3.410371518481753,-0.25329795710516134,"[(20.311029292341527, 22.454983491206157), (20.288274876390826, 22.488520128670977), (20.265433528728934, 22.522143681798727), (20.242505249868284, 22.555854149955078), (20.21949004032229, 22.589651532504725), (20.19638790060536, 22.623535828811367), (20.173198831232867, 22.657507038237735), (20.149922832721177, 22.69156516014558), (20.126559905587634, 22.725710193895658), (20.103110050350562, 22.759942138847755), (20.079573267529266, 22.794260994360677), (20.055949557644038, 22.828666759792245), (20.032238921216145, 22.863159434499295), (20.00844135876784, 22.89773901783769), (19.984556870822356, 22.93240550916231), (19.96058545790391, 22.967158907827052), (19.9365271205377, 23.001999213184828), (19.9123818592499, 23.036926424587573), (19.88814967456767, 23.07194054138625), (19.863830567019154, 23.107041562930828), (19.83942453713347, 23.1422294885703), (19.81493158544073, 23.177504317652673), (19.790351712472006, 23.212866049524983), (19.765684918759376, 23.24831468353328), (19.740931204835885, 23.28385021902263), (19.716090571235565, 23.319472655337123), (19.691163018493427, 23.35518199181987), (19.66614854714546, 23.39097822781299), (19.641047157728643, 23.426861362657633), (19.615858850780928, 23.462831395693964), (19.590583626841255, 23.498888326261163), (19.56522148644954, 23.535032153697436), (19.539772430146684, 23.571262877340004), (19.514236458474567, 23.607580496525106), (19.488613571976053, 23.643985010588008), (19.462903771194988, 23.680476418862984), (19.437107056676194, 23.717054720683336), (19.411223428965478, 23.75371991538138), (19.38525288860963, 23.790472002288457), (19.359195436156423, 23.82731098073492), (19.3330510721546, 23.86423685005015), (19.3068197971539, 23.90124960956254), (19.28050161170503, 23.9383492585995), (19.25409651635969, 23.975535796487467), (19.227604511670556, 24.012809222551894)]",True
1783881440.1421945,0,20.22819383410825,22.702601429851242,1.664482342536266,110.44752303977023,-0.07991025526464708,17.092179703302314,25.609460779872588,1.1332821957937131,113.85789455825199,-0.3332082123698084,-3.136014130805936,2.906859350021346,-0.5312001467425529,3.410371518481753,-0.25329795710516134,"[(20.305110121368017, 22.47268120323903), (20.282661796338246, 22.505544524699786), (20.260129170132036, 22.53849213215199), (20.237512243233084, 22.57152402500005), (20.214811016125992, 22.60464020264746), (20.192025489296263, 22.637840664496824), (20.169155663230313, 22.671125409949834), (20.146201538415458, 22.704494438407274), (20.123163115339914, 22.737947749269033), (20.100040394492808, 22.771485341934085), (20.07683337636417, 22.80510721580051), (20.053542061444933, 22.83881337026548), (20.030166450226933, 22.872603804725262), (20.006706543202917, 22.90647851857522), (19.983162340866535, 22.94043751120981), (19.959533843712336, 22.974480782022592), (19.935821052235777, 23.008608330406215), (19.912023966933223, 23.042820155752423), (19.88814258830194, 23.07711625745206), (19.864176916840098, 23.111496634895072), (19.84012695304677, 23.145961287470485), (19.81599269742194, 23.180510214566436), (19.79177415046649, 23.215143415570147), (19.767471312682215, 23.24986088986794), (19.7430841845718, 23.284662636845237), (19.71861276663885, 23.319548655886553), (19.694057059387863, 23.3545189463755), (19.669417063324246, 23.389573507694777), (19.644692778954315, 23.424712339226193), (19.619884206785283, 23.459935440350645), (19.594991347325273, 23.49524281044813), (19.57001420108331, 23.530634448897732), (19.54495276856932, 23.566110355077644), (19.51980705029414, 23.601670528365148), (19.494577046769507, 23.63731496813662), (19.469262758508066, 23.673043673767545), (19.443864186023365, 23.708856644632483), (19.418381329829856, 23.7447538801051), (19.392814190442895, 23.78073537955817), (19.367162768378737, 23.81680114236354), (19.341427064154555, 23.852951167892176), (19.315607078288412, 23.889185455514124), (19.289702811299286, 23.925504004598537), (19.263714263707055, 23.96190681451365), (19.2376414360325, 23.998393884626815)]",True
1783881440.194553,0,20.215192225870044,22.73325262769116,1.66499459233953,110.44752303977023,-0.07991025526464708,17.07065376936328,25.61640235661397,1.1287101474014936,113.85789455825199,-0.3332082123698084,-3.1445384565067656,2.8831497289228096,-0.5362844449380364,3.410371518481753,-0.25329795710516134,"[(20.305110121368017, 22.47268120323903), (20.282661796338246, 22.505544524699786), (20.260129170132036, 22.53849213215199), (20.237512243233084, 22.57152402500005), (20.214811016125992, 22.60464020264746), (20.192025489296263, 22.637840664496824), (20.169155663230313, 22.671125409949834), (20.146201538415458, 22.704494438407274), (20.123163115339914, 22.737947749269033), (20.100040394492808, 22.771485341934085), (20.07683337636417, 22.80510721580051), (20.053542061444933, 22.83881337026548), (20.030166450226933, 22.872603804725262), (20.006706543202917, 22.90647851857522), (19.983162340866535, 22.94043751120981), (19.959533843712336, 22.974480782022592), (19.935821052235777, 23.008608330406215), (19.912023966933223, 23.042820155752423), (19.88814258830194, 23.07711625745206), (19.864176916840098, 23.111496634895072), (19.84012695304677, 23.145961287470485), (19.81599269742194, 23.180510214566436), (19.79177415046649, 23.215143415570147), (19.767471312682215, 23.24986088986794), (19.7430841845718, 23.284662636845237), (19.71861276663885, 23.319548655886553), (19.694057059387863, 23.3545189463755), (19.669417063324246, 23.389573507694777), (19.644692778954315, 23.424712339226193), (19.619884206785283, 23.459935440350645), (19.594991347325273, 23.49524281044813), (19.57001420108331, 23.530634448897732), (19.54495276856932, 23.566110355077644), (19.51980705029414, 23.601670528365148), (19.494577046769507, 23.63731496813662), (19.469262758508066, 23.673043673767545), (19.443864186023365, 23.708856644632483), (19.418381329829856, 23.7447538801051), (19.392814190442895, 23.78073537955817), (19.367162768378737, 23.81680114236354), (19.341427064154555, 23.852951167892176), (19.315607078288412, 23.889185455514124), (19.289702811299286, 23.925504004598537), (19.263714263707055, 23.96190681451365), (19.2376414360325, 23.998393884626815)]",True
1783881440.2536204,0,20.188455872889662,22.794269269787996,1.6658808367932,110.44752303977023,-0.07991025526464708,17.023483135766373,25.63163176466642,1.3431797999139732,113.85789455825199,-0.3332082123698084,-3.164972737123289,2.8373624948784233,-0.3227010368792269,3.410371518481753,-0.25329795710516134,"[(20.215684429342513, 22.707172603623206), (20.187427138413685, 22.75212598316403), (20.15908001541256, 22.79716916752442), (20.130643060989918, 22.842302155839867), (20.102116275797687, 22.887524947244724), (20.073499660488935, 22.93283754087219), (20.044793215717885, 22.978239935854315), (20.015996942139903, 23.02373213132201), (19.987110840411507, 23.06931412640503), (19.958134911190363, 23.114985920231984), (19.929069155135284, 23.16074751193034), (19.899913572906236, 23.20659890062641), (19.870668165164325, 23.25254008544537), (19.84133293257181, 23.298571065511243), (19.8119078757921, 23.3446918399469), (19.78239299548975, 23.39090240787407), (19.75278829233046, 23.437202768413336), (19.723093766981084, 23.48359292068413), (19.693309420109617, 23.530072863804744), (19.66343525238521, 23.57664259689231), (19.633471264478157, 23.623302119062828), (19.603417457059905, 23.67005142943114), (19.573273830803043, 23.716890527110948), (19.54304038638131, 23.763819411214797), (19.5127171244696, 23.8108380808541), (19.482304045743945, 23.85794653513911), (19.451801150881526, 23.90514477317894), (19.42120844056068, 23.95243279408155), (19.390525915460884, 23.999810596953758), (19.35975357626277, 24.047278180901237), (19.328891423648113, 24.094835545028516), (19.297939458299837, 24.14248268843896), (19.266897680902016, 24.190219610234802), (19.23576609213987, 24.238046309517124), (19.204544692699763, 24.285962785385863), (19.173233483269215, 24.333969036939806), (19.14183246453689, 24.382065063276595), (19.1103416371926, 24.43025086349273), (19.078761001927308, 24.478526436683556), (19.04709055943312, 24.52689178194327), (19.01533031040329, 24.575346898364934), (18.98348025553222, 24.623891785040453), (18.951540395515465, 24.672526441060583), (18.919510731049726, 24.721250865514946), (18.887391262832846, 24.770065057492012)]",True
1783881440.3029227,0,20.160748352578164,22.854886508506077,1.6666101637649973,110.44752303977023,-0.07991025526464708,16.96903558355887,25.649691108917892,1.519675688335667,113.85789455825199,-0.3332082123698084,-3.1917127690192935,2.7948046004118154,-0.14693447542933025,3.410371518481753,-0.25329795710516134,"[(20.172208898887806, 22.81013627573779), (20.142981762816664, 22.85667747939626), (20.113670446089472, 22.90330283854938), (20.08427494926023, 22.95001235245797), (20.054795272883837, 22.99680602038196), (20.02523141751609, 23.043683841580375), (19.995583383713683, 23.090645815311344), (19.965851172034213, 23.1376919408321), (19.936034783036174, 23.18482221739897), (19.90613421727896, 23.2320366442674), (19.876149475322865, 23.279335220691916), (19.84608055772908, 23.32671794592616), (19.815927465059694, 23.374184819222872), (19.7856901978777, 23.421735839833897), (19.755368756746982, 23.46937100701017), (19.724963142232326, 23.517090320001746), (19.694473354899426, 23.564893778057765), (19.66389939531486, 23.612781380426483), (19.63324126404612, 23.660753126355246), (19.602498961661585, 23.708809015090505), (19.571672488730538, 23.75694904587782), (19.54076184582316, 23.805173217961848), (19.509767033510528, 23.853481530586343), (19.478688052364625, 23.901873982994168), (19.44752490295833, 23.950350574427283), (19.416277585865423, 23.998911304126754), (19.384946101660574, 24.047556171332747), (19.353530450919358, 24.09628517528453), (19.32203063421825, 24.14509831522048), (19.290446652134627, 24.19399559037806), (19.258778505246752, 24.242976999993846), (19.227026194133803, 24.292042543303513), (19.195189719375843, 24.341192219541842), (19.163269081553846, 24.390426027942713), (19.131264281249674, 24.439743967739105), (19.099175319046093, 24.489146038163106), (19.06700219552677, 24.538632238445903), (19.034744911276267, 24.58820256781778), (19.002403466880047, 24.637857025508133), (18.969977862924466, 24.687595610745447), (18.937468099996792, 24.73741832275732), (18.904874178685176, 24.787325160770454), (18.87219609957868, 24.83731612401064), (18.839433863267256, 24.887391211702788), (18.80658747034176, 24.937550423070892)]",True
1783881440.355128,0,20.12476615843215,22.930067619459535,1.6673430023831528,110.44752303977023,-0.07991025526464708,16.89264578407428,25.675368847661282,1.697021389211636,113.85789455825199,-0.3332082123698084,-3.2321203743578693,2.745301228201747,0.029678386828483116,3.410371518481753,-0.25329795710516134,"[(20.12250686413399, 22.918309757733528), (20.091841116998058, 22.966682353751867), (20.061091392887572, 23.015138901159588), (20.03025769236734, 23.06367939920403), (19.99934001600305, 23.11230384713165), (19.96833836436129, 23.161012244188), (19.93725273800953, 23.209804589617764), (19.90608313751613, 23.258680882664724), (19.874829563450348, 23.307641122571777), (19.843492016382324, 23.35668530858093), (19.812070496883088, 23.405813439933297), (19.780565005524565, 23.455025515869114), (19.748975542879563, 23.504321535627717), (19.717302109521782, 23.553701498447566), (19.685544706025816, 23.60316540356622), (19.65370333296714, 23.65271325022036), (19.621777990922126, 23.702345037645763), (19.589768680468033, 23.752060765077328), (19.557675402183005, 23.80186043174907), (19.525498156646083, 23.851744036894104), (19.493236944437193, 23.901711579744664), (19.460891766137152, 23.95176305953209), (19.428462622327668, 24.001898475486843), (19.395949513591336, 24.052117826838483), (19.36335244051164, 24.102421112815687), (19.33067140367296, 24.15280833264624), (19.29790640366055, 24.203279485557047), (19.265057441060573, 24.253834570774117), (19.232124516460072, 24.304473587522573), (19.199107630446974, 24.355196535026646), (19.166006783610104, 24.406003412509683), (19.132821976539173, 24.456894219194144), (19.09955320982478, 24.507868954301593), (19.066200484058417, 24.55892761705271), (19.032763799832466, 24.610070206667285), (18.999243157740192, 24.66129672236422), (18.965638558375755, 24.712607163361533), (18.931950002334204, 24.76400152887635), (18.898177490211477, 24.8154798181249), (18.8643210226044, 24.867042030322537), (18.830380600110686, 24.918688164683722), (18.796356223328942, 24.970418220422026), (18.762247892858667, 25.02223219675013), (18.72805560930024, 25.07413009287983), (18.693779373254937, 25.126111908022033)]",True
1783881440.4254642,0,20.109952813495266,22.959946371644836,1.6675896713940432,110.44752303977023,-0.07991025526464708,16.859923827212672,25.68644155136437,1.7567148708827354,115.4549680498344,-0.4116366768534604,-3.2500289862825937,2.726495179719535,0.08912519948869213,5.007445010064174,-0.3317264215888133,"[(20.107731968177625, 22.94897770740844), (20.0772162229599, 22.996609294180647), (20.046617199953417, 23.04432413438374), (20.015934899708352, 23.092122227290158), (19.98516932277574, 23.140003572171484), (19.954320469707476, 23.18796816829843), (19.923388341056327, 23.23601601494086), (19.892372937375914, 23.28414711136776), (19.861274259220718, 23.33236145684727), (19.83009230714609, 23.380659050646663), (19.798827081708236, 23.42903989203235), (19.76747858346423, 23.47750398026988), (19.736046812971995, 23.526051314623942), (19.704531770790336, 23.574681894358367), (19.672933457478898, 23.623395718736123), (19.641251873598204, 23.67219278701932), (19.609487019709633, 23.7210730984692), (19.577638896375422, 23.77003665234615), (19.545707504158674, 23.81908344790969), (19.513692843623357, 23.86821348441849), (19.48159491533429, 23.917426761130347), (19.449413719857173, 23.966723277302204), (19.417149257758542, 24.01610303219014), (19.384801529605816, 24.065566025049375), (19.352370535967268, 24.115112255134267), (19.319856277412025, 24.164741721698313), (19.28725875451009, 24.21445442399415), (19.254577967832322, 24.264250361273557), (19.221813917950435, 24.314129532787444), (19.188966605437013, 24.36409193778587), (19.156036030865497, 24.414137575518023), (19.123022194810193, 24.464266445232237), (19.08992509784627, 24.514478546175987), (19.056744740549746, 24.564773877595876), (19.02348112349752, 24.615152438737663), (18.99013424726734, 24.66561422884623), (18.956704112437812, 24.71615924716561), (18.923190719588423, 24.766787492938967), (18.8895940692995, 24.817498965408607), (18.85591416215224, 24.86829366381598), (18.822150998728702, 24.919171587401667), (18.78830457961181, 24.970132735405393), (18.754374905385344, 25.021177107066027), (18.720361976633946, 25.072304701621565), (18.686265793943118, 25.123515518309155)]",True
1783881440.4427042,0,20.087282068834,23.004547707339658,1.6679174087933193,110.44752303977023,-0.07991025526464708,16.808833826275354,25.703670205552967,1.8360267648494635,115.4549680498344,-0.4116366768534604,-3.278448242558646,2.6991224982133097,0.1681093560561442,5.007445010064174,-0.3317264215888133,"[(20.093277826637273, 22.97825347696063), (20.06290110621267, 23.02511622128887), (20.032441131542253, 23.072062196390693), (20.001897903174854, 23.119091401546388), (19.971271421660163, 23.166203836035383), (19.940561687548726, 23.213399499136237), (19.909768701391965, 23.26067839012665), (19.87889246374215, 23.30804050828347), (19.84793297515242, 23.355485852882673), (19.816890236176775, 23.40301442319938), (19.785764247370068, 23.450626218507843), (19.754555009288026, 23.498321238081463), (19.723262522487232, 23.54609948119278), (19.69188678752513, 23.593960947113462), (19.660427804960033, 23.641905635114327), (19.628885575351106, 23.68993354446533), (19.597260099258374, 23.73804467443556), (19.565551377242734, 23.786239024293252), (19.53375940986594, 23.834516593305775), (19.501884197690607, 23.88287738073964), (19.469925741280214, 23.931321385860493), (19.437884041199098, 23.97984860793312), (19.405759098012457, 24.028459046221457), (19.373550912286355, 24.07715269998856), (19.341259484587717, 24.125929568496638), (19.308884815484326, 24.17478965100704), (19.27642690554483, 24.223732946780242), (19.243885755338734, 24.27275945507587), (19.21126136543641, 24.32186917515269), (19.17855373640909, 24.371062106268596), (19.145762868828864, 24.420338247680636), (19.11288876326869, 24.469697598644984), (19.079931420302383, 24.519140158416963), (19.04689084050462, 24.56866592625103), (19.01376702445094, 24.61827490140078), (18.980559972717746, 24.667967083118953), (18.947269685882297, 24.717742470657424), (18.91389616452272, 24.767601063267204), (18.880439409217992, 24.81754286019845), (18.846899420547967, 24.86756786070046), (18.81327619909335, 24.917676064021663), (18.779569745435715, 24.967867469409637), (18.745780060157486, 25.018142076111086), (18.711907143841962, 25.068499883371867), (18.677950997073292, 25.118940890436967)]",True
