timestamp,lap,ego_x,ego_y,ego_vel,ego_s,ego_d,opp_x,opp_y,opp_vel,opp_s,opp_d,rel_x,rel_y,rel_vel,rel_s,rel_d,imm_trajectory,imm_active
1783881952.3850412,0,23.658906669103537,9.77211706023417,1.6483753379644939,94.19119663141636,-0.023221088302114657,23.442481486396524,13.229028249641265,1.1200287715806674,99.31213615407142,-0.4270279592151275,-0.21642518270701316,3.456911189407096,-0.5283465663838265,5.120939522655064,-0.4038068709130128,"[(23.652773643682465, 9.75684333727517), (23.657374138932493, 9.788616369596763), (23.66185783356046, 9.82050610092074), (23.66622472807566, 9.852512529710415), (23.670474822990695, 9.88463565442581), (23.674608118821453, 9.91687547352366), (23.678624616087127, 9.949231985457411), (23.682524315310207, 9.981705188677218), (23.686307217016484, 10.014295081629948), (23.68997332173504, 10.047001662759179), (23.69352262999826, 10.079824930505197), (23.696955142341825, 10.112764883305001), (23.700270859304716, 10.145821519592303), (23.703469781429206, 10.178994837797523), (23.706551909260874, 10.212284836347793), (23.709517243348593, 10.245691513666955), (23.71236578424453, 10.279214868175563), (23.715097532504153, 10.312854898290881), (23.717712488686228, 10.346611602426888), (23.72021065335282, 10.380484978994268), (23.722592027069286, 10.414475026400423), (23.724856610404288, 10.448581743049461), (23.72700440392978, 10.482805127342207), (23.729035408221016, 10.517145177676193), (23.730949623856546, 10.551601892445667), (23.73274705141822, 10.586175270041585), (23.734427691491177, 10.620865308851615), (23.735991544663865, 10.655672007260135), (23.737438611528024, 10.69059536364824), (23.73876889267869, 10.725635376393738), (23.739982388714196, 10.760792043871142), (23.741079100236178, 10.79606536445168), (23.74205902784956, 10.831455336503295), (23.74292217216257, 10.866961958390638), (23.74366853378673, 10.902585228475075), (23.744298113336864, 10.938325145114685), (23.74481091143108, 10.97418170666426), (23.745206928690802, 11.010154911475297), (23.745486165740736, 11.046244757896016), (23.74564862320889, 11.082451244271342), (23.74569430172657, 11.118774368942915), (23.745623201928375, 11.155214130249092), (23.745435324452203, 11.191770526524936), (23.74513066993925, 11.228443556102228), (23.744709239034012, 11.265233217309456)]",True
1783881952.4472194,0,-33.07056787536181,48.63009758091046,0.0945350227356568,94.19119663141636,-0.023221088302114657,-29.861848591035113,48.5504,0.06340073570992702,99.31213615407142,-0.4270279592151275,3.2087192843266976,-0.0796975809104552,-0.031134287025729776,5.120939522655064,-0.4038068709130128,"[(-33.51072996060018, 49.10563913907171), (-34.01092065662715, 49.60582983509868), (-34.511161250872874, 50.106070429344406), (-35.01145174333735, 50.606360921808886), (-35.51179213402059, 51.10670131249212), (-36.01218242292258, 51.60709160139411), (-36.51262261004332, 52.107531788514855), (-37.01311269538283, 52.60802187385436), (-37.51365267894109, 53.108561857412624), (-38.01424256071811, 53.60915173918964), (-38.51488234071388, 54.109791519185414), (-39.01557201892841, 54.61048119739994), (-39.51631159536169, 55.111220773833224), (-40.01710107001373, 55.61201024848526), (-40.51794044288452, 56.112849621356055), (-41.01882971397407, 56.6137388924456), (-41.519768883282374, 57.11467806175391), (-42.02075795080943, 57.615667129280965), (-42.521796916555246, 58.11670609502678), (-43.022885780519815, 58.61779495899135), (-43.52402454270314, 59.11893372117467), (-44.02521320310522, 59.62012238157675), (-44.52645176172605, 60.12136094019758), (-45.02774021856564, 60.62264939703717), (-45.529078573623984, 61.123987752095516), (-46.03046682690108, 61.625376005372615), (-46.53190497839694, 62.12681415686847), (-47.03339302811155, 62.62830220658308), (-47.53493097604491, 63.129840154516444), (-48.03651882219703, 63.63142800066856), (-48.538156566567906, 64.13306574503945), (-49.039844209157536, 64.63475338762908), (-49.54158174996592, 65.13649092843747), (-50.04336918899306, 65.63827836746461), (-50.54520652623896, 66.14011570471051), (-51.04709376170361, 66.64200294017516), (-51.54903089538701, 67.14394007385857), (-52.05101792728917, 67.64592710576073), (-52.55305485741009, 68.14796403588166), (-53.05514168574977, 68.65005086422133), (-53.5572784123082, 69.15218759077976), (-54.05946503708539, 69.65437421555694), (-54.56170156008133, 70.15661073855289), (-55.06398798129603, 70.65889715976758), (-55.566324300729484, 71.16123347920103)]",True
1783881952.5732672,0,-33.07056787536181,48.63009758091046,0.0945350227356568,94.19119663141636,-0.023221088302114657,-29.861848591035113,48.5504,0.06340073570992702,99.31213615407142,-0.4270279592151275,3.2087192843266976,-0.0796975809104552,-0.031134287025729776,5.120939522655064,-0.4038068709130128,"[(-33.70680506631965, 49.24680181167829), (-34.196578412592864, 49.7570284732707), (-34.67953398713412, 50.274072906595066), (-35.155671789943426, 50.79793511165138), (-35.624991821020785, 51.32861508843964), (-36.08749408036619, 51.86611283695986), (-36.543178567979645, 52.41042835721203), (-36.992045283861145, 52.96156164919615), (-37.43409422801069, 53.51951271291222), (-37.869325400428295, 54.08428154836024), (-38.297738801113944, 54.65586815554021), (-38.71933443006764, 55.23427253445214), (-39.13411228728938, 55.81949468509602), (-39.542072372779174, 56.41153460747184), (-39.94321468653701, 57.01039230157962), (-40.3375392285629, 57.61606776741935), (-40.72504599885684, 58.228561004991036), (-41.10573499741883, 58.84787201429467), (-41.47960622424886, 59.47400079533026), (-41.84665967934694, 60.1069473480978), (-42.20689536271308, 60.746711672597286), (-42.56031327434726, 61.39329376882873), (-42.90691341424949, 62.04669363679212), (-43.24669578241976, 62.70691127648747), (-43.57966037885809, 63.37394668791476), (-43.905807203564464, 64.047799871074), (-44.22513625653889, 64.72847082596522), (-44.53764753778136, 65.41595955258838), (-44.84334104729188, 66.11026605094348), (-45.142216785070445, 66.81139032103054), (-45.43427475111706, 67.51933236284955), (-45.719514945431726, 68.23409217640052), (-45.99793736801444, 68.95566976168344), (-46.2695420188652, 69.6840651186983), (-46.53432889798401, 70.41927824744512), (-46.79229800537087, 71.16130914792389), (-47.04344934102578, 71.91015782013461), (-47.287782904948735, 72.66582426407729), (-47.52529869713974, 73.4283084797519), (-47.75599671759879, 74.19761046715848), (-47.97987696632589, 74.97373022629701), (-48.196939443321035, 75.75666775716749), (-48.407184148584236, 76.54642305976992), (-48.61061108211548, 77.3429961341043), (-48.80722024391478, 78.14638698017063)]",True
1783881952.6677196,0,-33.071502025271336,48.631030074810305,0.1694483803639517,94.19119663141636,-0.023221088302114657,-29.86273380486819,48.550399985546285,0.11364203095365605,99.31213615407142,-0.4270279592151275,3.2087682204031474,-0.08063008926401949,-0.055806349410295664,5.120939522655064,-0.4038068709130128,"[(-33.67037638171122, 49.2303197058746), (-34.15939879647808, 49.741305182622135), (-34.64110022668704, 50.259611636025404), (-35.115480671124224, 50.785239064696285), (-35.58254012859482, 51.318187467227595), (-36.04227859792306, 51.85845684219311), (-36.494696077952206, 52.406047188147554), (-36.93979256754459, 52.96095850362661), (-37.37756806558159, 53.523190787146895), (-37.80802257096363, 54.092744037205996), (-38.23115608261018, 54.66961825228244), (-38.646968599459754, 55.253813430835706), (-39.05546012046993, 55.84532957130623), (-39.456630644617334, 56.444166672115394), (-39.850480170897626, 57.05032473166552), (-40.23700869832553, 57.6638037483399), (-40.61621622593481, 58.28460372050277), (-40.98810275277828, 58.91272464649932), (-41.35266827792781, 59.548166524655684), (-41.709912800474314, 60.19092935327895), (-42.059836319527754, 60.84101313065716), (-42.40243883421714, 61.498417855059294), (-42.73772034369055, 62.16314352473531), (-43.065680847115075, 62.83519013791609), (-43.386320343676886, 63.51455769281349), (-43.699638832581186, 64.20124618762028), (-44.005636313052236, 64.89525562051024), (-44.30431278433334, 65.59658598963804), (-44.59566824568686, 66.30523729313936), (-44.8797026963942, 67.02120952913076), (-45.156416135755805, 67.74450269570981), (-45.42580856309119, 68.47511679095501), (-45.6878799777389, 69.21305181292581), (-45.94263037905655, 69.95830775966263), (-46.19005976642078, 70.7108846291868), (-46.43016813922729, 71.47078241950064), (-46.66295549689084, 72.23800112858741), (-46.88842183884522, 73.0125407544113), (-47.10656716454328, 73.79440129491749), (-47.31739147345691, 74.58358274803209), (-47.52089476507706, 75.38008511166214), (-47.71707703891372, 76.18390838369568), (-47.90593829449595, 76.99505256200166), (-48.08747853137182, 77.81351764443001), (-48.2616977491085, 78.63930362881158)]",True
1783881952.690085,0,-33.07662365628155,48.63613443102684,0.30957713131761233,94.19119663141636,-0.023221088302114657,-29.86824007668162,48.5503989729758,0.2504810564531477,99.31213615407142,-0.4270279592151275,3.2083835795999285,-0.08573545805104033,-0.05909607486446461,5.120939522655064,-0.4038068709130128,"[(-33.528264918816305, 49.221947086687955), (-33.94129649300621, 49.74478854338217), (-34.35053687693808, 50.26573893605667), (-34.75598281264897, 50.78479398796749), (-35.15763107407775, 51.30194943842257), (-35.55547846709065, 51.817201042816734), (-35.9495218295066, 52.330544572666476), (-36.3397580311223, 52.84197581564466), (-36.72618397373697, 53.35149057561507), (-37.108796591176926, 53.859084672666775), (-37.48759284931977, 54.36475394314844), (-37.86256974611842, 54.86849423970246), (-38.23372431162478, 55.3703014312989), (-38.601053608013224, 55.87017140326941), (-38.964554729603734, 56.36810005734091), (-39.32422480288482, 56.86408331166917), (-39.68006098653614, 57.35811710087226), (-40.03206047145087, 57.85019737606386), (-40.38022048075777, 58.34032010488636), (-40.72453826984305, 58.82848127154395), (-41.06501112637188, 59.31467687683548), (-41.401636370309674, 59.798902938187176), (-41.734411353943116, 60.281155489685275), (-42.06333346190086, 60.76143058210845), (-42.38840011117403, 61.23972428296015), (-42.70960875113639, 61.71603267650075), (-43.02695686356427, 62.19035186377964), (-43.34044196265621, 62.66267796266704), (-43.65006159505232, 63.13300710788582), (-43.95581333985343, 63.601335451043056), (-44.25769480863986, 64.06765916066153), (-44.55570364549003, 64.53197442221104), (-44.8498375269987, 64.99427743813956), (-45.14009416229502, 65.4545644279043), (-45.42647129306026, 65.91283162800262), (-45.70896669354524, 66.36907529200269), (-45.987578170587575, 66.8232916905742), (-46.262303563628556, 67.27547711151874), (-46.5331407447298, 67.72562785980018), (-46.80008761858964, 68.17374025757475), (-47.06314212255922, 68.61981064422115), (-47.32230222665829, 69.06383537637038), (-47.57756593359077, 69.50581082793549), (-47.82893127876006, 69.94573339014117), (-48.076396330283984, 70.3835994715532)]",True
1783881952.738215,0,-33.0951205715986,48.653913794307485,0.5352636710096367,94.19119663141636,-0.023221088302114657,-29.890193188800623,48.55044591757335,0.4708692776399732,99.31213615407142,-0.4270279592151275,3.204927382797976,-0.10346787673413615,-0.06439439336966346,5.120939522655064,-0.4038068709130128,"[(-33.19140971633379, 48.886995692574985), (-33.27958636448921, 49.10073583575366), (-33.367661386618195, 49.31437411395917), (-33.45563478161862, 49.52791052397937), (-33.54350654839008, 49.74134506260385), (-33.63127668583388, 49.954677726623906), (-33.718945192853056, 50.16790851283259), (-33.80651206835233, 50.381037418024654), (-33.89397731123816, 50.594064438996575), (-33.981340920418695, 50.80698957254657), (-34.06860289480381, 51.01981281547457), (-34.15576323330509, 51.23253416458224), (-34.242821934835824, 51.445153616672954), (-34.329778998311035, 51.65767116855183), (-34.41663442264745, 51.87008681702569), (-34.50338820676349, 52.08240055890309), (-34.590040349579304, 52.294612390994324), (-34.676590850016765, 52.50672231011139), (-34.763039706999436, 52.718730313068036), (-34.84938691945261, 52.93063639667971), (-34.93563248630329, 53.14244055776359), (-35.02177640648018, 53.3541427931386), (-35.1078186789137, 53.56574309962537), (-35.193759302536, 53.77724147404626), (-35.279598276280936, 53.988637913225354), (-35.365335599084055, 54.19993241398846), (-35.45097126988264, 54.411124973163126), (-35.53650528761569, 54.62221558757861), (-35.621937651223895, 54.83320425406589), (-35.707268359649674, 55.04409096945769), (-35.792497411837154, 55.25487573058845), (-35.87762480673218, 55.46555853429433), (-35.96265054328231, 55.67613937741323), (-36.0475746204368, 55.88661825678475), (-36.13239703714663, 56.09699516925025), (-36.21711779236451, 56.30727011165279), (-36.30173688504483, 56.51744308083717), (-36.38625431414372, 56.72751407364991), (-36.470670078618994, 56.93748308693925), (-36.554984177430214, 57.147350117555185), (-36.63919660953863, 57.357115162349395), (-36.72330737390722, 57.56677821817531), (-36.80731646950066, 57.77633928188808), (-36.89122389528536, 57.98579835034459), (-36.97502965022941, 58.195155420403445)]",True
1783881952.7989175,0,-33.10877078374347,48.664771620461735,0.6256508695661728,94.19119663141636,-0.023221088302114657,-29.90021283968348,48.55074480683748,0.5311339235930197,99.31213615407142,-0.4270279592151275,3.2085579440599936,-0.11402681362425682,-0.09451694597315308,5.120939522655064,-0.4038068709130128,"[(-33.17026150425594, 48.842857614792706), (-33.23454158121369, 49.012155275828874), (-33.29869965773614, 49.181330681075124), (-33.36273573275386, 49.350383826766574), (-33.42664980520058, 49.51931470914149), (-33.49044187401316, 49.6881233244413), (-33.5541119381316, 49.85680966891059), (-33.61765999649902, 50.025373738797114), (-33.681086048061715, 50.19381553035176), (-33.744390091769084, 50.362135039828594), (-33.807572126573675, 50.53033226348483), (-33.870632151431174, 50.69840719758084), (-33.93357016530041, 50.866359838380156), (-33.99638616714335, 51.034190182149466), (-34.05908015592509, 51.20189822515863), (-34.12165213061387, 51.369483963680636), (-34.184102090181064, 51.53694739399166), (-34.246430033601186, 51.70428851237103), (-34.308635959851905, 51.87150731510122), (-34.370719867914, 52.03860379846787), (-34.432681756771395, 52.205577958759775), (-34.49452162541117, 52.3724297922689), (-34.55623947282351, 52.539159295290354), (-34.61783529800178, 52.70576646412241), (-34.67930909994245, 52.87225129506651), (-34.74066087764515, 53.03861378442724), (-34.801890630112624, 53.20485392851236), (-34.86299835635078, 53.37097172363276), (-34.92398405536864, 53.53696716610254), (-34.98484772617839, 53.70284025223891), (-35.04558936779533, 53.86859097836226), (-35.10620897923791, 54.03421934079614), (-35.166706559527725, 54.199725335867264), (-35.22708210768949, 54.36510895990549), (-35.28733562275107, 54.53037020924384), (-35.347467103743476, 54.695509080218514), (-35.40747654970084, 54.86052556916885), (-35.46736395966044, 55.02541967243735), (-35.52712933266269, 55.19019138636969), (-35.58677266775115, 55.354840707314686), (-35.64629396397251, 55.519367631624334), (-35.7056932203766, 55.68377215565378), (-35.76497043601639, 55.84805427576133), (-35.824125609948, 56.012213988308446), (-35.88315874123065, 56.17625128965976)]",False
1783881952.858539,0,-33.10877078374347,48.664771620461735,0.6256508695661728,94.19119663141636,-0.023221088302114657,-29.905643466310707,48.551216423242096,0.5591345057529077,99.31213615407142,-0.4270279592151275,3.2031273174327666,-0.11355519721963958,-0.06651636381326509,5.120939522655064,-0.4038068709130128,"[(-33.1664224941098, 48.82726866630766), (-33.22363834645546, 48.979753854606415), (-33.280757417463505, 49.13214209881706), (-33.3377797066354, 49.28443339706966), (-33.394705213474005, 49.43662774749565), (-33.451533937483546, 49.58872514822787), (-33.50826587816969, 49.740725597400576), (-33.564901035039455, 49.892629093149424), (-33.62143940760129, 50.044435633611464), (-33.67788099536501, 50.19614521692515), (-33.734225797841844, 50.34775784123036), (-33.79047381454443, 50.499273504668345), (-33.84662504498676, 50.65069220538177), (-33.90267948868426, 50.80201394151471), (-33.958637145153716, 50.95323871121263), (-34.014498013913354, 51.1043665126224), (-34.07026209448276, 51.255397343892305), (-34.12592938638292, 51.40633120317202), (-34.181499889136234, 51.557168088612634), (-34.23697360226648, 51.707907998366615), (-34.292350525298836, 51.85855093058785), (-34.347630657759886, 52.009096883431646), (-34.40281399917759, 52.15954585505468), (-34.457900549081316, 52.309897843615055), (-34.51289030700182, 52.46015284727227), (-34.56778327247126, 52.61031086418722), (-34.6225794450232, 52.76037189252221), (-34.67727882419258, 52.910335930440944), (-34.731881409515736, 53.060202976108535), (-34.786387200530406, 53.20997302769149), (-34.84079619677573, 53.359646083357724), (-34.895108397792235, 53.50922214127656), (-34.94932380312185, 53.65870119961872), (-35.003442412307884, 53.80808325655633), (-35.057464224895064, 53.957368310262915), (-35.111389240429496, 54.1065563589134), (-35.165217458458685, 54.25564740068412), (-35.218948878531535, 54.40464143375281), (-35.272583500198344, 54.55353845629861), (-35.32612132301081, 54.70233846650207), (-35.379562346522015, 54.85104146254513), (-35.432906570286434, 54.99964744261114), (-35.48615399385996, 55.14815640488485), (-35.53930461679985, 55.29656834755242), (-35.5923584386648, 55.444883268801405)]",True
1783881952.8982,0,-33.124653413839205,48.67687077492995,0.7037477137061573,94.19119663141636,-0.023221088302114657,-29.923461197307702,48.55332450498309,0.6353979133260985,99.31213615407142,-0.4270279592151275,3.2011922165315028,-0.12354626994686413,-0.06834980038005878,5.120939522655064,-0.4038068709130128,"[(-33.161815549292456, 48.797503658097014), (-33.20101328791733, 48.91205558885982), (-33.240120691266306, 49.026517062855646), (-33.27913775912834, 49.14088807891644), (-33.318064491293505, 49.2551686358753), (-33.35690088755305, 49.369358732566475), (-33.39564694769937, 49.48345836782537), (-33.434302671525984, 49.597467540488545), (-33.472868058827586, 49.71138624939372), (-33.51134310940001, 49.82521449337975), (-33.54972782304022, 49.93895227128664), (-33.58802219954636, 50.052599581955576), (-33.6262262387177, 50.16615642422887), (-33.66433994035467, 50.279622796950015), (-33.70236330425885, 50.39299869896362), (-33.74029633023296, 50.506284129115485), (-33.778139018080864, 50.61947908625253), (-33.815891367607584, 50.732583569222854), (-33.85355337861929, 50.84559757687569), (-33.8911250509233, 50.95852110806143), (-33.92860638432807, 51.07135416163164), (-33.965997378643216, 51.18409673643901), (-34.003298033679506, 51.29674883133738), (-34.040508349248846, 51.40931044518178), (-34.077628325164284, 51.52178157682836), (-34.11465796124004, 51.63416222513443), (-34.15159725729146, 51.746452388958474), (-34.18844621313505, 51.858652067160094), (-34.22520482858847, 51.970761258600064), (-34.2618731034705, 52.08277996214032), (-34.298451037601104, 52.19470817664394), (-34.33493863080137, 52.30654590097515), (-34.37133588289355, 52.41829313399935), (-34.40764279370103, 52.52994987458306), (-34.443859363048354, 52.641516121593995), (-34.47998559076122, 52.75299187390098), (-34.51602147666645, 52.86437713037403), (-34.55196702059205, 52.975671889884296), (-34.58782222236714, 53.086876151304075), (-34.62358708182201, 53.19798991350684), (-34.65926159878809, 53.30901317536719), (-34.69484577309796, 53.4199459357609), (-34.730339604585346, 53.53078819356489), (-34.76574309308512, 53.64153994765723), (-34.80105623843332, 53.75220119691714)]",True
1783881952.943666,0,-33.16170756447267,48.70442553382072,0.8295278009107385,94.19119663141636,-0.023221088302114657,-29.964612024241564,48.561502446057496,0.7582251307470808,99.31213615407142,-0.4270279592151275,3.197095540231107,-0.14292308776322216,-0.07130267016365777,5.120939522655064,-0.4038068709130128,"[(-33.165532315179526, 48.78186525770189), (-33.192457334020574, 48.87033544063021), (-33.21929479848679, 48.958717975236894), (-33.24604470852744, 49.0470128607533), (-33.2727070640928, 49.13522009641179), (-33.299281865134176, 49.22333968144579), (-33.3257691116039, 49.311371615089726), (-33.3521688034553, 49.39931589657904), (-33.37848094064276, 49.487172525150214), (-33.40470552312166, 49.57494150004076), (-33.43084255084843, 49.6626228204892), (-33.4568920237805, 49.75021648573508), (-33.482853941876314, 49.837722495018994), (-33.50872830509536, 49.92514084758254), (-33.534515113398136, 50.01247154266835), (-33.56021436674616, 50.099714579520075), (-33.585826065101976, 50.1868699573824), (-33.61135020842916, 50.273937675501024), (-33.636786796692284, 50.36091773312268), (-33.662135829856965, 50.447810129495124), (-33.68739730788984, 50.53461486386714), (-33.71257123075855, 50.62133193548853), (-33.73765759843178, 50.70796134361012), (-33.762656410879224, 50.794503087483776), (-33.787567668071596, 50.88095716636237), (-33.81239136998063, 50.96732357949982), (-33.8371275165791, 51.05360232615105), (-33.86177610784079, 51.13979340557202), (-33.8863371437405, 51.225896817019716), (-33.91081062425405, 51.311912559752145), (-33.935196549358295, 51.39784063302833), (-33.95949491903111, 51.483681036108344), (-33.98370573325138, 51.569433768253255), (-34.00782899199903, 51.65509882872518), (-34.03186469525499, 51.74067621678725), (-34.05581284300121, 51.826165931703635), (-34.079673435220684, 51.91156797273951), (-34.1034464718974, 51.99688233916109), (-34.12713195301639, 52.08210903023561), (-34.15072987856369, 52.16724804523132), (-34.174240248526374, 52.252299383417515), (-34.19766306289253, 52.33726304406451), (-34.220998321651265, 52.42213902644364), (-34.244246024792716, 52.506927329827256), (-34.26740617230803, 52.59162795348876)]",True
1783881953.002084,0,-33.18245002366188,48.7195273554081,0.8799025806035509,94.19119663141636,-0.023221088302114657,-29.987179700255513,48.56805226370333,0.8074172895011081,99.31213615407142,-0.4270279592151275,3.1952703234063655,-0.1514750917047678,-0.07248529110244273,5.120939522655064,-0.4038068709130128,"[(-33.17474102347149, 48.77513527148844), (-33.19291878003118, 48.844660164836455), (-33.21101093867233, 48.91409938511808), (-33.22901749944303, 48.9834529318196), (-33.2469384623923, 49.05272080442825), (-33.26477382757009, 49.1219030024322), (-33.28252359502729, 49.190999525320564), (-33.300187764815725, 49.26001037258339), (-33.317766336988164, 49.32893554371166), (-33.33525931159831, 49.3977750381973), (-33.352666688700786, 49.466528855533184), (-33.36998846835118, 49.53519699521313), (-33.38722465060601, 49.60377945673186), (-33.40437523552271, 49.67227623958507), (-33.421440223159664, 49.740687343269386), (-33.4384196135762, 49.809012767282375), (-33.45531340683258, 49.87725251112253), (-33.47212160298999, 49.945406574289294), (-33.48884420211057, 50.01347495628305), (-33.505481204257386, 50.08145765660512), (-33.52203260949443, 50.14935467475775), (-33.538498417886665, 50.217166010244156), (-33.55487862949995, 50.28489166256847), (-33.571173244401116, 50.35253163123576), (-33.587382262657904, 50.42008591575206), (-33.603505684339005, 50.48755451562431), (-33.61954350951405, 50.55493743036042), (-33.635495738253596, 50.62223465946921), (-33.65136237062914, 50.68944620246045), (-33.667143406713116, 50.75657205884487), (-33.6828388465789, 50.8236122281341), (-33.6984486903008, 50.890566709840755), (-33.713972937954054, 50.95743550347836), (-33.72941158961485, 51.02421860856137), (-33.744764645360306, 51.0909160246052), (-33.76003210526848, 51.1575277511262), (-33.77521396941835, 51.22405378764166), (-33.79031023788986, 51.2904941336698), (-33.80532091076387, 51.3568487887298), (-33.82024598812218, 51.423117752341746), (-33.83508547004753, 51.489301024026695), (-33.8498393566236, 51.55539860330663), (-33.86450764793498, 51.62141048970447), (-33.87909034406724, 51.68733668274409), (-33.89358744510685, 51.75317718195028)]",True
1783881953.1294663,0,-33.189661873223365,48.72470006490302,0.8951232151632127,94.19119663141636,-0.023221088302114657,-29.994947803186395,48.57051270932706,0.8222805976120665,99.31213615407142,-0.4270279592151275,3.1947140700369694,-0.15418735557595653,-0.07284261755114618,5.120939522655064,-0.4038068709130128,"[(-33.17874333363367, 48.77434589449985), (-33.194562620613915, 48.83868305480862), (-33.21029683177122, 48.90293506912566), (-33.22594596717815, 48.96710193700209), (-33.2415100269082, 49.03118365798994), (-33.25698901103578, 49.09518023164215), (-33.272382919636186, 49.1590916575126), (-33.287691752785655, 49.22291793515605), (-33.30291551056133, 49.2866590641282), (-33.31805419304127, 49.350315043985674), (-33.33310780030445, 49.413885874286), (-33.34807633243075, 49.47737155458763), (-33.362959789500984, 49.54077208444991), (-33.37775817159686, 49.60408746343314), (-33.39247147880101, 49.6673176910985), (-33.407099711196985, 49.73046276700813), (-33.42164286886924, 49.79352269072504), (-33.43610095190315, 49.856497461813184), (-33.450473960385004, 49.919387079837435), (-33.46476189440201, 49.982191544363566), (-33.47896475404227, 50.044910854958275), (-33.49308253939484, 50.10754501118918), (-33.507115250549646, 50.170094012624816), (-33.52106288759756, 50.232557858834625), (-33.53492545063035, 50.29493654938898), (-33.54870293974071, 50.35723008385916), (-33.56239535502225, 50.419438461817364), (-33.57600269656948, 50.481561682836706), (-33.58952496447784, 50.543599746491225), (-33.602962158843674, 50.60555265235587), (-33.61631427976425, 50.667420400006506), (-33.62958132733773, 50.72920298901992), (-33.64276330166322, 50.7909004189738), (-33.65586020284072, 50.85251268944677), (-33.66887203097115, 50.914039800018365), (-33.68179878615634, 50.97548175026903), (-33.69464046849905, 51.03683853978015), (-33.707397078102936, 51.098110168133985), (-33.72006861507258, 51.15929663491376), (-33.732655079513464, 51.220397939703574), (-33.745156471532, 51.281414082088475), (-33.7575727912355, 51.342345061654406), (-33.76990403873222, 51.40319087798824), (-33.7821502141313, 51.46395153067776), (-33.79431131754279, 51.52462701931167)]",True
1783881953.1520467,0,-33.197114963700706,48.72998285298354,0.9319686042415773,94.19119663141636,-0.023221088302114657,-30.002826935485253,48.57310157814101,0.8364371554223489,99.31213615407142,-0.4270279592151275,3.1942880282154533,-0.156881274842533,-0.09553144881922848,5.120939522655064,-0.4038068709130128,"[(-33.18316078318474, 48.77412861336416), (-33.196848066396036, 48.83373085536043), (-33.21045074453437, 48.89324842660304), (-33.22396881769366, 48.952681326700436), (-33.23740228596873, 49.012029555261975), (-33.250751149455304, 49.071293111897894), (-33.26401540824999, 49.13047199621933), (-33.2771950624503, 49.189566207838325), (-33.29029011215465, 49.248575746367806), (-33.30330055746232, 49.3075006114216), (-33.31622639847351, 49.36634080261444), (-33.329067635289306, 49.42509631956194), (-33.34182426801169, 49.48376716188063), (-33.354496296743534, 49.54235332918791), (-33.367083721588614, 49.60085482110211), (-33.379586542651595, 49.659271637242426), (-33.392004760038034, 49.71760377722897), (-33.40433837385439, 49.77585124068274), (-33.41658738420801, 49.83401402722564), (-33.42875179120714, 49.892092136480464), (-33.44083159496092, 49.95008556807091), (-33.45282679557938, 50.00799432162156), (-33.46473739317344, 50.0658183967579), (-33.47656338785494, 50.123557793106315), (-33.48830477973658, 50.18121251029409), (-33.49996156893198, 50.2387825479494), (-33.51153375555565, 50.29626790570131), (-33.52302133972298, 50.353668583179804), (-33.53442432155027, 50.410984580015736), (-33.545742701154715, 50.46821589584087), (-33.55697647865439, 50.52536253028788), (-33.568125654168284, 50.582424482990305), (-33.57919022781626, 50.63940175358262), (-33.59017019971909, 50.69629434170016), (-33.60106556999843, 50.753102246979175), (-33.61187633877685, 50.80982546905681), (-33.6226025061778, 50.8664640075711), (-33.63324407232562, 50.923017862161), (-33.64380103734555, 50.979487032466324), (-33.654273401363724, 51.03587151812781), (-33.66466116450718, 51.0921713187871), (-33.674964326903826, 51.1483864340867), (-33.68518288868249, 51.204516863670044), (-33.6953168499729, 51.26056260718144), (-33.705366210905645, 51.31652366426611)]",True
1783881953.1872842,0,-33.21295115146911,48.741072144206534,1.0004866951630975,94.19119663141636,-0.023221088302114657,-30.010809144719584,48.5758179611175,0.8499205689087522,99.31213615407142,-0.4270279592151275,3.202142006749529,-0.16525418308903284,-0.1505661262543453,5.120939522655064,-0.4038068709130128,"[(-33.18794916505236, 48.77443740018939), (-33.199705277356564, 48.82970860558367), (-33.21137720899801, 48.88489556869211), (-33.22296496008932, 48.93999828917408), (-33.23446853074403, 48.99501676668983), (-33.24588792107652, 49.04995100090049), (-33.25722313120208, 49.10480099146808), (-33.26847416123685, 49.15956673805549), (-33.27964101129787, 49.21424824032647), (-33.29072368150303, 49.268845497945684), (-33.30172217197112, 49.32335851057864), (-33.3126364828218, 49.37778727789176), (-33.3234666141756, 49.43213179955232), (-33.33421256615394, 49.48639207522849), (-33.344874338879094, 49.54056810458928), (-33.35545193247424, 49.594659887304644), (-33.36594534706341, 49.64866742304536), (-33.37635458277154, 49.702590711483104), (-33.38667963972441, 49.75642975229044), (-33.3969205180487, 49.81018454514079), (-33.407077217871965, 49.86385508970849), (-33.41714973932262, 49.91744138566871), (-33.42713808252998, 49.970943432697524), (-33.43704224762422, 50.02436123047189), (-33.44686223473639, 50.07769477866963), (-33.45659804399844, 50.130944076969456), (-33.46624967554317, 50.18410912505095), (-33.475817129504264, 50.23718992259458), (-33.48530040601629, 50.290186469281686), (-33.4946995052147, 50.34309876479448), (-33.504014427235795, 50.395926808816085), (-33.51324517221678, 50.44867060103047), (-33.52239174029572, 50.50133014112249), (-33.53145413161156, 50.55390542877788), (-33.54043234630414, 50.60639646368327), (-33.549326384514146, 50.658803245526144), (-33.558136246383164, 50.71112577399488), (-33.566861932053655, 50.763364048778726), (-33.575503441668936, 50.81551806956782), (-33.58406077537323, 50.86758783605317), (-33.592533933311614, 50.919573347926665), (-33.60092291563005, 50.971474604881074), (-33.60922772247538, 51.023291606610044), (-33.61744835399532, 51.0750243528081), (-33.62558481033846, 51.12667284317064)]",True
1783881953.2451878,0,-33.2388793883955,48.758800052860316,1.0915234283178543,94.19119663141636,-0.023221088302114657,-30.043651412439704,48.58786083411303,0.8977405409325743,99.31213615407142,-0.4270279592151275,3.195227975955799,-0.1709392187472858,-0.19378288738528004,5.120939522655064,-0.4038068709130128,"[(-33.21074960579215, 48.78009632637559), (-33.21644134796803, 48.82132260325546), (-33.222050257594525, 48.86246599891534), (-33.22757633483901, 48.90352651317018), (-33.233019579869676, 48.94450414583575), (-33.23837999285555, 48.985398896728654), (-33.243657573966466, 49.02621076566631), (-33.24885232337309, 49.066939752466965), (-33.25396424124691, 49.10758585694967), (-33.25899332776023, 49.14814907893432), (-33.26393958308617, 49.188629418241625), (-33.26880300739869, 49.22902687469312), (-33.27358360087254, 49.269341448111156), (-33.27828136368333, 49.30957313831892), (-33.282896296007465, 49.3497219451404), (-33.28742839802218, 49.38978786840044), (-33.291877669905524, 49.42977090792467), (-33.29624411183638, 49.469671063539565), (-33.30052772399444, 49.50948833507242), (-33.30472850656023, 49.54922272235135), (-33.308846459715085, 49.5888742252053), (-33.31288158364116, 49.62844284346402), (-33.316833878521436, 49.667928576958104), (-33.32070334453972, 49.70733142551895), (-33.32448998188065, 49.7466513889788), (-33.328193790729664, 49.785888467170686), (-33.331814771273024, 49.825042659928506), (-33.33535292369782, 49.86411396708694), (-33.33880824819197, 49.90310238848153), (-33.342180744944194, 49.9420079239486), (-33.34547041414406, 49.98083057332532), (-33.348677255981926, 50.01957033644968), (-33.351801270649, 50.0582272131605), (-33.354842458337295, 50.0968012032974), (-33.35780081923965, 50.13529230670086), (-33.36067635354972, 50.17370052321214), (-33.363469061461984, 50.21202585267335), (-33.36617894317175, 50.250268294927416), (-33.368805998875125, 50.288427849818085), (-33.371350228769074, 50.32650451718994), (-33.37381163305135, 50.36449829688836), (-33.37619021192055, 50.40240918875956), (-33.37848596557607, 50.4402371926506), (-33.38069889421814, 50.47798230840933), (-33.38282899804781, 50.51564453588444)]",True
1783881953.308291,0,-33.26712672500631,48.777635214927926,1.1701814869117755,94.19119663141636,-0.023221088302114657,-30.060580146950926,48.59444377638887,0.9183748867399772,99.31213615407142,-0.4270279592151275,3.206546578055381,-0.18319143853905473,-0.25180660017179823,5.120939522655064,-0.4038068709130128,"[(-33.23233783494977, 48.78881789153067), (-33.23490212722884, 48.82221324996507), (-33.23738431726036, 48.85552646471262), (-33.23978440523732, 48.88875753566884), (-33.24210239135354, 48.921906462730036), (-33.24433827580361, 48.95497324579331), (-33.24649205878289, 48.98795788475656), (-33.24856374048758, 49.02086037951847), (-33.250553321114644, 49.05368072997852), (-33.25246080086183, 49.086418936036985), (-33.254286179927696, 49.119074997594936), (-33.25602945851158, 49.15164891455424), (-33.257690636813614, 49.184140686817535), (-33.25926971503474, 49.21655031428829), (-33.26076669337667, 49.24887779687073), (-33.262181572041904, 49.28112313446989), (-33.26351435123376, 49.313286326991594), (-33.26476503115632, 49.34536737434247), (-33.265933612014486, 49.37736627642993), (-33.26702009401393, 49.409283033162176), (-33.26802447736112, 49.44111764444821), (-33.268946762263305, 49.472870110197825), (-33.26978694892856, 49.5045404303216), (-33.27054503756573, 49.53612860473092), (-33.27122102838444, 49.56763463333796), (-33.27181492159513, 49.59905851605568), (-33.272326717409015, 49.630400252797834), (-33.27275641603812, 49.661659843478986), (-33.27310401769524, 49.69283728801447), (-33.27336952259398, 49.72393258632043), (-33.273552930948725, 49.75494573831379), (-33.27365424297466, 49.78587674391228), (-33.27367345888776, 49.81672560303442), (-33.27361057890478, 49.84749231559951), (-33.27346560324329, 49.878176881527665), (-33.273238532121624, 49.90877930073977), (-33.272929365758934, 49.93929957315753), (-33.27253810437515, 49.96973769870341), (-33.27206474819099, 50.0000936773007), (-33.27150929742798, 50.03036750887346), (-33.27087175230843, 50.06055919334656), (-33.27015211305543, 50.09066873064565), (-33.26935037989288, 50.12069612069718), (-33.26846655304546, 50.1506413634284), (-33.26750063273864, 50.18050445876733)]",True
1783881953.3360343,0,-33.287048213660114,48.790790736656426,1.2165841326146092,94.19119663141636,-0.023221088302114657,-30.078276015514316,48.60158650039783,0.9890833938562625,99.31213615407142,-0.4270279592151275,3.208772198145798,-0.18920423625859684,-0.22750073875834664,5.120939522655064,-0.4038068709130128,"[(-33.23949637827647, 48.790256503965765), (-33.239789113135515, 48.818983167228836), (-33.23999960612036, 48.847627550326685), (-33.2401278574467, 48.87618965319965), (-33.240173867331066, 48.904669475788886), (-33.240137635990735, 48.933067018036326), (-33.24001916364382, 48.96138227988471), (-33.23981845050921, 48.989615261277585), (-33.239535496806596, 49.01776596215928), (-33.23917030275646, 49.04583438247493), (-33.23872286858009, 49.073820522170465), (-33.23819319449955, 49.10172438119261), (-33.237581280737736, 49.12954595948889), (-33.23688712751831, 49.15728525700762), (-33.236110735065736, 49.184942273697935), (-33.23525210360527, 49.21251700950974), (-33.23431123336298, 49.240009464393744), (-33.233288124565725, 49.26741963830147), (-33.232182777441146, 49.29474753118522), (-33.2309951922177, 49.321993142998096), (-33.229725369124615, 49.349156473694), (-33.22837330839195, 49.37623752322764), (-33.22693901025053, 49.4032362915545), (-33.22542247493199, 49.430152778630884), (-33.22382370266875, 49.45698698441388), (-33.22214269369405, 49.483738908861376), (-33.2203794482419, 49.51040855193205), (-33.21853396654711, 49.53699591358541), (-33.2166062488453, 49.5635009937817), (-33.21459629537287, 49.589923792482026), (-33.212504106367035, 49.61626430964825), (-33.2103296820658, 49.642522545243054), (-33.20807302270794, 49.66869849922989), (-33.20573412853306, 49.69479217157304), (-33.20331299978155, 49.72080356223756), (-33.20080963669459, 49.746732671189314), (-33.198224039514166, 49.77257949839496), (-33.19555620848305, 49.79834404382195), (-33.192806143844805, 49.82402630743854), (-33.189973845843824, 49.84962628921377), (-33.18705931472525, 49.8751439891175), (-33.18406255073506, 49.90057940712036), (-33.18098355411999, 49.9259325431938), (-33.17782232512761, 49.95120339731006), (-33.17457886400626, 49.976391969442176)]",True
1783881953.396659,0,-33.32934491581733,48.81804558762956,1.2968654467853993,94.19119663141636,-0.023221088302114657,-30.116974187911392,48.61812443844413,1.1114163295837478,99.31213615407142,-0.4270279592151275,3.212370727905938,-0.19992114918543535,-0.18544911720165147,5.120939522655064,-0.4038068709130128,"[(-33.27442751126303, 48.80781628590546), (-33.2725760714481, 48.829900317100744), (-33.27064353963642, 48.85190322499602), (-33.26862991605448, 48.873825009595755), (-33.266535200929546, 48.89566567090517), (-33.26435939448962, 48.917425208930226), (-33.26210249696345, 48.939103623677646), (-33.259764508580545, 48.96070091515491), (-33.257345429571174, 48.982217083370244), (-33.25484526016635, 49.003652128332625), (-33.252264000597826, 49.02500605005179), (-33.249601651098125, 49.04627884853823), (-33.246858211900516, 49.06747052380318), (-33.244033683239024, 49.088581075858635), (-33.24112806534841, 49.10961050471734), (-33.238141358464205, 49.130558810392785), (-33.235073562822684, 49.15142599289923), (-33.23192467866087, 49.172212052251666), (-33.22869470621654, 49.19291698846586), (-33.225383645728236, 49.21354080155832), (-33.22199149743523, 49.23408349154631), (-33.21851826157757, 49.25454505844784), (-33.21496393839604, 49.274925502281675), (-33.211328528132164, 49.295224823067336), (-33.20761203102824, 49.3154430208251), (-33.20381444732732, 49.33558009557599), (-33.19993577727319, 49.35563604734178), (-33.1959760211104, 49.37561087614501), (-33.19193517908424, 49.395504582008954), (-33.18781325144077, 49.415317164957656), (-33.183610238426795, 49.4350486250159), (-33.17932614028985, 49.45469896220923), (-33.17496095727826, 49.47426817656394), (-33.17051468964107, 49.49375626810708), (-33.16598733762809, 49.51316323686644), (-33.16137890148989, 49.53248908287058), (-33.15668938147777, 49.55173380614881), (-33.1519187778438, 49.570897406731184), (-33.14706709084079, 49.589979884648514), (-33.14213432072232, 49.60898123993237), (-33.137120467742704, 49.62790147261506), (-33.132025532157016, 49.64674058272965), (-33.12684951422107, 49.665498570309964), (-33.121592414191454, 49.684175435390586), (-33.11625423232549, 49.702771178006834)]",True
1783881953.4383218,0,-33.36284567879338,48.83931697261629,1.3476022264385021,94.19119663141636,-0.023221088302114657,-30.14846221766563,48.63228815041145,1.1887292045463864,99.31213615407142,-0.4270279592151275,3.2143834611277455,-0.20702882220484042,-0.15887302189211572,5.120939522655064,-0.4038068709130128,"[(-33.30408706953675, 48.82383486723267), (-33.301223932109906, 48.84217804427199), (-33.29827998181548, 48.86044038092268), (-33.29525521888677, 48.87862187722347), (-33.2921496435578, 48.89672253321385), (-33.28896325606333, 48.914742348934006), (-33.285696056638876, 48.93268132442492), (-33.282348045520685, 48.950539459728276), (-33.27891922294575, 48.968316754886516), (-33.275409589151806, 48.986013209942826), (-33.27181914437732, 49.003628824941124), (-33.268147888861506, 49.02116359992608), (-33.26439582284433, 49.03861753494311), (-33.26056294656648, 49.055990630038345), (-33.2566492602694, 49.073282885258685), (-33.25265476419526, 49.09049430065176), (-33.24857945858699, 49.10762487626596), (-33.24442334368824, 49.124674612150386), (-33.240186419743424, 49.141643508354896), (-33.23586868699767, 49.158531564930094), (-33.23147014569687, 49.17533878192732), (-33.22699079608764, 49.19206515939866), (-33.222430638417364, 49.20871069739694), (-33.21778967293414, 49.22527539597573), (-33.21306789988681, 49.24175925518933), (-33.20826531952497, 49.2581622750928), (-33.20338193209894, 49.27448445574193), (-33.198417737859806, 49.29072579719325), (-33.19337273705936, 49.306886299504036), (-33.18824692995018, 49.32296596273231), (-33.183040316785544, 49.33896478693683), (-33.17775289781949, 49.3548827721771), (-33.17238467330679, 49.37071991851336), (-33.16693564350295, 49.38647622600659), (-33.161405808664256, 49.402151694718526), (-33.155795169047686, 49.417746324711636), (-33.15010372491098, 49.43326011604912), (-33.144331476512626, 49.44869306879494), (-33.13847842411184, 49.46404518301378), (-33.13254456796859, 49.47931645877109), (-33.12652990834357, 49.49450689613303), (-33.120434445498226, 49.50961649516653), (-33.11425817969475, 49.524645255939255), (-33.10800111119607, 49.539593178519596), (-33.10166324026584, 49.55446026297671)]",True
1783881953.4863262,0,-33.39767403913704,48.86113857910676,1.3914400976858858,94.19119663141636,-0.023221088302114657,-30.18186910226669,48.64744753060727,1.2555294997474231,99.31213615407142,-0.4270279592151275,3.2158049368703487,-0.21369104849948428,-0.13591059793846272,5.120939522655064,-0.4038068709130128,"[(-33.335866151314264, 48.84137331804245), (-33.33234505773334, 48.856760964471576), (-33.32874335214137, 48.872067974486846), (-33.32506103477577, 48.88729434815358), (-33.32129810587469, 48.90244008553782), (-33.31745456567699, 48.91750518670636), (-33.313530414422296, 48.93248965172672), (-33.30952565235095, 48.94739348066715), (-33.30544027970403, 48.96221667359665), (-33.30127429672335, 48.97695923058493), (-33.29702770365145, 48.99162115170245), (-33.29270050073161, 49.0062024370204), (-33.28829268820785, 49.0207030866107), (-33.2838042663249, 49.035123100546016), (-33.27923523532825, 49.04946247889974), (-33.27458559546411, 49.06372122174599), (-33.26985534697942, 49.07789932915964), (-33.265044490121866, 49.09199680121627), (-33.26015302513986, 49.10601363799221), (-33.25518095228253, 49.11994983956453), (-33.250128271799774, 49.13380540601103), (-33.24499498394219, 49.14758033741022), (-33.23978108896113, 49.16127463384137), (-33.23448658710867, 49.17488829538449), (-33.22911147863762, 49.188421322120305), (-33.22365576380153, 49.201873714130286), (-33.218119442854665, 49.21524547149662), (-33.21250251605205, 49.22853659430225), (-33.20680498364942, 49.24174708263084), (-33.20102684590326, 49.254876936566795), (-33.19516810307077, 49.26792615619525), (-33.18922875540989, 49.28089474160207), (-33.18320880317932, 49.29378269287386), (-33.17710824663845, 49.30659001009796), (-33.17092708604743, 49.31931669336244), (-33.16466532166713, 49.331962742756104), (-33.15832295375917, 49.34452815836849), (-33.15189998258589, 49.35701294028988), (-33.145396408410356, 49.369417088611264), (-33.13881223149639, 49.38174060342439), (-33.132147452108526, 49.39398348482173), (-33.125402070512045, 49.4061457328965), (-33.11857608697296, 49.41822734774263), (-33.111669501757994, 49.430228329454806), (-33.104682315134646, 49.44214867812844)]",True
1783881953.5388222,0,-33.43359220961994,48.8835254353668,1.4293171361704253,94.19119663141636,-0.023221088302114657,-30.21750423670174,48.66371005331429,1.3745203932481287,99.31213615407142,-0.4270279592151275,3.2160879729181993,-0.21981538205250928,-0.05479674292229664,5.120939522655064,-0.4038068709130128,"[(-33.369359589984356, 48.86025772142074), (-33.365435008965896, 48.87331500640841), (-33.36142995935789, 48.88629180097789), (-33.35734444140004, 48.89918810521519), (-33.35317845533278, 48.91200391920707), (-33.34893200139727, 48.92473924304103), (-33.3446050798354, 48.937394076805276), (-33.34019769088978, 48.94996842058875), (-33.33570983480375, 48.96246227448113), (-33.33114151182139, 48.97487563857282), (-33.326492722187496, 48.98720851295494), (-33.321763466147594, 48.999460897719366), (-33.31695374394794, 49.01163279295867), (-33.31206355583551, 49.023724198766175), (-33.30709290205802, 49.03573511523592), (-33.302041782863895, 49.04766554246268), (-33.296910198502324, 49.059515480541954), (-33.29169814922319, 49.07128492956997), (-33.286405635277106, 49.08297388964368), (-33.28103265691543, 49.094582360860784), (-33.275579214390234, 49.106110343319685), (-33.27004530795433, 49.11755783711953), (-33.264430937861235, 49.12892484236018), (-33.25873610436523, 49.140211359142235), (-33.25296080772129, 49.15141738756703), (-33.24710504818512, 49.16254292773662), (-33.24116882601318, 49.173587979753776), (-33.23515214146264, 49.184552543722035), (-33.2290549947914, 49.19543661974562), (-33.22287738625807, 49.206240207929504), (-33.21661931612202, 49.216963308379384), (-33.21028078464333, 49.227605921201686), (-33.20386179208281, 49.23816804650356), (-33.197362338701986, 49.2486496843929), (-33.190782424763135, 49.25905083497831), (-33.18412205052925, 49.26937149836913), (-33.177381216264045, 49.27961167467542), (-33.170559922231966, 49.28977136400799), (-33.1636581686982, 49.29985056647835), (-33.15667595592864, 49.30984928219876), (-33.149613284189925, 49.3197675112822), (-33.14247015374941, 49.32960525384238), (-33.135246564875175, 49.33936250999374), (-33.12794251783605, 49.34903927985144), (-33.12055801290156, 49.35863556353137)]",True
1783881953.5915303,0,-33.47054895322768,48.90624340571007,1.462043863165521,94.19119663141636,-0.023221088302114657,-30.256763157899293,48.68185051668392,1.50580099142511,99.31213615407142,-0.4270279592151275,3.213785795328384,-0.22439288902614862,0.043757128259588995,5.120939522655064,-0.4038068709130128,"[(-33.40428329221384, 48.880271772084185), (-33.40013802126655, 48.89149410726894), (-33.395912380566315, 48.90263605300135), (-33.39160637035389, 48.91369760938365), (-33.38721999087075, 48.92467877651878), (-33.38275324235908, 48.93557955451044), (-33.37820612506181, 48.94639994346302), (-33.37357863922257, 48.95713994348165), (-33.36887078508574, 48.96779955467218), (-33.36408256289641, 48.978378777141195), (-33.359213972900385, 48.98887761099599), (-33.35426501534421, 48.9992960563446), (-33.349235690475155, 49.00963411329577), (-33.344125998541195, 49.01989178195897), (-33.33893593979105, 49.03006906244441), (-33.333665514474156, 49.040165954863014), (-33.328314722840666, 49.05018245932643), (-33.32288356514147, 49.06011857594703), (-33.31737204162817, 49.06997430483791), (-33.3117801525531, 49.0797496461129), (-33.30610789816931, 49.08944459988655), (-33.30035527873059, 49.09905916627412), (-33.294522294491436, 49.10859334539161), (-33.28860894570708, 49.11804713735575), (-33.282615232633475, 49.127420542283986), (-33.27654115552729, 49.136713560294474), (-33.27038671464593, 49.14592619150612), (-33.26415191024751, 49.15505843603854), (-33.25783674259089, 49.164110294012076), (-33.25144121193563, 49.173081765547806), (-33.24496531854203, 49.181972850767515), (-33.23840906267111, 49.19078354979373), (-33.231772444584614, 49.19951386274968), (-33.22505546454501, 49.20816378975933), (-33.218258122815485, 49.21673333094739), (-33.21138041965996, 49.225222486439264), (-33.20442235534307, 49.233631256361086), (-33.19738393013018, 49.24195964083973), (-33.19026514428737, 49.25020764000278), (-33.18306599808146, 49.25837525397854), (-33.17578649177998, 49.266462482896074), (-33.16842662565119, 49.274469326885125), (-33.16098639996408, 49.28239578607618), (-33.153465814988344, 49.29024186060046), (-33.145864870994416, 49.298007550589894)]",True
1783881953.6498454,0,-33.50828200355042,48.9294432216762,1.4903205897171152,94.19119663141636,-0.023221088302114657,-30.299373940783017,48.70147406762849,1.6192307754892636,99.31213615407142,-0.4270279592151275,3.208908062767403,-0.22796915404771312,0.1289101857721484,5.120939522655064,-0.4038068709130128,"[(-33.440423113401074, 48.90120415689111), (-33.43618837763731, 48.91098185038256), (-33.43187334019154, 48.92067922426341), (-33.42747800130466, 48.93029627864858), (-33.42300236121829, 48.93983301365376), (-33.41844642017478, 48.94928942939532), (-33.4138101784172, 48.95866552599036), (-33.409093636189326, 48.96796130355672), (-33.40429679373567, 48.97717676221294), (-33.39941965130145, 48.9863119020783), (-33.394462209132634, 48.99536672327278), (-33.389424467475884, 49.0043412259171), (-33.3843064265786, 49.0132354101327), (-33.379108086688895, 49.02204927604174), (-33.3738294480556, 49.030782823767105), (-33.36847051092829, 49.03943605343238), (-33.363031275557226, 49.048008965161905), (-33.357511742193424, 49.05650155908072), (-33.35191191108859, 49.064913835314606), (-33.34623178249518, 49.07324579399003), (-33.340471356666356, 49.081497435234226), (-33.33463063385601, 49.089668759175126), (-33.32870961431874, 49.097759765941376), (-33.322708298309884, 49.10577045566236), (-33.31662668608549, 49.113700828468176), (-33.31046477790233, 49.12155088448964), (-33.304222574017906, 49.12932062385832), (-33.297900074690425, 49.13701004670646), (-33.29149728017882, 49.144619153167056), (-33.28501419074276, 49.15214794337381), (-33.27845080664261, 49.15959641746117), (-33.271807128139486, 49.16696457556427), (-33.2650831554952, 49.174252417819), (-33.258278888972306, 49.181459944361954), (-33.25139432883406, 49.188587155330445), (-33.24442947534445, 49.195634050862516), (-33.23738432876819, 49.20260063109694), (-33.2302588893707, 49.209486896173196), (-33.22305315741814, 49.21629284623149), (-33.21576713317738, 49.223018481412744), (-33.208400816916004, 49.229663801858614), (-33.20095420890234, 49.236228807711484), (-33.193427309405415, 49.24271349911443), (-33.18582011869499, 49.24911787621127), (-33.17813263704154, 49.25544193914656)]",True
1783881953.6878047,0,-33.533921079567556,48.944971983463674,1.507001842054952,94.19119663141636,-0.023221088302114657,-30.329411557094996,48.715288236183405,1.6861462597532577,99.31213615407142,-0.4270279592151275,3.2045095224725593,-0.2296837472802693,0.1791444176983057,5.120939522655064,-0.4038068709130128,"[(-33.46514973631485, 48.91550575358533), (-33.4609114665141, 48.92449122368686), (-33.45659292687386, 48.93339640704397), (-33.45219411763476, 48.94222130377858), (-33.44771503903816, 48.95096591401332), (-33.443155691326126, 48.95963023787152), (-33.43851607474145, 48.968214275477266), (-33.43379618952765, 48.976718026955346), (-33.42899603592895, 48.985141492431275), (-33.4241156141903, 48.99348467203128), (-33.41915492455739, 49.00174756588231), (-33.4141139672766, 49.00993017411206), (-33.40899274259504, 49.0180324968489), (-33.403791250760555, 49.02605453422196), (-33.3985094920217, 49.033996286361074), (-33.393147466627745, 49.0418577533968), (-33.38770517482868, 49.04963893546041), (-33.38218261687523, 49.0573398326839), (-33.37657979301882, 49.06496044519999), (-33.37089670351161, 49.07250077314213), (-33.36513334860648, 49.07996081664447), (-33.359289728557016, 49.0873405758419), (-33.353365843617546, 49.09464005087002), (-33.3473616940431, 49.10185924186515), (-33.341277280089436, 49.10899814896433), (-33.335112602013034, 49.116056772305335), (-33.32886766007109, 49.123035112026635), (-33.32254245452152, 49.12993316826745), (-33.316136985622954, 49.1367509411677), (-33.30965125363477, 49.143488430868025), (-33.30308525881703, 49.15014563750981), (-33.29643900143053, 49.15672256123512), (-33.2897124817368, 49.16321920218679), (-33.282905699998075, 49.169635560508326), (-33.27601865647731, 49.175971636343995), (-33.26905135143819, 49.182227429838754), (-33.26200378514512, 49.18840294113831), (-33.2548759578632, 49.19449817038907), (-33.24766786985828, 49.200513117738154), (-33.24037952139693, 49.20644778333343), (-33.233010912746415, 49.21230216732347), (-33.22556204417474, 49.218076269857576), (-33.21803291595063, 49.223770091085754), (-33.21042352834352, 49.22938363115874), (-33.20273388162357, 49.23491689022799)]",True
1783881953.7435184,0,-33.57315286892792,48.96811529651104,1.529165429763579,94.19119663141636,-0.023221088302114657,-30.37662694091969,48.736948836206025,1.775053685557634,99.31213615407142,-0.4270279592151275,3.1965259280082314,-0.23116646030501187,0.24588825579405493,5.120939522655064,-0.4038068709130128,"[(-33.502909628299754, 48.9376369740652), (-33.49871595732542, 48.94565745952438), (-33.49444204704261, 48.953597690073344), (-33.49008789769127, 48.96145766584253), (-33.48565350951206, 48.96923738696307), (-33.48113888274637, 48.97693685356682), (-33.476544017636314, 48.98455606578635), (-33.471868914424704, 48.99209502375496), (-33.467113573355086, 48.99955372760667), (-33.46227799467172, 49.0069321774762), (-33.4573621786196, 49.014230373499025), (-33.45236612544441, 49.021448315811305), (-33.447289835392574, 49.02858600454994), (-33.44213330871124, 49.03564343985255), (-33.43689654564826, 49.04262062185745), (-33.431579546452205, 49.04951755070371), (-33.42618231137238, 49.05633422653109), (-33.4207048406588, 49.06307064948009), (-33.4151471345622, 49.069726819691915), (-33.40950919333403, 49.0763027373085), (-33.40379101722647, 49.0827984024725), (-33.3979926064924, 49.08921381532726), (-33.39211396138544, 49.0955489760169), (-33.38615508215992, 49.10180388468621), (-33.380115969070886, 49.107978541480726), (-33.37399662237411, 49.1140729465467), (-33.36779704232608, 49.12008710003109), (-33.361517229184, 49.12602100208159), (-33.355157183205804, 49.13187465284661), (-33.348716904650125, 49.13764805247527), (-33.342196393776334, 49.143341201117416), (-33.33559565084451, 49.14895409892361), (-33.32891467611546, 49.154486746045144), (-33.3221534698507, 49.15993914263402), (-33.31531203231247, 49.165311288842965), (-33.308390363763735, 49.17060318482541), (-33.30138846446817, 49.175814830735526), (-33.29430633469017, 49.180946226728196), (-33.28714397469486, 49.18599737295902), (-33.27990138474807, 49.19096826958433), (-33.27257856511636, 49.19585891676116), (-33.265175516067, 49.200669314647264), (-33.257692237867985, 49.20539946340113), (-33.25012873078802, 49.21004936318195), (-33.24248499509654, 49.21461901414965)]",True
1783881953.7996879,0,-33.61320105921907,48.991085759937825,1.548315334645086,96.73898600679595,0.08881378230625714,-30.426077550681207,48.759689348362,1.8518719683102365,99.31213615407142,-0.4270279592151275,3.1871235085378657,-0.23139641157582247,0.3035566336651505,2.57315014727547,-0.5158417415213846,"[(-33.54160870977062, 48.96006281242767), (-33.537517062692785, 48.9673109717125), (-33.53334519650838, 48.97447889741297), (-33.529093111456255, 48.98156658966633), (-33.52476080777599, 48.98857404861053), (-33.52034828570787, 48.99550127438425), (-33.515855545492904, 49.0023482671269), (-33.51128258737283, 49.009115026978584), (-33.5066294115901, 49.01580155408015), (-33.50189601838787, 49.02240784857313), (-33.49708240801002, 49.028933910599825), (-33.492188580701175, 49.03537974030321), (-33.48721453670663, 49.04174533782701), (-33.482160276272445, 49.04803070331564), (-33.47702579964538, 49.05423583691425), (-33.4718111070729, 49.060360738768715), (-33.46651619880321, 49.06640540902563), (-33.46114107508522, 49.072369847832285), (-33.45568573616856, 49.07825405533671), (-33.45015018230359, 49.08405803168765), (-33.444534413741366, 49.08978177703456), (-33.43883843073368, 49.095425291527626), (-33.43306223353305, 49.10098857531775), (-33.42720582239269, 49.10647162855655), (-33.42126919756655, 49.11187445139635), (-33.415252359309285, 49.11719704399023), (-33.409155307876276, 49.12243940649195), (-33.402978043523625, 49.12760153905601), (-33.396720566508144, 49.13268344183761), (-33.39038287708737, 49.13768511499269), (-33.383964975519554, 49.142606558677905), (-33.37746686206367, 49.147447773050615), (-33.37088853697941, 49.15220875826891), (-33.36423000052718, 49.1568895144916), (-33.35749125296811, 49.16149004187821), (-33.35067229456404, 49.16601034058898), (-33.34377312557754, 49.17045041078488), (-33.336793746271894, 49.17481025262758), (-33.32973415691109, 49.17908986627948), (-33.322594357759854, 49.18328925190371), (-33.315374349083626, 49.1874084096641), (-33.30807413114856, 49.191447339725215), (-33.30069370422152, 49.19540604225232), (-33.29323306857011, 49.19928451741142), (-33.285692224462636, 49.20308276536922)]",True
1783881953.8361893,0,-33.69515213374234,49.03685875396454,1.5791575118480203,96.73898600679595,0.08881378230625714,-30.530617617390302,48.8076085115542,1.9755928485830618,99.31213615407142,-0.4270279592151275,3.164534516352038,-0.22925024241033753,0.3964353367350415,2.57315014727547,-0.5158417415213846,"[(-33.55473205072837, 48.967525752886345), (-33.55068584925573, 48.97454826811155), (-33.54655943286944, 48.98149055429267), (-33.54235280180791, 48.988352611568956), (-33.53806595631028, 48.99513444008037), (-33.53369889661639, 49.0018360399676), (-33.529251622966825, 49.008457411372035), (-33.52472413560287, 49.014998554435806), (-33.52011643476652, 49.02145946930174), (-33.51542852070052, 49.0278401561134), (-33.510660393648294, 49.034140615015055), (-33.505812053854015, 49.0403608461517), (-33.50088350156256, 49.04650084966905), (-33.49587473701953, 49.05256062571354), (-33.490785760471226, 49.05854017443231), (-33.4856165721647, 49.06443949597323), (-33.480367172347705, 49.07025859048489), (-33.47503756126871, 49.075997458116596), (-33.46962773917689, 49.081656099018375), (-33.46413770632218, 49.08723451334096), (-33.45856746295517, 49.092732701235825), (-33.452917009327244, 49.09815066285515), (-33.44718634569044, 49.10348839835183), (-33.44137547229755, 49.10874590787948), (-33.43548438940207, 49.11392319159244), (-33.42951309725822, 49.119020249645764), (-33.42346159612094, 49.12403708219522), (-33.41732988624587, 49.12897368939731), (-33.41111796788938, 49.13383007140925), (-33.40482584130858, 49.13860622838896), (-33.398453506761264, 49.14330216049508), (-33.39200096450597, 49.147917867886996), (-33.38546821480194, 49.152453350724784), (-33.37885525790914, 49.15690860916925), (-33.37216209408824, 49.161283643381914), (-33.36538872360065, 49.165578453525015), (-33.35853514670849, 49.16979303976152), (-33.35160136367459, 49.17392740225511), (-33.344587374762504, 49.177981541170176), (-33.337493180236514, 49.18195545667184), (-33.33031878036161, 49.185849148925925), (-33.323064175403495, 49.18966261809899), (-33.3157293656286, 49.19339586435832), (-33.30831435130406, 49.197048887871894), (-33.30081913269776, 49.20062168880841)]",True
1783881953.8938687,0,-33.79298977445742,49.09035885134274,1.6054071559294032,96.73898600679595,0.08881378230625714,-30.67926994297633,48.874599982682064,2.093211777947362,99.31213615407142,-0.4270279592151275,3.113719831481088,-0.21575886866067862,0.4878046220179586,2.57315014727547,-0.5158417415213846,"[(-33.62143482163256, 49.00514564419294), (-33.620476820309406, 49.01330639621214), (-33.619440606709055, 49.02138892488936), (-33.618326181026895, 49.02939323034424), (-33.61713354345895, 49.03731931269706), (-33.615862694201894, 49.04516717206874), (-33.61451363345305, 49.052936808580846), (-33.613086361410396, 49.06062822235562), (-33.61158087827256, 49.06824141351592), (-33.609997184238814, 49.07577638218529), (-33.608335279509085, 49.08323312848789), (-33.60659516428394, 49.090611652548546), (-33.6047768387646, 49.09791195449274), (-33.60288030315295, 49.105134034446586), (-33.6009055576515, 49.11227789253686), (-33.598852602463424, 49.119343528890994), (-33.596721437792546, 49.12633094363705), (-33.59451206384333, 49.13324013690375), (-33.5922244808209, 49.14007110882047), (-33.58985868893103, 49.146823859517234), (-33.587414688380136, 49.15349838912471), (-33.58489247937528, 49.16009469777422), (-33.582292062124175, 49.16661278559774), (-33.579613436835196, 49.17305265272789), (-33.57685660371737, 49.17941429929793), (-33.57402156298034, 49.18569772544179), (-33.57110831483443, 49.19190293129403), (-33.568116859490615, 49.19802991698988), (-33.565047197160496, 49.20407868266521), (-33.56189932805634, 49.21004922845654), (-33.55867325239106, 49.21594155450102), (-33.55536897037822, 49.221755660936495), (-33.551986482232024, 49.227491547901415), (-33.54852578816734, 49.2331492155349), (-33.54498688839967, 49.23872866397672), (-33.541369783145186, 49.2442298933673), (-33.537674472620694, 49.24965290384769), (-33.53390095704364, 49.25499769555962), (-33.530049236632145, 49.26026426864545), (-33.52611931160496, 49.2654526232482), (-33.52211118218149, 49.270562759511535), (-33.518024848581796, 49.27559467757976), (-33.513860311026576, 49.28054837759785), (-33.50961756973719, 49.28542385971142), (-33.50529662493564, 49.29022112406673)]",True
1783881953.9587374,0,-33.82135510955725,49.10553247669427,1.6114038868343736,96.73898600679595,0.08881378230625714,-30.717388794078367,48.891170393696065,2.0098465538247154,99.31213615407142,-0.4270279592151275,3.1039663154788855,-0.21436208299820692,0.3984426669903418,2.57315014727547,-0.5158417415213846,"[(-33.66533836505017, 49.02937674561539), (-33.66639993204869, 49.038369499884226), (-33.66738265367863, 49.047283398963756), (-33.66828653012369, 49.05611844296992), (-33.66911156156825, 49.064874632019325), (-33.66985774819736, 49.07355196622926), (-33.67052509019674, 49.08215044571768), (-33.671113587752785, 49.09067007060322), (-33.671623241052565, 49.09911084100518), (-33.672054050283826, 49.107472757043546), (-33.672406015634984, 49.11575581883897), (-33.67267913729512, 49.123960026512776), (-33.672873415454, 49.132085380186965), (-33.67298885030206, 49.14013187998422), (-33.67302544203042, 49.14809952602787), (-33.67298319083085, 49.155988318441956), (-33.672862096895805, 49.16379825735117), (-33.672662160418426, 49.171529342880866), (-33.67238338159251, 49.1791815751571), (-33.672025760612534, 49.18675495430659), (-33.67158929767365, 49.194249480456726), (-33.671073992971685, 49.20166515373556), (-33.670479846703124, 49.209001974271835), (-33.66980685906515, 49.21625994219497), (-33.66905503025559, 49.22343905763504), (-33.66822436047298, 49.230539320722805), (-33.66731484991651, 49.2375607315897), (-33.66632649878603, 49.24450329036783), (-33.665259307282085, 49.25136699718997), (-33.664113275605885, 49.25815185218958), (-33.66288840395931, 49.26485785550077), (-33.66158469254491, 49.27148500725836), (-33.66020214156595, 49.278033307597816), (-33.6587407512263, 49.284502756655286), (-33.657200521730545, 49.29089335456759), (-33.655581453283936, 49.297205101472215), (-33.6538835460924, 49.303437997507345), (-33.65210680036253, 49.309592042811815), (-33.650251216301605, 49.315667237525126), (-33.64831679411756, 49.32166358178748), (-33.64630353401902, 49.32758107573975), (-33.64421143621527, 49.333419719523455), (-33.64204050091627, 49.339179513280804), (-33.63979072833267, 49.344860457154695), (-33.63746211867577, 49.35046255128868)]",True
1783881953.9939306,0,-33.83559812389427,49.11309870163269,1.6141901299747745,96.73898600679595,0.08881378230625714,-30.73542174393475,48.89890815956465,1.9147465538247155,99.31213615407142,-0.4270279592151275,3.100176379959521,-0.21419054206803878,0.30055642384994097,2.57315014727547,-0.5158417415213846,"[(-33.69494264421709, 49.045618541865984), (-33.696826512805224, 49.05484564538988), (-33.69863052137238, 49.06399287955225), (-33.700354670102364, 49.073060244471634), (-33.70199895917966, 49.08204774026726), (-33.7035633887895, 49.09095536705907), (-33.705047959117785, 49.099783124967736), (-33.70645267035115, 49.10853101411462), (-33.70777752267693, 49.11719903462179), (-33.70902251628317, 49.125787186612044), (-33.71018765135864, 49.13429547020887), (-33.71127292809279, 49.142723885536476), (-33.71227834667581, 49.15107243271977), (-33.71320390729858, 49.159341111884395), (-33.71404961015269, 49.16752992315668), (-33.71481545543045, 49.17563886666366), (-33.71550144332487, 49.183667942533106), (-33.71610757402967, 49.19161715089347), (-33.716633847739296, 49.19948649187393), (-33.71708026464888, 49.20727596560437), (-33.71744682495428, 49.21498557221538), (-33.71773352885206, 49.222615311838275), (-33.71794037653948, 49.230165184605056), (-33.718067368214534, 49.237635190648454), (-33.7181145040759, 49.2450253301019), (-33.71808178432298, 49.25233560309954), (-33.71796920915589, 49.259566009776215), (-33.717776778775445, 49.266716550267496), (-33.71750449338317, 49.27378722470964), (-33.7171523531813, 49.280778033239656), (-33.71672035837278, 49.287688975995216), (-33.716208509161284, 49.29452005311472), (-33.71561680575116, 49.30127126473728), (-33.71494524834749, 49.30794261100272), (-33.71419383715606, 49.314534092051574), (-33.71336257238336, 49.321045708025075), (-33.712451454236586, 49.32747745906517), (-33.71146048292367, 49.333829345314534), (-33.71038965865322, 49.34010136691652), (-33.70923898163456, 49.34629352401521), (-33.70800845207775, 49.35240581675539), (-33.70669807019353, 49.358438245282564), (-33.70530783619336, 49.364390809742936), (-33.703837750289416, 49.370263510283415), (-33.70228781269457, 49.376056347051644)]",True
1783881954.0382416,0,-33.89298082920358,49.14314056237918,1.6240717574395032,96.73898600679595,0.08881378230625714,-30.79896651289856,48.92575042577037,1.5343465538247156,99.31213615407142,-0.4270279592151275,3.094014316305021,-0.21739013660881312,-0.08972520361478753,2.57315014727547,-0.5158417415213846,"[(-33.72352445587404, 49.061199254414284), (-33.726127571468965, 49.07060814867972), (-33.728650584688104, 49.07993693186099), (-33.73109349571045, 49.08918560407605), (-33.73345630471569, 49.09835416544359), (-33.73573901188425, 49.10744261608299), (-33.737941617397276, 49.11645095611437), (-33.74006412143662, 49.12537918565856), (-33.742106524184855, 49.134227304837104), (-33.74406882582527, 49.14299531377228), (-33.745951026541896, 49.151683212587066), (-33.74775312651944, 49.16029100140518), (-33.74947512594336, 49.16881868035103), (-33.75111702499982, 49.17726624954977), (-33.7526788238757, 49.18563370912725), (-33.754160522758596, 49.193921059210055), (-33.75556212183683, 49.20212829992548), (-33.756883621299444, 49.21025543140153), (-33.758125021336184, 49.21830245376695), (-33.759286322137534, 49.2262693671512), (-33.76036752389468, 49.234156171684425), (-33.76136862679953, 49.24196286749753), (-33.76228963104471, 49.24968945472211), (-33.76313053682357, 49.257335933490495), (-33.76389134433017, 49.26490230393573), (-33.76457205375929, 49.272388566191566), (-33.76517266530642, 49.27979472039249), (-33.7656931791678, 49.287120766673695), (-33.76613359554034, 49.2943667051711), (-33.76649391462171, 49.301532536021334), (-33.76677413661028, 49.30861825936175), (-33.76697426170513, 49.315623875330424), (-33.767094290106066, 49.322549384066136), (-33.767134222013624, 49.32939478570839), (-33.767094057629045, 49.33616008039741), (-33.76697379715428, 49.342845268274154), (-33.766773440792015, 49.34945034948027), (-33.76649298874564, 49.35597532415814), (-33.76613244121928, 49.36242019245086), (-33.765691798417755, 49.36878495450225), (-33.76517106054663, 49.37506961045684), (-33.76457022781216, 49.38127416045988), (-33.76388930042133, 49.38739860465734), (-33.76312827858186, 49.393442943195915), (-33.76228716250216, 49.399407176223)]",True
1783881954.0853634,0,-33.89298082920358,49.14314056237918,1.6240717574395032,96.73898600679595,0.08881378230625714,-30.79896651289856,48.92575042577037,1.5343465538247156,99.31213615407142,-0.4270279592151275,3.094014316305021,-0.21739013660881312,-0.08972520361478753,2.57315014727547,-0.5158417415213846,"[(-33.72352445587404, 49.061199254414284), (-33.726127571468965, 49.07060814867972), (-33.728650584688104, 49.07993693186099), (-33.73109349571045, 49.08918560407605), (-33.73345630471569, 49.09835416544359), (-33.73573901188425, 49.10744261608299), (-33.737941617397276, 49.11645095611437), (-33.74006412143662, 49.12537918565856), (-33.742106524184855, 49.134227304837104), (-33.74406882582527, 49.14299531377228), (-33.745951026541896, 49.151683212587066), (-33.74775312651944, 49.16029100140518), (-33.74947512594336, 49.16881868035103), (-33.75111702499982, 49.17726624954977), (-33.7526788238757, 49.18563370912725), (-33.754160522758596, 49.193921059210055), (-33.75556212183683, 49.20212829992548), (-33.756883621299444, 49.21025543140153), (-33.758125021336184, 49.21830245376695), (-33.759286322137534, 49.2262693671512), (-33.76036752389468, 49.234156171684425), (-33.76136862679953, 49.24196286749753), (-33.76228963104471, 49.24968945472211), (-33.76313053682357, 49.257335933490495), (-33.76389134433017, 49.26490230393573), (-33.76457205375929, 49.272388566191566), (-33.76517266530642, 49.27979472039249), (-33.7656931791678, 49.287120766673695), (-33.76613359554034, 49.2943667051711), (-33.76649391462171, 49.301532536021334), (-33.76677413661028, 49.30861825936175), (-33.76697426170513, 49.315623875330424), (-33.767094290106066, 49.322549384066136), (-33.767134222013624, 49.32939478570839), (-33.767094057629045, 49.33616008039741), (-33.76697379715428, 49.342845268274154), (-33.766773440792015, 49.34945034948027), (-33.76649298874564, 49.35597532415814), (-33.76613244121928, 49.36242019245086), (-33.765691798417755, 49.36878495450225), (-33.76517106054663, 49.37506961045684), (-33.76457022781216, 49.38127416045988), (-33.76388930042133, 49.38739860465734), (-33.76312827858186, 49.393442943195915), (-33.76228716250216, 49.399407176223)]",True
1783881954.1349983,0,-33.99433793098221,49.1957020665122,1.6373430745076807,96.73898600679595,0.08881378230625714,-30.88618796676565,48.95970066781316,1.2146254929629607,99.31213615407142,-0.4270279592151275,3.1081499642165618,-0.23600139869903813,-0.42271758154471994,2.57315014727547,-0.5158417415213846,"[(-33.73822880057871, 49.069113052460764), (-33.74047332045982, 49.07816875877612), (-33.742636903023296, 49.08714351887518), (-33.74471954845708, 49.09603733288288), (-33.746721256949854, 49.10485020092492), (-33.74864202869107, 49.11358212312775), (-33.75048186387092, 49.12223309961856), (-33.75224076268033, 49.1308031305253), (-33.753918725310996, 49.13929221597666), (-33.75551575195536, 49.14770035610207), (-33.75703184280658, 49.15602755103173), (-33.75846699805861, 49.16427380089657), (-33.75982121790612, 49.17243910582827), (-33.761094502544545, 49.180523465959276), (-33.76228685217005, 49.18852688142277), (-33.763398266979564, 49.196449352352666), (-33.76442874717076, 49.20429087888367), (-33.76537829294206, 49.21205146115119), (-33.76624690449263, 49.21973109929142), (-33.7670345820224, 49.22732979344128), (-33.76774132573201, 49.23484754373843), (-33.768367135822906, 49.24228435032131), (-33.76891201249723, 49.24964021332909), (-33.7693759559579, 49.25691513290168), (-33.76975896640857, 49.26410910917976), (-33.770061044053655, 49.271222142304744), (-33.77028218909831, 49.27825423241879), (-33.77042240174844, 49.285205379664816), (-33.77048168221069, 49.292075584186485), (-33.77046003069247, 49.29886484612821), (-33.77035744740192, 49.30557316563515), (-33.77017393254794, 49.31220054285322), (-33.76990948634018, 49.31874697792906), (-33.76956410898903, 49.32521247101009), (-33.769137800705636, 49.33159702224446), (-33.76863056170188, 49.33790063178107), (-33.76804239219041, 49.34412329976957), (-33.767373292384605, 49.35026502636037), (-33.766623262498605, 49.3563258117046), (-33.765792302747286, 49.36230565595417), (-33.76488041334629, 49.36820455926172), (-33.76388759451199, 49.37402252178065), (-33.76281384646152, 49.3797595436651), (-33.761659169412745, 49.38541562506995), (-33.7604235635843, 49.39099076615085)]",True
1783881954.185008,0,-33.99433793098221,49.1957020665122,1.6373430745076807,96.73898600679595,0.08881378230625714,-30.88618796676565,48.95970066781316,1.2146254929629607,99.31213615407142,-0.4270279592151275,3.1081499642165618,-0.23600139869903813,-0.42271758154471994,2.57315014727547,-0.5158417415213846,"[(-33.73822880057871, 49.069113052460764), (-33.74047332045982, 49.07816875877612), (-33.742636903023296, 49.08714351887518), (-33.74471954845708, 49.09603733288288), (-33.746721256949854, 49.10485020092492), (-33.74864202869107, 49.11358212312775), (-33.75048186387092, 49.12223309961856), (-33.75224076268033, 49.1308031305253), (-33.753918725310996, 49.13929221597666), (-33.75551575195536, 49.14770035610207), (-33.75703184280658, 49.15602755103173), (-33.75846699805861, 49.16427380089657), (-33.75982121790612, 49.17243910582827), (-33.761094502544545, 49.180523465959276), (-33.76228685217005, 49.18852688142277), (-33.763398266979564, 49.196449352352666), (-33.76442874717076, 49.20429087888367), (-33.76537829294206, 49.21205146115119), (-33.76624690449263, 49.21973109929142), (-33.7670345820224, 49.22732979344128), (-33.76774132573201, 49.23484754373843), (-33.768367135822906, 49.24228435032131), (-33.76891201249723, 49.24964021332909), (-33.7693759559579, 49.25691513290168), (-33.76975896640857, 49.26410910917976), (-33.770061044053655, 49.271222142304744), (-33.77028218909831, 49.27825423241879), (-33.77042240174844, 49.285205379664816), (-33.77048168221069, 49.292075584186485), (-33.77046003069247, 49.29886484612821), (-33.77035744740192, 49.30557316563515), (-33.77017393254794, 49.31220054285322), (-33.76990948634018, 49.31874697792906), (-33.76956410898903, 49.32521247101009), (-33.769137800705636, 49.33159702224446), (-33.76863056170188, 49.33790063178107), (-33.76804239219041, 49.34412329976957), (-33.767373292384605, 49.35026502636037), (-33.766623262498605, 49.3563258117046), (-33.765792302747286, 49.36230565595417), (-33.76488041334629, 49.36820455926172), (-33.76388759451199, 49.37402252178065), (-33.76281384646152, 49.3797595436651), (-33.761659169412745, 49.38541562506995), (-33.7604235635843, 49.39099076615085)]",True
1783881954.2360244,0,-33.99433793098221,49.1957020665122,1.6373430745076807,96.73898600679595,0.08881378230625714,-30.88618796676565,48.95970066781316,1.2146254929629607,99.31213615407142,-0.4270279592151275,3.1081499642165618,-0.23600139869903813,-0.42271758154471994,2.57315014727547,-0.5158417415213846,"[(-33.73822880057871, 49.069113052460764), (-33.74047332045982, 49.07816875877612), (-33.742636903023296, 49.08714351887518), (-33.74471954845708, 49.09603733288288), (-33.746721256949854, 49.10485020092492), (-33.74864202869107, 49.11358212312775), (-33.75048186387092, 49.12223309961856), (-33.75224076268033, 49.1308031305253), (-33.753918725310996, 49.13929221597666), (-33.75551575195536, 49.14770035610207), (-33.75703184280658, 49.15602755103173), (-33.75846699805861, 49.16427380089657), (-33.75982121790612, 49.17243910582827), (-33.761094502544545, 49.180523465959276), (-33.76228685217005, 49.18852688142277), (-33.763398266979564, 49.196449352352666), (-33.76442874717076, 49.20429087888367), (-33.76537829294206, 49.21205146115119), (-33.76624690449263, 49.21973109929142), (-33.7670345820224, 49.22732979344128), (-33.76774132573201, 49.23484754373843), (-33.768367135822906, 49.24228435032131), (-33.76891201249723, 49.24964021332909), (-33.7693759559579, 49.25691513290168), (-33.76975896640857, 49.26410910917976), (-33.770061044053655, 49.271222142304744), (-33.77028218909831, 49.27825423241879), (-33.77042240174844, 49.285205379664816), (-33.77048168221069, 49.292075584186485), (-33.77046003069247, 49.29886484612821), (-33.77035744740192, 49.30557316563515), (-33.77017393254794, 49.31220054285322), (-33.76990948634018, 49.31874697792906), (-33.76956410898903, 49.32521247101009), (-33.769137800705636, 49.33159702224446), (-33.76863056170188, 49.33790063178107), (-33.76804239219041, 49.34412329976957), (-33.767373292384605, 49.35026502636037), (-33.766623262498605, 49.3563258117046), (-33.765792302747286, 49.36230565595417), (-33.76488041334629, 49.36820455926172), (-33.76388759451199, 49.37402252178065), (-33.76281384646152, 49.3797595436651), (-33.761659169412745, 49.38541562506995), (-33.7604235635843, 49.39099076615085)]",True
1783881954.285553,0,-34.00887891984908,49.203245480150045,1.638895909274216,96.73898600679595,0.08881378230625714,-30.897591980450706,48.96361231861314,1.19662772510835,99.31213615407142,-0.4270279592151275,3.1112869393983758,-0.23963316153690783,-0.442268184165866,2.57315014727547,-0.5158417415213846,"[(-33.795594140601146, 49.10871733239816), (-33.79860038972096, 49.11855231858236), (-33.80153563092616, 49.12831628837744), (-33.80439986436497, 49.13800924187312), (-33.807193090186225, 49.147631179159724), (-33.809915308539374, 49.157182100328185), (-33.812566519574474, 49.16666200547005), (-33.81514672344219, 49.17607089467747), (-33.817655920293795, 49.18540876804322), (-33.82009411028117, 49.19467562566065), (-33.82246129355679, 49.20387146762376), (-33.82475747027377, 49.21299629402713), (-33.826982640585804, 49.222050104965945), (-33.829136804647206, 49.23103290053602), (-33.831219962612906, 49.239944680833766), (-33.83323211463842, 49.24878544595621), (-33.8351732608799, 49.257555196000965), (-33.83704340149408, 49.26625393106629), (-33.838842536638325, 49.274881651251015), (-33.84057066647059, 49.28343835665461)]",True
1783881954.3348806,0,-34.00887891984908,49.203245480150045,1.638895909274216,96.73898600679595,0.08881378230625714,-30.897591980450706,48.96361231861314,1.19662772510835,99.31213615407142,-0.4270279592151275,3.1112869393983758,-0.23963316153690783,-0.442268184165866,2.57315014727547,-0.5158417415213846,"[(-33.92737619157594, 49.16841542718105), (-33.93328624795865, 49.178396143669225), (-33.93911462006225, 49.18829517044764), (-33.94486130804546, 49.198112507636225), (-33.95052631206778, 49.207848155355705), (-33.956109632289476, 49.21750211372755), (-33.961611268871614, 49.22707438287403), (-33.96703122197602, 49.236564962918195), (-33.97236949176531, 49.24597385398386), (-33.977626078402885, 49.255301056195634), (-33.98280098205289, 49.264546569678885), (-33.98789420288029, 49.27371039455978), (-33.99290574105079, 49.282792530965246), (-33.9978355967309, 49.29179297902301), (-34.00268377008791, 49.30071173886155), (-34.00745026128987, 49.309548810610146), (-34.01213507050561, 49.31830419439884), (-34.01673819790476, 49.32697789035847), (-34.0212596436577, 49.33556989862063), (-34.02569940793561, 49.34408021931772), (-34.03005749091043, 49.352508852582886), (-34.034333892754894, 49.36085579855008), (-34.03852861364251, 49.36912105735401), (-34.042641653747566, 49.37730462913018), (-34.04667301324511, 49.385406514014875), (-34.050622692311, 49.39342671214514), (-34.05449069112184, 49.40136522365881), (-34.05827700985503, 49.409222048694495), (-34.06198164868875, 49.41699718739158), (-34.065604607801944, 49.42469063989024), (-34.06914588737435, 49.43230240633141), (-34.07260548758647, 49.43983248685684), (-34.07598340861961, 49.447280881609), (-34.07927965065581, 49.454647590731184), (-34.082494213877936, 49.46193261436746), (-34.085627098469594, 49.46913595266266), (-34.08867830461519, 49.4762576057624), (-34.091647832499916, 49.48329757381307), (-34.094535682309704, 49.49025585696184), (-34.097341854231296, 49.49713245535666), (-34.100066348452216, 49.50392736914627), (-34.102709165160746, 49.510640598480165), (-34.105270304545954, 49.51727214350864), (-34.10774976679768, 49.52382200438275), (-34.11014755210656, 49.53029018125435)]",True
1783881954.3850396,0,-34.03800600397706,49.218342529023765,1.6417835778911292,96.73898600679595,0.08881378230625714,-30.92005987019814,48.971011075080966,1.17025062776715,99.31213615407142,-0.4270279592151275,3.1179461337789185,-0.24733145394279887,-0.4715329501239791,2.57315014727547,-0.5158417415213846,"[(-33.9411636875831, 49.17543377880955), (-33.946455333028645, 49.184971330431345), (-33.95166542184699, 49.1944273197813), (-33.956793954201906, 49.20380174698294), (-33.961840930257964, 49.213094612160575), (-33.9668063501805, 49.22230591543927), (-33.971690214135606, 49.231435656944875), (-33.97649252229017, 49.24048383680402), (-33.98121327481184, 49.24945045514409), (-33.98585247186905, 49.25833551209327), (-33.99041011363099, 49.267139007780486), (-33.994886200267636, 49.27586094233547), (-33.999280731949725, 49.2845013158887), (-34.003593708848776, 49.29306012857143), (-34.007825131137075, 49.30153738051572), (-34.0119749989877, 49.30993307185435), (-34.01604331257447, 49.318247202720926), (-34.020030072072004, 49.326479773249794), (-34.02393527765569, 49.33463078357608), (-34.02775892950167, 49.34270023383568), (-34.03150102778689, 49.35068812416528), (-34.035161572689034, 49.35859445470233), (-34.03874056438659, 49.366419225585034), (-34.042238003058806, 49.3741624369524), (-34.045653888885695, 49.3818240889442), (-34.04898822204805, 49.38940418170096), (-34.05224100272745, 49.396902715364), (-34.055412231106224, 49.40431969007541), (-34.058501907367486, 49.41165510597805), (-34.06151003169513, 49.41890896321555), (-34.0644366042738, 49.426081261932325), (-34.06728162528895, 49.43317200227355), (-34.07004509492677, 49.440181184385175), (-34.07272701337424, 49.44710880841393), (-34.07532738081911, 49.45395487450731), (-34.077846197449915, 49.46071938281359), (-34.08028346345594, 49.46740233348183), (-34.08263917902726, 49.47400372666183), (-34.08491334435472, 49.48052356250419), (-34.08710595962993, 49.48696184116027), (-34.08921702504529, 49.49331856278222), (-34.09124654079396, 49.49959372752294), (-34.09319450706987, 49.50578733553613), (-34.095060924067724, 49.511899386976225), (-34.096845791983014, 49.51792988199847)]",True
1783881954.4383771,0,-34.06720068907671,49.23342870204219,1.644403158248536,96.73898600679595,0.08881378230625714,-30.94224801650628,48.977864298832536,1.1529531593260434,99.31213615407142,-0.4270279592151275,3.1249526725704264,-0.2555644032096538,-0.4914499989224925,2.57315014727547,-0.5158417415213846,"[(-33.955015514835246, 49.18249791584674), (-33.959734151712034, 49.19162389719796), (-33.96437133023224, 49.20066841435209), (-33.96892705056434, 49.20963146743601), (-33.97340131287758, 49.218513056577365), (-33.97779411734197, 49.22731318190456), (-33.98210546412831, 49.23603184354679), (-33.986335353408144, 49.24466904163398), (-33.990483785353796, 49.25322477629687), (-33.99455076013836, 49.26169904766694), (-33.998536277935685, 49.27009185587645), (-34.002440338920415, 49.27840320105842), (-34.00626294326794, 49.28663308334664), (-34.01000409115443, 49.294781502875686), (-34.013663782756815, 49.30284845978088), (-34.01724201825281, 49.31083395419833), (-34.02073879782088, 49.3187379862649), (-34.024154121640265, 49.32656055611824), (-34.027487989890986, 49.334301663896746), (-34.03074040275381, 49.341961309739595), (-34.033911360410286, 49.349539493786736), (-34.03700086304274, 49.357036216178884), (-34.04000891083425, 49.36445147705753), (-34.04293550396867, 49.371785276564914), (-34.04578064263063, 49.379037614844066), (-34.048544327005516, 49.38620849203877), (-34.051226557279485, 49.39329790829358), (-34.053827333639475, 49.40030586375384), (-34.05634665627318, 49.40723235856564), (-34.05878452536906, 49.414077392875846), (-34.06114094111636, 49.42084096683209), (-34.063415903705085, 49.42752308058277), (-34.065609413325994, 49.43412373427707), (-34.06772147017064, 49.440642928064925), (-34.06975207443133, 49.44708066209705), (-34.07170122630114, 49.453436936524916), (-34.073568925973916, 49.45971175150078), (-34.07535517364428, 49.465905107177655), (-34.07705996950762, 49.472017003709325), (-34.07868331376008, 49.47804744125034), (-34.080225206598584, 49.483996419956036), (-34.08168564822083, 49.4898639399825), (-34.08306463882526, 49.49565000148658), (-34.08436217861112, 49.501354604625924), (-34.0855782677784, 49.50697774955892)]",True
1783881954.4941638,0,-34.096460703241625,49.248497142100476,1.6467795393916904,96.73898600679595,0.08881378230625714,-30.964240669803583,48.98438741999796,1.1416098939697095,99.31213615407142,-0.4270279592151275,3.132220033438042,-0.2641097221025177,-0.505169645421981,2.57315014727547,-0.5158417415213846,"[(-33.99693162780155, 49.203966717559105), (-34.000191923234105, 49.21203208369551), (-34.00337099980773, 49.220016224650415), (-34.006468857702856, 49.227919140559344), (-34.00948549710069, 49.23574083155859), (-34.01242091818319, 49.24348129778518), (-34.01527512113306, 49.251140539376934), (-34.018048106133776, 49.258718556472424), (-34.02073987336958, 49.26621534921095), (-34.02335042302545, 49.27363091773262), (-34.02587975528714, 49.280965262178256), (-34.02832787034118, 49.288218382689465), (-34.03069476837482, 49.29539027940861), (-34.032980449576094, 49.3024809524788), (-34.03518491413379, 49.30949040204392), (-34.03730816223744, 49.316418628248606), (-34.03935019407736, 49.32326563123825), (-34.04131100984461, 49.330031411159005), (-34.04319060973102, 49.3367159681578), (-34.04498899392916, 49.343319302382284), (-34.04670616263237, 49.34984141398091), (-34.04834211603475, 49.356282303102866), (-34.049896854331166, 49.36264196989809), (-34.05137037771723, 49.3689204145173), (-34.052762686389315, 49.37511763711196), (-34.05407378054455, 49.381233637834306), (-34.05530366038083, 49.38726841683731), (-34.05645232609681, 49.393221974274724), (-34.057519777891905, 49.39909431030105), (-34.05850601596628, 49.40488542507156), (-34.05941104052086, 49.41059531874227), (-34.060234851757336, 49.416223991469955), (-34.06097744987815, 49.42177144341216), (-34.06163883508652, 49.42723767472719), (-34.062219007586386, 49.432622685574096), (-34.062717967582486, 49.4379264761127), (-34.0631357152803, 49.44314904650358), (-34.063472250886065, 49.448290396908064), (-34.06372757460678, 49.453350527488254), (-34.063901686650205, 49.458329438407), (-34.06399458722485, 49.46322712982791), (-34.06400627654, 49.468043601915355), (-34.06393675480568, 49.47277885483447), (-34.06378602223269, 49.47743288875115), (-34.06355407903258, 49.48200570383203)]",True
1783881954.5370429,0,-34.12578310509004,49.263543290004186,1.6489352996918365,96.73898600679595,0.08881378230625714,-30.986832916738035,48.99125195420635,1.1836448871775207,99.31213615407142,-0.4270279592151275,3.138950188352009,-0.2722913357978385,-0.4652904125143158,2.57315014727547,-0.5158417415213846,"[(-34.02516413675055, 49.21842606779584), (-34.02763918488039, 49.22590593736988), (-34.03003314384218, 49.23330471121511), (-34.03234601382269, 49.2406223894718), (-34.034577795009454, 49.247858972280945), (-34.03672848759077, 49.255014459784306), (-34.03879809175569, 49.26208885212439), (-34.040786607693995, 49.26908214944448), (-34.04269403559625, 49.275994351888585), (-34.04452037565375, 49.28282545960148), (-34.046265628058556, 49.28957547272871), (-34.047929793003476, 49.296244391416536), (-34.049512870682086, 49.30283221581201), (-34.05101486128871, 49.30933894606292), (-34.0524357650184, 49.31576458231782), (-34.053775582067004, 49.32210912472599), (-34.055034312631086, 49.3283725734375), (-34.05621195690799, 49.33455492860314), (-34.057308515095805, 49.34065619037448), (-34.05832398739337, 49.34667635890384), (-34.05925837400028, 49.35261543434428), (-34.060111675116886, 49.35847341684962), (-34.06088389094428, 49.364250306574434), (-34.06157502168433, 49.36994610367406), (-34.06218506753964, 49.37556080830457), (-34.06271402871357, 49.38109442062281), (-34.06316190541025, 49.38654694078637), (-34.063528697834535, 49.39191836895359), (-34.06381440619206, 49.39720870528357), (-34.0640190306892, 49.40241794993616), (-34.06414257153309, 49.40754610307196), (-34.064185028931604, 49.41259316485234), (-34.06414640309339, 49.41755913543941), (-34.06402669422783, 49.42244401499604), (-34.06382590254507, 49.42724780368585), (-34.063544028256025, 49.43197050167321), (-34.06318107157234, 49.43661210912326), (-34.062737032706416, 49.44117262620187), (-34.062211911871415, 49.445652053075676), (-34.06160570928125, 49.45005038991207), (-34.06091842515059, 49.4543676368792), (-34.06015005969485, 49.45860379414596), (-34.05930061313021, 49.462758861882), (-34.058370085673594, 49.46683284025772), (-34.05735847754269, 49.470825729444286)]",True
1783881954.6000624,0,-34.155164772642095,49.27856385938676,1.6508909213668668,96.73898600679595,0.08881378230625714,-31.009232445615744,48.99816584316495,1.161736793720909,99.31213615407142,-0.4270279592151275,3.145932327026351,-0.2803980162218096,-0.48915412764595767,2.57315014727547,-0.5158417415213846,"[(-34.05359946268816, 49.23296784034554), (-34.055412576750406, 49.23994268080977), (-34.05714471089954, 49.246836534615895), (-34.05879586532764, 49.253649401908206), (-34.06036604022752, 49.26038128283175), (-34.06185523579277, 49.267032177532336), (-34.06326345221769, 49.2736020861565), (-34.06459068969736, 49.280091008851535), (-34.0658369484276, 49.286498945765494), (-34.06700222860498, 49.292825897047166), (-34.06808653042681, 49.2990718628461), (-34.06908985409117, 49.30523684331259), (-34.070012199796864, 49.31132083859769), (-34.07085356774346, 49.31732384885317), (-34.07161395813129, 49.32324587423159), (-34.07229337116139, 49.32908691488623), (-34.072891807035596, 49.33484697097114), (-34.073409265956464, 49.340526042641116), (-34.073845748127304, 49.346124130051685), (-34.07420125375218, 49.35164123335914), (-34.07447578303589, 49.35707735272052), (-34.074669336184016, 49.36243248829362), (-34.07478191340285, 49.36770664023697), (-34.07481351489946, 49.37289980870986), (-34.07476414088165, 49.37801199387233), (-34.07463379155797, 49.38304319588515), (-34.07442246713774, 49.38799341490988), (-34.074130167831, 49.392862651108786), (-34.07375689384857, 49.39765090464491), (-34.07330264540199, 49.402358175682046), (-34.07276742270357, 49.40698446438471), (-34.07215122596636, 49.41152977091819), (-34.07145405540416, 49.41599409544852), (-34.070675911231525, 49.420377438142474), (-34.06981679366375, 49.42467979916759), (-34.06887670291688, 49.42890117869215), (-34.06785563920772, 49.43304157688518), (-34.06675360275381, 49.43710099391646), (-34.06557059377346, 49.44107942995652), (-34.064306612485694, 49.44497688517662), (-34.06296165911032, 49.448793359748805), (-34.061535733867885, 49.45252885384585), (-34.06002883697967, 49.45618336764127), (-34.058440968667725, 49.459756901309355), (-34.056772129154844, 49.463249455025114)]",True
1783881954.6400468,0,-34.19556084841478,49.29894582067187,1.3655909213668669,96.73898600679595,0.08881378230625714,-31.042313336777354,49.00806712737064,1.14216421957824,99.31213615407142,-0.4270279592151275,3.1532475116374243,-0.29087869330123084,-0.2234267017886269,2.57315014727547,-0.5158417415213846,"[(-34.08221569342163, 49.247570295224726), (-34.0834714988161, 49.25410882156253), (-34.08464641623774, 49.26056645304284), (-34.08574044588301, 49.26694318981341), (-34.08675358794917, 49.27323903202277), (-34.08768584263418, 49.27945397982019), (-34.088537210136764, 49.28558803335569), (-34.0893076906564, 49.291641192780006), (-34.0899972843933, 49.29761345824466), (-34.090605991548415, 49.303504829901904), (-34.09113381232346, 49.30931530790473), (-34.09158074692089, 49.31504489240688), (-34.09194679554389, 49.32069358356284), (-34.09223195839641, 49.32626138152786), (-34.09243623568313, 49.3317482864579), (-34.092559627609496, 49.337154298509695), (-34.09260213438168, 49.342479417840714), (-34.0925637562066, 49.34772364460917), (-34.092444493291936, 49.35288697897402), (-34.0922443458461, 49.35796942109499), (-34.09196331407825, 49.362970971132526), (-34.0916013981983, 49.36789162924782), (-34.091158598416904, 49.372731395602834), (-34.09063491494545, 49.37749027036025), (-34.090030347996084, 49.382168253683496), (-34.0893448977817, 49.38676534573676), (-34.08857856451592, 49.39128154668498), (-34.087731348413136, 49.395716856693824), (-34.08680324968847, 49.40007127592971), (-34.0857942685578, 49.40434480455981), (-34.08470440523773, 49.408537442752035), (-34.08353365994563, 49.41264919067503), (-34.082282032899606, 49.416680048498215), (-34.08094952431851, 49.42063001639173), (-34.07953613442195, 49.424499094526475), (-34.07804186343025, 49.42828728307408), (-34.076466711564514, 49.431994582206926), (-34.07481067904658, 49.43562099209816), (-34.07307376609902, 49.43916651292165), (-34.07125597294516, 49.44263114485202), (-34.06935729980908, 49.446014888064646), (-34.06737774691558, 49.44931774273563), (-34.06531731449024, 49.45253970904184), (-34.063176002759356, 49.45568078716087), (-34.060953811949986, 49.458740977271084)]",True
1783881954.6851833,0,-34.30371103211264,49.350766574658365,1.1165105251330776,96.73898600679595,0.08881378230625714,-31.16275950608983,49.03794709386219,1.122176751230815,99.31213615407142,-0.4270279592151275,3.140951526022807,-0.31281948079617194,0.00566622609773737,2.57315014727547,-0.5158417415213846,"[(-34.22329721462953, 49.31854650376852), (-34.227725460075526, 49.32622452036524), (-34.23207166480342, 49.333820491871585), (-34.236335828988274, 49.341334418431266), (-34.24051795280593, 49.348766300188764), (-34.24461803643304, 49.356116137289355), (-34.248636080047035, 49.36338392987912), (-34.25257208382614, 49.370569678104914), (-34.25642604794937, 49.37767338211439), (-34.260197972596536, 49.384695042055995), (-34.26388785794824, 49.39163465807897), (-34.267495704185876, 49.398492230333346), (-34.27102151149162, 49.405267758969934), (-34.27446528004846, 49.41196124414036), (-34.27782701004015, 49.41857268599702), (-34.281106701651254, 49.42510208469311), (-34.28430435506712, 49.43154944038262), (-34.2874199704739, 49.437914753220326), (-34.29045354805851, 49.4441980233618), (-34.29340508800868, 49.45039925096341), (-34.29627459051294, 49.45651843618231), (-34.29906205576058, 49.46255557917644), (-34.30176748394171, 49.468510680104544), (-34.30439087524722, 49.47438373912615), (-34.30693222986879, 49.48017475640157), (-34.30939154799889, 49.48588373209192), (-34.3117688298308, 49.49151066635912), (-34.314064075558555, 49.497055559365855), (-34.31627728537702, 49.50251841127561), (-34.31840845948183, 49.50789922225267), (-34.32045759806942, 49.513197992462096), (-34.322424701337006, 49.518414722069764), (-34.32430976948261, 49.52354941124232), (-34.32611280270504, 49.528602060147215), (-34.32783380120389, 49.53357266895269), (-34.32947276517954, 49.53846123782776), (-34.33102969483318, 49.54326776694226), (-34.33250459036678, 49.5479922564668), (-34.333897451983105, 49.552634706572775), (-34.33520827988571, 49.55719511743239), (-34.33643707427894, 49.561673489218634), (-34.33758383536794, 49.566069822105284), (-34.338648563358625, 49.57038411626691), (-34.33963125845773, 49.57461637187886), (-34.340531920872756, 49.5787665891173)]",True
1783881954.7589145,0,-34.32281640800598,49.35991657352182,1.0075600228935595,96.73898600679595,0.08881378230625714,-31.18474326537011,49.04242719281864,1.1214274629435967,99.31213615407142,-0.4270279592151275,3.138073142635868,-0.31748938070317934,0.11386744005003724,2.57315014727547,-0.5158417415213846,"[(-34.24175108292836, 49.32736831674394), (-34.246031761713375, 49.33488469038722), (-34.25023131697711, 49.34231993626263), (-34.254349748889815, 49.34967405451032), (-34.258387057622514, 49.35694704527115), (-34.262343243346976, 49.36413890868678), (-34.26621830623572, 49.37124964489961), (-34.27001224646204, 49.37827925405278), (-34.27372506419996, 49.385227736290204), (-34.27735675962427, 49.39209509175654), (-34.28090733291052, 49.398881320597205), (-34.28437678423503, 49.405586422958386), (-34.28776511377484, 49.41221039898701), (-34.291072321707766, 49.41875324883075), (-34.29429840821237, 49.425214972638045), (-34.297443373467985, 49.431595570558095), (-34.30050721765468, 49.437895042740855), (-34.3034899409533, 49.444113389337026), (-34.30639154354542, 49.45025061049807), (-34.30921202561339, 49.456306706376196), (-34.31195138734031, 49.46228167712438), (-34.31460962891003, 49.46817552289635), (-34.317186750507155, 49.47398824384659), (-34.31968275231706, 49.479719840130336), (-34.32209763452585, 49.48537031190357), (-34.32443139732042, 49.490939659323054), (-34.32668404088838, 49.496427882546286), (-34.328855565418124, 49.50183498173152), (-34.33094597109879, 49.50716095703777), (-34.33295525812028, 49.51240580862481), (-34.33488342667324, 49.51756953665317), (-34.336730476949064, 49.52265214128411), (-34.33849640913993, 49.527653622679686), (-34.34018122343874, 49.53257398100267), (-34.341784920039174, 49.53741321641662), (-34.34330749913565, 49.542171329085825), (-34.344748960923354, 49.54684831917535), (-34.34610930559822, 49.551444186851), (-34.34738853335694, 49.55595893227934), (-34.34858664439695, 49.56039255562769), (-34.349703638916466, 49.56474505706414), (-34.350739517114434, 49.5690164367575), (-34.351694279190575, 49.57320669487737), (-34.35256792534535, 49.57731583159409), (-34.35336045577998, 49.58134384707876)]",True
1783881954.78694,0,-34.356906016604,49.37584263670528,0.8892595787099036,96.73898600679595,0.08881378230625714,-31.228692695840802,49.051309029564976,1.1206138720433487,99.31213615407142,-0.4270279592151275,3.128213320763198,-0.3245336071403031,0.23135429333344515,2.57315014727547,-0.5158417415213846,"[(-34.24175108292836, 49.32736831674394), (-34.246031761713375, 49.33488469038722), (-34.25023131697711, 49.34231993626263), (-34.254349748889815, 49.34967405451032), (-34.258387057622514, 49.35694704527115), (-34.262343243346976, 49.36413890868678), (-34.26621830623572, 49.37124964489961), (-34.27001224646204, 49.37827925405278), (-34.27372506419996, 49.385227736290204), (-34.27735675962427, 49.39209509175654), (-34.28090733291052, 49.398881320597205), (-34.28437678423503, 49.405586422958386), (-34.28776511377484, 49.41221039898701), (-34.291072321707766, 49.41875324883075), (-34.29429840821237, 49.425214972638045), (-34.297443373467985, 49.431595570558095), (-34.30050721765468, 49.437895042740855), (-34.3034899409533, 49.444113389337026), (-34.30639154354542, 49.45025061049807), (-34.30921202561339, 49.456306706376196), (-34.31195138734031, 49.46228167712438), (-34.31460962891003, 49.46817552289635), (-34.317186750507155, 49.47398824384659), (-34.31968275231706, 49.479719840130336), (-34.32209763452585, 49.48537031190357), (-34.32443139732042, 49.490939659323054), (-34.32668404088838, 49.496427882546286), (-34.328855565418124, 49.50183498173152), (-34.33094597109879, 49.50716095703777), (-34.33295525812028, 49.51240580862481), (-34.33488342667324, 49.51756953665317), (-34.336730476949064, 49.52265214128411), (-34.33849640913993, 49.527653622679686), (-34.34018122343874, 49.53257398100267), (-34.341784920039174, 49.53741321641662), (-34.34330749913565, 49.542171329085825), (-34.344748960923354, 49.54684831917535), (-34.34610930559822, 49.551444186851), (-34.34738853335694, 49.55595893227934), (-34.34858664439695, 49.56039255562769), (-34.349703638916466, 49.56474505706414), (-34.350739517114434, 49.5690164367575), (-34.351694279190575, 49.57320669487737), (-34.35256792534535, 49.57731583159409), (-34.35336045577998, 49.58134384707876)]",True
1783881954.8360841,0,-34.42667202159612,49.404951573481355,0.8133676514720833,96.73898600679595,0.08881378230625714,-31.32798731382182,49.068796569798685,1.1200919384037156,99.31213615407142,-0.4270279592151275,3.0986847077743,-0.33615500368266993,0.30672428693163223,2.57315014727547,-0.5158417415213846,"[(-34.24175108292836, 49.32736831674394), (-34.246031761713375, 49.33488469038722), (-34.25023131697711, 49.34231993626263), (-34.254349748889815, 49.34967405451032), (-34.258387057622514, 49.35694704527115), (-34.262343243346976, 49.36413890868678), (-34.26621830623572, 49.37124964489961), (-34.27001224646204, 49.37827925405278), (-34.27372506419996, 49.385227736290204), (-34.27735675962427, 49.39209509175654), (-34.28090733291052, 49.398881320597205), (-34.28437678423503, 49.405586422958386), (-34.28776511377484, 49.41221039898701), (-34.291072321707766, 49.41875324883075), (-34.29429840821237, 49.425214972638045), (-34.297443373467985, 49.431595570558095), (-34.30050721765468, 49.437895042740855), (-34.3034899409533, 49.444113389337026), (-34.30639154354542, 49.45025061049807), (-34.30921202561339, 49.456306706376196), (-34.31195138734031, 49.46228167712438), (-34.31460962891003, 49.46817552289635), (-34.317186750507155, 49.47398824384659), (-34.31968275231706, 49.479719840130336), (-34.32209763452585, 49.48537031190357), (-34.32443139732042, 49.490939659323054), (-34.32668404088838, 49.496427882546286), (-34.328855565418124, 49.50183498173152), (-34.33094597109879, 49.50716095703777), (-34.33295525812028, 49.51240580862481), (-34.33488342667324, 49.51756953665317), (-34.336730476949064, 49.52265214128411), (-34.33849640913993, 49.527653622679686), (-34.34018122343874, 49.53257398100267), (-34.341784920039174, 49.53741321641662), (-34.34330749913565, 49.542171329085825), (-34.344748960923354, 49.54684831917535), (-34.34610930559822, 49.551444186851), (-34.34738853335694, 49.55595893227934), (-34.34858664439695, 49.56039255562769), (-34.349703638916466, 49.56474505706414), (-34.350739517114434, 49.5690164367575), (-34.351694279190575, 49.57320669487737), (-34.35256792534535, 49.57731583159409), (-34.35336045577998, 49.58134384707876)]",True
1783881954.8858087,0,-34.46028031187033,49.41687360603082,0.9650420385231121,96.73898600679595,0.08881378230625714,-31.372112717652836,49.07655564964894,1.1200395401125145,99.31213615407142,-0.4270279592151275,3.0881675942174915,-0.340317956381881,0.1549975015894024,2.57315014727547,-0.5158417415213846,"[(-34.25070639737577, 49.33808946071904), (-34.25207019600415, 49.34471504224367), (-34.253360628311995, 49.351267250471835), (-34.25457769447837, 49.357746085532874), (-34.255721394683036, 49.36415154755681), (-34.256791729106446, 49.370483636674365), (-34.25778869792975, 49.376742353016944), (-34.258712301334775, 49.38292769671667), (-34.25956253950405, 49.38903966790633), (-34.260339412620816, 49.39507826671944), (-34.26104292086898, 49.40104349329016), (-34.26167306443316, 49.40693534775339), (-34.26222984349866, 49.4127538302447), (-34.26271325825147, 49.41849894090035), (-34.26312330887829, 49.42417067985731), (-34.2634599955665, 49.42976904725324), (-34.26372331850418, 49.43529404322648), (-34.26391327788009, 49.44074566791607), (-34.26402987388371, 49.44612392146174), (-34.26407310670518, 49.45142880400393)]",True
1783881954.936913,0,-34.502779089981786,49.43201860079205,0.8574755982021749,96.73898600679595,0.08881378230625714,-31.427346535050372,49.0857929364058,1.120013772880229,99.31213615407142,-0.4270279592151275,3.075432554931414,-0.346225664386246,0.2625381746780542,2.57315014727547,-0.5158417415213846,"[(-34.392691261218275, 49.397384166851005), (-34.401894837654105, 49.40702097862511), (-34.41099152521715, 49.41655090057839), (-34.41998132417969, 49.42597393297432), (-34.42886423481617, 49.435290076078545), (-34.43764025740322, 49.44449933015888), (-34.44630939221962, 49.45360169548531), (-34.45487163954633, 49.46259717233001), (-34.46332699966649, 49.47148576096729), (-34.47167547286541, 49.48026746167367), (-34.479917059430555, 49.488942274727826), (-34.48805175965158, 49.4975102004106), (-34.49607957382031, 49.505971239005014), (-34.50400050223073, 49.51432539079625), (-34.51181454517901, 49.52257265607168), (-34.51952170296347, 49.53071303512083), (-34.52712197588463, 49.5387465282354), (-34.53461536424516, 49.54667313570928), (-34.54200186834992, 49.5544928578385), (-34.54928148850591, 49.56220569492128), (-34.556454225022335, 49.56981164725803), (-34.56352007821055, 49.577310715151285), (-34.570479048384094, 49.58470289890579), (-34.57733113585867, 49.59198819882844), (-34.58407634095215, 49.59916661522832), (-34.590714663984585, 49.60623814841668), (-34.597246105278195, 49.61320279870692), (-34.60367066515737, 49.62006056641465), (-34.609988343948665, 49.62681145185762), (-34.61619914198082, 49.63345545535576), (-34.62230305958474, 49.639992577231176), (-34.628300097093486, 49.64642281780814), (-34.634190254842316, 49.65274617741309), (-34.63997353316864, 49.658962656374655), (-34.64564993241205, 49.66507225502362), (-34.6512194529143, 49.67107497369293), (-34.65668209501933, 49.67697081271773), (-34.66203785907323, 49.68275977243531), (-34.667286745424285, 49.688441853185154), (-34.672428754422924, 49.694017055308905), (-34.67746388642177, 49.69948537915037), (-34.6823921417756, 49.704846825055526), (-34.68721352084138, 49.71010139337255), (-34.691928023978235, 49.71524908445174), (-34.69653565154746, 49.72028989864562)]",True
1783881954.99238,0,-34.502779089981786,49.43201860079205,0.8574755982021749,96.73898600679595,0.08881378230625714,-31.427346535050372,49.0857929364058,1.120013772880229,99.31213615407142,-0.4270279592151275,3.075432554931414,-0.346225664386246,0.2625381746780542,2.57315014727547,-0.5158417415213846,"[(-34.469255477885206, 49.42647742637574), (-34.48311846828256, 49.43744860745342), (-34.496899597698146, 49.44833793134096), (-34.510598866213634, 49.459145398147164), (-34.52421627391147, 49.469871007981624), (-34.53775182087485, 49.48051476095468), (-34.55120550718776, 49.491076657177445), (-34.564577332934945, 49.50155669676181), (-34.577867298201916, 49.51195487982043), (-34.59107540307496, 49.522271206466726), (-34.60420164764112, 49.532505676814885), (-34.617246031988216, 49.542658290979865), (-34.630208556204835, 49.552729049077385), (-34.64308922038033, 49.562717951223945), (-34.655888024604835, 49.5726249975368), (-34.66860496896923, 49.58245018813398), (-34.681240053565176, 49.59219352313429), (-34.69379327848511, 49.601855002657295), (-34.70626464382222, 49.611434626823325), (-34.71865414967048, 49.620932395753485), (-34.73096179612461, 49.63034830956965), (-34.74318758328012, 49.639682368394446), (-34.75533151123327, 49.648934572351294), (-34.76739358008111, 49.658104921564366), (-34.77937378992145, 49.667193416158604), (-34.79127214085285, 49.676200056259724), (-34.80308863297466, 49.685124841994195), (-34.81482326638698, 49.69396777348928), (-34.82647604119071, 49.70272885087298), (-34.838046957487485, 49.71140807427408), (-34.84953601537973, 49.720005443822146), (-34.86094321497061, 49.72852095964748), (-34.87226855636409, 49.73695462188119), (-34.88351203966489, 49.74530643065512), (-34.894673664978505, 49.753576386101905), (-34.905753432411174, 49.761764488354935), (-34.91675134206994, 49.76987073754836), (-34.92766739406258, 49.77789513381712), (-34.93850158849768, 49.785837677296904), (-34.94925392548455, 49.79369836812419), (-34.959924405133286, 49.8014772064362), (-34.970513027554766, 49.809174192370946), (-34.98101979286062, 49.816789326067195), (-34.99144470116325, 49.82432260766448), (-35.00178775257584, 49.831774037303106)]",True
1783881955.3276994,0,-34.518843474614364,49.43739798332564,0.8376911242891227,96.73898600679595,0.08881378230625714,-31.449468812785188,49.089310624346275,1.1200090335662436,99.31213615407142,-0.4270279592151275,3.069374661829176,-0.34808735897936316,0.28231790927712086,2.57315014727547,-0.5158417415213846,"[(-34.48937369518438, 49.43343201890853), (-34.50034029504511, 49.44292484383265), (-34.5112240871626, 49.45233486303963), (-34.522025071652294, 49.4616620766596), (-34.53274324863047, 49.470906484823495), (-34.54337861821422, 49.48006808766307), (-34.55393118052146, 49.48914688531091), (-34.56440093567093, 49.49814287790042), (-34.5747878837822, 49.50705606556584), (-34.58509202497566, 49.51588644844222), (-34.595313359372525, 49.52463402666543), (-34.60545188709484, 49.533298800372194), (-34.61550760826545, 49.54188076970002), (-34.62548052300806, 49.550379934787266), (-34.63537063144717, 49.55879629577311), (-34.64517793370812, 49.56712985279755), (-34.654902429917065, 49.5753806060014), (-34.664544120200986, 49.58354855552632), (-34.674103004687694, 49.59163370151478), (-34.68357908350582, 49.59963604411007), (-34.69297235678481, 49.6075555834563), (-34.702282824654944, 49.61539231969842), (-34.71151048724733, 49.6231462529822), (-34.720655344693895, 49.63081738345422), (-34.72971739712738, 49.6384057112619), (-34.73869664468136, 49.64591123655349), (-34.747593087490245, 49.65333395947803), (-34.756406725689246, 49.66067388018542), (-34.76513755941441, 49.66793099882636), (-34.77378558880261, 49.675105315552386), (-34.782350813991535, 49.682196830515856), (-34.790833235119706, 49.68920554386996), (-34.799232852326455, 49.696131455768686), (-34.80754966575196, 49.702974566366876), (-34.8157836755372, 49.70973487582018), (-34.823934881823995, 49.716412384285064), (-34.83200328475498, 49.72300709191884), (-34.83998888447362, 49.72951899887963), (-34.84789168112419, 49.73594810532637), (-34.8557116748518, 49.74229441141885), (-34.86344886580238, 49.74855791731765), (-34.8711032541227, 49.754738623184195), (-34.87867483996033, 49.76083652918073), (-34.88616362346367, 49.76685163547032), (-34.893569604781966, 49.77278394221685)]",True
1783881955.341131,0,-34.74576339960349,49.50592096144608,0.8532728941908073,96.73898600679595,0.08881378230625714,-31.75893151802426,49.139884234518696,1.120000029327195,99.31213615407142,-0.4270279592151275,2.9868318815792314,-0.3660367269273834,0.2667271351363877,2.57315014727547,-0.5158417415213846,"[(-34.603213492043245, 49.46833839258855), (-34.59591380509144, 49.468595158976704), (-34.588534008927574, 49.4687718065563), (-34.58107410381751, 49.46886833552591), (-34.57353409002778, 49.46888474608483), (-34.56591396782567, 49.46882103843307), (-34.558213737479164, 49.46867721277134), (-34.55043339925695, 49.468453269301065), (-34.54257295342845, 49.46814920822439), (-34.53463240026377, 49.467765029744164), (-34.526611740033744, 49.467300734063954), (-34.51851097300993, 49.46675632138805), (-34.51033009946458, 49.466131791921434), (-34.50206911967067, 49.465427145869825), (-34.49372803390188, 49.46464238343963), (-34.485306842432614, 49.463777504837985), (-34.47680554553798, 49.46283251027274), (-34.46822414349379, 49.46180739995245), (-34.45956263657659, 49.460702174086386), (-34.45082102506363, 49.45951683288453), (-34.44199930923286, 49.458251376557584), (-34.43309748936296, 49.45690580531696), (-34.42411556573331, 49.45548011937476), (-34.415053538624015, 49.45397431894385), (-34.40591140831589, 49.45238840423776), (-34.39668917509045, 49.450722375470754), (-34.38738683922994, 49.44897623285781), (-34.3780044010173, 49.44714997661461), (-34.368541860736194, 49.44524360695756), (-34.358999218671, 49.443257124103766), (-34.34937647510681, 49.441190528271065), (-34.33967363032941, 49.439043819677984), (-34.32989068462531, 49.43681699854378), (-34.32002763828175, 49.43451006508842), (-34.310084491586665, 49.43212301953257), (-34.3000612448287, 49.42965586209763), (-34.28995789829721, 49.427108593005705), (-34.27977445228228, 49.424481212479606), (-34.269510907074704, 49.42177372074286), (-34.25916726296597, 49.41898611801972), (-34.24874352024829, 49.416118404535126), (-34.238239679214594, 49.41317058051476), (-34.22765574015853, 49.410142646184994), (-34.21699170337444, 49.40703460177292), (-34.206247569157384, 49.403846447506346)]",True
1783881955.3899617,0,-34.77825514321282,49.51384600029519,0.8229096001924213,96.73898600679595,0.08881378230625714,-31.803224523311872,49.146601668452725,1.1200000153297023,99.31213615407142,-0.4270279592151275,2.975030619900945,-0.3672443318424641,0.29709041513728096,2.57315014727547,-0.5158417415213846,"[(-34.695805283333684, 49.493624873258476), (-34.690132148206814, 49.493706963187805), (-34.68437913693999, 49.493709169692565), (-34.678546249783025, 49.49363149297165), (-34.67263348698641, 49.49347393322466), (-34.66664084880138, 49.49323649065188), (-34.66056833547985, 49.49291916545433), (-34.654415947274444, 49.492521957833716), (-34.64818368443849, 49.492044867992455), (-34.64187154722604, 49.49148789613368), (-34.635479535891825, 49.49085104246121), (-34.62900765069131, 49.49013430717959), (-34.622455891880634, 49.48933769049407), (-34.615824259716675, 49.488461192610586), (-34.609112754457, 49.48750481373581), (-34.60232137635989, 49.4864685540771), (-34.59545012568432, 49.48535241384253), (-34.58849900268999, 49.484156393240866), (-34.58146800763729, 49.482880492481605), (-34.57435714078732, 49.481524711774924), (-34.56716640240189, 49.48008905133173), (-34.55989579274351, 49.47857351136362), (-34.5525453120754, 49.4769780920829), (-34.545114960661486, 49.475302793702596), (-34.537604738766404, 49.47354761643642), (-34.530014646655495, 49.4717125604988), (-34.5223446845948, 49.46979762610488), (-34.51459485285107, 49.467802813470485), (-34.506765151691766, 49.46572812281217), (-34.49885558138505, 49.4635735543472), (-34.49086614219979, 49.461339108293515), (-34.48279683440556, 49.45902478486979), (-34.474647658272644, 49.4566305842954), (-34.466418614072026, 49.45415650679042), (-34.458109702075404, 49.451602552575636), (-34.44972092255518, 49.44896872187254), (-34.441252275784464, 49.44625501490333), (-34.432703762037065, 49.44346143189091), (-34.42407538158749, 49.44058797305889), (-34.415367134710976, 49.437634638631586), (-34.406579021683456, 49.43460142883403), (-34.39771104278156, 49.43148834389194), (-34.38876319828263, 49.428295384031756), (-34.37973548846473, 49.42502254948062), (-34.370627913606604, 49.421669840466386)]",True
1783881955.4423637,0,-34.80977876344039,49.522234122170794,0.8098521019976481,96.73898600679595,0.08881378230625714,-31.84761176939341,49.1526628037194,1.1200000093101896,99.31213615407142,-0.4270279592151275,2.9621669940469815,-0.369571318451392,0.3101479073125415,2.57315014727547,-0.5158417415213846,"[(-34.71997534507418, 49.50243420584415), (-34.71176341504768, 49.50178126263136), (-34.70347970664392, 49.50105653152401), (-34.695124220113506, 49.500260012706285), (-34.68669695570769, 49.49939170636301), (-34.678197913678325, 49.49845161267962), (-34.669627094277914, 49.497439731842185), (-34.660984497759586, 49.49635606403743), (-34.652270124377104, 49.49520060945268), (-34.64348397438486, 49.4939733682759), (-34.63462604803787, 49.49267434069569), (-34.6256963455918, 49.491303526901284), (-34.61669486730291, 49.48986092708253), (-34.60762161342812, 49.48834654142993), (-34.598476584224976, 49.48676037013459), (-34.58925977995165, 49.48510241338827), (-34.579971200866936, 49.48337267138335), (-34.57061084723027, 49.481571144312845), (-34.56117871930172, 49.479697832370384), (-34.551674817341976, 49.47775273575025)]",True
1783881955.4886868,0,-34.848364118293965,49.533875761995816,0.8034309844126809,96.73898600679595,0.08881378230625714,-31.903136113180608,49.15994580002774,1.1200000063500515,99.31213615407142,-0.4270279592151275,2.945228005113357,-0.3739299619680736,0.3165690219373706,2.57315014727547,-0.5158417415213846,"[(-34.77863715236526, 49.51517558740266), (-34.77203865479366, 49.514558400924535), (-34.765359924767594, 49.51386097436075), (-34.75860096254824, 49.51308330791893), (-34.751761768397536, 49.512225401807406), (-34.74484234257809, 49.511287256235235), (-34.73784268535324, 49.510268871412194), (-34.73076279698708, 49.50917024754878), (-34.723602677744374, 49.507991384856204), (-34.71636232789063, 49.50673228354639), (-34.70904174769207, 49.505392943832), (-34.701640937415625, 49.50397336592639), (-34.69415989732895, 49.50247355004366), (-34.686598627700434, 49.500893496398604), (-34.67895712879915, 49.49923320520675), (-34.671235400894915, 49.49749267668433), (-34.66343344425826, 49.49567191104832), (-34.65555125916043, 49.49377090851639), (-34.6475888458734, 49.49178966930693), (-34.63954620466984, 49.48972819363907), (-34.63142333582316, 49.48758648173263), (-34.62322023960746, 49.48536453380816), (-34.6149369162976, 49.48306235008693), (-34.60657336616914, 49.48067993079094), (-34.598129589498335, 49.478217276142885), (-34.589605586562186, 49.4756743863662), (-34.5810013576384, 49.47305126168502), (-34.57231690300541, 49.470347902324214), (-34.56355222294235, 49.46756430850935), (-34.5547073177291, 49.46470048046674), (-34.54578218764623, 49.46175641842339), (-34.53677683297505, 49.45873212260704), (-34.527691253997574, 49.45562759324614), (-34.518525450996535, 49.452442830569865), (-34.50927942425539, 49.4491778348081), (-34.49995317405831, 49.44583260619145), (-34.490546700690196, 49.442407144951254), (-34.48106000443664, 49.43890145131955), (-34.47149308558399, 49.4353155255291), (-34.46184594441927, 49.431649367813385), (-34.45211858123026, 49.4279029784066), (-34.44231099630543, 49.42407635754366), (-34.432423189933985, 49.420169505460215), (-34.422455162405846, 49.41618242239261), (-34.41240691401164, 49.41211510857792)]",True
