timestamp,lap,ego_x,ego_y,ego_vel,ego_s,ego_d,opp_x,opp_y,opp_vel,opp_s,opp_d,rel_x,rel_y,rel_vel,rel_s,rel_d,imm_trajectory,imm_active
1784489773.8857195,0,22.76162760302656,7.724957955785102,1.5467139740151261,92.9562567396859,-0.28311658246322374,23.75780691211742,12.084319752435453,1.1200002230100714,98.6605043545647,-0.3857954946768458,0.9961793090908593,4.359361796650352,-0.4267137510050547,5.7042476148787955,-0.10267891221362208,"[(22.881248712821638, 7.814265905237872), (22.897581487358334, 7.826737512627761), (22.913916632226684, 7.839213929885605), (22.930254146719577, 7.851695156452691), (22.946594030129805, 7.864181191770106), (22.962936281750068, 7.8766720352787365), (22.979280900872965, 7.889167686419269), (22.995627886791006, 7.901668144632187), (23.0119772387966, 7.914173409357779), (23.028328956182058, 7.926683480036128), (23.0446830382396, 7.93919835610712), (23.06103948426135, 7.95171803701044), (23.07739829353933, 7.964242522185572), (23.09375946536547, 7.976771811071801), (23.11012299903161, 7.989305903108211), (23.12648889382949, 8.001844797733687), (23.142857149050748, 8.014388494386912), (23.159227763986934, 8.026936992506371), (23.175600737929503, 8.039490291530349), (23.19197607016981, 8.052048390896928)]",False
1784489773.9311924,0,22.76162760302656,7.724957955785102,1.5467139740151261,94.44334462375141,-0.32402213472728947,23.75780691211742,12.084319752435453,1.1200002230100714,98.6605043545647,-0.3857954946768458,0.9961793090908593,4.359361796650352,-0.4267137510050547,4.217159730813279,-0.06177335994955635,"[(22.881248712821638, 7.814265905237872), (22.897581487358334, 7.826737512627761), (22.913916632226684, 7.839213929885605), (22.930254146719577, 7.851695156452691), (22.946594030129805, 7.864181191770106), (22.962936281750068, 7.8766720352787365), (22.979280900872965, 7.889167686419269), (22.995627886791006, 7.901668144632187), (23.0119772387966, 7.914173409357779), (23.028328956182058, 7.926683480036128), (23.0446830382396, 7.93919835610712), (23.06103948426135, 7.95171803701044), (23.07739829353933, 7.964242522185572), (23.09375946536547, 7.976771811071801), (23.11012299903161, 7.989305903108211), (23.12648889382949, 8.001844797733687), (23.142857149050748, 8.014388494386912), (23.159227763986934, 8.026936992506371), (23.175600737929503, 8.039490291530349), (23.19197607016981, 8.052048390896928)]",False
1784489773.9744596,0,22.76162760302656,7.724957955785102,1.5467139740151261,94.44334462375141,-0.32402213472728947,23.75780691211742,12.084319752435453,1.1200002230100714,98.6605043545647,-0.3857954946768458,0.9961793090908593,4.359361796650352,-0.4267137510050547,4.217159730813279,-0.06177335994955635,"[(22.881248712821638, 7.814265905237872), (22.897581487358334, 7.826737512627761), (22.913916632226684, 7.839213929885605), (22.930254146719577, 7.851695156452691), (22.946594030129805, 7.864181191770106), (22.962936281750068, 7.8766720352787365), (22.979280900872965, 7.889167686419269), (22.995627886791006, 7.901668144632187), (23.0119772387966, 7.914173409357779), (23.028328956182058, 7.926683480036128), (23.0446830382396, 7.93919835610712), (23.06103948426135, 7.95171803701044), (23.07739829353933, 7.964242522185572), (23.09375946536547, 7.976771811071801), (23.11012299903161, 7.989305903108211), (23.12648889382949, 8.001844797733687), (23.142857149050748, 8.014388494386912), (23.159227763986934, 8.026936992506371), (23.175600737929503, 8.039490291530349), (23.19197607016981, 8.052048390896928)]",False
1784489774.0270672,0,22.76162760302656,7.724957955785102,1.5467139740151261,94.44334462375141,-0.32402213472728947,23.75780691211742,12.084319752435453,1.1200002230100714,98.6605043545647,-0.3857954946768458,0.9961793090908593,4.359361796650352,-0.4267137510050547,4.217159730813279,-0.06177335994955635,"[(22.881248712821638, 7.814265905237872), (22.897581487358334, 7.826737512627761), (22.913916632226684, 7.839213929885605), (22.930254146719577, 7.851695156452691), (22.946594030129805, 7.864181191770106), (22.962936281750068, 7.8766720352787365), (22.979280900872965, 7.889167686419269), (22.995627886791006, 7.901668144632187), (23.0119772387966, 7.914173409357779), (23.028328956182058, 7.926683480036128), (23.0446830382396, 7.93919835610712), (23.06103948426135, 7.95171803701044), (23.07739829353933, 7.964242522185572), (23.09375946536547, 7.976771811071801), (23.11012299903161, 7.989305903108211), (23.12648889382949, 8.001844797733687), (23.142857149050748, 8.014388494386912), (23.159227763986934, 8.026936992506371), (23.175600737929503, 8.039490291530349), (23.19197607016981, 8.052048390896928)]",False
1784489774.0789838,0,22.76162760302656,7.724957955785102,1.5467139740151261,94.44334462375141,-0.32402213472728947,23.75780691211742,12.084319752435453,1.1200002230100714,98.6605043545647,-0.3857954946768458,0.9961793090908593,4.359361796650352,-0.4267137510050547,4.217159730813279,-0.06177335994955635,"[(22.881248712821638, 7.814265905237872), (22.897581487358334, 7.826737512627761), (22.913916632226684, 7.839213929885605), (22.930254146719577, 7.851695156452691), (22.946594030129805, 7.864181191770106), (22.962936281750068, 7.8766720352787365), (22.979280900872965, 7.889167686419269), (22.995627886791006, 7.901668144632187), (23.0119772387966, 7.914173409357779), (23.028328956182058, 7.926683480036128), (23.0446830382396, 7.93919835610712), (23.06103948426135, 7.95171803701044), (23.07739829353933, 7.964242522185572), (23.09375946536547, 7.976771811071801), (23.11012299903161, 7.989305903108211), (23.12648889382949, 8.001844797733687), (23.142857149050748, 8.014388494386912), (23.159227763986934, 8.026936992506371), (23.175600737929503, 8.039490291530349), (23.19197607016981, 8.052048390896928)]",False
1784489774.1242716,0,22.76162760302656,7.724957955785102,1.5467139740151261,94.44334462375141,-0.32402213472728947,23.75780691211742,12.084319752435453,1.1200002230100714,98.6605043545647,-0.3857954946768458,0.9961793090908593,4.359361796650352,-0.4267137510050547,4.217159730813279,-0.06177335994955635,"[(22.881248712821638, 7.814265905237872), (22.897581487358334, 7.826737512627761), (22.913916632226684, 7.839213929885605), (22.930254146719577, 7.851695156452691), (22.946594030129805, 7.864181191770106), (22.962936281750068, 7.8766720352787365), (22.979280900872965, 7.889167686419269), (22.995627886791006, 7.901668144632187), (23.0119772387966, 7.914173409357779), (23.028328956182058, 7.926683480036128), (23.0446830382396, 7.93919835610712), (23.06103948426135, 7.95171803701044), (23.07739829353933, 7.964242522185572), (23.09375946536547, 7.976771811071801), (23.11012299903161, 7.989305903108211), (23.12648889382949, 8.001844797733687), (23.142857149050748, 8.014388494386912), (23.159227763986934, 8.026936992506371), (23.175600737929503, 8.039490291530349), (23.19197607016981, 8.052048390896928)]",False
1784489775.4465914,0,22.76162760302656,7.724957955785102,1.5467139740151261,94.44334462375141,-0.32402213472728947,23.75780691211742,12.084319752435453,1.1200002230100714,98.6605043545647,-0.3857954946768458,0.9961793090908593,4.359361796650352,-0.4267137510050547,4.217159730813279,-0.06177335994955635,"[(22.881248712821638, 7.814265905237872), (22.897581487358334, 7.826737512627761), (22.913916632226684, 7.839213929885605), (22.930254146719577, 7.851695156452691), (22.946594030129805, 7.864181191770106), (22.962936281750068, 7.8766720352787365), (22.979280900872965, 7.889167686419269), (22.995627886791006, 7.901668144632187), (23.0119772387966, 7.914173409357779), (23.028328956182058, 7.926683480036128), (23.0446830382396, 7.93919835610712), (23.06103948426135, 7.95171803701044), (23.07739829353933, 7.964242522185572), (23.09375946536547, 7.976771811071801), (23.11012299903161, 7.989305903108211), (23.12648889382949, 8.001844797733687), (23.142857149050748, 8.014388494386912), (23.159227763986934, 8.026936992506371), (23.175600737929503, 8.039490291530349), (23.19197607016981, 8.052048390896928)]",False
1784489775.474354,0,22.76162760302656,7.724957955785102,1.5467139740151261,94.44334462375141,-0.32402213472728947,23.75780691211742,12.084319752435453,1.1200002230100714,98.6605043545647,-0.3857954946768458,0.9961793090908593,4.359361796650352,-0.4267137510050547,4.217159730813279,-0.06177335994955635,"[(22.881248712821638, 7.814265905237872), (22.897581487358334, 7.826737512627761), (22.913916632226684, 7.839213929885605), (22.930254146719577, 7.851695156452691), (22.946594030129805, 7.864181191770106), (22.962936281750068, 7.8766720352787365), (22.979280900872965, 7.889167686419269), (22.995627886791006, 7.901668144632187), (23.0119772387966, 7.914173409357779), (23.028328956182058, 7.926683480036128), (23.0446830382396, 7.93919835610712), (23.06103948426135, 7.95171803701044), (23.07739829353933, 7.964242522185572), (23.09375946536547, 7.976771811071801), (23.11012299903161, 7.989305903108211), (23.12648889382949, 8.001844797733687), (23.142857149050748, 8.014388494386912), (23.159227763986934, 8.026936992506371), (23.175600737929503, 8.039490291530349), (23.19197607016981, 8.052048390896928)]",False
1784489775.538319,0,-76.50594950345014,52.85352762464157,1.1806481361611,310.65220855280893,-0.19269093938197557,-69.28495569700189,53.617814422481395,1.1185989741686029,303.44798216325506,0.021461782338789703,7.220993806448249,0.7642867978398229,-0.062049161992497215,-7.204226389553867,0.21415272172076527,"[(-76.61156440929823, 52.82764251330049), (-76.59731248600482, 52.8136405211455), (-76.58301825453707, 52.79959622078891), (-76.56868171490991, 52.785509612245576), (-76.55430286713839, 52.771380695530404), (-76.53988171123747, 52.7572094706583), (-76.52541824722222, 52.7429959376442), (-76.51091247510766, 52.728740096503046), (-76.49636439490887, 52.714441947249796), (-76.48177400664092, 52.70010148989943), (-76.46714131031891, 52.685718724466945), (-76.45246630595797, 52.67129365096736), (-76.43774899357321, 52.656826269415696), (-76.4229893731798, 52.64231657982701), (-76.4081874447929, 52.627764582216365), (-76.3933432084277, 52.613170276598844), (-76.37845666409937, 52.598533662989546), (-76.36352781182318, 52.58385474140359), (-76.34855665161433, 52.569133511856116), (-76.33354318348809, 52.55436997436227), (-76.31848740745973, 52.539564128937215), (-76.30338932354454, 52.52471597559615), (-76.2882489317578, 52.509825514354276), (-76.27306623211487, 52.49489274522681), (-76.25784122463108, 52.479917668228985), (-76.24257390932176, 52.46490028337607), (-76.22726428620233, 52.44984059068332), (-76.21191235528815, 52.43473859016604), (-76.19651811659463, 52.41959428183954), (-76.18108157013721, 52.40440766571913), (-76.16560271593131, 52.38917874182015), (-76.15008155399242, 52.37390751015798), (-76.13451808433601, 52.358593970747975), (-76.11891230697756, 52.34323812360554), (-76.10326422193259, 52.327839968746076), (-76.08757382921662, 52.31239950618502), (-76.07184112884522, 52.296916735937806), (-76.05606612083395, 52.281391658019906), (-76.04024880519837, 52.2658242724468), (-76.0243891819541, 52.250214579233976), (-76.00848725111675, 52.234562578396954), (-75.99254301270193, 52.218868269951265), (-75.97655646672531, 52.20313165391246), (-75.96052761320257, 52.18735273029609), (-75.94445645214938, 52.171531499117755)]",True
1784489775.5892012,0,-76.48202387007204,52.85618507768089,1.2260790686404426,310.65220855280893,-0.19269093938197557,-69.30683704599905,53.61314854844013,1.1187290444449522,303.44798216325506,0.021461782338789703,7.175186824072995,0.7569634707592385,-0.10735002419549033,-7.204226389553867,0.21415272172076527,"[(-76.57297567879283, 52.83125021817034), (-76.55499883731147, 52.818119071673365), (-76.53697970332667, 52.804945632145454), (-76.51891827685486, 52.7917298996011), (-76.50081455791255, 52.778471874054816), (-76.48266854651622, 52.76517155552113), (-76.4644802426824, 52.751828944014584), (-76.44624964642762, 52.73844403954974), (-76.42797675776842, 52.72501684214119), (-76.40966157672138, 52.71154735180352), (-76.39130410330309, 52.69803556855135), (-76.37290433753014, 52.684481492399314), (-76.35446227941917, 52.67088512336206), (-76.33597792898681, 52.65724646145426), (-76.31745128624969, 52.643565506690585), (-76.29888235122452, 52.62984225908575), (-76.28027112392796, 52.61607671865446), (-76.26161760437674, 52.60226888541147), (-76.24292179258757, 52.588418759371514), (-76.22418368857718, 52.57452634054937), (-76.20540329236235, 52.56059162895982), (-76.18658060395984, 52.546614624617675), (-76.16771562338644, 52.532595327537756), (-76.14880835065898, 52.5185337377349), (-76.12985878579427, 52.50442985522396), (-76.11086692880916, 52.490283680019814), (-76.0918327797205, 52.476095212137345), (-76.07275633854519, 52.46186445159147), (-76.05363760530011, 52.4475913983971), (-76.03447658000216, 52.43327605256919), (-76.0152732626683, 52.4189184141227), (-75.99602765331547, 52.4045184830726), (-75.97673975196061, 52.39007625943388), (-75.95740955862071, 52.37559174322156), (-75.93803707331277, 52.36106493445066), (-75.91862229605383, 52.34649583313623), (-75.89916522686089, 52.33188443929333), (-75.87966586575101, 52.31723075293704), (-75.86012421274127, 52.30253477408246), (-75.84054026784874, 52.2877965027447), (-75.82091403109052, 52.27301593893888), (-75.80124550248375, 52.25819308268017), (-75.78153468204555, 52.24332793398373), (-75.76178156979307, 52.22842049286473), (-75.7419861657435, 52.21347075933838)]",True
1784489775.6453767,0,-76.45725834865436,52.85911885370517,1.2672922388929129,310.65220855280893,-0.19269093938197557,-69.32870569308356,53.6084117742156,1.1188470391272407,303.44798216325506,0.021461782338789703,7.1285526555708,0.7492929205104275,-0.14844519976567216,-7.204226389553867,0.21415272172076527,"[(-76.50551350766538, 52.83745281740682), (-76.48248116182073, 52.82483082396579), (-76.45940652745139, 52.81216654086325), (-76.43628960457595, 52.79945996811354), (-76.41313039321298, 52.786711105730994), (-76.38992889338112, 52.77391995372999), (-76.36668510509898, 52.7610865121249), (-76.3433990283852, 52.74821078093013), (-76.32007066325848, 52.73529276016011), (-76.29670000973748, 52.72233244982926), (-76.2732870678409, 52.70932984995204), (-76.24983183758746, 52.69628496054292), (-76.22633431899591, 52.68319778161638), (-76.20279451208496, 52.67006831318693), (-76.17921241687341, 52.65689655526909), (-76.15558803338004, 52.64368250787741), (-76.13192136162365, 52.63042617102643), (-76.10821240162308, 52.61712754473073), (-76.08446115339713, 52.603786629004894), (-76.06066761696468, 52.59040342386354), (-76.0368317923446, 52.57697792932129), (-76.01295367955576, 52.56351014539278), (-75.9890332786171, 52.55000007209268), (-75.96507058954752, 52.53644770943566), (-75.94106561236596, 52.52285305743642), (-75.9170183470914, 52.50921611610966), (-75.8929287937428, 52.49553688547012), (-75.86879695233914, 52.48181536553255), (-75.84462282289945, 52.46805155631169), (-75.82040640544275, 52.454245457822346), (-75.7961476999881, 52.4403970700793), (-75.77184670655453, 52.42650639309737), (-75.74750342516113, 52.41257342689139), (-75.723117855827, 52.398598171476216), (-75.69868999857125, 52.38458062686671), (-75.67421985341304, 52.370520793077745), (-75.64970742037147, 52.356418670124235), (-75.62515269946574, 52.34227425802109), (-75.60055569071503, 52.32808755678326), (-75.57591639413853, 52.31385856642568), (-75.55123480975546, 52.29958728696333), (-75.52651093758506, 52.2852737184112), (-75.50174477764656, 52.27091786078428), (-75.47693632995926, 52.25651971409761), (-75.45208559454241, 52.24207927836621)]",True
1784489775.6744604,0,-76.43235407700455,52.86226319101495,1.2441286543578058,310.65220855280893,-0.19269093938197557,-69.35056118159697,53.60360417304097,1.1189540793015154,303.44798216325506,0.021461782338789703,7.081792895407574,0.7413409820260242,-0.12517457505629048,-7.204226389553867,0.21415272172076527,"[(-76.48103816366715, 52.84049957593099), (-76.45686578137271, 52.828466520365616), (-76.43265126513218, 52.81639132956977), (-76.40839461496397, 52.804274003557055), (-76.38409583088647, 52.792114542341096), (-76.35975491291809, 52.77991294593552), (-76.33537186107729, 52.767669214353994), (-76.31094667538251, 52.75538334761018), (-76.28647935585221, 52.74305534571776), (-76.26196990250487, 52.730685208690446), (-76.23741831535901, 52.71827293654196), (-76.21282459443313, 52.70581852928603), (-76.18818873974577, 52.69332198693641), (-76.16351075131547, 52.68078330950688), (-76.13879062916082, 52.668202497011215), (-76.11402837330039, 52.655579549463226), (-76.08922398375277, 52.642914466876725), (-76.0643774605366, 52.63020724926555), (-76.03948880367051, 52.617457896643565), (-76.01455801317314, 52.604666409024624), (-75.98958508906317, 52.59183278642262), (-75.96457003135927, 52.578957028851455), (-75.93951284008014, 52.566039136325045), (-75.91441351524452, 52.55307910885733), (-75.8892720568711, 52.540076946462264), (-75.86408846497868, 52.52703264915381), (-75.83886273958598, 52.51394621694596), (-75.8135948807118, 52.50081764985271), (-75.78828488837496, 52.48764694788809), (-75.76293276259426, 52.47443411106612), (-75.73753850338852, 52.461179139400855), (-75.7121021107766, 52.44788203290637), (-75.68662358477737, 52.43454279159675), (-75.66110292540971, 52.42116141548609), (-75.63554013269251, 52.407737904588515), (-75.6099352066447, 52.39427225891816), (-75.58428814728522, 52.38076447848916), (-75.55859895463298, 52.367214563315706), (-75.532867628707, 52.35362251341197), (-75.50709416952621, 52.33998832879216), (-75.48127857710963, 52.326312009470485), (-75.45542085147629, 52.312593555461184), (-75.4295209926452, 52.29883296677851), (-75.40357900063542, 52.28503024343673), (-75.37759487546602, 52.271185385450124)]",True
1784489775.7254398,0,-76.37149458226601,52.87014557167334,1.2153677548828121,310.65220855280893,-0.19269093938197557,-69.40531047544765,53.59207726142695,1.1191801976814706,303.44798216325506,0.021461782338789703,6.9661841068183605,0.7219316897536103,-0.09618755720134153,-7.204226389553867,0.21415272172076527,"[(-76.45650329720844, 52.84331414089591), (-76.43082591546582, 52.83153406761711), (-76.40510616046905, 52.81971161959589), (-76.37934403223743, 52.80784679684599), (-76.3535395307903, 52.79593959938118), (-76.32769265614702, 52.783990027215225), (-76.30180340832696, 52.77199808036193), (-76.27587178734949, 52.75996375883511), (-76.24989779323401, 52.747887062648594), (-76.22388142599996, 52.735767991816225), (-76.19782268566676, 52.723606546351874), (-76.17172157225386, 52.71140272626942), (-76.14557808578073, 52.69915653158276), (-76.11939222626687, 52.68686796230581), (-76.09316399373175, 52.674537018452504), (-76.06689338819491, 52.66216370003679), (-76.0405804096759, 52.64974800707264), (-76.01422505819427, 52.637289939574025), (-75.98782733376959, 52.62478949755496), (-75.96138723642143, 52.61224668102945), (-75.93490476616942, 52.599661490011535), (-75.90837992303318, 52.58703392451527), (-75.88181270703234, 52.574363984554715), (-75.85520311818654, 52.56165167014396), (-75.82855115651547, 52.548896981297105), (-75.80185682203883, 52.53609991802827), (-75.77512011477631, 52.52326048035159), (-75.74834103474765, 52.51037866828122), (-75.72151958197259, 52.49745448183133), (-75.69465575647088, 52.48448792101611), (-75.66774955826229, 52.47147898584976), (-75.64080098736662, 52.458427676346496), (-75.61381004380367, 52.44533399252057), (-75.58677672759327, 52.432197934386224), (-75.55970103875528, 52.41901950195774), (-75.53258297730954, 52.4057986952494), (-75.50542254327594, 52.392535514275515), (-75.47821973667436, 52.379229959050406), (-75.45097455752472, 52.36588202958841), (-75.42368700584694, 52.35249172590389), (-75.39635708166098, 52.339059048011215), (-75.3689847849868, 52.325583995924774), (-75.34157011584436, 52.31206656965898), (-75.31411307425368, 52.29850676922826), (-75.28661366023475, 52.28490459464705)]",True
1784489775.779566,0,-76.25164474208744,52.88388008573306,1.2018637940153218,310.65220855280893,-0.19269093938197557,-69.5162291658891,53.57737264393487,1.1194963493277432,303.44798216325506,0.021461782338789703,6.735415576198335,0.693492558201811,-0.08236744468757862,-7.204226389553867,0.21415272172076527,"[(-76.39059266159484, 52.85158172040685), (-76.36106622611975, 52.84037372233631), (-76.33149743896945, 52.82912337062287), (-76.30188630016488, 52.81783066528007), (-76.27223280972697, 52.806495606321484), (-76.24253696767666, 52.79511819376069), (-76.21279877403491, 52.7836984276113), (-76.1830182288227, 52.77223630788693), (-76.15319533206105, 52.76073183460121), (-76.12333008377095, 52.74918500776779), (-76.09342248397344, 52.737595827400355), (-76.06347253268957, 52.72596429351258), (-76.03348022994041, 52.714290406118174), (-76.00344557574702, 52.70257416523086), (-75.97336857013053, 52.690815570864366), (-75.94324921311204, 52.67901462303245), (-75.91308750471269, 52.66717132174889), (-75.88288344495362, 52.65528566702747), (-75.85263703385601, 52.643357658882), (-75.82234827144106, 52.631387297326306), (-75.79201715772994, 52.61937458237422), (-75.76164369274389, 52.6073195140396), (-75.73122787650414, 52.59522209233633), (-75.70076970903193, 52.58308231727828), (-75.67026919034856, 52.57090018887938), (-75.6397263204753, 52.55867570715354), (-75.60914109943344, 52.54640887211471), (-75.57851352724433, 52.53409968377685), (-75.54784360392928, 52.52174814215394), (-75.51713132950967, 52.509354247259964), (-75.48637670400686, 52.49691799910894), (-75.45557972744224, 52.48443939771489), (-75.42474039983722, 52.47191844309185), (-75.39385872121322, 52.4593551352539), (-75.36293469159169, 52.44674947421511), (-75.33196831099407, 52.43410145998957), (-75.30095957944185, 52.4214110925914), (-75.2699084969565, 52.40867837203472), (-75.23881506355956, 52.39590329833369), (-75.20767927927253, 52.383085871502466), (-75.17650114411695, 52.370226091555224), (-75.1452806581144, 52.35732395850617), (-75.11401782128645, 52.34437947236952), (-75.0827126336547, 52.331392633159496), (-75.05136509524073, 52.31836344089035)]",True
1784489775.8250597,0,-76.22767445671604,52.88557080878454,1.201222247872621,310.65220855280893,-0.19269093938197557,-69.53856948642395,53.575882111193174,1.1195431081939367,303.44798216325506,0.021461782338789703,6.689104970292092,0.6903113024086309,-0.08167913967868445,-7.204226389553867,0.21415272172076527,"[(-76.3284604922761, 52.859233513466265), (-76.2948550381497, 52.84829282156994), (-76.26120654370966, 52.83730908684669), (-76.22751500897964, 52.826282309310606), (-76.19378043398329, 52.815212488975824), (-76.16000281874433, 52.80409962585647), (-76.12618216328644, 52.792943719966715), (-76.09231846763338, 52.781744771320724), (-76.05841173180887, 52.77050277993269), (-76.02446195583671, 52.75921774581683), (-75.99046913974067, 52.74788966898736), (-75.95643328354454, 52.73651854945854), (-75.92235438727215, 52.72510438724463), (-75.88823245094734, 52.713647182359914), (-75.85406747459398, 52.70214693481869), (-75.81985945823592, 52.69060364463529), (-75.78560840189706, 52.67901731182404), (-75.75131430560133, 52.66738793639931), (-75.71697716937263, 52.65571551837546), (-75.68259699323492, 52.64400005776689), (-75.6481737772122, 52.632241554588006), (-75.61370752132841, 52.620440008853244), (-75.57919822560757, 52.608595420577046), (-75.5446458900737, 52.59670778977387), (-75.51005051475083, 52.58477711645822), (-75.47541209966303, 52.57280340064458), (-75.44073064483436, 52.56078664234747), (-75.40600615028892, 52.548726841581434), (-75.37123861605082, 52.53662399836102), (-75.33642804214419, 52.52447811270081), (-75.30157442859317, 52.5122891846154), (-75.26667777542193, 52.50005721411939), (-75.23173808265464, 52.48778220122741), (-75.19675535031554, 52.47546414595411), (-75.16172957842882, 52.46310304831416), (-75.12666076701873, 52.45069890832223), (-75.09154891610952, 52.43825172599303), (-75.05639402572547, 52.42576150134127), (-75.02119609589086, 52.4132282343817), (-74.98595512663, 52.40065192512907), (-74.95067111796725, 52.388032573598146), (-74.91534406992692, 52.37537017980373), (-74.87997398253339, 52.36266474376063), (-74.84456085581104, 52.34991626548367), (-74.80910468978428, 52.337124744987705)]",True
1784489775.8769877,0,-76.14368265507534,52.88803150483213,1.2002791649825326,310.65220855280893,-0.19269093938197557,-69.60570780764807,53.573924901715515,1.1196589131726564,303.44798216325506,0.021461782338789703,6.5379748474272645,0.6858933968833867,-0.0806202518098762,-7.204226389553867,0.21415272172076527,"[(-76.30060188137743, 52.8629341844744), (-76.266069877622, 52.852323737469554), (-76.23149561686567, 52.84167103091476), (-76.19687909913114, 52.8309760648232), (-76.16222032444111, 52.82023883920805), (-76.12751929281832, 52.809459354082534), (-76.0927760042855, 52.79863760945987), (-76.0579904588654, 52.787773605353294), (-76.02316265658082, 52.776867341776075), (-75.98829259745453, 52.76591881874148), (-75.95338028150934, 52.75492803626282), (-75.91842570876808, 52.74389499435338), (-75.8834288792536, 52.73281969302651), (-75.84838979298875, 52.72170213229553), (-75.81330844999643, 52.71054231217382), (-75.7781848502995, 52.69934023267475), (-75.74301899392087, 52.688095893811706), (-75.7078108808835, 52.676809295598105), (-75.6725605112103, 52.665480438047375), (-75.63726788492426, 52.65410932117296), (-75.60193300204833, 52.64269594498832), (-75.56655586260551, 52.63124030950693), (-75.53113646661882, 52.619742414742284), (-75.49567481411128, 52.6082022607079), (-75.46017090510593, 52.5966198474173), (-75.42462473962583, 52.584995174884035), (-75.38903631769406, 52.57332824312166), (-75.35340563933372, 52.561619052143755), (-75.31773270456792, 52.54986760196392), (-75.28201751341979, 52.538073892595754), (-75.24626006591247, 52.5262379240529), (-75.21046036206911, 52.514359696349), (-75.17461840191291, 52.50243920949771), (-75.13873418546706, 52.49047646351272), (-75.10280771275477, 52.478471458407725), (-75.06683898379927, 52.46642419419643), (-75.0308279986238, 52.454334670892564), (-74.99477475725163, 52.44220288850988), (-74.95867925970603, 52.43002884706215), (-74.9225415060103, 52.417812546563134), (-74.88636149618776, 52.40555398702664), (-74.85013923026173, 52.39325316846649), (-74.81387470825557, 52.38091009089649), (-74.77756793019263, 52.36852475433051), (-74.74121889609629, 52.356097158782404)]",True
1784489775.9242861,0,-76.131681088105,52.887883181416655,1.2002260768722977,310.65220855280893,-0.19269093938197557,-69.62809178140448,53.574529264091126,1.1196905797744583,303.44798216325506,0.021461782338789703,6.503589306700519,0.6866460826744714,-0.08053549709783936,-7.204226389553867,0.21415272172076527,"[(-76.23960769102993, 52.869878572664724), (-76.20148311427195, 52.85949645466373), (-76.16331566073839, 52.849071456868266), (-76.12510533045428, 52.838603579291906), (-76.08685212344459, 52.82809282194822), (-76.04855603973436, 52.81753918485079), (-76.01021707934865, 52.80694266801323), (-75.9718352423125, 52.79630327144917), (-75.933410528651, 52.78562099517226), (-75.89494293838924, 52.774895839196155), (-75.85643247155234, 52.764127803534535), (-75.81787912816543, 52.7533168882011), (-75.77928290825366, 52.742463093209565), (-75.7406438118422, 52.731566418573664), (-75.70196183895625, 52.72062686430715), (-75.663236989621, 52.709644430423786), (-75.62446926386166, 52.698619116937365), (-75.58565866170346, 52.68755092386169), (-75.54680518317168, 52.67643985121058), (-75.50790882829159, 52.66528589899788), (-75.46896959708847, 52.654089067237436), (-75.42998748958765, 52.64284935594313), (-75.39096250581443, 52.63156676512885), (-75.35189464579418, 52.620241294808515), (-75.31278390955224, 52.608872944996044), (-75.273630297114, 52.597461715705386), (-75.23443380850485, 52.5860076069505), (-75.19519444375022, 52.57451061874538), (-75.15591220287554, 52.562970751104004), (-75.11658708590626, 52.551388004040405), (-75.07721909286784, 52.53976237756861), (-75.03780822378576, 52.528093871702666), (-74.99835447868554, 52.51638248645665), (-74.95885785759269, 52.50462822184465), (-74.91931836053276, 52.49283107788076), (-74.87973598753129, 52.48099105457911), (-74.84011073861386, 52.46910815195383), (-74.80044261380607, 52.4571823700191), (-74.76073161313353, 52.44521370878907), (-74.72097773662185, 52.433202168277944), (-74.68118098429669, 52.42114774849993), (-74.6413413561837, 52.40905044946927), (-74.60145885230858, 52.39691027120019), (-74.56153347269702, 52.38472721370697), (-74.52156521737473, 52.37250127700387)]",True
1784489775.9743366,0,-76.09470853211405,52.886918294561156,1.2641033468358875,310.65220855280893,-0.19269093938197557,-69.66161271128628,53.576671319350446,1.1197326536842735,303.44798216325506,0.021461782338789703,6.4330958208277735,0.6897530247892902,-0.144370693151614,-7.204226389553867,0.21415272172076527,"[(-76.23960769102993, 52.869878572664724), (-76.20148311427195, 52.85949645466373), (-76.16331566073839, 52.849071456868266), (-76.12510533045428, 52.838603579291906), (-76.08685212344459, 52.82809282194822), (-76.04855603973436, 52.81753918485079), (-76.01021707934865, 52.80694266801323), (-75.9718352423125, 52.79630327144917), (-75.933410528651, 52.78562099517226), (-75.89494293838924, 52.774895839196155), (-75.85643247155234, 52.764127803534535), (-75.81787912816543, 52.7533168882011), (-75.77928290825366, 52.742463093209565), (-75.7406438118422, 52.731566418573664), (-75.70196183895625, 52.72062686430715), (-75.663236989621, 52.709644430423786), (-75.62446926386166, 52.698619116937365), (-75.58565866170346, 52.68755092386169), (-75.54680518317168, 52.67643985121058), (-75.50790882829159, 52.66528589899788), (-75.46896959708847, 52.654089067237436), (-75.42998748958765, 52.64284935594313), (-75.39096250581443, 52.63156676512885), (-75.35189464579418, 52.620241294808515), (-75.31278390955224, 52.608872944996044), (-75.273630297114, 52.597461715705386), (-75.23443380850485, 52.5860076069505), (-75.19519444375022, 52.57451061874538), (-75.15591220287554, 52.562970751104004), (-75.11658708590626, 52.551388004040405), (-75.07721909286784, 52.53976237756861), (-75.03780822378576, 52.528093871702666), (-74.99835447868554, 52.51638248645665), (-74.95885785759269, 52.50462822184465), (-74.91931836053276, 52.49283107788076), (-74.87973598753129, 52.48099105457911), (-74.84011073861386, 52.46910815195383), (-74.80044261380607, 52.4571823700191), (-74.76073161313353, 52.44521370878907), (-74.72097773662185, 52.433202168277944), (-74.68118098429669, 52.42114774849993), (-74.6413413561837, 52.40905044946927), (-74.60145885230858, 52.39691027120019), (-74.56153347269702, 52.38472721370697), (-74.52156521737473, 52.37250127700387)]",True
1784489776.0247178,0,-76.04268675187848,52.88535776315726,1.3359709604691934,310.65220855280893,-0.19269093938197557,-69.70605359231637,53.582137946501675,1.1197799905772932,303.44798216325506,0.021461782338789703,6.336633159562112,0.6967801833444156,-0.21619096989190023,-7.204226389553867,0.21415272172076527,"[(-76.23960769102993, 52.869878572664724), (-76.20148311427195, 52.85949645466373), (-76.16331566073839, 52.849071456868266), (-76.12510533045428, 52.838603579291906), (-76.08685212344459, 52.82809282194822), (-76.04855603973436, 52.81753918485079), (-76.01021707934865, 52.80694266801323), (-75.9718352423125, 52.79630327144917), (-75.933410528651, 52.78562099517226), (-75.89494293838924, 52.774895839196155), (-75.85643247155234, 52.764127803534535), (-75.81787912816543, 52.7533168882011), (-75.77928290825366, 52.742463093209565), (-75.7406438118422, 52.731566418573664), (-75.70196183895625, 52.72062686430715), (-75.663236989621, 52.709644430423786), (-75.62446926386166, 52.698619116937365), (-75.58565866170346, 52.68755092386169), (-75.54680518317168, 52.67643985121058), (-75.50790882829159, 52.66528589899788), (-75.46896959708847, 52.654089067237436), (-75.42998748958765, 52.64284935594313), (-75.39096250581443, 52.63156676512885), (-75.35189464579418, 52.620241294808515), (-75.31278390955224, 52.608872944996044), (-75.273630297114, 52.597461715705386), (-75.23443380850485, 52.5860076069505), (-75.19519444375022, 52.57451061874538), (-75.15591220287554, 52.562970751104004), (-75.11658708590626, 52.551388004040405), (-75.07721909286784, 52.53976237756861), (-75.03780822378576, 52.528093871702666), (-74.99835447868554, 52.51638248645665), (-74.95885785759269, 52.50462822184465), (-74.91931836053276, 52.49283107788076), (-74.87973598753129, 52.48099105457911), (-74.84011073861386, 52.46910815195383), (-74.80044261380607, 52.4571823700191), (-74.76073161313353, 52.44521370878907), (-74.72097773662185, 52.433202168277944), (-74.68118098429669, 52.42114774849993), (-74.6413413561837, 52.40905044946927), (-74.60145885230858, 52.39691027120019), (-74.56153347269702, 52.38472721370697), (-74.52156521737473, 52.37250127700387)]",True
1784489776.0811882,0,-76.00193987053785,52.883844158831835,1.3813903873279787,310.65220855280893,-0.19269093938197557,-69.7389759365401,53.58879912138533,1.119809906897615,303.44798216325506,0.021461782338789703,6.262963933997753,0.7049549625534937,-0.26158048043036364,-7.204226389553867,0.21415272172076527,"[(-76.23960769102993, 52.869878572664724), (-76.20148311427195, 52.85949645466373), (-76.16331566073839, 52.849071456868266), (-76.12510533045428, 52.838603579291906), (-76.08685212344459, 52.82809282194822), (-76.04855603973436, 52.81753918485079), (-76.01021707934865, 52.80694266801323), (-75.9718352423125, 52.79630327144917), (-75.933410528651, 52.78562099517226), (-75.89494293838924, 52.774895839196155), (-75.85643247155234, 52.764127803534535), (-75.81787912816543, 52.7533168882011), (-75.77928290825366, 52.742463093209565), (-75.7406438118422, 52.731566418573664), (-75.70196183895625, 52.72062686430715), (-75.663236989621, 52.709644430423786), (-75.62446926386166, 52.698619116937365), (-75.58565866170346, 52.68755092386169), (-75.54680518317168, 52.67643985121058), (-75.50790882829159, 52.66528589899788), (-75.46896959708847, 52.654089067237436), (-75.42998748958765, 52.64284935594313), (-75.39096250581443, 52.63156676512885), (-75.35189464579418, 52.620241294808515), (-75.31278390955224, 52.608872944996044), (-75.273630297114, 52.597461715705386), (-75.23443380850485, 52.5860076069505), (-75.19519444375022, 52.57451061874538), (-75.15591220287554, 52.562970751104004), (-75.11658708590626, 52.551388004040405), (-75.07721909286784, 52.53976237756861), (-75.03780822378576, 52.528093871702666), (-74.99835447868554, 52.51638248645665), (-74.95885785759269, 52.50462822184465), (-74.91931836053276, 52.49283107788076), (-74.87973598753129, 52.48099105457911), (-74.84011073861386, 52.46910815195383), (-74.80044261380607, 52.4571823700191), (-74.76073161313353, 52.44521370878907), (-74.72097773662185, 52.433202168277944), (-74.68118098429669, 52.42114774849993), (-74.6413413561837, 52.40905044946927), (-74.60145885230858, 52.39691027120019), (-74.56153347269702, 52.38472721370697), (-74.52156521737473, 52.37250127700387)]",True
1784489776.1439717,0,-75.94570299040235,52.881014600735774,1.4324912847644842,310.65220855280893,-0.19269093938197557,-69.78238743960199,53.59982409270299,1.1198435654204584,303.44798216325506,0.021461782338789703,6.1633155508003625,0.7188094919672139,-0.3126477193440258,-7.204226389553867,0.21415272172076527,"[(-76.23960769102993, 52.869878572664724), (-76.20148311427195, 52.85949645466373), (-76.16331566073839, 52.849071456868266), (-76.12510533045428, 52.838603579291906), (-76.08685212344459, 52.82809282194822), (-76.04855603973436, 52.81753918485079), (-76.01021707934865, 52.80694266801323), (-75.9718352423125, 52.79630327144917), (-75.933410528651, 52.78562099517226), (-75.89494293838924, 52.774895839196155), (-75.85643247155234, 52.764127803534535), (-75.81787912816543, 52.7533168882011), (-75.77928290825366, 52.742463093209565), (-75.7406438118422, 52.731566418573664), (-75.70196183895625, 52.72062686430715), (-75.663236989621, 52.709644430423786), (-75.62446926386166, 52.698619116937365), (-75.58565866170346, 52.68755092386169), (-75.54680518317168, 52.67643985121058), (-75.50790882829159, 52.66528589899788), (-75.46896959708847, 52.654089067237436), (-75.42998748958765, 52.64284935594313), (-75.39096250581443, 52.63156676512885), (-75.35189464579418, 52.620241294808515), (-75.31278390955224, 52.608872944996044), (-75.273630297114, 52.597461715705386), (-75.23443380850485, 52.5860076069505), (-75.19519444375022, 52.57451061874538), (-75.15591220287554, 52.562970751104004), (-75.11658708590626, 52.551388004040405), (-75.07721909286784, 52.53976237756861), (-75.03780822378576, 52.528093871702666), (-74.99835447868554, 52.51638248645665), (-74.95885785759269, 52.50462822184465), (-74.91931836053276, 52.49283107788076), (-74.87973598753129, 52.48099105457911), (-74.84011073861386, 52.46910815195383), (-74.80044261380607, 52.4571823700191), (-74.76073161313353, 52.44521370878907), (-74.72097773662185, 52.433202168277944), (-74.68118098429669, 52.42114774849993), (-74.6413413561837, 52.40905044946927), (-74.60145885230858, 52.39691027120019), (-74.56153347269702, 52.38472721370697), (-74.52156521737473, 52.37250127700387)]",True
1784489776.1779647,0,-75.93134784544304,52.88014655850365,1.4437848221333083,310.65220855280893,-0.19269093938197557,-69.79329606133385,53.60289104059002,1.1464790013906188,303.44798216325506,0.021461782338789703,6.138051784109194,0.7227444820863766,-0.2973058207426895,-7.204226389553867,0.21415272172076527,"[(-76.23960769102993, 52.869878572664724), (-76.20148311427195, 52.85949645466373), (-76.16331566073839, 52.849071456868266), (-76.12510533045428, 52.838603579291906), (-76.08685212344459, 52.82809282194822), (-76.04855603973436, 52.81753918485079), (-76.01021707934865, 52.80694266801323), (-75.9718352423125, 52.79630327144917), (-75.933410528651, 52.78562099517226), (-75.89494293838924, 52.774895839196155), (-75.85643247155234, 52.764127803534535), (-75.81787912816543, 52.7533168882011), (-75.77928290825366, 52.742463093209565), (-75.7406438118422, 52.731566418573664), (-75.70196183895625, 52.72062686430715), (-75.663236989621, 52.709644430423786), (-75.62446926386166, 52.698619116937365), (-75.58565866170346, 52.68755092386169), (-75.54680518317168, 52.67643985121058), (-75.50790882829159, 52.66528589899788), (-75.46896959708847, 52.654089067237436), (-75.42998748958765, 52.64284935594313), (-75.39096250581443, 52.63156676512885), (-75.35189464579418, 52.620241294808515), (-75.31278390955224, 52.608872944996044), (-75.273630297114, 52.597461715705386), (-75.23443380850485, 52.5860076069505), (-75.19519444375022, 52.57451061874538), (-75.15591220287554, 52.562970751104004), (-75.11658708590626, 52.551388004040405), (-75.07721909286784, 52.53976237756861), (-75.03780822378576, 52.528093871702666), (-74.99835447868554, 52.51638248645665), (-74.95885785759269, 52.50462822184465), (-74.91931836053276, 52.49283107788076), (-74.87973598753129, 52.48099105457911), (-74.84011073861386, 52.46910815195383), (-74.80044261380607, 52.4571823700191), (-74.76073161313353, 52.44521370878907), (-74.72097773662185, 52.433202168277944), (-74.68118098429669, 52.42114774849993), (-74.6413413561837, 52.40905044946927), (-74.60145885230858, 52.39691027120019), (-74.56153347269702, 52.38472721370697), (-74.52156521737473, 52.37250127700387)]",True
1784489776.248526,0,-75.91688751059952,52.87919491018266,1.4545413518002448,310.65220855280893,-0.19269093938197557,-69.81574975137868,53.60958537182728,1.1960105511771135,303.44798216325506,0.021461782338789703,6.101137759220848,0.7303904616446175,-0.2585308006231313,-7.204226389553867,0.21415272172076527,"[(-76.23960769102993, 52.869878572664724), (-76.20148311427195, 52.85949645466373), (-76.16331566073839, 52.849071456868266), (-76.12510533045428, 52.838603579291906), (-76.08685212344459, 52.82809282194822), (-76.04855603973436, 52.81753918485079), (-76.01021707934865, 52.80694266801323), (-75.9718352423125, 52.79630327144917), (-75.933410528651, 52.78562099517226), (-75.89494293838924, 52.774895839196155), (-75.85643247155234, 52.764127803534535), (-75.81787912816543, 52.7533168882011), (-75.77928290825366, 52.742463093209565), (-75.7406438118422, 52.731566418573664), (-75.70196183895625, 52.72062686430715), (-75.663236989621, 52.709644430423786), (-75.62446926386166, 52.698619116937365), (-75.58565866170346, 52.68755092386169), (-75.54680518317168, 52.67643985121058), (-75.50790882829159, 52.66528589899788), (-75.46896959708847, 52.654089067237436), (-75.42998748958765, 52.64284935594313), (-75.39096250581443, 52.63156676512885), (-75.35189464579418, 52.620241294808515), (-75.31278390955224, 52.608872944996044), (-75.273630297114, 52.597461715705386), (-75.23443380850485, 52.5860076069505), (-75.19519444375022, 52.57451061874538), (-75.15591220287554, 52.562970751104004), (-75.11658708590626, 52.551388004040405), (-75.07721909286784, 52.53976237756861), (-75.03780822378576, 52.528093871702666), (-74.99835447868554, 52.51638248645665), (-74.95885785759269, 52.50462822184465), (-74.91931836053276, 52.49283107788076), (-74.87973598753129, 52.48099105457911), (-74.84011073861386, 52.46910815195383), (-74.80044261380607, 52.4571823700191), (-74.76073161313353, 52.44521370878907), (-74.72097773662185, 52.433202168277944), (-74.68118098429669, 52.42114774849993), (-74.6413413561837, 52.40905044946927), (-74.60145885230858, 52.39691027120019), (-74.56153347269702, 52.38472721370697), (-74.52156521737473, 52.37250127700387)]",True
1784489776.3023446,0,-75.85809389884044,52.87467708638981,1.492690218796352,310.65220855280893,-0.19269093938197557,-69.85090128001582,53.62077216395114,1.2618207688876364,303.44798216325506,0.021461782338789703,6.007192618824618,0.7460950775613284,-0.2308694499087156,-7.204226389553867,0.21415272172076527,"[(-76.23960769102993, 52.869878572664724), (-76.20148311427195, 52.85949645466373), (-76.16331566073839, 52.849071456868266), (-76.12510533045428, 52.838603579291906), (-76.08685212344459, 52.82809282194822), (-76.04855603973436, 52.81753918485079), (-76.01021707934865, 52.80694266801323), (-75.9718352423125, 52.79630327144917), (-75.933410528651, 52.78562099517226), (-75.89494293838924, 52.774895839196155), (-75.85643247155234, 52.764127803534535), (-75.81787912816543, 52.7533168882011), (-75.77928290825366, 52.742463093209565), (-75.7406438118422, 52.731566418573664), (-75.70196183895625, 52.72062686430715), (-75.663236989621, 52.709644430423786), (-75.62446926386166, 52.698619116937365), (-75.58565866170346, 52.68755092386169), (-75.54680518317168, 52.67643985121058), (-75.50790882829159, 52.66528589899788), (-75.46896959708847, 52.654089067237436), (-75.42998748958765, 52.64284935594313), (-75.39096250581443, 52.63156676512885), (-75.35189464579418, 52.620241294808515), (-75.31278390955224, 52.608872944996044), (-75.273630297114, 52.597461715705386), (-75.23443380850485, 52.5860076069505), (-75.19519444375022, 52.57451061874538), (-75.15591220287554, 52.562970751104004), (-75.11658708590626, 52.551388004040405), (-75.07721909286784, 52.53976237756861), (-75.03780822378576, 52.528093871702666), (-74.99835447868554, 52.51638248645665), (-74.95885785759269, 52.50462822184465), (-74.91931836053276, 52.49283107788076), (-74.87973598753129, 52.48099105457911), (-74.84011073861386, 52.46910815195383), (-74.80044261380607, 52.4571823700191), (-74.76073161313353, 52.44521370878907), (-74.72097773662185, 52.433202168277944), (-74.68118098429669, 52.42114774849993), (-74.6413413561837, 52.40905044946927), (-74.60145885230858, 52.39691027120019), (-74.56153347269702, 52.38472721370697), (-74.52156521737473, 52.37250127700387)]",True
1784489776.3240957,0,-75.82819690575201,52.87195929830227,1.5091514771460255,310.65220855280893,-0.19269093938197557,-69.87530850694542,53.628592112732754,1.3006441046098298,303.44798216325506,0.021461782338789703,5.952888398806593,0.7566328144304819,-0.20850737253619567,-7.204226389553867,0.21415272172076527,"[(-76.23960769102993, 52.869878572664724), (-76.20148311427195, 52.85949645466373), (-76.16331566073839, 52.849071456868266), (-76.12510533045428, 52.838603579291906), (-76.08685212344459, 52.82809282194822), (-76.04855603973436, 52.81753918485079), (-76.01021707934865, 52.80694266801323), (-75.9718352423125, 52.79630327144917), (-75.933410528651, 52.78562099517226), (-75.89494293838924, 52.774895839196155), (-75.85643247155234, 52.764127803534535), (-75.81787912816543, 52.7533168882011), (-75.77928290825366, 52.742463093209565), (-75.7406438118422, 52.731566418573664), (-75.70196183895625, 52.72062686430715), (-75.663236989621, 52.709644430423786), (-75.62446926386166, 52.698619116937365), (-75.58565866170346, 52.68755092386169), (-75.54680518317168, 52.67643985121058), (-75.50790882829159, 52.66528589899788), (-75.46896959708847, 52.654089067237436), (-75.42998748958765, 52.64284935594313), (-75.39096250581443, 52.63156676512885), (-75.35189464579418, 52.620241294808515), (-75.31278390955224, 52.608872944996044), (-75.273630297114, 52.597461715705386), (-75.23443380850485, 52.5860076069505), (-75.19519444375022, 52.57451061874538), (-75.15591220287554, 52.562970751104004), (-75.11658708590626, 52.551388004040405), (-75.07721909286784, 52.53976237756861), (-75.03780822378576, 52.528093871702666), (-74.99835447868554, 52.51638248645665), (-74.95885785759269, 52.50462822184465), (-74.91931836053276, 52.49283107788076), (-74.87973598753129, 52.48099105457911), (-74.84011073861386, 52.46910815195383), (-74.80044261380607, 52.4571823700191), (-74.76073161313353, 52.44521370878907), (-74.72097773662185, 52.433202168277944), (-74.68118098429669, 52.42114774849993), (-74.6413413561837, 52.40905044946927), (-74.60145885230858, 52.39691027120019), (-74.56153347269702, 52.38472721370697), (-74.52156521737473, 52.37250127700387)]",True
1784489776.3966882,0,-75.73684327961796,52.862621437388434,1.549920123353179,310.65220855280893,-0.19269093938197557,-69.95708140206739,53.65621771351922,1.5640791665976521,303.44798216325506,0.021461782338789703,5.77976187755057,0.7935962761307849,0.014159043244473146,-7.204226389553867,0.21415272172076527,"[(-76.23960769102993, 52.869878572664724), (-76.20148311427195, 52.85949645466373), (-76.16331566073839, 52.849071456868266), (-76.12510533045428, 52.838603579291906), (-76.08685212344459, 52.82809282194822), (-76.04855603973436, 52.81753918485079), (-76.01021707934865, 52.80694266801323), (-75.9718352423125, 52.79630327144917), (-75.933410528651, 52.78562099517226), (-75.89494293838924, 52.774895839196155), (-75.85643247155234, 52.764127803534535), (-75.81787912816543, 52.7533168882011), (-75.77928290825366, 52.742463093209565), (-75.7406438118422, 52.731566418573664), (-75.70196183895625, 52.72062686430715), (-75.663236989621, 52.709644430423786), (-75.62446926386166, 52.698619116937365), (-75.58565866170346, 52.68755092386169), (-75.54680518317168, 52.67643985121058), (-75.50790882829159, 52.66528589899788), (-75.46896959708847, 52.654089067237436), (-75.42998748958765, 52.64284935594313), (-75.39096250581443, 52.63156676512885), (-75.35189464579418, 52.620241294808515), (-75.31278390955224, 52.608872944996044), (-75.273630297114, 52.597461715705386), (-75.23443380850485, 52.5860076069505), (-75.19519444375022, 52.57451061874538), (-75.15591220287554, 52.562970751104004), (-75.11658708590626, 52.551388004040405), (-75.07721909286784, 52.53976237756861), (-75.03780822378576, 52.528093871702666), (-74.99835447868554, 52.51638248645665), (-74.95885785759269, 52.50462822184465), (-74.91931836053276, 52.49283107788076), (-74.87973598753129, 52.48099105457911), (-74.84011073861386, 52.46910815195383), (-74.80044261380607, 52.4571823700191), (-74.76073161313353, 52.44521370878907), (-74.72097773662185, 52.433202168277944), (-74.68118098429669, 52.42114774849993), (-74.6413413561837, 52.40905044946927), (-74.60145885230858, 52.39691027120019), (-74.56153347269702, 52.38472721370697), (-74.52156521737473, 52.37250127700387)]",True
1784489776.4325576,0,-75.69033364161199,52.85790869334888,1.5662479190854175,310.65220855280893,-0.19269093938197557,-70.00286044346048,53.67235243777071,1.6695846047471306,303.44798216325506,0.021461782338789703,5.687473198151508,0.8144437444218298,0.10333668566171306,-7.204226389553867,0.21415272172076527,"[(-76.14528967401914, 52.86301752189914), (-76.10229194544647, 52.85170178993527), (-76.05925584364272, 52.840347681332155), (-76.01618136863353, 52.82895519610258), (-75.97306852044453, 52.81752433425935), (-75.9299172991014, 52.8060550958153), (-75.88672770462982, 52.79454748078327), (-75.84349973705548, 52.78300148917611), (-75.80023339640408, 52.77141712100669), (-75.75692868270134, 52.75979437628791), (-75.71358559597303, 52.74813325503265), (-75.67020413624488, 52.73643375725384), (-75.62678430354266, 52.72469588296442), (-75.58332609789217, 52.71291963217733), (-75.53982951931921, 52.70110500490554), (-75.49629456784959, 52.68925200116203), (-75.45272124350915, 52.677360620959796), (-75.40910954632372, 52.665430864311844), (-75.36545947631919, 52.65346273123121), (-75.32177103352143, 52.64145622173093)]",True
1784489776.4757676,0,-75.6118018272818,52.85037962163818,1.588678047706313,310.65220855280893,-0.19269093938197557,-70.08512383232554,53.70140716233616,1.814521532346252,303.44798216325506,0.021461782338789703,5.526677994956259,0.8510275406979773,0.22584348463993908,-7.204226389553867,0.21415272172076527,"[(-75.62353198441076, 52.840435681023166), (-75.53920353514083, 52.82294205755254), (-75.45480096292493, 52.80537425243135), (-75.37032426837386, 52.78773226588842), (-75.28577345209885, 52.77001609815302), (-75.20114851471153, 52.752225749454816), (-75.116449456824, 52.73436122002391), (-75.03167627904871, 52.716422510090815), (-74.94682898199858, 52.69840961988649), (-74.86190756628696, 52.6803225496423), (-74.7769120325276, 52.66216129959004), (-74.6918423813347, 52.64392586996193), (-74.60669861332283, 52.62561626099062), (-74.52148072910704, 52.60723247290916), (-74.43618872930277, 52.588774505951044), (-74.3508226145259, 52.570242360350186), (-74.2653823853927, 52.55163603634092), (-74.1798680425199, 52.53295553415802), (-74.09427958652465, 52.51420085403665), (-74.00861701802451, 52.495371996212434), (-73.92288033763744, 52.47646896092139), (-73.83706954598188, 52.457491748399974), (-73.75118464367662, 52.438440358885074), (-73.66522563134096, 52.41931479261398), (-73.57919250959453, 52.40011504982443), (-73.49308527905745, 52.38084113075456), (-73.40690394035025, 52.36149303564295), (-73.32064849409385, 52.3420707647286), (-73.23431894090962, 52.32257431825092), (-73.14791528141936, 52.303003696449764), (-73.06143751624526, 52.28335889956539), (-72.97488564600998, 52.2636399278385), (-72.88825967133656, 52.24384678151019), (-72.80155959284846, 52.22397946082202), (-72.71478541116961, 52.20403796601594), (-72.62793712692432, 52.18402229733434), (-72.54101474073734, 52.16393245502002), (-72.45401825323383, 52.14376843931622), (-72.36694766503938, 52.123530250466594), (-72.27980297678, 52.10321788871522), (-72.19258418908214, 52.082831354306606), (-72.10529130257265, 52.06237064748568), (-72.01792431787881, 52.04183576849778), (-71.93048323562833, 52.021226717588696), (-71.84296805644934, 52.00054349500462)]",True
1784489776.5339694,0,-75.58002295614376,52.84825710506645,1.5962278922477842,310.65220855280893,-0.19269093938197557,-70.11985508107237,53.71352398935711,1.8633064185226271,303.44798216325506,0.021461782338789703,5.460167875071392,0.865266884290655,0.26707852627484296,-7.204226389553867,0.21415272172076527,"[(-75.5923031751831, 52.83982195414955), (-75.5132980561269, 52.8243122736467), (-75.43424902487168, 52.80875866927443), (-75.35515608148978, 52.793161141059855), (-75.2760192260536, 52.7775196890301), (-75.1968384586356, 52.76183431321233), (-75.1176137793082, 52.746105013633745), (-75.03834518814391, 52.73033179032157), (-74.95903268521525, 52.71451464330307), (-74.87967627059474, 52.69865357260553), (-74.80027594435501, 52.68274857825627), (-74.72083170656863, 52.66679966028266), (-74.64134355730828, 52.65080681871208), (-74.56181149664661, 52.63477005357193), (-74.48223552465635, 52.61868936488967), (-74.40261564141022, 52.60256475269278), (-74.32295184698101, 52.58639621700876), (-74.24324414144151, 52.570183757865166), (-74.16349252486457, 52.55392737528956), (-74.08369699732302, 52.53762706930955), (-74.00385755888978, 52.52128283995277), (-73.92397420963776, 52.50489468724688), (-73.84404694963995, 52.488462611219596), (-73.76407577896931, 52.47198661189863), (-73.68406069769887, 52.45546668931175), (-73.60400170590168, 52.438902843486744), (-73.52389880365082, 52.42229507445144), (-73.44375199101941, 52.40564338223369), (-73.3635612680806, 52.388947766861385), (-73.28332663490757, 52.37220822836244), (-73.2030480915735, 52.3554247667648), (-73.12272563815168, 52.33859738209644), (-73.04235927471532, 52.321726074385374), (-72.96194900133779, 52.30481084365965), (-72.88149481809236, 52.287851689947345), (-72.80099672505244, 52.270848613276556), (-72.72045472229141, 52.253801613675414), (-72.63986880988269, 52.23671069117209), (-72.55923898789973, 52.21957584579479), (-72.47856525641605, 52.202397077571746), (-72.39784761550514, 52.18517438653121), (-72.31708606524057, 52.167907772701476), (-72.23628060569592, 52.15059723611087), (-72.15543123694482, 52.133242776787746), (-72.07453795906089, 52.115844394760494)]",True
1784489776.5756824,0,-75.54807409508295,52.846563361279266,1.6030768167907443,310.65220855280893,-0.19269093938197557,-70.15551723089425,53.72579434711152,1.907562164773236,303.44798216325506,0.021461782338789703,5.392556864188705,0.8792309858322511,0.3044853479824916,-7.204226389553867,0.21415272172076527,"[(-75.56749096703456, 52.83829031681313), (-75.49627307226612, 52.82439312941861), (-75.42501436277911, 52.810455122447394), (-75.35371483860219, 52.7964762959106), (-75.282374499764, 52.78245664981938), (-75.21099334629324, 52.76839618418489), (-75.13957137821858, 52.754294899018284), (-75.06810859556875, 52.740152794330754), (-74.99660499837245, 52.72596987013348), (-74.92506058665839, 52.71174612643768), (-74.85347536045533, 52.69748156325456), (-74.78184931979202, 52.68317618059535), (-74.71018246469723, 52.6688299784713), (-74.63847479519973, 52.654442956893654), (-74.5667263113283, 52.64001511587368), (-74.49493701311177, 52.625546455422665), (-74.42310690057893, 52.61103697555189), (-74.35123597375862, 52.59648667627266), (-74.27932423267967, 52.5818955575963), (-74.20737167737093, 52.56726361953413), (-74.13537830786127, 52.552590862097496), (-74.06334412417958, 52.53787728529775), (-73.99126912635472, 52.523122889146265), (-73.91915331441562, 52.508327673654414), (-73.84699668839117, 52.49349163883359), (-73.77479924831032, 52.47861478469519), (-73.70256099420199, 52.46369711125064), (-73.63028192609515, 52.448738618511356), (-73.55796204401877, 52.433739306488796), (-73.4856013480018, 52.418699175194405), (-73.41319983807323, 52.403618224639644), (-73.34075751426207, 52.388496454835995), (-73.26827437659733, 52.373333865794955), (-73.19575042510806, 52.35813045752802), (-73.12318565982328, 52.34288623004671), (-73.05058008077205, 52.32760118336255), (-72.97793368798342, 52.31227531748709), (-72.90524648148649, 52.29690863243188), (-72.83251846131031, 52.28150112820848), (-72.75974962748403, 52.266052804828476), (-72.68693998003671, 52.25056366230345), (-72.61408951899752, 52.23503370064501), (-72.54119824439557, 52.219462919864775), (-72.46826615626004, 52.20385131997437), (-72.39529325462009, 52.188198900985434)]",True
1784489776.636015,0,-75.53204322824861,52.84585163784383,1.6062590121117197,310.65220855280893,-0.19269093938197557,-70.17366260901537,53.73200381252063,1.9281245797570192,303.44798216325506,0.021461782338789703,5.358380619233245,0.886152174676802,0.3218655676452995,-7.204226389553867,0.21415272172076527,"[(-75.55527654424638, 52.837488121446256), (-75.48731204938842, 52.82418501665574), (-75.41930664348031, 52.81084099615846), (-75.35126032654992, 52.797456059965455), (-75.28317309862511, 52.78403020808777), (-75.21504495973377, 52.770563440536456), (-75.14687590990383, 52.757055757322576), (-75.07866594916318, 52.74350715845721), (-75.01041507753976, 52.72991764395146), (-74.9421232950615, 52.71628721381643), (-74.87379060175637, 52.702615868063226), (-74.80541699765233, 52.68890360670299), (-74.73700248277736, 52.675150429746864), (-74.66854705715943, 52.661356337206), (-74.60005072082656, 52.64752132909157), (-74.53151347380677, 52.63364540541475), (-74.46293531612808, 52.61972856618674), (-74.39431624781854, 52.605770811418736), (-74.3256562689062, 52.59177214112197), (-74.25695537941914, 52.57773255530767), (-74.18821357938542, 52.56365205398707), (-74.11943086883315, 52.549530637171436), (-74.05060724779041, 52.53536830487204), (-73.98174271628535, 52.52116505710015), (-73.91283727434607, 52.50692089386707), (-73.84389092200074, 52.49263581518411), (-73.77490365927748, 52.47830982106258), (-73.7058754862045, 52.463942911513826), (-73.63680640280995, 52.44953508654918), (-73.56769640912202, 52.43508634618001), (-73.49854550516893, 52.420596690417675), (-73.4293536909789, 52.40606611927356), (-73.36012096658015, 52.39149463275906), (-73.29084733200094, 52.37688223088559), (-73.2215327872695, 52.362228913664566), (-73.15217733241411, 52.34753468110742), (-73.08278096746307, 52.3327995332256), (-73.01334369244465, 52.31802347003056), (-72.94386550738716, 52.30320649153378), (-72.87434641231891, 52.28834859774673), (-72.80478640726827, 52.27344978868092), (-72.73518549226355, 52.258510064347846), (-72.66554366733311, 52.24352942475903), (-72.59586093250532, 52.22850786992602), (-72.52613728780858, 52.21344539986035)]",True
1784489776.7613196,0,-75.49988118153048,52.84463821022379,1.6121766575427097,310.65220855280893,-0.19269093938197557,-70.21051739512359,53.74460495535326,1.9663626728988337,303.44798216325506,0.021461782338789703,5.289363786406895,0.8999667451294684,0.35418601535612404,-7.204226389553867,0.21415272172076527,"[(-75.50294427999461, 52.83509825889511), (-75.44523816512795, 52.82358447053528), (-75.38749083456477, 52.81202946231305), (-75.32970228833143, 52.800433234239584), (-75.27187252645427, 52.788795786326084), (-75.2140015489597, 52.77711711858374), (-75.15608935587407, 52.76539723102377), (-75.09813594722381, 52.75363612365741), (-75.04014132303531, 52.7418337964959), (-74.98210548333503, 52.72999024955049), (-74.92402842814938, 52.718105482832456), (-74.86591015750484, 52.70617949635308), (-74.80775067142787, 52.69421229012366), (-74.74954996994494, 52.6822038641555), (-74.69130805308255, 52.67015421845993), (-74.63302492086723, 52.658063353048284), (-74.57470057332549, 52.645931267931914), (-74.51633501048387, 52.633757963122186), (-74.4579282323689, 52.62154343863048), (-74.39948023900718, 52.609287694468186), (-74.34099103042526, 52.59699073064671), (-74.28246060664975, 52.58465254717747), (-74.22388896770724, 52.57227314407189), (-74.16527611362434, 52.55985252134143), (-74.10662204442771, 52.547390678997544), (-74.04792676014398, 52.5348876170517), (-73.9891902607998, 52.52234333551539), (-73.93041254642186, 52.509757834400105), (-73.87159361703684, 52.497131113717366), (-73.81273347267144, 52.4844631734787), (-73.75383211335236, 52.47175401369565), (-73.69488953910634, 52.45900363437976), (-73.63590574996012, 52.44621203554261), (-73.57688074594044, 52.43337921719577), (-73.51781452707408, 52.42050517935084), (-73.45870709338782, 52.40758992201943), (-73.39955844490844, 52.39463344521317), (-73.34036858166276, 52.38163574894367), (-73.2811375036776, 52.368596833222604), (-73.22186521097979, 52.35551669806162), (-73.1625517035962, 52.3423953434724), (-73.10319698155367, 52.32923276946663), (-73.04380104487906, 52.31602897605601), (-72.9843638935993, 52.30278396325227), (-72.92488552774125, 52.28949773106712)]",True
1784489776.778521,0,-75.41900593298656,52.841579177517225,1.6246774630306937,310.65220855280893,-0.19269093938197557,-70.32581088328236,53.78115913148072,2.061064745961537,303.44798216325506,0.021461782338789703,5.093195049704207,0.939579953963495,0.4363872829308433,-7.204226389553867,0.21415272172076527,"[(-75.40203272663287, 52.83240280343765), (-75.35505204440612, 52.8225321255525), (-75.30802978726949, 52.812619869199374), (-75.26096595524744, 52.80266603438969), (-75.21386054836448, 52.79267062113485), (-75.1667135666451, 52.78263362944631), (-75.11952501011383, 52.7725550593355), (-75.07229487879519, 52.762434910813894), (-75.02502317271373, 52.75227318389297), (-74.97770989189402, 52.74206987858421), (-74.93035503636064, 52.73182499489913), (-74.88295860613816, 52.721538532849245), (-74.83552060125122, 52.7112104924461), (-74.78804102172441, 52.70084087370124), (-74.74051986758238, 52.69042967662622), (-74.69295713884979, 52.67997690123264), (-74.6453528355513, 52.669482547532084), (-74.59770695771158, 52.658946615536166), (-74.55001950535534, 52.648369105256506), (-74.50229047850726, 52.63775001670474), (-74.4545198771921, 52.62708934989253), (-74.40670770143456, 52.61638710483153), (-74.35885395125943, 52.60564328153344), (-74.31095862669146, 52.59485788000995), (-74.26302172775544, 52.584030900272765), (-74.21504325447616, 52.57316234233362), (-74.16702320687843, 52.56225220620425), (-74.11896158498708, 52.55130049189641), (-74.07085838882693, 52.54030719942188), (-74.02271361842287, 52.52927232879244), (-73.97452727379977, 52.51819588001988), (-73.92629935498248, 52.50707785311603), (-73.87802986199593, 52.495918248092714), (-73.82971879486503, 52.48471706496177), (-73.7813661536147, 52.47347430373506), (-73.73297193826988, 52.46218996442446), (-73.68453614885554, 52.450864047041854), (-73.63605878539666, 52.43949655159914), (-73.5875398479182, 52.428087478108246), (-73.53897933644518, 52.4166368265811), (-73.49037725100261, 52.40514459702964), (-73.44173359161553, 52.39361078946583), (-73.39304835830897, 52.382035403901654), (-73.34432155110801, 52.37041844034909), (-73.2955531700377, 52.35875989882015)]",True
1784489776.8291602,0,-75.30498086751007,52.83517233005976,1.637773756670721,310.65220855280893,-0.19269093938197557,-70.44721794626076,53.814401872052144,2.131763637189694,303.44798216325506,0.021461782338789703,4.857762921249304,0.9792295419923818,0.4939898805189733,-7.204226389553867,0.21415272172076527,"[(-75.30995467916664, 52.82848975547011), (-75.26792676427696, 52.81910308019763), (-75.2258570924999, 52.80967464481302), (-75.18374566385896, 52.80020444932792), (-75.14159247837769, 52.790692493753966), (-75.09939753607966, 52.781138778102815), (-75.05716083698842, 52.771543302386135), (-75.01488238112755, 52.76190606661561), (-74.97256216852065, 52.752227070802945), (-74.93020019919136, 52.74250631495986), (-74.88779647316329, 52.73274379909808), (-74.84535099046008, 52.72293952322936), (-74.80286375110539, 52.713093487365455), (-74.7603347551229, 52.70320569151815), (-74.7177640025363, 52.69327613569923), (-74.67515149336928, 52.68330481992051), (-74.63249722764559, 52.673291744193804), (-74.58980120538895, 52.66323690853096), (-74.5470634266231, 52.65314031294383), (-74.50428389137183, 52.643001957444284), (-74.4614625996589, 52.6328218420442), (-74.41859955150812, 52.62259996675549), (-74.3756947469433, 52.61233633159005), (-74.33274818598825, 52.60203093655982), (-74.28975986866683, 52.59168378167675), (-74.2467297950029, 52.581294866952796), (-74.20365796502034, 52.57086419239993), (-74.16054437874303, 52.56039175803015), (-74.11738903619485, 52.54987756385545), (-74.07419193739975, 52.539321609887864), (-74.03095308238164, 52.528723896139425), (-73.98767247116449, 52.51808442262218), (-73.94435010377224, 52.507403189348196), (-73.9009859802289, 52.49668019632956), (-73.85758010055844, 52.485915443578364), (-73.81413246478488, 52.475108931106725), (-73.77064307293223, 52.46426065892677), (-73.72711192502454, 52.45337062705064), (-73.68353902108589, 52.44243883549049), (-73.63992436114032, 52.43146528425851), (-73.59626794521192, 52.42044997336687), (-73.55256977332479, 52.40939290282778), (-73.50882984550306, 52.398294072653464), (-73.46504816177085, 52.38715348285615), (-73.42122472215232, 52.37597113344808)]",True
1784489776.9765046,0,-75.2723000050589,52.83255577849603,1.6407656048103847,310.65220855280893,-0.19269093938197557,-70.48880904329026,53.82463141195181,2.151096084387614,303.44798216325506,0.021461782338789703,4.783490961768635,0.9920756334557836,0.5103304795772294,-7.204226389553867,0.21415272172076527,"[(-75.2942915715779, 52.827508085140195), (-75.25284993549381, 52.818143472113746), (-75.21136652008913, 52.808737076586134), (-75.16984132538727, 52.799288898569024), (-75.12827435141165, 52.7897989380741), (-75.0866655981857, 52.780267195113055), (-75.04501506573288, 52.7706936696976), (-75.00332275407666, 52.761078361839466), (-74.96158866324052, 52.75142127155039), (-74.91981279324794, 52.741722398842136), (-74.87799514412247, 52.73198174372647), (-74.83613571588761, 52.72219930621519), (-74.79423450856692, 52.71237508632009), (-74.75229152218394, 52.70250908405299), (-74.71030675676228, 52.69260129942573), (-74.6682802123255, 52.68265173245016), (-74.6262118888972, 52.672660383138144), (-74.58410178650104, 52.66262725150156), (-74.54194990516062, 52.65255233755231), (-74.4997562448996, 52.64243564130229), (-74.45752080574165, 52.63227716276344), (-74.41524358771046, 52.62207690194769), (-74.37292459082973, 52.61183485886701), (-74.33056381512314, 52.60155103353337), (-74.28816126061444, 52.59122542595874), (-74.24571692732738, 52.58085803615514), (-74.2032308152857, 52.57044886413458), (-74.1607029245132, 52.5599979099091), (-74.11813325503365, 52.54950517349074), (-74.07552180687085, 52.53897065489157), (-74.03286858004863, 52.52839435412367), (-73.99017357459083, 52.517776271199125), (-73.94743679052128, 52.50711640613005), (-73.90465822786386, 52.49641475892857), (-73.86183788664245, 52.48567132960683), (-73.81897576688094, 52.474886118176975), (-73.77607186860324, 52.464059124651186), (-73.73312619183329, 52.45319034904164), (-73.69013873659502, 52.44227979136055), (-73.6471095029124, 52.43132745162012), (-73.60403849080939, 52.42033332983259), (-73.56092570030997, 52.4092974260102), (-73.51777113143815, 52.39821974016522), (-73.47457478421796, 52.38710027230992), (-73.43133665867343, 52.375939022456606)]",True
1784489777.0365386,0,-75.08136654813408,52.81395861078626,1.1335381220501413,310.65220855280893,-0.19269093938197557,-70.7690794941257,53.881381549018535,2.239725719534615,303.44798216325506,0.021461782338789703,4.3122870540083795,1.0674229382322764,1.1061875974844737,-7.204226389553867,0.21415272172076527,"[(-75.24690812786879, 52.824033942158955), (-75.20692914738781, 52.814668498170576), (-75.16690833099577, 52.80526121520775), (-75.12684567871575, 52.79581209328227), (-75.08674119057092, 52.786321132405945), (-75.04659486658439, 52.77678833259059), (-75.00640670677934, 52.76721369384804), (-74.96617671117895, 52.75759721619015), (-74.9259048798064, 52.747938899628785), (-74.88559121268489, 52.738238744175824), (-74.84523570983764, 52.72849674984317), (-74.8048383712879, 52.71871291664273), (-74.7643991970589, 52.70888724458644), (-74.72391818717395, 52.69901973368624), (-74.6833953416563, 52.689110383954095), (-74.64283066052924, 52.67915919540197), (-74.6022241438161, 52.66916616804187), (-74.5615757915402, 52.659131301885786), (-74.52088560372492, 52.64905459694575), (-74.48015358039358, 52.6389360532338), (-74.43937972156955, 52.62877567076198), (-74.39856402727625, 52.61857344954237), (-74.35770649753708, 52.608329389587034), (-74.31680713237546, 52.59804349090809), (-74.27586593181482, 52.58771575351764), (-74.23488289587861, 52.57734617742782), (-74.19385802459031, 52.566934762650774), (-74.1527913179734, 52.55648150919866), (-74.11168277605138, 52.54598641708366), (-74.07053239884777, 52.535449486317965), (-74.0293401863861, 52.52487071691378), (-73.9881061386899, 52.51425010888333), (-73.94683025578274, 52.50358766223885), (-73.90551253768821, 52.492883376992594), (-73.8641529844299, 52.482137253156836), (-73.82275159603138, 52.47134929074386), (-73.78130837251632, 52.46051948976596), (-73.73982331390833, 52.44964785023545), (-73.69829642023109, 52.438734372164674), (-73.65672769150824, 52.42777905556597), (-73.61511712776348, 52.416781900451696), (-73.57346472902051, 52.405742906834234), (-73.53177049530306, 52.39466207472598), (-73.49003442663484, 52.383539404139334), (-73.44825652303959, 52.37237489508673)]",True
1784489777.1173928,0,-75.06992001260866,52.81334624038614,1.1590468823060325,310.65220855280893,-0.19269093938197557,-70.79117282785546,53.88520124859036,2.244493757489495,303.44798216325506,0.021461782338789703,4.2787471847532,1.0718550082042242,1.0854468751834625,-7.204226389553867,0.21415272172076527,"[(-75.23100588507998, 52.82264904245189), (-75.19143003639473, 52.81326125035183), (-75.15181233555485, 52.80383160306854), (-75.11215278258337, 52.79436010061385), (-75.07245137750331, 52.78484674299962), (-75.03270812033777, 52.77529153023771), (-74.99292301110982, 52.765694462339994), (-74.95309604984256, 52.75605553931837), (-74.91322723655908, 52.74637476118475), (-74.87331657128253, 52.736652127951054), (-74.83336405403604, 52.726887639629226), (-74.79336968484276, 52.71708129623123), (-74.75333346372585, 52.70723309776903), (-74.71325539070853, 52.697343044254616), (-74.67313546581397, 52.687411135699996), (-74.63297368906541, 52.67743737211718), (-74.59277006048606, 52.66742175351821), (-74.5525245800992, 52.657364279915136), (-74.51223724792808, 52.647264951320025), (-74.47190806399597, 52.63712376774495), (-74.43153702832616, 52.62694072920202), (-74.39112414094198, 52.61671583570333), (-74.35066940186677, 52.606449087261026), (-74.31017281112383, 52.59614048388724), (-74.26963436873656, 52.585790025594136), (-74.22905407472831, 52.57539771239389), (-74.18843192912247, 52.56496354429868), (-74.14776793194244, 52.554487521320716), (-74.10706208321164, 52.54396964347223), (-74.06631438295354, 52.53340991076545), (-74.02552483119155, 52.52280832321263), (-73.98469342794914, 52.512164880826035), (-73.9438201732498, 52.50147958361794), (-73.90290506711703, 52.49075243160066), (-73.86194810957436, 52.479983424786504), (-73.82094930064528, 52.4691725631878), (-73.77990864035337, 52.458319846816885), (-73.73882612872215, 52.44742527568613), (-73.69770176577522, 52.43648884980791), (-73.65653555153618, 52.425510569194614), (-73.61532748602862, 52.414490433858646), (-73.57407756927617, 52.40342844381244), (-73.53278580130247, 52.39232459906842), (-73.49145218213116, 52.381178899639046), (-73.4500767117859, 52.36999134553679)]",True
1784489777.1343977,0,-75.02825662003615,52.810892969205405,0.9544053232202112,310.65220855280893,-0.19269093938197557,-70.88003922482973,53.900228546455324,2.261403974018922,303.44798216325506,0.021461782338789703,4.148217395206416,1.0893355772499191,1.3069986507987108,-7.204226389553867,0.21415272172076527,"[(-75.19906968651308, 52.819573647067536), (-75.16019588111261, 52.810116689769764), (-75.12128019551628, 52.8006178493116), (-75.08232262974697, 52.791077125704966), (-75.0433231838276, 52.78149451896179), (-75.00428185778107, 52.77187002909404), (-74.96519865163033, 52.76220365611366), (-74.92607356539833, 52.75249540003265), (-74.88690659910803, 52.742745260863), (-74.84769775278244, 52.73295323861673), (-74.80844702644453, 52.72311933330586), (-74.7691544201173, 52.71324354494244), (-74.72981993382382, 52.70332587353853), (-74.69044356758711, 52.69336631910621), (-74.65102532143024, 52.68336488165757), (-74.61156519537629, 52.67332156120471), (-74.57206318944833, 52.66323635775976), (-74.53251930366949, 52.65310927133485), (-74.49293353806289, 52.64294030194214), (-74.45330589265166, 52.632729449593796), (-74.41363636745895, 52.62247671430201), (-74.37392496250794, 52.61218209607898), (-74.33417167782181, 52.601845594936925), (-74.29437651342379, 52.59146721088807), (-74.25453946933706, 52.58104694394466), (-74.21466054558488, 52.57058479411898), (-74.17473974219047, 52.560080761423286), (-74.13477705917711, 52.54953484586988), (-74.09477249656808, 52.53894704747107), (-74.05472605438666, 52.528317366239186), (-74.01463773265618, 52.51764580218657), (-73.97450753139995, 52.506932355325574), (-73.93433545064133, 52.49617702566858), (-73.89412149040366, 52.485379813227965), (-73.85386565071033, 52.47454071801614), (-73.81356793158473, 52.463659740045514), (-73.77322833305024, 52.45273687932854), (-73.7328468551303, 52.441772135877656), (-73.69242349784834, 52.43076550970533), (-73.65195826122782, 52.41971700082405), (-73.61145114529218, 52.408626609246305), (-73.57090215006492, 52.397494334984614), (-73.53031127556955, 52.386320178051506), (-73.48967852182956, 52.37510413845952), (-73.44900388886849, 52.36384621622122)]",True
1784489777.176316,0,-75.00084095208429,52.809638561719076,0.8819965567752458,310.65220855280893,-0.19269093938197557,-70.9471729834754,53.91108401990253,2.2720910179319618,303.44798216325506,0.021461782338789703,4.053667968608892,1.1014454581834556,1.3900944611567159,-7.204226389553867,0.21415272172076527,"[(-75.16698375084631, 52.81613990397622), (-75.12869329646325, 52.80658962014993), (-75.09036093855482, 52.796997429891036), (-75.05198667714379, 52.78736333321155), (-75.01357051225293, 52.7776873301235), (-74.97511244390505, 52.76796942063891), (-74.93661247212297, 52.75820960476985), (-74.89807059692953, 52.748407882528376), (-74.85948681834756, 52.738564253926576), (-74.82086113639994, 52.72867871897655), (-74.78219355110954, 52.718751277690416), (-74.74348406249925, 52.708781930080306), (-74.70473267059198, 52.69877067615836), (-74.66593937541066, 52.68871751593675), (-74.62710417697824, 52.67862244942765), (-74.58822707531766, 52.668485476643255), (-74.54930807045191, 52.658306597595775), (-74.51034716240397, 52.64808581229744), (-74.47134435119686, 52.63782312076049), (-74.43229963685359, 52.62751852299718), (-74.39321301939718, 52.61717201901978), (-74.35408449885071, 52.60678360884059), (-74.31491407523723, 52.596353292471896), (-74.27570174857982, 52.58588106992603), (-74.23644751890158, 52.57536694121533), (-74.19715138622563, 52.56481090635214), (-74.1578133505751, 52.55421296534884), (-74.11843341197313, 52.54357311821779), (-74.07901157044289, 52.53289136497141), (-74.03954782600756, 52.5221677056221), (-74.00004217869034, 52.511402140182305), (-73.96049462851441, 52.500594668664455), (-73.92090517550302, 52.489745291081014), (-73.8812738196794, 52.47885400744447), (-73.8416005610668, 52.4679208177673), (-73.8018853996885, 52.456945722062024), (-73.76212833556778, 52.445928720341165), (-73.72232936872796, 52.43486981261726), (-73.68248849919233, 52.42376899890286), (-73.64260572698424, 52.41262627921054), (-73.60268105212705, 52.401441653552894), (-73.56271447464412, 52.39021512194251), (-73.52270599455882, 52.37894668439202), (-73.48265561189454, 52.367636340914046), (-73.44256332667472, 52.356284091521246)]",True
1784489777.2270591,0,-74.96663004141433,52.80876475734908,0.8352619876627502,310.65220855280893,-0.19269093938197557,-71.03725214384237,53.92489072063304,2.284114893455482,303.44798216325506,0.021461782338789703,3.9293778975719675,1.116125963283956,1.4488529057927315,-7.204226389553867,0.21415272172076527,"[(-75.06198725713415, 52.80466891498027), (-75.02213219527292, 52.79454395860659), (-74.982235397047, 52.784377262906304), (-74.94229686247934, 52.77416882789141), (-74.90231659159282, 52.7639186535739), (-74.86229458441042, 52.7536267399658), (-74.82223084095507, 52.74329308707915), (-74.78212536124977, 52.732917694925995), (-74.74197814531749, 52.722500563518395), (-74.70178919318124, 52.71204169286844), (-74.66155850486405, 52.70154108298822), (-74.62128608038893, 52.690998733889856), (-74.58097191977893, 52.680414645585465), (-74.54061602305713, 52.66978881808719), (-74.5002183902466, 52.65912125140719), (-74.45977902137045, 52.64841194555765), (-74.41929791645177, 52.63766090055074), (-74.3787750755137, 52.626868116398676), (-74.33821049857937, 52.61603359311367), (-74.29760418567194, 52.60515733070796), (-74.2569561368146, 52.5942393291938), (-74.2162663520305, 52.583279588583444), (-74.17553483134289, 52.57227810888918), (-74.13476157477494, 52.5612348901233), (-74.09394658234991, 52.550149932298126), (-74.05308985409106, 52.53902323542597), (-74.01219139002163, 52.52785479951918), (-73.9712511901649, 52.516644624590114), (-73.93026925454419, 52.505392710651144), (-73.88924558318278, 52.49409905771466), (-73.84818017610402, 52.48276366579305), (-73.80707303333124, 52.47138653489875), (-73.76592415488778, 52.45996766504419), (-73.72473354079705, 52.448507056241816), (-73.6835011910824, 52.43700470850409), (-73.64222710576725, 52.4254606218435), (-73.60091128487501, 52.41387479627253), (-73.55955372842912, 52.4022472318037), (-73.51815443645302, 52.39057792844953), (-73.47671340897017, 52.37886688622256), (-73.43523064600406, 52.36711410513535), (-73.39370614757817, 52.355319585200476), (-73.35213991371602, 52.343483326430515), (-73.31053194444112, 52.33160532883808), (-73.26888223977704, 52.31968559243578)]",True
1784489777.2837377,0,-74.95005287273202,52.80883890095099,0.8231239707354765,310.65220855280893,-0.19269093938197557,-71.08250737975922,53.93149629356307,2.2893032027538203,303.44798216325506,0.021461782338789703,3.867545492972795,1.1226573926120835,1.4661792320183438,-7.204226389553867,0.21415272172076527,"[(-74.96931631813027, 52.799402183610816), (-74.93040713218377, 52.7894299326866), (-74.89145603907417, 52.77941577168559), (-74.85246303882438, 52.7693597006199), (-74.8134281314573, 52.759261719501644), (-74.77435131699586, 52.74912182834297), (-74.735232595463, 52.73894002715603), (-74.6960719668817, 52.72871631595301), (-74.65686943127493, 52.71845069474608), (-74.61762498866565, 52.708143163547454), (-74.5783386390769, 52.69779372236934), (-74.5390103825317, 52.68740237122398), (-74.49964021905308, 52.67696911012363), (-74.46022814866409, 52.666493939080546), (-74.4207741713878, 52.65597685810701), (-74.38127828724731, 52.64541786721532), (-74.34174049626571, 52.634816966417795), (-74.30216079846612, 52.624174155726756), (-74.26253919387166, 52.61348943515455), (-74.22287568250549, 52.60276280471353), (-74.18317026439077, 52.59199426441607), (-74.14342293955067, 52.581183814274574), (-74.1036337080084, 52.57033145430144), (-74.06380256978717, 52.559437184509086), (-74.0239295249102, 52.54850100490996), (-73.98401457340071, 52.537522915516504), (-73.94405771528199, 52.526502916341194), (-73.9040589505773, 52.51544100739651), (-73.86401827930992, 52.50433718869496), (-73.82393570150316, 52.49319146024905), (-73.78381121718033, 52.48200382207132), (-73.74364482636477, 52.47077427417431), (-73.70343652907985, 52.459502816570584), (-73.66318632534892, 52.448189449272725), (-73.62289421519534, 52.43683417229332), (-73.58256019864254, 52.42543698564498), (-73.54218427571392, 52.41399788934033), (-73.50176644643291, 52.40251688339201), (-73.46130671082295, 52.39099396781268), (-73.42080506890751, 52.37942914261502), (-73.38026152071006, 52.367822407811694), (-73.3396760662541, 52.35617376341542), (-73.29904870556312, 52.34448320943892), (-73.25837943866065, 52.33275074589492), (-73.21766826557024, 52.320976372796174)]",True
1784489777.3290014,0,-74.95005287273202,52.80883890095099,0.8231239707354765,310.65220855280893,-0.19269093938197557,-71.08250737975922,53.93149629356307,2.2893032027538203,303.44798216325506,0.021461782338789703,3.867545492972795,1.1226573926120835,1.4661792320183438,-7.204226389553867,0.21415272172076527,"[(-74.93748102994496, 52.79877633868664), (-74.90200120222671, 52.78931983446863), (-74.86647958971245, 52.77982154283203), (-74.83091619242376, 52.77028146378875), (-74.79531101038222, 52.76069959735069), (-74.75966404360945, 52.75107594352977), (-74.72397529212707, 52.74141050233794), (-74.68824475595672, 52.731703273787154), (-74.65247243512003, 52.72195425788937), (-74.6166583296387, 52.71216345465659), (-74.58080243953438, 52.7023308641008), (-74.5449047648288, 52.69245648623403), (-74.50896530554367, 52.6825403210683), (-74.4729840617007, 52.67258236861567), (-74.43696103332165, 52.6625826288882), (-74.40089622042828, 52.652541101897974), (-74.36478962304236, 52.64245778765707), (-74.32864124118568, 52.63233268617762), (-74.29245107488006, 52.62216579747173), (-74.25621912414732, 52.611957121551555), (-74.2199453890093, 52.601706658429244), (-74.18362986948783, 52.591414408116975), (-74.14727256560482, 52.581080370626935), (-74.11087347738213, 52.570704545971324), (-74.07443260484166, 52.56028693416236), (-74.03794994800533, 52.54982753521229), (-74.00142550689509, 52.53932634913335), (-73.96485928153287, 52.52878337593781), (-73.92825127194062, 52.51819861563796), (-73.89160147814034, 52.507572068246084), (-73.85490990015403, 52.4969037337745), (-73.81817653800367, 52.48619361223554), (-73.78140139171131, 52.47544170364154), (-73.74458446129898, 52.464648008004865), (-73.70772574678875, 52.45381252533789), (-73.67082524820269, 52.442935255653), (-73.63388296556288, 52.4320161989626), (-73.59689889889142, 52.421055355279115), (-73.55987304821045, 52.41005272461498), (-73.52280541354207, 52.399008306982644), (-73.48569599490845, 52.38792210239458), (-73.44854479233175, 52.37679411086327), (-73.41135180583414, 52.36562433240122), (-73.37411703543785, 52.35441276702093), (-73.33684048116505, 52.34315941473494)]",True
1784489777.374403,0,-74.95005287273202,52.80883890095099,0.8231239707354765,310.65220855280893,-0.19269093938197557,-71.08250737975922,53.93149629356307,2.2893032027538203,303.44798216325506,0.021461782338789703,3.867545492972795,1.1226573926120835,1.4661792320183438,-7.204226389553867,0.21415272172076527,"[(-74.92985718241027, 52.79878156537174), (-74.89509004915467, 52.789429102317165), (-74.86028110881908, 52.780034829611274), (-74.82543036142489, 52.77059874726598), (-74.79053780699356, 52.7611208552932), (-74.75560344554648, 52.751601153704875), (-74.72062727710514, 52.74203964251296), (-74.68560930169097, 52.732436321729416), (-74.65054951932548, 52.722791191366234), (-74.61544793003017, 52.71310425143542), (-74.58030453382655, 52.703375501948976), (-74.54511933073614, 52.693604942918945), (-74.50989232078048, 52.683792574357376), (-74.47462350398116, 52.67393839627633), (-74.43931288035974, 52.66404240868788), (-74.4039604499378, 52.65410461160412), (-74.36856621273695, 52.64412500503717), (-74.33313016877884, 52.634103588999146), (-74.29765231808507, 52.624040363502196), (-74.26213266067732, 52.613935328558476), (-74.22657119657727, 52.60378848418016), (-74.19096792580658, 52.593599830379425), (-74.15532284838696, 52.58336936716849), (-74.11963596434013, 52.573097094559564), (-74.08390727368784, 52.562783012564886), (-74.04813677645181, 52.55242712119671), (-74.01232447265382, 52.542029420467294), (-73.97647036231564, 52.531589910388924), (-73.94057444545906, 52.521108590973896), (-73.90463672210592, 52.51058546223452), (-73.86865719227801, 52.50002052418314), (-73.83263585599718, 52.48941377683209), (-73.79657271328531, 52.47876522019372), (-73.76046776416426, 52.468074854280424), (-73.72432100865592, 52.457342679104585), (-73.68813244678219, 52.446568694678604), (-73.65190207856499, 52.435752901014915), (-73.61562990402626, 52.424895298125946), (-73.57931592318795, 52.41399588602415), (-73.54296013607203, 52.40305466472201), (-73.50656254270048, 52.392071634232), (-73.47012314309531, 52.38104679456663), (-73.43364193727851, 52.3699801457384), (-73.39711892527212, 52.35887168775986), (-73.3605541070982, 52.34772142064354)]",True
1784489777.424838,0,-74.94184459058727,52.80896356279354,0.8187257937689496,311.51102990037725,-0.8548587954234018,-71.10518504366448,53.93471594101759,2.2917138313816268,303.44798216325506,0.021461782338789703,3.836659546922789,1.1257523782240568,1.4729880376126772,-8.06304773712219,0.8763205777621915,"[(-74.92985718241027, 52.79878156537174), (-74.89509004915467, 52.789429102317165), (-74.86028110881908, 52.780034829611274), (-74.82543036142489, 52.77059874726598), (-74.79053780699356, 52.7611208552932), (-74.75560344554648, 52.751601153704875), (-74.72062727710514, 52.74203964251296), (-74.68560930169097, 52.732436321729416), (-74.65054951932548, 52.722791191366234), (-74.61544793003017, 52.71310425143542), (-74.58030453382655, 52.703375501948976), (-74.54511933073614, 52.693604942918945), (-74.50989232078048, 52.683792574357376), (-74.47462350398116, 52.67393839627633), (-74.43931288035974, 52.66404240868788), (-74.4039604499378, 52.65410461160412), (-74.36856621273695, 52.64412500503717), (-74.33313016877884, 52.634103588999146), (-74.29765231808507, 52.624040363502196), (-74.26213266067732, 52.613935328558476), (-74.22657119657727, 52.60378848418016), (-74.19096792580658, 52.593599830379425), (-74.15532284838696, 52.58336936716849), (-74.11963596434013, 52.573097094559564), (-74.08390727368784, 52.562783012564886), (-74.04813677645181, 52.55242712119671), (-74.01232447265382, 52.542029420467294), (-73.97647036231564, 52.531589910388924), (-73.94057444545906, 52.521108590973896), (-73.90463672210592, 52.51058546223452), (-73.86865719227801, 52.50002052418314), (-73.83263585599718, 52.48941377683209), (-73.79657271328531, 52.47876522019372), (-73.76046776416426, 52.468074854280424), (-73.72432100865592, 52.457342679104585), (-73.68813244678219, 52.446568694678604), (-73.65190207856499, 52.435752901014915), (-73.61562990402626, 52.424895298125946), (-73.57931592318795, 52.41399588602415), (-73.54296013607203, 52.40305466472201), (-73.50656254270048, 52.392071634232), (-73.47012314309531, 52.38104679456663), (-73.43364193727851, 52.3699801457384), (-73.39711892527212, 52.35887168775986), (-73.3605541070982, 52.34772142064354)]",True
1784489777.4972625,0,-74.93367652536864,52.80911327281916,0.815164150061456,311.51102990037725,-0.8548587954234018,-71.12740930672757,53.937831843356605,2.196613831381627,303.44798216325506,0.021461782338789703,3.806267218641068,1.128718570537444,1.3814496813201709,-8.06304773712219,0.8763205777621915,"[(-74.91661479717416, 52.79910236697185), (-74.88492729494197, 52.789979654181785), (-74.85319591313119, 52.78081305819075), (-74.82142065177551, 52.771602579018435), (-74.7896015109087, 52.762348216684536), (-74.75773849056449, 52.75304997120879), (-74.7258315907767, 52.74370784261096), (-74.69388081157918, 52.73432183091083), (-74.66188615300572, 52.72489193612821), (-74.62984761509026, 52.715418158282944), (-74.59776519786666, 52.70590049739491), (-74.56563890136889, 52.696338953483995), (-74.53346872563088, 52.68673352657013), (-74.50125467068663, 52.67708421667326), (-74.46899673657015, 52.667391023813366), (-74.43669492331547, 52.65765394801045), (-74.4043492309567, 52.64787298928455), (-74.37195965952789, 52.638048147655724), (-74.3395262090632, 52.62817942314406), (-74.30704887959676, 52.61826681576968), (-74.27452767116276, 52.608310325552715), (-74.2419625837954, 52.59830995251334), (-74.2093536175289, 52.58826569667175), (-74.17670077239754, 52.57817755804817), (-74.1440040484356, 52.56804553666285), (-74.11126344567741, 52.55786963253607), (-74.0784789641573, 52.547649845688134), (-74.04565060390962, 52.53738617613938), (-74.0127783649688, 52.527078623910164), (-73.97986224736924, 52.51672718902088), (-73.9469022511454, 52.50633187149193), (-73.91389837633177, 52.49589267134377), (-73.88085062296284, 52.48540958859686), (-73.84775899107314, 52.474882623271704), (-73.81462348069724, 52.46431177538883), (-73.78144409186972, 52.45369704496878), (-73.74822082462521, 52.44303843203213), (-73.71495367899834, 52.4323359365995), (-73.6816426550238, 52.421589558691515), (-73.64828775273625, 52.41079929832884), (-73.61488897217043, 52.39996515553216), (-73.58144631336111, 52.38908713032219), (-73.54795977634305, 52.37816522271967), (-73.51442936115107, 52.36719943274538), (-73.48085506781999, 52.35618976042011)]",True
1784489777.5536437,0,-74.92554171645718,52.80931077243567,0.8122799309871278,311.51102990037725,-0.8548587954234018,-71.14870130774244,53.94074693787978,2.101513831381627,303.44798216325506,0.021461782338789703,3.776840408714733,1.1314361654441072,1.289233900394499,-8.06304773712219,0.8763205777621915,"[(-74.90128392088302, 52.799590297703475), (-74.87054853853564, 52.790680290984014), (-74.83977118386622, 52.781728309658654), (-74.80895185689539, 52.77273435373959), (-74.77809055764384, 52.76369842323902), (-74.74718728613226, 52.754620518169176), (-74.71624204238138, 52.745500638542296), (-74.6852548264119, 52.73633878437064), (-74.6542256382446, 52.72713495566647), (-74.62315447790019, 52.71788915244209), (-74.59204134539947, 52.7086013747098), (-74.56088624076322, 52.69927162248192), (-74.52968916401225, 52.68989989577079), (-74.49845011516739, 52.68048619458877), (-74.46716909424947, 52.67103051894821), (-74.43584610127935, 52.661532868861514), (-74.40448113627791, 52.65199324434108), (-74.37307419926603, 52.64241164539933), (-74.3416252902646, 52.6327880720487), (-74.31013440929456, 52.623122524301635), (-74.27860155637686, 52.61341500217061), (-74.24702673153243, 52.60366550566811), (-74.21540993478224, 52.59387403480664), (-74.18375116614729, 52.58404058959871), (-74.15205042564858, 52.57416517005685), (-74.12030771330711, 52.56424777619362), (-74.08852302914394, 52.55428840802158), (-74.0566963731801, 52.544287065553306), (-74.02482774543667, 52.53424374880141), (-73.99291714593473, 52.5241584577785), (-73.96096457469538, 52.51403119249721), (-73.92897003173974, 52.503861952970176), (-73.89693351708893, 52.493650739210075), (-73.8648550307641, 52.48339755122959), (-73.83273457278644, 52.4731023890414), (-73.8005721431771, 52.46276525265824), (-73.7683677419573, 52.45238614209281), (-73.73612136914825, 52.44196505735788), (-73.70383302477117, 52.43150199846621), (-73.67150270884731, 52.42099696543057), (-73.63913042139794, 52.41044995826375), (-73.60671616244433, 52.399860976978566), (-73.57425993200778, 52.38923002158784), (-73.5417617301096, 52.37855709210442), (-73.50922155677111, 52.36784218854117)]",True
1784489777.576781,0,-74.9174328654207,52.80950235606027,0.8099442903807368,311.51102990037725,-0.8548587954234018,-71.16905068237682,53.94353610453759,2.006413831381627,303.44798216325506,0.021461782338789703,3.748382183043873,1.1340337484773215,1.19646954100089,-8.06304773712219,0.8763205777621915,"[(-74.89350916413565, 52.79984171925357), (-74.86310610455136, 52.79098488068248), (-74.8326610636864, 52.78208605858681), (-74.8021740415612, 52.77314525297868), (-74.77164503819621, 52.764162463870214), (-74.74107405361191, 52.75513769127357), (-74.71046108782879, 52.7460709352009), (-74.67980614086734, 52.73696219566439), (-74.6491092127481, 52.72781147267624), (-74.61837030349159, 52.71861876624865), (-74.58758941311835, 52.709384076393874), (-74.55676654164897, 52.700107403124136), (-74.52590168910402, 52.6907887464517), (-74.4949948555041, 52.68142810638885), (-74.46404604086983, 52.67202548294787), (-74.43305524522185, 52.662580876141085), (-74.40202246858081, 52.65309428598081), (-74.37094771096736, 52.64356571247939), (-74.33983097240218, 52.63399515564919), (-74.30867225290599, 52.624382615502576), (-74.27747155249949, 52.61472809205194), (-74.2462288712034, 52.605031585309696), (-74.21494420903848, 52.59529309528826), (-74.18361756602549, 52.58551262200008), (-74.15224894218521, 52.5756901654576), (-74.12083833753843, 52.56582572567331), (-74.08938575210595, 52.555919302659674), (-74.05789118590862, 52.54597089642922), (-74.02635463896726, 52.535980506994456), (-73.99477611130274, 52.52594813436792), (-73.96315560293594, 52.515873778562174), (-73.93149311388775, 52.50575743958978), (-73.89978864417908, 52.49559911746332), (-73.86804219383085, 52.4853988121954), (-73.836253762864, 52.47515652379864), (-73.8044233512995, 52.46487225228567), (-73.77255095915831, 52.45454599766915), (-73.74063658646142, 52.44417775996174), (-73.70868023322983, 52.43376753917612), (-73.67668189948458, 52.42331533532499), (-73.64464158524667, 52.412821148421074), (-73.6125592905372, 52.4022849784771), (-73.58043501537722, 52.39170682550581), (-73.54826875978782, 52.38108668951997), (-73.51606052379009, 52.37042457053236)]",True
1784489777.7119443,0,-74.90127354810544,52.80983938447135,0.806521231469959,311.51102990037725,-0.8548587954234018,-71.20691690423874,53.948769951798845,1.816213831381627,303.44798216325506,0.021461782338789703,3.6943566438666977,1.1389305673274919,1.009692599911668,-8.06304773712219,0.8763205777621915,"[(-74.87794547340158, 52.80028975482938), (-74.84812673514585, 52.79151783533103), (-74.81826600062014, 52.78270391736404), (-74.78836326984471, 52.77384800094053), (-74.75841854283986, 52.764950086072645), (-74.72843181962592, 52.75601017277254), (-74.69840310022322, 52.747028261052385), (-74.66833238465209, 52.73800435092438), (-74.6382196729329, 52.72893844240072), (-74.60806496508604, 52.71983053549363), (-74.57786826113191, 52.71068063021534), (-74.5476295610909, 52.70148872657812), (-74.51734886498345, 52.69225482459423), (-74.48702617283, 52.68297892427596), (-74.45666148465101, 52.67366102563561), (-74.42625480046696, 52.66430112868551), (-74.39580612029835, 52.65489923343798), (-74.36531544416567, 52.64545533990538), (-74.33478277208947, 52.635969448100084), (-74.30420810409028, 52.62644155803447), (-74.27359144018865, 52.61687166972094), (-74.24293278040517, 52.60725978317192), (-74.21223212476042, 52.59760589839983), (-74.18148947327502, 52.58791001541712), (-74.15070482596958, 52.57817213423627), (-74.11987818286475, 52.56839225486974), (-74.08900954398118, 52.55857037733005), (-74.05809890933953, 52.5487065016297), (-74.02714627896052, 52.538800627781235), (-73.99615165286484, 52.52885275579719), (-73.96511503107321, 52.51886288569013), (-73.93403641360635, 52.508831017472644), (-73.90291580048505, 52.49875715115732), (-73.87175319173004, 52.488641286756774), (-73.84054858736212, 52.47848342428363), (-73.80930198740211, 52.46828356375054), (-73.77801339187081, 52.45804170517016), (-73.74668280078907, 52.44775784855517), (-73.71531021417773, 52.43743199391827), (-73.68389563205766, 52.427064141272155), (-73.65243905444974, 52.416654290629566), (-73.62094048137489, 52.40620244200324), (-73.58939991285399, 52.395708595405935), (-73.55781734890802, 52.38517275085043), (-73.5261927895579, 52.37459490834951)]",True
1784489777.7392917,0,-74.88517119684813,52.81021585457308,0.8042764714527625,311.51102990037725,-0.8548587954234018,-71.24105006272256,53.95322154758738,1.626013831381627,303.44798216325506,0.021461782338789703,3.6441211341255695,1.1430056930143024,0.8217373599288645,-8.06304773712219,0.8763205777621915,"[(-74.87015101939157, 52.800501371257475), (-74.84058704476577, 52.79176297187085), (-74.81098106633098, 52.782982566497), (-74.78133308410742, 52.77416015514804), (-74.7516430981153, 52.76529573783612), (-74.72191110837487, 52.756389314573404), (-74.69213711490639, 52.747440885372065), (-74.66232111773014, 52.7384504502443), (-74.63246311686642, 52.72941800920232), (-74.60256311233553, 52.72034356225834), (-74.5726211041578, 52.71122710942462), (-74.54263709235357, 52.70206865071341), (-74.5126110769432, 52.69286818613698), (-74.48254305794705, 52.68362571570763), (-74.45243303538554, 52.67434123943766), (-74.42228100927906, 52.6650147573394), (-74.39208697964803, 52.65564626942519), (-74.3618509465129, 52.64623577570739), (-74.33157290989412, 52.636783276198365), (-74.30125286981217, 52.62728877091051), (-74.27089082628753, 52.617752259856225), (-74.2404867793407, 52.608173743047935), (-74.21004072899221, 52.598553220498076), (-74.17955267526258, 52.58889069221911), (-74.14902261817241, 52.5791861582235), (-74.11845055774224, 52.56943961852374), (-74.08783649399264, 52.55965107313232), (-74.05718042694424, 52.54982052206177), (-74.02648235661763, 52.53994796532463), (-73.99574228303348, 52.53003340293344), (-73.96496020621242, 52.52007683490078), (-73.93413612617513, 52.51007826123922), (-73.90327004294228, 52.50003768196138), (-73.87236195653458, 52.48995509707987), (-73.84141186697275, 52.47983050660732), (-73.81041977427752, 52.469663910556385), (-73.77938567846964, 52.459455308939724), (-73.74830957956988, 52.44920470177003), (-73.717191477599, 52.43891208905999), (-73.68603137257783, 52.42857747082233), (-73.65482926452717, 52.418200847069784), (-73.62358515346784, 52.40778221781509), (-73.59229903942071, 52.39732158307101), (-73.56097092240663, 52.38681894285033), (-73.52960080244648, 52.37627429716585)]",True
1784489777.8088589,0,-74.83704821784785,52.81169770709711,0.8012060221773598,311.51102990037725,-0.8548587954234018,-71.32873073458093,53.96339544819901,1.3132548994656443,303.44798216325506,0.021461782338789703,3.5083174832669215,1.1516977411018985,0.5120488772882845,-8.06304773712219,0.8763205777621915,"[(-74.8545324832352, 52.80093524647552), (-74.82541390168689, 52.79225153661488), (-74.7962533022518, 52.78352580672513), (-74.76705068495005, 52.77475805681842), (-74.73780604980175, 52.765948286906905), (-74.708519396827, 52.757096497002756), (-74.67919072604597, 52.74820268711816), (-74.6498200374788, 52.73926685726532), (-74.62040733114566, 52.73028900745646), (-74.59095260706674, 52.72126913770382), (-74.56145586526227, 52.71220724801965), (-74.53191710575246, 52.70310333841622), (-74.50233632855753, 52.69395740890582), (-74.47271353369777, 52.68476945950074), (-74.44304872119342, 52.67553949021332), (-74.41334189106477, 52.66626750105588), (-74.38359304333214, 52.65695349204077), (-74.35380217801585, 52.647597463180375), (-74.32396929513624, 52.63819941448707), (-74.29409439471365, 52.62875934597325), (-74.26417747676847, 52.61927725765134), (-74.23421854132106, 52.60975314953377), (-74.20421758839183, 52.600187021633), (-74.17417461800122, 52.590578873961476), (-74.14408963016965, 52.580928706531694), (-74.11396262491758, 52.571236519356155), (-74.08379360226546, 52.56150231244737), (-74.05358256223377, 52.55172608581787), (-74.02332950484303, 52.5419078394802), (-73.99303443011377, 52.53204757344694), (-73.96269733806649, 52.52214528773065), (-73.93231822872177, 52.51220098234395), (-73.90189710210015, 52.50221465729943), (-73.87143395822224, 52.49218631260974), (-73.8409287971086, 52.48211594828751), (-73.81038161877989, 52.47200356434541), (-73.77979242325671, 52.46184916079611), (-73.7491612105597, 52.451652737652324), (-73.71848798070957, 52.44141429492675), (-73.68777273372697, 52.43113383263212), (-73.6570154696326, 52.42081135078118), (-73.62621618844716, 52.41044684938669), (-73.5953748901914, 52.40004032846142), (-73.56449157488605, 52.38959178801817), (-73.53356624255188, 52.37910122806975)]",True
1784489777.9497626,0,-74.78903454467486,52.81329436015598,0.8003401205383003,311.51102990037725,-0.8548587954234018,-71.4023886426723,53.96783508499211,1.1745000844196447,305.9632979035948,-0.24932854645532387,3.386645902002556,1.1545407248361315,0.3741599638813444,-5.5477319967824315,0.6055302489680779,"[(-74.84670779521898, 52.80116771639057), (-74.81778356837775, 52.79250680082764), (-74.78881731703873, 52.78380385864025), (-74.75980904122198, 52.77505888984055), (-74.73075874094754, 52.76627189444071), (-74.70166641623548, 52.757442872452906), (-74.6725320671059, 52.74857182388933), (-74.64335569357893, 52.73965874876219), (-74.61413729567467, 52.73070364708372), (-74.58487687341324, 52.72170651886616), (-74.55557442681481, 52.71266736412178), (-74.52622995589957, 52.703586182862836), (-74.4968434606877, 52.69446297510164), (-74.4674149411994, 52.68529774085049), (-74.43794439745488, 52.676090480121715), (-74.40843182947441, 52.66684119292766), (-74.37887723727822, 52.65754987928069), (-74.34928062088657, 52.64821653919316), (-74.31964198031979, 52.63884117267747), (-74.28996131559813, 52.629423779746034), (-74.26023862674195, 52.619964360411274), (-74.23047391377156, 52.61046291468563), (-74.20066717670733, 52.60091944258155), (-74.17081841556961, 52.59133394411151), (-74.14092763037881, 52.58170641928801), (-74.11099482115532, 52.57203686812355), (-74.08101998791955, 52.562325290630646), (-74.05100313069194, 52.55257168682184), (-74.02094424949294, 52.54277605670969), (-73.99084334434303, 52.53293840030677), (-73.96070041526268, 52.52305871762566), (-73.93051546227238, 52.51313700867897), (-73.90028848539266, 52.50317327347931), (-73.87001948464406, 52.493167512039335), (-73.8397084600471, 52.48311972437168), (-73.80935541162238, 52.47302991048903), (-73.77896033939047, 52.46289807040406), (-73.74852324337195, 52.452724204129474), (-73.71804412358743, 52.44250831167799), (-73.68752298005758, 52.43225039306235), (-73.65695981280302, 52.4219504482953), (-73.62635462184443, 52.411608477389606), (-73.59570740720245, 52.40122448035805), (-73.56501816889782, 52.39079845721344), (-73.53428690695124, 52.38033040796859)]",True
1784489778.2123888,0,-74.6691613002178,52.81896271227076,0.8000143762128418,311.51102990037725,-0.8548587954234018,-71.68493934183965,53.969770281454466,1.1202791572209336,305.9632979035948,-0.24932854645532387,2.984221958378143,1.150807569183705,0.32026478100809186,-5.5477319967824315,0.6055302489680779,"[(-74.8388735027044, 52.80143043493909), (-74.81012713431758, 52.79279116829087), (-74.78133873541354, 52.784109869012966), (-74.75250830601225, 52.775386537117534), (-74.72363584613372, 52.766621172616745), (-74.694721355798, 52.757813775522784), (-74.66576483502512, 52.748964345847845), (-74.63676628383513, 52.74007288360416), (-74.60772570224812, 52.73113938880394), (-74.57864309028419, 52.72216386145945), (-74.54951844796345, 52.71314630158295), (-74.52035177530603, 52.70408670918673), (-74.49114307233204, 52.69498508428308), (-74.46189233906165, 52.68584142688432), (-74.43259957551506, 52.67665573700278), (-74.40326478171245, 52.66742801465081), (-74.37388795767403, 52.658158259840775), (-74.34446910342002, 52.64884647258505), (-74.31500821897066, 52.63949265289604), (-74.28550530434622, 52.63009680078615), (-74.25596035956696, 52.620658916267814), (-74.22637338465317, 52.611178999353484), (-74.19674437962517, 52.601657050055614), (-74.16707334450327, 52.59209306838669), (-74.13736027930781, 52.582487054359206), (-74.10760518405917, 52.57283900798567), (-74.07780805877768, 52.56314892927861), (-74.04796890348376, 52.55341681825058), (-74.0180877181978, 52.54364267491413), (-73.98816450294025, 52.53382649928185), (-73.95819925773151, 52.52396829136632), (-73.92819198259205, 52.51406805118016), (-73.89814267754234, 52.504125778736), (-73.86805134260287, 52.494141474046465), (-73.83791797779415, 52.484115137124235), (-73.80774258313669, 52.474046767981974), (-73.77752515865103, 52.46393636663238), (-73.74726570435772, 52.45378393308816), (-73.71696422027732, 52.44358946736204), (-73.68662070643043, 52.43335296946675), (-73.65623516283765, 52.42307443941507), (-73.62580758951958, 52.41275387721976), (-73.59533798649689, 52.40239128289361), (-73.56482635379021, 52.39198665644943), (-73.53427269142021, 52.38153999790005)]",True
1784489778.2262795,0,-74.58937840098088,52.824841501788256,0.8000017539762669,311.51102990037725,-0.8548587954234018,-71.68493934183965,53.969770281454466,1.1202791572209336,305.9632979035948,-0.24932854645532387,2.9044390591412252,1.144928779666209,0.3202774032446667,-5.5477319967824315,0.6055302489680779,"[(-74.83102879797333, 52.801699629326315), (-74.80244491284051, 52.79307947882655), (-74.77381899123063, 52.78441728975027), (-74.74515103316364, 52.77571306210964), (-74.71644103865951, 52.76696679591682), (-74.68768900773824, 52.75817849118402), (-74.65889494041983, 52.749348147923435), (-74.63005883672427, 52.74047576614729), (-74.60118069667165, 52.73156134586783), (-74.57226052028199, 52.722604887097305), (-74.54329830757536, 52.71360638984799), (-74.51429405857185, 52.70456585413217), (-74.48524777329156, 52.695483279962154), (-74.45615945175462, 52.68635866735026), (-74.42702909398115, 52.67719201630884), (-74.39785669999131, 52.667983326850226), (-74.36864226980526, 52.6587325989868), (-74.33938580344321, 52.649439832730955), (-74.31008730092532, 52.64010502809509), (-74.28074676227183, 52.63072818509163), (-74.25136418750297, 52.621309303733), (-74.221939576639, 52.61184838403166), (-74.19247292970017, 52.60234542600008), (-74.16296424670678, 52.592800429650744), (-74.1334135276791, 52.58321339499616), (-74.10382077263748, 52.57358432204884), (-74.07418598160223, 52.56391321082132), (-74.0445091545937, 52.55420006132615), (-74.01479029163225, 52.544444873575905), (-73.98502939273828, 52.534647647583164), (-73.95522645793218, 52.52480838336053), (-73.92538148723438, 52.514927080920614), (-73.89549448066526, 52.50500374027606), (-73.86556543824533, 52.49503836143951), (-73.83559435999501, 52.485030944423634), (-73.80558124593479, 52.47498148924112), (-73.77552609608517, 52.464889995904656), (-73.74542891046667, 52.454756464426964), (-73.71528968909979, 52.444580894820774), (-73.6851084320051, 52.43436328709884), (-73.65488513920315, 52.424103641273916), (-73.62461981071453, 52.41380195735879), (-73.59431244655984, 52.403458235366266), (-73.56396304675968, 52.39307247530915), (-73.53357161133466, 52.38264467720027)]",True
1784489778.2818155,0,-74.53360455919768,52.82986447830542,0.800000409759012,311.51102990037725,-0.8548587954234018,-71.76328101974732,53.96655501212798,1.1200637556000477,305.9632979035948,-0.24932854645532387,2.7703235394503594,1.1366905338225592,0.3200633458410357,-5.5477319967824315,0.6055302489680779,"[(-74.83122954814563, 52.80179631325422), (-74.80344683520869, 52.79324656206663), (-74.77562224377678, 52.78465493037927), (-74.74775577386932, 52.776021418204124), (-74.71984742550568, 52.76734602555319), (-74.69189719870532, 52.758628752438476), (-74.66390509348767, 52.74986959887201), (-74.63587110987221, 52.741068564865834), (-74.6077952478784, 52.73222565043201), (-74.57967750752573, 52.7233408555826), (-74.55151788883371, 52.71441418032971), (-74.52331639182188, 52.705445624685446), (-74.49507301650976, 52.69643518866193), (-74.46678776291694, 52.6873828722713), (-74.43846063106295, 52.678288675525714), (-74.41009162096742, 52.66915259843734), (-74.38168073264993, 52.65997464101837), (-74.3532279661301, 52.65075480328101), (-74.32473332142759, 52.64149308523748), (-74.29619679856204, 52.63218948690001), (-74.26761839755312, 52.622844008280865), (-74.23899811842051, 52.613456649392305), (-74.21033596118393, 52.604027410246616), (-74.18163192586309, 52.594556290856104), (-74.15288601247772, 52.585043291233085), (-74.12409822104759, 52.57548841138989), (-74.09526855159244, 52.565891651338866), (-74.06639700413207, 52.55625301109239), (-74.03748357868628, 52.54657249066283), (-74.00852827527487, 52.53685009006259), (-73.97953109391769, 52.52708580930409), (-73.95049203463458, 52.51727964839976), (-73.92141109744541, 52.50743160736204), (-73.89228828237007, 52.49754168620339), (-73.86312358942843, 52.487609884936305), (-73.83391701864042, 52.47763620357326), (-73.80466857002597, 52.46762064212678), (-73.775378243605, 52.45756320060939), (-73.74604603939751, 52.447463879033634), (-73.71667195742344, 52.43732267741207), (-73.68725599770282, 52.427139595757275), (-73.65779816025564, 52.41691463408184), (-73.62829844510192, 52.406647792398374), (-73.5987568522617, 52.3963390707195), (-73.56917338175505, 52.38598846905786)]",True
1784489778.325044,0,-74.5097241793511,52.83225714410743,0.8000002231918233,311.51102990037725,-0.8548587954234018,-71.79682243667138,53.9645506374472,1.1200338594841521,305.9632979035948,-0.24932854645532387,2.712901742679719,1.1322934933397732,0.32003363629232884,-5.5477319967824315,0.6055302489680779,"[(-74.79401671091877, 52.792490310418636), (-74.76400471086973, 52.78285197941775), (-74.73395487305153, 52.773175808506316), (-74.7038671974838, 52.76346179769601), (-74.67374168418617, 52.75370994699852), (-74.6435783331783, 52.74392025642554), (-74.61337714447984, 52.73409272598879), (-74.58313811811051, 52.724227355699995), (-74.55286125408999, 52.71432414557091), (-74.52254655243799, 52.704383095613295), (-74.49219401317424, 52.694404205838914), (-74.46180363631849, 52.684387476259566), (-74.43137542189051, 52.674332906887045), (-74.40090936991004, 52.66424049773318), (-74.3704054803969, 52.6541102488098), (-74.33986375337086, 52.64394216012876), (-74.30928418885176, 52.63373623170192), (-74.27866678685942, 52.62349246354115), (-74.24801154741368, 52.613210855658345), (-74.21731847053444, 52.602891408065425)]",True
1784489778.38236,0,-74.4699536473136,52.836533701372765,0.8000000854956345,311.51102990037725,-0.8548587954234018,-71.85267341153732,53.96046327687096,1.1200117946117099,305.9632979035948,-0.24932854645532387,2.6172802357762777,1.1239295754981953,0.32001170911607535,-5.5477319967824315,0.6055302489680779,"[(-74.61472286749508, 52.79659401066319), (-74.57365499561493, 52.78599714957352), (-74.53254664122112, 52.77535980057994), (-74.49139780435674, 52.76468196370414), (-74.45020848506489, 52.753963638967825), (-74.40897868338874, 52.743204826392734), (-74.36770839937144, 52.732405526000626), (-74.3263976330562, 52.7215657378133), (-74.28504638448626, 52.71068546185258), (-74.24365465370487, 52.69976469814031), (-74.2022224407553, 52.68880344669837), (-74.16074974568089, 52.677801707548674), (-74.11923656852497, 52.666759480713154), (-74.0776829093309, 52.655676766213766), (-74.0360887681421, 52.64455356407251), (-73.99445414500198, 52.63338987431141), (-73.95277903995402, 52.62218569695251), (-73.9110634530417, 52.61094103201789), (-73.86930738430853, 52.59965587952966), (-73.82751083379804, 52.58833023950994)]",True
1784489778.4249618,0,-74.43022777285242,52.84120688655484,0.8000000375431867,311.51102990037725,-0.8548587954234018,-71.90848202637343,53.95583379337148,1.1200041105599203,305.9632979035948,-0.24932854645532387,2.5217457464789845,1.114626906816639,0.3200040730167336,-5.5477319967824315,0.6055302489680779,"[(-74.4090790300012, 52.82626043901928), (-74.35680458000844, 52.81604223578325), (-74.30446486011466, 52.805758723756924), (-74.25205987071655, 52.79540990311402), (-74.19958961221114, 52.7849957740286), (-74.14705408499582, 52.774516336675084), (-74.0944532894683, 52.76397159122823), (-74.04178722602668, 52.75336153786313), (-73.98905589506938, 52.74268617675524), (-73.93625929699515, 52.731945508080365), (-73.8833974322031, 52.72113953201463), (-73.83047030109269, 52.710268248734536), (-73.77747790406372, 52.69933165841691), (-73.72442024151634, 52.68832976123894), (-73.67129731385104, 52.67726255737814), (-73.61810912146868, 52.666130047012395), (-73.5648556647704, 52.654932230319915), (-73.51153694415777, 52.64366910747927), (-73.45815296003263, 52.632340678669365), (-73.40470371279723, 52.62094694406946), (-73.35118920285412, 52.609487903859154), (-73.2976094306062, 52.597963558218396), (-73.24396439645675, 52.58637390732748), (-73.19025410080934, 52.57471895136704), (-73.13647854406794, 52.56299869051807), (-73.08263772663683, 52.551213124961905), (-73.02873164892067, 52.53936225488022), (-72.9747603113244, 52.527446080455036), (-72.92072371425338, 52.51546460186873), (-72.86662185811326, 52.50341781930401), (-72.81245474331008, 52.49130573294395), (-72.7582223702502, 52.47912834297195), (-72.70392473934032, 52.466885649571765), (-72.6495618509875, 52.4545776529275), (-72.59513370559914, 52.44220435322359), (-72.54064030358299, 52.42976575064483), (-72.48608164534713, 52.41726184537637), (-72.4314577313, 52.40469263760369), (-72.37676856185038, 52.39205812751261), (-72.32201413740741, 52.37935831528932), (-72.26719445838053, 52.36659320112034), (-72.21230952517959, 52.35376278519253), (-72.15735933821473, 52.34086706769311), (-72.10234389789646, 52.32790604880964), (-72.04726320463566, 52.31487972873002)]",True
1784489778.4771655,0,-74.39848000337996,52.84521560662377,0.8000000229395815,311.51102990037725,-0.8548587954234018,-71.953115299183,53.95197192004746,1.120001770432062,305.9632979035948,-0.24932854645532387,2.4453647041969617,1.1067563134236948,0.32000174749248045,-5.5477319967824315,0.6055302489680779,"[(-74.3844698374877, 52.83244238505467), (-74.3415108514958, 52.82429786613807), (-74.29851023010463, 52.816111708382905), (-74.25546797333796, 52.807883911800324), (-74.21238408121962, 52.79961447640148), (-74.16925855377343, 52.79130340219754), (-74.12609139102322, 52.7829506891997), (-74.08288259299285, 52.77455633741915), (-74.03963215970617, 52.766120346867105), (-73.9963400911871, 52.7576427175548), (-73.9530063874595, 52.74912344949348), (-73.9096310485473, 52.740562542694406), (-73.86621407447443, 52.73195999716885), (-73.82275546526482, 52.723315812928114), (-73.77925522094243, 52.71462998998349), (-73.73571334153125, 52.705902528346314), (-73.69212982705527, 52.69713342802791), (-73.64850467753847, 52.68832268903964), (-73.60483789300488, 52.67947031139286), (-73.56112947347856, 52.67057629509897), (-73.51737941898352, 52.661640640169345), (-73.47358772954384, 52.65266334661541), (-73.4297544051836, 52.643644414448595), (-73.3858794459269, 52.63458384368033), (-73.34196285179786, 52.625481634322085), (-73.29800462282059, 52.61633778638533), (-73.25400475901921, 52.60715229988155), (-73.2099632604179, 52.59792517482225), (-73.16588012704082, 52.58865641121895), (-73.12175535891217, 52.579346009083174), (-73.07758895605613, 52.56999396842648), (-73.03338091849695, 52.560600289260435), (-72.98913124625882, 52.551164971596606), (-72.94483993936602, 52.541688015446596), (-72.90050699784278, 52.53216942082201), (-72.8561324217134, 52.52260918773447), (-72.81171621100215, 52.51300731619562), (-72.76725836573335, 52.50336380621711), (-72.72275888593134, 52.49367865781061), (-72.67821777162042, 52.483951870987816), (-72.63363502282498, 52.47418344576042), (-72.58901063956935, 52.464373382140124), (-72.54434462187793, 52.454521680138676), (-72.49963696977512, 52.44462833976781), (-72.45488768328534, 52.434693361039294)]",True
1784489778.7428474,0,-74.39054412001522,52.846226324628354,0.8000000208438338,311.51102990037725,-0.8548587954234018,-71.96427859332468,53.9510660755589,1.120001434602828,305.9632979035948,-0.24932854645532387,2.4262655266905426,1.1048397509305445,0.32000141375899416,-5.5477319967824315,0.6055302489680779,"[(-74.37810382229313, 52.833604901453505), (-74.33658740630264, 52.82563462580947), (-74.2950293179554, 52.817622674472844), (-74.25342955727483, 52.80956904745477), (-74.21178812428441, 52.80147374476644), (-74.1701050190076, 52.79333676641903), (-74.12838024146788, 52.78515811242375), (-74.08661379168878, 52.776937782791826), (-74.04480566969377, 52.76867577753448), (-74.00295587550644, 52.76037209666298), (-73.96106440915031, 52.752026740188576), (-73.91913127064895, 52.74363970812256), (-73.87715646002593, 52.73521100047623), (-73.83513997730485, 52.72674061726089), (-73.79308182250932, 52.71822855848787), (-73.75098199566297, 52.709674824168516), (-73.70884049678943, 52.70107941431419), (-73.66665732591237, 52.69244232893625), (-73.62443248305544, 52.683763568046096), (-73.58216596824234, 52.67504313165513), (-73.53985778149676, 52.66628101977477), (-73.49750792284243, 52.65747723241645), (-73.45511639230308, 52.64863176959162), (-73.41268318990247, 52.639744631311736), (-73.37020831566433, 52.63081581758829), (-73.32769176961246, 52.62184532843278), (-73.28513355177064, 52.6128331638567), (-73.2425336621627, 52.603779323871585), (-73.19989210081243, 52.59468380848898), (-73.15720886774369, 52.58554661772043), (-73.11448396298033, 52.57636775157752), (-73.07171738654621, 52.56714721007183), (-73.02890913846524, 52.55788499321496), (-72.98605921876128, 52.54858110101853), (-72.94316762745828, 52.539235533494164), (-72.90023436458016, 52.529848290653526), (-72.85725943015086, 52.520419372508265), (-72.81424282419435, 52.51094877907006), (-72.77118454673459, 52.501436510350615), (-72.72808459779557, 52.49188256636163), (-72.68494297740132, 52.48228694711484), (-72.64175968557585, 52.47264965262197), (-72.59853472234319, 52.46297068289478), (-72.55526808772738, 52.45325003794504), (-72.51195978175252, 52.443487717784535)]",True
1784489778.804652,0,-74.35071887174095,52.849872691013644,0.8000000150283144,310.1257833361023,0.31706326771136084,-72.02020125673631,53.94822095879462,1.1200005027056266,305.9632979035948,-0.24932854645532387,2.330517615004638,1.0983482677809775,0.32000048767731215,-4.162485432507481,-0.5663918141666847,"[(-74.3239194190063, 52.84146454807042), (-74.29101023420249, 52.834077362650916), (-74.25805911254953, 52.82664823773522), (-74.22506605406873, 52.819177173334815), (-74.1920310587814, 52.8116641694612), (-74.15895412670885, 52.80410922612591), (-74.12583525787244, 52.79651234334047), (-74.09267445229352, 52.788873521116436), (-74.05947170999349, 52.78119275946538), (-74.02622703099371, 52.77347005839888), (-73.99294041531562, 52.765705417928544), (-73.95961186298062, 52.757898838065984), (-73.92624137401017, 52.75005031882284), (-73.89282894842572, 52.742159860210755), (-73.85937458624872, 52.7342274622414), (-73.82587828750069, 52.72625312492645), (-73.79234005220313, 52.71823684827761), (-73.75875988037755, 52.710178632306594), (-73.7251377720455, 52.702078477025125), (-73.69147372722853, 52.69393638244495), (-73.6577677459482, 52.68575234857784), (-73.62401982822611, 52.67752637543557), (-73.59022997408387, 52.669258463029934), (-73.55639818354308, 52.66094861137274), (-73.52252445662538, 52.652596820475814), (-73.48860879335241, 52.644203090351006), (-73.45465119374585, 52.635767421010165), (-73.42065165782738, 52.62728981246517), (-73.3866101856187, 52.61877026472792), (-73.3525267771415, 52.610208777810314), (-73.31840143241755, 52.60160535172428), (-73.28423415146857, 52.59295998648176), (-73.25002493431633, 52.5842726820947), (-73.21577378098263, 52.575543438575075), (-73.18148069148924, 52.56677225593488), (-73.14714566585798, 52.55795913418611), (-73.11276870411068, 52.54910407334079), (-73.07834980626916, 52.54020707341096), (-73.04388897235532, 52.53126813440867), (-73.00938620239101, 52.52228725634598), (-72.97484149639813, 52.51326443923499), (-72.94025485439857, 52.50419968308778), (-72.9056262764143, 52.495092987916486), (-72.8709557624672, 52.48594435373323), (-72.83624331257928, 52.47675378055017)]",True
1784489778.9921105,0,-74.32674608307055,52.850989334068544,0.8000000135710981,310.1257833361023,0.31706326771136084,-72.05379055976367,53.94740360314151,1.1200002691966746,305.9632979035948,-0.24932854645532387,2.2729555233068766,1.096414269072966,0.32000025562557655,-4.162485432507481,-0.5663918141666847,"[(-74.31650228062101, 52.841959423783095), (-74.2841117602524, 52.83455523479152), (-74.25167928445583, 52.82710908777304), (-74.21920485325248, 52.819620982739174), (-74.1866884666635, 52.812090919701475), (-74.15413012471012, 52.80451889867151), (-74.12152982741354, 52.79690491966086), (-74.08888757479498, 52.78924898268112), (-74.05620336687572, 52.781551087743914), (-74.02347720367699, 52.77381123486086), (-73.99070908522009, 52.76602942404361), (-73.95789901152631, 52.758205655303826), (-73.92504698261696, 52.75033992865318), (-73.89215299851337, 52.742432244103384), (-73.85921705923687, 52.73448260166613), (-73.82623916480884, 52.72649100135315), (-73.79321931525065, 52.7184574431762), (-73.76015751058371, 52.710381927147026), (-73.72705375082941, 52.70226445327741), (-73.69390803600918, 52.694105021579134), (-73.66072036614446, 52.68590363206402), (-73.62749074125671, 52.67766028474388), (-73.59421916136739, 52.66937497963056), (-73.56090562649801, 52.66104771673592), (-73.52755013667007, 52.652678496071836), (-73.49415269190509, 52.64426731765018), (-73.46071329222461, 52.63581418148288), (-73.42723193765018, 52.62731908758184), (-73.39370862820337, 52.618782035959), (-73.36014336390579, 52.610203026626316), (-73.32653614477903, 52.601582059595756), (-73.2928869708447, 52.59291913487931), (-73.25919584212444, 52.58421425248898), (-73.2254627586399, 52.57546741243678), (-73.19168772041276, 52.56667861473475), (-73.15787072746468, 52.55784785939493), (-73.12401177981738, 52.5489751464294), (-73.09011087749256, 52.54006047585023), (-73.05616802051198, 52.531103847669534), (-73.02218320889736, 52.52210526189942), (-72.98815644267049, 52.513064718552016), (-72.95408772185313, 52.503982217639475), (-72.9199770464671, 52.49485775917396), (-72.88582441653419, 52.48569134316765), (-72.85162983207624, 52.47648296963275)]",True
1784489779.1086495,0,-74.19075017482498,52.850651537996455,0.8000000119666326,310.1257833361023,0.31706326771136084,-72.24418349622353,53.946723313524934,1.1200000120920637,305.9632979035948,-0.24932854645532387,1.9465666786014566,1.096071775528479,0.32000000012543106,-4.162485432507481,-0.5663918141666847,"[(-74.27869009187668, 52.84305524138978), (-74.24827593968375, 52.83544396795516), (-74.2178197595259, 52.827790664156986), (-74.18732155142379, 52.82009533000702), (-74.1567813153981, 52.812357965517045), (-74.12619905146956, 52.80457857069885), (-74.09557475965886, 52.79675714556426), (-74.06490843998675, 52.78889369012509), (-74.034200092474, 52.7809882043932), (-74.00344971714135, 52.773040688380455), (-73.97265731400958, 52.76505114209872), (-73.94182288309953, 52.7570195655599), (-73.910946424432, 52.748945958775906), (-73.88002793802781, 52.740830321758665), (-73.84906742390781, 52.732672654520115), (-73.81806488209288, 52.72447295707223), (-73.78702031260391, 52.71623122942698), (-73.7559337154618, 52.70794747159636), (-73.72480509068744, 52.69962168359238), (-73.69363443830179, 52.69125386542707), (-73.66242175832579, 52.68284401711247), (-73.6311670507804, 52.67439213866064), (-73.59987031568663, 52.665898230083656), (-73.56853155306544, 52.65736229139361), (-73.53715076293786, 52.64878432260261), (-73.50572794532492, 52.640164323722786), (-73.47426310024768, 52.63150229476628), (-73.4427562277272, 52.62279823574524), (-73.41120732778455, 52.61405214667185), (-73.37961640044084, 52.6052640275583), (-73.34798344571718, 52.59643387841679), (-73.31630846363468, 52.58756169925955), (-73.28459145421452, 52.578647490098824), (-73.25283241747783, 52.56969125094686), (-73.22103135344581, 52.56069298181594), (-73.18918826213965, 52.55165268271835), (-73.15730314358056, 52.54257035366639), (-73.12537599778979, 52.53344599467239), (-73.09340682478856, 52.52427960574869), (-73.06139562459813, 52.51507118690763), (-73.0293423972398, 52.5058207381616), (-72.99724714273484, 52.49652825952298), (-72.96510986110457, 52.48719375100418), (-72.93293055237031, 52.47781721261761), (-72.90070921655341, 52.46839864437571)]",True
1784489779.2242248,0,-74.12675369180961,52.85002500457124,0.8000000119293813,310.1257833361023,0.31706326771136084,-72.33377374471289,53.946527726962366,1.1200000061227882,305.9632979035948,-0.24932854645532387,1.7929799470967254,1.0965027223911221,0.31999999419340686,-4.162485432507481,-0.5663918141666847,"[(-74.24783040642365, 52.84244828006433), (-74.218458844807, 52.83458673801488), (-74.1890452180721, 52.82668312857091), (-74.15958952623934, 52.818737451744376), (-74.13009176932916, 52.81074970754723), (-74.10055194736196, 52.80271989599146), (-74.07097006035822, 52.79464801708905), (-74.0413461083384, 52.78653407085202), (-74.01168009132299, 52.778378057292386), (-73.9819720093325, 52.77017997642219), (-73.95222186238742, 52.7619398282535), (-73.9224296505083, 52.75365761279839), (-73.89259537371572, 52.74533333006895), (-73.86271903203021, 52.73696698007729), (-73.83280062547237, 52.72855856283554), (-73.80284015406282, 52.720108078355835), (-73.77283761782215, 52.71161552665034), (-73.742793016771, 52.70308090773123), (-73.71270635093002, 52.69450422161069), (-73.6825776203199, 52.68588546830094), (-73.65240682496129, 52.67722464781419), (-73.62219396487491, 52.6685217601627), (-73.59193904008148, 52.65977680535871), (-73.56164205060173, 52.6509897834145), (-73.5313029964564, 52.64216069434237), (-73.50092187766627, 52.63328953815462), (-73.47049869425213, 52.624376314863575), (-73.44003344623475, 52.61542102448158), (-73.40952613363497, 52.606423667020984), (-73.37897675647362, 52.597384242494165), (-73.34838531477155, 52.58830275091351), (-73.31775180854962, 52.57917919229144), (-73.28707623782871, 52.57001356664036), (-73.25635860262975, 52.560805873972726), (-73.22559890297362, 52.551556114300986), (-73.19479713888126, 52.542264287637614), (-73.16395331037361, 52.5329303939951), (-73.13306741747166, 52.52355443338595), (-73.10213946019638, 52.51413640582268), (-73.07116943856877, 52.504676311317844), (-73.04015735260984, 52.49517414988399), (-73.00910320234063, 52.485629921533686), (-72.97800698778218, 52.47604362627953), (-72.94686870895555, 52.46641526413411), (-72.91568836588183, 52.45674483511007)]",True
1784489779.3292441,0,-74.11075395879213,52.84994612149325,0.8000000119264719,310.1257833361023,0.31706326771136084,-72.35615783626439,53.94568654801955,1.1200000056565655,307.0597367718274,-0.4198327016050405,1.7545961225277438,1.095740426526305,0.3199999937300937,-3.0660465642749273,-0.7368959693164013,"[(-74.23226647068907, 52.84227876081963), (-74.20329423654029, 52.83431415313855), (-74.17427992353161, 52.82630746436937), (-74.14522353168333, 52.81825869452412), (-74.11612506101575, 52.81016784361482), (-74.08698451154923, 52.80203491165352), (-74.0578018833041, 52.79385989865229), (-74.02857717630071, 52.785642804623215), (-73.99931039055949, 52.77738362957839), (-73.97000152610079, 52.769082373529926), (-73.94065058294505, 52.76073903648996), (-73.9112575611127, 52.752353618470636), (-73.88182246062419, 52.74392611948412), (-73.85234528149998, 52.735456539542604), (-73.82282602376056, 52.72694487865827), (-73.7932646874264, 52.718391136843344), (-73.76366127251805, 52.70979531411005), (-73.73401577905601, 52.70115741047065), (-73.70432820706084, 52.69247742593739), (-73.67459855655311, 52.68375536052256), (-73.6448268275534, 52.67499121423846), (-73.61501302008232, 52.6661849870974), (-73.58515713416044, 52.657336679111715), (-73.55525916980844, 52.64844629029375), (-73.52531912704694, 52.639513820655864), (-73.4953370058966, 52.63053927021045), (-73.46531280637812, 52.62152263896989), (-73.4352465285122, 52.61246392694662), (-73.40513817231952, 52.60336313415304), (-73.37498773782086, 52.594220260601624), (-73.34479522503693, 52.585035306304825), (-73.3145606339885, 52.57580827127512), (-73.28428396469636, 52.566539155525014), (-73.25396521718129, 52.55722795906701), (-73.22360439146412, 52.54787468191365), (-73.19320148756567, 52.53847932407747), (-73.16275650550679, 52.52904188557104), (-73.13226944530834, 52.51956236640694), (-73.10174030699119, 52.51004076659776), (-73.07116909057626, 52.50047708615612), (-73.04055579608446, 52.490871325094645), (-73.0099004235367, 52.481223483425985), (-72.97920297295394, 52.4715335611628), (-72.94846344435715, 52.46180155831777), (-72.91768183776728, 52.45202747490359)]",True
1784489779.3825195,0,-74.07075501283553,52.85022209165484,0.8000000119228592,310.1257833361023,0.31706326771136084,-72.41206701094694,53.94253903889118,1.1200000050776835,307.0597367718274,-0.4198327016050405,1.6586880018885921,1.092316947236334,0.3199999931548243,-3.0660465642749273,-0.7368959693164013,"[(-74.1993634952861, 52.84196460599304), (-74.16946037767251, 52.83378957405476), (-74.13951515848404, 52.82557243822093), (-74.10952783774152, 52.81731319850373), (-74.07949841546579, 52.80901185491538), (-74.04942689167768, 52.800668407468095), (-74.01931326639809, 52.79228285617411), (-73.98915753964789, 52.78385520104569), (-73.95895971144799, 52.77538544209511), (-73.92871978181931, 52.76687357933465), (-73.89843775078278, 52.758319612776624), (-73.86811361835936, 52.74972354243335), (-73.83774738457002, 52.74108536831717), (-73.80733904943577, 52.732405090440444), (-73.7768886129776, 52.723682708815545), (-73.74639607521652, 52.71491822345486), (-73.71586143617358, 52.7061116343708), (-73.68528469586984, 52.69726294157579), (-73.65466585432637, 52.688372145082255), (-73.62400491156424, 52.67943924490267), (-73.59330186760458, 52.6704642410495), (-73.5625567224685, 52.66144713353524), (-73.53176947617716, 52.6523879223724), (-73.5009401287517, 52.64328660757349), (-73.47006868021327, 52.63414318915107), (-73.4391551305831, 52.624957667117684), (-73.40819947988237, 52.61573004148591), (-73.37720172813229, 52.60646031226834), (-73.34616187535414, 52.59714847947758), (-73.31507992156914, 52.58779454312626), (-73.28395586679858, 52.578398503227014), (-73.25278971106374, 52.568960359792506), (-73.22158145438593, 52.5594801128354), (-73.19033109678648, 52.5499577623684), (-73.15903863828672, 52.540393308404205), (-73.12770407890801, 52.53078675095554), (-73.09632741867172, 52.52113809003516), (-73.06490865759926, 52.51144732565581), (-73.03344779571201, 52.50171445783026), (-73.0019448330314, 52.49193948657131), (-72.97039976957888, 52.48212241189177), (-72.93881260537589, 52.47226323380447), (-72.90718334044391, 52.46236195232224), (-72.87551197480445, 52.45241856745794), (-72.843798508479, 52.44243307922445)]",True
1784489779.4368546,0,-74.03875593669886,52.850460157079,0.8000000119217591,310.1257833361023,0.31706326771136084,-72.45672039510538,53.93892348022374,1.1200000049013887,307.0597367718274,-0.4198327016050405,1.5820355415934841,1.0884633231447438,0.31999999297962967,-3.0660465642749273,-0.7368959693164013,"[(-74.13441432179724, 52.8414726055239), (-74.10312412208073, 52.83299994637046), (-74.07179172662653, 52.82448508904995), (-74.04041713545598, 52.81592803357467), (-74.00900034859046, 52.80732877995693), (-73.97754136605135, 52.79868732820906), (-73.94604018786005, 52.79000367834341), (-73.91449681403797, 52.78127783037234), (-73.88291124460657, 52.772509784308234), (-73.85128347958731, 52.763699540163486), (-73.81961351900163, 52.75484709795051), (-73.78790136287104, 52.74595245768174), (-73.75614701121702, 52.737015619369615), (-73.7243504640611, 52.72803658302661), (-73.69251172142482, 52.719015348665195), (-73.66063078332972, 52.709951916297875), (-73.62870764979739, 52.70084628593716), (-73.59674232084942, 52.691698457595585), (-73.56473479650738, 52.68250843128569), (-73.53268507679292, 52.673276207020045), (-73.50059316172766, 52.664001784811234), (-73.46845905133328, 52.65468516467185), (-73.43628274563143, 52.6453263466145), (-73.4040642446438, 52.63592533065184), (-73.37180354839211, 52.62648211679649), (-73.33950065689805, 52.616996705061126), (-73.3071555701834, 52.607469095458434), (-73.27476828826987, 52.59789928800111), (-73.24233881117925, 52.58828728270187), (-73.20986713893333, 52.57863307957344), (-73.17735327155393, 52.56893667862858), (-73.14479720906283, 52.55919807988005), (-73.1121989514819, 52.549417283340624), (-73.079558498833, 52.53959428902311), (-73.04687585113797, 52.529729096940315), (-73.01415100841872, 52.51982170710508), (-72.98138397069717, 52.50987211953025), (-72.9485747379952, 52.49988033422869), (-72.91572331033478, 52.48984635121329), (-72.88282968773787, 52.479770170496934), (-72.84989387022642, 52.469651792092556), (-72.81691585782244, 52.45949121601308), (-72.7838956505479, 52.44928844227145), (-72.75083324842487, 52.43904347088064), (-72.71772865147535, 52.42875630185363)]",True
1784489779.5396814,0,-74.03075607531937,52.85050598626938,0.8000000119216012,310.1257833361023,0.31706326771136084,-72.46787395882943,53.93790477479221,1.120000004876089,307.0597367718274,-0.4198327016050405,1.562882116489945,1.087398788522826,0.3199999929544878,-3.0660465642749273,-0.7368959693164013,"[(-74.09377913682331, 52.84079080074454), (-74.06123781809563, 52.83210831706285), (-74.0286541234383, 52.82338345487862), (-73.99602805287353, 52.81461621420447), (-73.96335960642357, 52.80580659505299), (-73.93064878411067, 52.79695459743682), (-73.89789558595712, 52.788060221368596), (-73.8651000119852, 52.77912346686098), (-73.83226206221723, 52.770144333926645), (-73.79938173667551, 52.76112282257829), (-73.76645903538241, 52.752058932828625), (-73.73349395836028, 52.74295266469038), (-73.7004865056315, 52.7338040181763), (-73.66743667721846, 52.72461299329915), (-73.63434447314357, 52.715379590071706), (-73.60120989342929, 52.70610380850677), (-73.56803293809803, 52.69678564861715), (-73.53481360717225, 52.68742511041569), (-73.50155190067446, 52.678022193915226), (-73.46824781862713, 52.66857689912863), (-73.4349013610528, 52.65908922606879), (-73.40151252797398, 52.64955917474859), (-73.36808131941322, 52.639986745180956), (-73.3346077353931, 52.630371937378825), (-73.3010917759362, 52.620714751355145), (-73.26753344106511, 52.61101518712288), (-73.23393273080245, 52.60127324469502), (-73.20028964517087, 52.59148892408457), (-73.166604184193, 52.58166222530455), (-73.13287634789152, 52.57179314836799), (-73.09910613628911, 52.56188169328795), (-73.06529354940847, 52.5519278600775), (-73.03143858727232, 52.541931648749724), (-72.9975412499034, 52.53189305931773), (-72.96360153732448, 52.521812091794644), (-72.92961944955832, 52.5116887461936), (-72.89559498662769, 52.501523022527756), (-72.86152814855541, 52.49131492081029), (-72.8274189353643, 52.481064441054386), (-72.79326734707722, 52.470771583273255), (-72.759073383717, 52.46043634748012), (-72.72483704530651, 52.45005873368822), (-72.69055833186866, 52.43963874191083), (-72.65623724342635, 52.4291763721612), (-72.6218737800025, 52.41867162445265)]",True
1784489779.5751657,0,-73.99076182537756,52.851066730140495,0.8000000119211631,310.1257833361023,0.31706326771136084,-72.5236137135844,53.93251352853975,1.120000004805884,307.0597367718274,-0.4198327016050405,1.4671481117931648,1.0814467983992557,0.3199999928847209,-3.0660465642749273,-0.7368959693164013,"[(-74.08494609906134, 52.840753038622275), (-74.05282059921264, 52.83210808545223), (-74.02065306731136, 52.82342109774436), (-73.98844350337897, 52.814692075510905), (-73.95619190743699, 52.80592101876413), (-73.9238982795069, 52.797107927516315), (-73.89156261961021, 52.788252801779755), (-73.8591849277685, 52.77935564156676), (-73.8267652040033, 52.77041644688965), (-73.79430344833618, 52.76143521776077), (-73.76179966078874, 52.75241195419249), (-73.72925384138257, 52.74334665619718), (-73.69666599013931, 52.734239323787236), (-73.66403610708059, 52.72508995697507), (-73.63136419222806, 52.7158985557731), (-73.5986502456034, 52.706665120193776), (-73.5658942672283, 52.697389650249555), (-73.53309625712446, 52.688072145952916), (-73.5002562153136, 52.67871260731635), (-73.46737414181746, 52.66931103435236), (-73.4344500366578, 52.65986742707348), (-73.40148389985637, 52.65038178549224), (-73.36847573143498, 52.640854109621216), (-73.33542553141544, 52.631284399472975), (-73.30233329981954, 52.6216726550601), (-73.26919903666914, 52.61201887639521), (-73.23602274198608, 52.60232306349093), (-73.20280441579224, 52.59258521635989), (-73.1695440581095, 52.58280533501476), (-73.13624166895976, 52.57298341946821), (-73.10289724836494, 52.56311946973293), (-73.06951079634699, 52.55321348582163), (-73.03608231292786, 52.54326546774703), (-73.00261179812951, 52.53327541552187), (-72.96909925197393, 52.52324332915891), (-72.93554467448311, 52.51316920867092), (-72.90194806567908, 52.50305305407069), (-72.86830942558387, 52.49289486537103), (-72.83462875421955, 52.48269464258476), (-72.80090605160817, 52.47245238572472), (-72.7671413177718, 52.46216809480377), (-72.73333455273257, 52.45184176983478), (-72.69948575651259, 52.44147341083063), (-72.66559492913397, 52.43106301780424), (-72.6316620706189, 52.420610590768526)]",True
1784489779.6730685,0,-73.94282420730799,52.85346435379065,0.8000000119209949,310.1257833361023,0.31706326771136084,-72.59062275423963,53.927533400253715,1.1200000047789505,307.0597367718274,-0.4198327016050405,1.3522014530683606,1.074069046463066,0.31999999285795555,-3.0660465642749273,-0.7368959693164013,"[(-74.05055147684914, 52.831085611031504), (-74.01608671705375, 52.821352147071536), (-73.98158412899868, 52.811580852234236), (-73.94704371270541, 52.80177172653139), (-73.91246546819548, 52.791924769974806), (-73.87784939549041, 52.78203998257629), (-73.84319549461178, 52.77211736434769), (-73.80850376558114, 52.76215691530085), (-73.77377420842008, 52.75215863544763), (-73.73900682315018, 52.7421225247999), (-73.70420160979306, 52.73204858336956), (-73.66935856837036, 52.72193681116852), (-73.63447769890371, 52.71178720820869), (-73.59955900141478, 52.701599774502014), (-73.56460247592523, 52.69137451006044), (-73.52960812245674, 52.68111141489594), (-73.49457594103102, 52.67081048902049), (-73.45950593166978, 52.660471732446084), (-73.42439809439476, 52.650095145184736), (-73.38925242922771, 52.639680727248475)]",True
1784489779.6975236,0,-73.8949897433375,52.8574252810598,0.8000000119209476,310.1257833361023,0.31706326771136084,-72.65769085620127,53.92332966674579,1.120000004771355,307.0597367718274,-0.4198327016050405,1.2372988871362338,1.0659043856859967,0.31999999285040737,-3.0660465642749273,-0.7368959693164013,"[(-73.99293527678134, 52.83990126568533), (-73.9540996366233, 52.82992464437485), (-73.91520372381841, 52.819887732140366), (-73.87624753857274, 52.80979052909106), (-73.83723108109261, 52.79963303533631), (-73.79815435158451, 52.789415250985705), (-73.75901735025515, 52.77913717614902), (-73.7198200773114, 52.768798810936254), (-73.68056253296037, 52.758400155457586), (-73.64124471740938, 52.74794120982341), (-73.60186663086593, 52.737421974144326), (-73.56242827353773, 52.72684244853112), (-73.5229296456327, 52.71620263309481), (-73.48337074735893, 52.70550252794658), (-73.44375157892478, 52.69474213319784), (-73.40407214053872, 52.6839214489602), (-73.3643324324095, 52.673040475345466), (-73.32453245474602, 52.66209921246565), (-73.28467220775742, 52.65109766043296), (-73.24475169165304, 52.64003581935982), (-73.20477090664238, 52.62891368935884), (-73.1647298529352, 52.61773127054285), (-73.1246285307414, 52.60648856302487), (-73.08446694027114, 52.59518556691812), (-73.04424508173476, 52.58382228233603), (-73.00396295534277, 52.57239870939224), (-72.96362056130594, 52.56091484820057), (-72.92321789983521, 52.54937069887506), (-72.88275497114172, 52.537766261529946), (-72.84223177543683, 52.52610153627967), (-72.80164831293207, 52.514376523238866), (-72.76100458383922, 52.50259122252239), (-72.72030058837024, 52.49074563424528), (-72.67953632673725, 52.47883975852279), (-72.63871179915263, 52.46687359547037), (-72.59782700582895, 52.454847145203665), (-72.55688194697896, 52.44276040783854), (-72.51587662281563, 52.43061338349106), (-72.47481103355213, 52.41840607227747), (-72.43368517940183, 52.40613847431425), (-72.3924990605783, 52.39381058971805), (-72.35125267729532, 52.381422418605744), (-72.30994602976685, 52.368973961094405), (-72.26857911820709, 52.356465217301306), (-72.2271519428304, 52.343896187343915)]",True
1784489779.7371464,0,-73.86309766928376,52.860041314528345,0.800000011920937,310.1257833361023,0.31706326771136084,-72.70239279183454,53.92036758232487,1.1200000047696546,307.0597367718274,-0.4198327016050405,1.16070487744922,1.0603262677965262,0.3199999928487176,-3.0660465642749273,-0.7368959693164013,"[(-73.88495307110504, 52.8448572576284), (-73.84514629856595, 52.83577975816593), (-73.80529759963906, 52.82666032908978), (-73.76540697434862, 52.817498970412245), (-73.72547442271888, 52.80829568214561), (-73.6854999447741, 52.7990504643022), (-73.64548354053855, 52.78976331689433), (-73.60542521003654, 52.780434239934365), (-73.56532495329239, 52.77106323343467), (-73.52518277033042, 52.761650297407606), (-73.48499866117498, 52.75219543186559), (-73.44477262585043, 52.742698636821025), (-73.40450466438115, 52.73315991228635), (-73.36419477679154, 52.72357925827399), (-73.32384296310599, 52.713956674796435), (-73.28344922334895, 52.70429216186614), (-73.24301355754486, 52.69458571949561), (-73.20253596571817, 52.68483734769736), (-73.16201644789336, 52.67504704648391), (-73.12145500409494, 52.665214815867806), (-73.0808516343474, 52.65534065586161), (-73.04020633867526, 52.64542456647789), (-72.99951911710309, 52.63546654772925), (-72.95878996965541, 52.6254665996283), (-72.91801889635683, 52.61542472218765), (-72.87720589723192, 52.605340915419944), (-72.8363509723053, 52.59521517933785), (-72.79545412160158, 52.58504751395404), (-72.7545153451454, 52.574837919281194), (-72.71353464296142, 52.56458639533203), (-72.67251201507432, 52.55429294211927), (-72.63144746150878, 52.543957559655645), (-72.5903409822895, 52.53358024795392), (-72.5491925774412, 52.523161007026864), (-72.50800224698864, 52.51269983688726), (-72.46676999095655, 52.50219673754791), (-72.4254958093697, 52.491651709021646), (-72.3841797022529, 52.4810647513213), (-72.34282166963092, 52.47043586445972), (-72.3014217115286, 52.45976504844979), (-72.25997982797077, 52.449052303304384), (-72.2184960189823, 52.438297629036406), (-72.17697028458801, 52.42750102565877), (-72.13540262481283, 52.41666249318442), (-72.09379303968164, 52.4057820316263)]",True
1784489779.7843587,0,-73.8471405717791,52.86121193210241,0.8000000119209342,310.1257833361023,0.31706326771136084,-72.72474268880134,53.91887044319001,1.120000004769213,307.0597367718274,-0.4198327016050405,1.1223978829777508,1.0576585110876024,0.31999999284827874,-3.0660465642749273,-0.7368959693164013,"[(-73.87785430608103, 52.84572506390879), (-73.83918542279653, 52.83683670575533), (-73.80047475414906, 52.82790655919068), (-73.76172230016176, 52.81893462422669), (-73.72292806085778, 52.809920900875255), (-73.68409203626025, 52.80086538914826), (-73.64521422639233, 52.79176808905761), (-73.6062946312772, 52.78262900061525), (-73.56733325093805, 52.77344812383312), (-73.52833008539812, 52.764225458723175), (-73.48928513468063, 52.75496100529739), (-73.45019839880881, 52.74565476356775), (-73.41106987780593, 52.73630673354627), (-73.37189957169527, 52.72691691524497), (-73.33268748050011, 52.71748530867589), (-73.29343360424376, 52.70801191385108), (-73.25413794294955, 52.698496730782615), (-73.21480049664083, 52.68893975948258), (-73.17542126534094, 52.679340999963074), (-73.13600024907325, 52.66970045223621), (-73.09653744786114, 52.660018116314134), (-73.05703286172802, 52.65029399220898), (-73.01748649069732, 52.64052807993292), (-72.97789833479247, 52.63072037949813), (-72.9382683940369, 52.62087089091681), (-72.89859666845409, 52.61097961420118), (-72.85888315806753, 52.601046549363446), (-72.8191278629007, 52.59107169641587), (-72.77933078297711, 52.581055055370705), (-72.73949191832031, 52.57099662624022), (-72.69961126895384, 52.56089640903672), (-72.65968883490126, 52.55075440377251), (-72.61972461618612, 52.5405706104599), (-72.57971861283202, 52.53034502911124), (-72.5396708248626, 52.520077659738874), (-72.49958125230145, 52.50976850235518), (-72.45944989517223, 52.49941755697254), (-72.41927675349858, 52.48902482360335), (-72.37906182730417, 52.47859030226004), (-72.3388051166127, 52.46811399295503), (-72.29850662144786, 52.45759589570078), (-72.25816634183336, 52.44703601050974), (-72.21778427779296, 52.43643433739441), (-72.1773604293504, 52.42579087636727), (-72.13689479652945, 52.415105627440845)]",True
1784489779.842822,0,-73.82319209498282,52.862781074301786,0.8000000119209317,310.1257833361023,0.31706326771136084,-72.7582669047877,53.916615319543,1.1200000047688183,307.0597367718274,-0.4198327016050405,1.0649251901951118,1.0538342452412124,0.3199999928478866,-3.0660465642749273,-0.7368959693164013,"[(-73.86503137363646, 52.84766186731169), (-73.82986015366497, 52.839210934402146), (-73.79464722071192, 52.830718285790475), (-73.75939257479897, 52.82218392148829), (-73.72409621594774, 52.81360784150723), (-73.68875814417993, 52.804990045858936), (-73.65337835951722, 52.796330534555075), (-73.61795686198133, 52.78762930760733), (-73.58249365159396, 52.7788863650274), (-73.54698872837689, 52.770101706826985), (-73.51144209235184, 52.76127533301782), (-73.47585374354058, 52.75240724361165), (-73.4402236819649, 52.743497438620224), (-73.40455190764659, 52.734545918055325), (-73.36883842060749, 52.72555268192874), (-73.33308322086941, 52.71651773025227), (-73.2972863084542, 52.70744106303774), (-73.26144768338374, 52.69832268029698), (-73.22556734567989, 52.68916258204185), (-73.18964529536454, 52.67996076828422), (-73.15368153245963, 52.67071723903596), (-73.11767605698705, 52.66143199430898), (-73.08162886896876, 52.65210503411519), (-73.04553996842671, 52.64273635846652), (-73.00940935538287, 52.63332596737492), (-72.97323702985925, 52.623873860852356), (-72.93702299187783, 52.614380038910795), (-72.90076724146063, 52.60484450156224), (-72.86446977862971, 52.59526724881869), (-72.8281306034071, 52.585648280692176), (-72.79174971581486, 52.57598759719473), (-72.75532711587509, 52.56628519833842), (-72.71886280360988, 52.556541084135304), (-72.68235677904134, 52.54675525459748), (-72.6458090421916, 52.53692770973704), (-72.60921959308281, 52.52705844956611), (-72.57258843173712, 52.517147474096824), (-72.53591555817671, 52.507194783341326), (-72.49920097242378, 52.497200377311785), (-72.46244467450053, 52.487164256020385), (-72.42564666442918, 52.47708641947931), (-72.38880694223197, 52.46696686770079), (-72.35192550793116, 52.45680560069704), (-72.315002361549, 52.446602618480306), (-72.27803750310781, 52.43635792106285)]",True
1784489779.8835945,0,-73.80722295132762,52.86377323329945,0.8000000119209307,310.1257833361023,0.31706326771136084,-72.78061538481785,53.915097137135,1.1200000047686645,307.0597367718274,-0.4198327016050405,1.0266075665097674,1.0513239038355522,0.3199999928477337,-3.0660465642749273,-0.7368959693164013,"[(-73.85132529243543, 52.849272113323885), (-73.81758369103609, 52.84099396394191), (-73.78380015411736, 52.83267387639789), (-73.74997468170083, 52.82431185070366), (-73.71610727380818, 52.81590788687107), (-73.68219793046106, 52.80746198491198), (-73.64824665168115, 52.7989741448383), (-73.61425343749013, 52.79044436666191), (-73.58021828790974, 52.78187265039474), (-73.54614120296168, 52.773258996048725), (-73.51202218266769, 52.76460340363581), (-73.47786122704956, 52.75590587316797), (-73.44365833612903, 52.74716640465718), (-73.40941350992789, 52.73838499811544), (-73.37512674846796, 52.729561653554775), (-73.34079805177106, 52.720696370987206), (-73.30642741985903, 52.71178915042478), (-73.27201485275373, 52.702839991879564), (-73.23756035047701, 52.69384889536364), (-73.20306391305077, 52.684815860889096), (-73.1685255404969, 52.675740888468056), (-73.13394523283733, 52.66662397811264), (-73.09932299009402, 52.657465129834996), (-73.0646588122889, 52.648264343647284), (-73.02995269944391, 52.639021619561674), (-72.99520465158108, 52.62973695759037), (-72.96041466872238, 52.62041035774557), (-72.92558275088982, 52.6110418200395), (-72.89070889810544, 52.60163134448441), (-72.8557931103913, 52.59217893109255), (-72.82083538776946, 52.582684579876194), (-72.78583573026201, 52.573148290847634), (-72.75079413789102, 52.563570064019174), (-72.71571061067861, 52.553949899403136), (-72.68058514864693, 52.544287797011854), (-72.6454177518181, 52.534583756857685), (-72.61020842021429, 52.524837778953), (-72.57495715385768, 52.51504986331018), (-72.53966395277045, 52.50522000994164), (-72.50432881697482, 52.49534821885978), (-72.46895174649302, 52.48543449007705), (-72.43353274134728, 52.47547882360589), (-72.39807180155987, 52.46548121945877), (-72.36256892715305, 52.45544167764818), (-72.32702411814911, 52.44536019818661)]",True
1784489779.944386,0,-73.77531343938192,52.86617592896552,0.8000000119209297,310.1257833361023,0.31706326771136084,-72.8253106962021,53.91203661038762,1.1200000047684975,307.0597367718274,-0.4198327016050405,0.950002743179823,1.0458606814220985,0.31999999284756775,-3.0660465642749273,-0.7368959693164013,"[(-73.84401507930836, 52.850023749673234), (-73.81087488379711, 52.841812509622166), (-73.77769272989268, 52.83355930857852), (-73.74446861761655, 52.82526414655418), (-73.71120254699026, 52.816927023561036), (-73.67789451803534, 52.80854793961099), (-73.64454453077337, 52.800126894715966), (-73.61115258522591, 52.7916638888879), (-73.57771868141455, 52.78315892213876), (-73.5442428193609, 52.7746119944805), (-73.5107249990866, 52.76602310592512), (-73.47716522061327, 52.75739225648462), (-73.44356348396258, 52.74871944617102), (-73.40991978915619, 52.740004674996364), (-73.3762341362158, 52.73124794297269), (-73.3425065251631, 52.72244925011208), (-73.30873695601981, 52.71360859642661), (-73.27492542880769, 52.704725981928384), (-73.24107194354848, 52.69580140662952), (-73.20717650026394, 52.68683487054216), (-73.17323909897587, 52.67782637367844), (-73.13925973970606, 52.668775916050535), (-73.10523842247633, 52.65968349767063), (-73.07117514730852, 52.65054911855091), (-73.03706991422449, 52.641372778703605), (-73.00292272324609, 52.63215447814094), (-72.9687335743952, 52.62289421687516), (-72.93450246769373, 52.61359199491853), (-72.90022940316359, 52.60424781228333), (-72.86591438082672, 52.594861668981856), (-72.83155740070507, 52.58543356502642), (-72.79715846282058, 52.57596350042935), (-72.76271756719525, 52.566451475202996), (-72.72823471385108, 52.55689748935971), (-72.69370990281008, 52.547301542911875), (-72.65914313409426, 52.53766363587188), (-72.6245344077257, 52.527983768252135), (-72.58988372372643, 52.51826194006507), (-72.55519108211854, 52.508498151323124), (-72.52045648292413, 52.498692402038756), (-72.48567992616529, 52.48884469222444), (-72.45086141186417, 52.478955021892666), (-72.4160009400429, 52.46902339105594), (-72.38109851072365, 52.459049799726785), (-72.34615412392856, 52.449034247917744)]",True
1784489780.100149,0,-73.75936568579053,52.86746768721162,0.8000000119209295,309.3780296760329,0.39517499542875356,-72.91455946837196,53.90418711605761,1.120000004768395,307.0597367718274,-0.4198327016050405,0.8448062174185651,1.0367194288459842,0.3199999928474654,-2.3182929042055207,-0.815007697033794,"[(-73.83663610382126, 52.850695141477175), (-73.80404272294533, 52.842535910405054), (-73.77140736347656, 52.83433469818386), (-73.73873002543635, 52.82609150482549), (-73.70601070884611, 52.81780633034187), (-73.67324941372722, 52.809479174744915), (-73.64044614010113, 52.80111003804659), (-73.60760088798929, 52.79269892025885), (-73.57471365741316, 52.784245821393675), (-73.5417844483942, 52.77575074146307), (-73.50881326095391, 52.767213680479045), (-73.47580009511381, 52.75863463845362), (-73.44274495089542, 52.750013615398856), (-73.40964782832027, 52.74135061132681), (-73.37650872740994, 52.73264562624955), (-73.34332764818599, 52.72389866017918), (-73.31010459067002, 52.71510971312781), (-73.27683955488364, 52.70627878510757), (-73.24353254084846, 52.6974058761306), (-73.21018354858614, 52.68849098620906), (-73.17679257811831, 52.679534115355125), (-73.14335962946666, 52.67053526358099), (-73.10988470265288, 52.66149443089886), (-73.07636779769867, 52.65241161732097), (-73.04280891462574, 52.64328682285955), (-73.00920805345585, 52.634120047526864), (-72.97556521421075, 52.62491129133518), (-72.9418803969122, 52.615660554296795), (-72.908153601582, 52.60636783642401), (-72.87438482824194, 52.597033137729156), (-72.84057407691385, 52.58765645822456), (-72.80672134761957, 52.57823779792258), (-72.77282664038094, 52.568777156835594), (-72.73888995521982, 52.559274534975984), (-72.70491129215812, 52.54972993235616), (-72.67089065121772, 52.540143348988536), (-72.63682803242055, 52.530514784885554), (-72.60272343578853, 52.52084424005967), (-72.56857686134363, 52.51113171452334), (-72.53438830910778, 52.50137720828906), (-72.500157779103, 52.491580721369324), (-72.46588527135127, 52.481742253776666), (-72.43157078587461, 52.47186180552361), (-72.39721432269505, 52.4619393766227), (-72.36281588183463, 52.451974967086514)]",True
1784489780.271029,0,-73.70355494421737,52.87206314933253,0.8000000119209292,309.3780296760329,0.39517499542875356,-72.92568190629339,53.902871494334015,1.1200000047683905,307.0597367718274,-0.4198327016050405,0.7778730379239818,1.030808345001482,0.3199999928474613,-2.3182929042055207,-0.815007697033794,"[(-73.82920273511627, 52.851342199306515), (-73.79710765338136, 52.84322537275716), (-73.76497057500323, 52.83506654704879), (-73.73279150000315, 52.826865722193325), (-73.70057042840237, 52.818622898202705), (-73.66830736022217, 52.81033807508888), (-73.63600229548389, 52.80201125286383), (-73.60365523420883, 52.79364243153953), (-73.57126617641832, 52.785231611128), (-73.53883512213373, 52.77677879164124), (-73.50636207137643, 52.76828397309131), (-73.4738470241678, 52.759747155490246), (-73.44128998052923, 52.75116833885012), (-73.40869094048217, 52.74254752318302), (-73.37604990404806, 52.73388470850105), (-73.34336687124832, 52.72517989481633), (-73.31064184210445, 52.71643308214099), (-73.2778748166379, 52.70764427048718), (-73.2450657948702, 52.69881345986707), (-73.21221477682286, 52.68994065029284), (-73.17932176251742, 52.681025841776695), (-73.14638675197541, 52.672069034330846), (-73.11340974521843, 52.66307022796753), (-73.08039074226804, 52.654029422699), (-73.04732974314584, 52.64494661853751), (-73.01422674787345, 52.635821815495355), (-72.98108175647252, 52.62665501358482), (-72.94789476896467, 52.61744621281824), (-72.91466578537158, 52.60819541320792), (-72.88139480571493, 52.598902614766224), (-72.84808183001643, 52.58956781750551), (-72.81472685829776, 52.58019102143816), (-72.78132989058068, 52.57077222657657), (-72.74789092688694, 52.56131143293315), (-72.71440996723828, 52.551808640520335), (-72.6808870116565, 52.54226384935056), (-72.64732206016338, 52.532677059436296), (-72.61371511278072, 52.523048270790014), (-72.58006616953038, 52.513377483424215), (-72.54637523043421, 52.503664697351404), (-72.51264229551404, 52.493909912584115), (-72.47886736479175, 52.48411312913488), (-72.44505043828926, 52.47427434701628), (-72.41119151602847, 52.464393566240865), (-72.3772905980313, 52.45447078682124)]",True
1784489780.28387,0,-73.66370873683563,52.87556641422445,0.8000000119209292,309.3780296760329,0.39517499542875356,-72.98115472709674,53.89521258265498,1.120000004768378,307.0597367718274,-0.4198327016050405,0.6825540097388938,1.0196461684305262,0.31999999284744884,-2.3182929042055207,-0.815007697033794,"[(-73.7590944515146, 52.85636420534447), (-73.72857869582876, 52.84836487579723), (-73.69802088116214, 52.84032348488264), (-73.6674210075356, 52.83224003261272), (-73.63677907497004, 52.82411451899949), (-73.60609508348638, 52.81594694405501), (-73.57536903310555, 52.807737307791335), (-73.5446009238485, 52.79948561022056), (-73.51379075573621, 52.79119185135477), (-73.48293852878965, 52.78285603120609), (-73.45204424302982, 52.77447814978664), (-73.42110789847774, 52.76605820710858), (-73.39012949515444, 52.757596203184065), (-73.35910903308097, 52.74909213802528), (-73.32804651227839, 52.740546011644426), (-73.2969419327678, 52.731957824053715), (-73.26579529457027, 52.72332757526537), (-73.23460659770693, 52.714655265291654), (-73.20337584219891, 52.70594089414482), (-73.17210302806735, 52.697184461837146), (-73.14078815533345, 52.688385968380935), (-73.10943122401837, 52.679545413788496), (-73.07803223414328, 52.670662798072165), (-73.04659118572943, 52.661738121244284), (-73.01510807879804, 52.652771383317216), (-72.98358291337036, 52.643762584303346), (-72.95201568946764, 52.634711724215066), (-72.92040640711117, 52.62561880306479), (-72.88875506632225, 52.61648382086494), (-72.8570616671222, 52.607306777627976), (-72.82532620953234, 52.59808767336635), (-72.79354869357401, 52.58882650809255), (-72.76172911926858, 52.579523281819064), (-72.72986748663743, 52.57017799455841), (-72.69796379570197, 52.560790646323106), (-72.6660180464836, 52.55136123712571), (-72.63403023900375, 52.541889766978784), (-72.60200037328387, 52.5323762358949), (-72.56992844934541, 52.522820643886654), (-72.53781446720987, 52.51322299096666), (-72.50565842689875, 52.50358327714754), (-72.47346032843355, 52.49390150244195), (-72.44122017183578, 52.48417766686254), (-72.40893795712702, 52.474411770421995), (-72.37661368432882, 52.464603813133)]",True
1784489780.3343194,0,-73.61586466455014,52.87943143608218,0.8000000119209292,309.3780296760329,0.39517499542875356,-73.0477018943324,53.88586955864501,1.1200000047683734,307.0597367718274,-0.4198327016050405,0.5681627702177394,1.0064381225628338,0.3199999928474442,-2.3182929042055207,-0.815007697033794,"[(-73.63301203226038, 52.865875734686135), (-73.59560739638752, 52.85755247797618), (-73.55815851338093, 52.84918496916412), (-73.5206653832806, 52.84077320827054), (-73.48312800612655, 52.83231719531606), (-73.44554638195883, 52.82381693032131), (-73.40792051081755, 52.815272413306964), (-73.3702503927428, 52.80668364429373), (-73.33253602777472, 52.79805062330233), (-73.2947774159535, 52.789373350353536), (-73.25697455731932, 52.780651825468134), (-73.21912745191244, 52.771886048666936), (-73.1812360997731, 52.763076019970796), (-73.1433005009416, 52.75422173940059), (-73.10532065545826, 52.74532320697723), (-73.0672965633634, 52.73638042272165), (-73.02922822469743, 52.727393386654825), (-72.99111563950076, 52.71836209879774), (-72.95295880781381, 52.709286559171424), (-72.91475772967708, 52.70016676779694), (-72.87651240513104, 52.69100272469536), (-72.83822283421621, 52.68179442988781), (-72.79988901697317, 52.67254188339543), (-72.76151095344248, 52.663245085239396), (-72.72308864366478, 52.65390403544091), (-72.6846220876807, 52.644518734021204), (-72.6461112855309, 52.63508918100154), (-72.60755623725613, 52.62561537640321), (-72.56895694289709, 52.61609732024754), (-72.53031340249454, 52.606535012555874), (-72.4916256160893, 52.5969284533496), (-72.45289358372216, 52.58727764265012), (-72.41411730543398, 52.57758258047888), (-72.37529678126565, 52.567843266857345), (-72.33643201125807, 52.55805970180701), (-72.29752299545218, 52.54823188534941), (-72.25856973388898, 52.538359817506105), (-72.21957222660942, 52.52844349829868), (-72.18053047365454, 52.51848292774874), (-72.14144447506543, 52.50847810587795), (-72.10231423088315, 52.498429032707975), (-72.06313974114883, 52.48833570826052), (-72.0239210059036, 52.478198132557324), (-71.98465802518866, 52.46801630562015), (-71.94535079904522, 52.45779022747079)]",True
1784489780.3961895,0,-73.5919414011793,52.88134823499114,0.8000000119209292,309.3780296760329,0.39517499542875356,-73.08102104571093,53.881537112280036,1.1200000047683725,307.0597367718274,-0.4198327016050405,0.5109203554683717,1.000188877288899,0.3199999928474433,-2.3182929042055207,-0.815007697033794,"[(-73.6123662601386, 52.868397490404426), (-73.57890137727749, 52.86049632552206), (-73.54539450655604, 52.852553170101416), (-73.51184564799598, 52.84456802415433), (-73.47825480161909, 52.83654088769262), (-73.44462196744716, 52.82847176072814), (-73.41094714550199, 52.820360643272764), (-73.37723033580538, 52.812207535338366), (-73.34347153837916, 52.804012436936844), (-73.3096707532452, 52.79577534808012), (-73.27582798042536, 52.78749626878012), (-73.24194321994152, 52.779175199048794), (-73.20801647181555, 52.7708121388981), (-73.1740477360694, 52.76240708834003), (-73.14003701272499, 52.75396004738657), (-73.10598430180426, 52.74547101604974), (-73.07188960332918, 52.73693999434157), (-73.03775291732174, 52.728366982274096), (-73.00357424380391, 52.71975197985939), (-72.96935358279771, 52.71109498710952), (-72.93509093432517, 52.702396004036586), (-72.90078629840835, 52.6936550306527), (-72.8664396750693, 52.68487206696999), (-72.8320510643301, 52.67604711300059), (-72.79762046621283, 52.66718016875668), (-72.76314788073961, 52.65827123425042), (-72.72863330793257, 52.64932030949401), (-72.69407674781384, 52.64032739449965), (-72.65947820040559, 52.631292489279566), (-72.62483766572998, 52.62221559384601), (-72.59015514380924, 52.61309670821123), (-72.55543063466553, 52.603935832387506), (-72.5206641383211, 52.59473296638712), (-72.48585565479819, 52.585488110222386), (-72.45100518411905, 52.576201263905624), (-72.41611272630595, 52.56687242744918), (-72.3811782813812, 52.55750160086539), (-72.34620184936708, 52.54808878416665), (-72.31118343028592, 52.538633977365336), (-72.27612302416007, 52.52913718047385), (-72.24102063101188, 52.51959839350462), (-72.20587625086371, 52.51001761647009), (-72.17068988373795, 52.500394849382694), (-72.13546152965701, 52.490730092254914), (-72.1001911886433, 52.48102334509923)]",True
1784489780.5985003,0,-73.47228037635914,52.8902965370528,0.8000000119209292,309.3780296760329,0.39517499542875356,-73.24768106881591,53.86037302421524,1.120000004768372,307.0597367718274,-0.4198327016050405,0.22459930754322954,0.9700764871624443,0.31999999284744285,-2.3182929042055207,-0.815007697033794,"[(-73.56756986736893, 52.872391322587866), (-73.5368927766333, 52.864612392846496), (-73.50617360764716, 52.85679138241768), (-73.47541236043155, 52.84892829131341), (-73.44460903500753, 52.84102311954568), (-73.41376363139618, 52.83307586712651), (-73.3828761496186, 52.82508653406793), (-73.35194658969587, 52.81705512038198), (-73.32097495164913, 52.80898162608074), (-73.28996123549953, 52.80086605117628), (-73.25890544126823, 52.79270839568071), (-73.22780756897639, 52.784508659606146), (-73.19666761864521, 52.776266842964716), (-73.16548559029589, 52.767982945768566), (-73.13426148394967, 52.759656968029866), (-73.10299529962779, 52.7512889097608), (-73.0716870373515, 52.74287877097357), (-73.04033669714207, 52.73442655168038), (-73.0089442790208, 52.725932251893475), (-72.977509783009, 52.7173958716251), (-72.94603320912799, 52.70881741088752), (-72.91451455739912, 52.700196869693016), (-72.88295382784372, 52.69153424805389), (-72.8513510204832, 52.68282954598246), (-72.81970613533893, 52.67408276349104), (-72.78801917243234, 52.665293900592005), (-72.75629013178484, 52.656462957297705), (-72.72451901341786, 52.64758993362053), (-72.69270581735289, 52.63867482957287), (-72.66085054361137, 52.62971764516715), (-72.62895319221481, 52.620718380415795), (-72.5970137631847, 52.61167703533126), (-72.5650322565426, 52.60259360992601), (-72.53300867231, 52.593468104212526), (-72.50094301050851, 52.5843005182033), (-72.46883527115968, 52.57509085191086), (-72.4366854542851, 52.56583910534773), (-72.40449355990637, 52.55654527852646), (-72.37225958804514, 52.54720937145961), (-72.33998353872303, 52.537831384159766), (-72.30766541196171, 52.528411316639534), (-72.27530520778285, 52.518949168911526), (-72.24290292620813, 52.50944494098837), (-72.21045856725927, 52.49989863288271), (-72.17797213095798, 52.49031024460722)]",True
1784489780.6830678,0,-73.4643055593632,52.890930558115414,0.8000000119209292,309.3780296760329,0.39517499542875356,-73.25879250702587,53.858967380265454,1.120000004768372,307.0597367718274,-0.4198327016050405,0.20551305233732364,0.9680368221500402,0.31999999284744285,-2.3182929042055207,-0.815007697033794,"[(-73.55995551441993, 52.873017213959265), (-73.52960928162017, 52.86523938924898), (-73.49922095866225, 52.85741947197422), (-73.46879054556712, 52.84955746214699), (-73.43831804235576, 52.841653359779315), (-73.40780344904915, 52.83370716488324), (-73.37724676566832, 52.82571887747083), (-73.34664799223425, 52.817688497554144), (-73.31600712876802, 52.80961602514528), (-73.28532417529065, 52.801501460256354), (-73.25459913182324, 52.79334480289948), (-73.22383199838687, 52.785146053086805), (-73.19302277500265, 52.776905210830485), (-73.1621714616917, 52.76862227614269), (-73.13127805847516, 52.76029724903563), (-73.10034256537418, 52.7519301295215), (-73.06936498240994, 52.74352091761252), (-73.03834530960361, 52.73506961332094), (-73.00728354697644, 52.72657621665901), (-72.97617969454961, 52.718040727639014), (-72.94503375234437, 52.709463146273244), (-72.91384572038199, 52.700843472574), (-72.88261559868373, 52.69218170655361), (-72.85134338727089, 52.68347784822442), (-72.82002908616477, 52.67473189759879), (-72.78867269538668, 52.66594385468909), (-72.75727421495797, 52.65711371950771), (-72.7258336449, 52.648241492067065), (-72.69435098523415, 52.63932717237957), (-72.6628262359818, 52.63037076045769), (-72.63125939716436, 52.621372256313855), (-72.59965046880323, 52.61233165996055), (-72.5679994509199, 52.60324897141028), (-72.53630634353578, 52.59412419067554), (-72.50457114667236, 52.584957317768854), (-72.47279386035113, 52.575748352702774), (-72.4409744845936, 52.56649729548985), (-72.40911301942127, 52.557204146142666), (-72.37720946485571, 52.547868904673805), (-72.34526382091848, 52.53849157109588), (-72.31327608763112, 52.529072145421516), (-72.28124626501526, 52.519610627663354), (-72.24917435309246, 52.51010701783405), (-72.21706035188437, 52.50056131594629), (-72.18490426141263, 52.49097352201276)]",True
1784489780.727797,0,-73.44035092961869,52.89239719950938,0.8000000119209292,309.3780296760329,0.39517499542875356,-73.29211234589944,53.85463988894498,1.120000004768372,307.0597367718274,-0.4198327016050405,0.14823858371924814,0.9622426894355982,0.31999999284744285,-2.3182929042055207,-0.815007697033794,"[(-73.55230265345337, 52.873558038832655), (-73.52225704769815, 52.86577271663366), (-73.49216934013654, 52.8579452902506), (-73.46203953078943, 52.85007575969551), (-73.4318676196777, 52.84216412498044), (-73.40165360682226, 52.83421038611747), (-73.37139749224407, 52.826214543118674), (-73.34109927596404, 52.818176595996164), (-73.31075895800315, 52.810096544762054), (-73.28037653838237, 52.80197438942848), (-73.24995201712271, 52.7938101300076), (-73.21948539424517, 52.78560376651158), (-73.18897666977078, 52.7773552989526), (-73.15842584372061, 52.769064727342865), (-73.1278329161157, 52.7607320516946), (-73.09719788697714, 52.75235727202004), (-73.06652075632601, 52.74394038833144), (-73.03580152418346, 52.73548140064106), (-73.00504019057058, 52.7269803089612), (-72.97423675550854, 52.718437113304155), (-72.94339121901851, 52.70985181368224), (-72.91250358112165, 52.701224410107805), (-72.88157384183916, 52.692554902593194), (-72.85060200119226, 52.68384329115078), (-72.81958805920219, 52.67508957579295), (-72.78853201589017, 52.66629375653211), (-72.75743387127748, 52.65745583338068), (-72.72629362538541, 52.64857580635109), (-72.69511127823525, 52.6396536754558), (-72.66388682984831, 52.63068944070727), (-72.63262028024593, 52.621683102118006), (-72.60131162944944, 52.6126346597005), (-72.56996087748023, 52.60354411346727), (-72.53856802435966, 52.594411463430866), (-72.50713307010913, 52.585236709603834), (-72.47565601475007, 52.576019851998744), (-72.4441368583039, 52.56676089062818), (-72.41257560079207, 52.55745982550476), (-72.38097224223604, 52.548116656641085), (-72.34932678265729, 52.53873138404981), (-72.31763922207733, 52.52930400774358), (-72.28590956051767, 52.51983452773508), (-72.25413779799983, 52.51032294403698), (-72.22232393454537, 52.50076925666199), (-72.19046797017586, 52.491173465622836)]",True
1784489780.7812698,0,-73.4163795748235,52.89356809633074,0.8000000119209292,309.3780296760329,0.39517499542875356,-73.3253649838817,53.84982553417429,1.120000004768372,307.0597367718274,-0.4198327016050405,0.09101459094179631,0.9562574378435542,0.31999999284744285,-2.3182929042055207,-0.815007697033794,"[(-73.52916528187863, 52.87493022258144), (-73.49987086801775, 52.8670965857267), (-73.47053432448227, 52.85922081689477), (-73.44115565129287, 52.85130291609777), (-73.41173484847026, 52.843342883347844), (-73.38227191603515, 52.83534071865713), (-73.3527668540083, 52.8272964220378), (-73.32321966241042, 52.819209993502035), (-73.29363034126233, 52.81108143306204), (-73.2639988905848, 52.802910740730034), (-73.23432531039862, 52.79469791651825), (-73.20460960072462, 52.78644296043894), (-73.17485176158365, 52.77814587250437), (-73.14505179299655, 52.76980665272683), (-73.11520969498422, 52.761425301118614), (-73.0853254675675, 52.753001817692045), (-73.05539911076734, 52.744536202459464), (-73.02543062460464, 52.73602845543322), (-72.99542000910034, 52.72747857662568), (-72.96536726427541, 52.71888656604923), (-72.93527239015081, 52.71025242371627), (-72.90513538674755, 52.70157614963923), (-72.8749562540866, 52.69285774383054), (-72.84473499218902, 52.684097206302646), (-72.81447160107582, 52.675294537068034), (-72.78416608076809, 52.66644973613918), (-72.75381843128687, 52.65756280352859), (-72.72342865265327, 52.64863373924879), (-72.69299674488839, 52.639662543312305), (-72.66252270801337, 52.6306492157317), (-72.63200654204933, 52.62159375651955), (-72.60144824701743, 52.612496165688434), (-72.57084782293886, 52.60335644325096), (-72.5402052698348, 52.59417458921975), (-72.50952058772646, 52.58495060360744), (-72.47879377663506, 52.57568448642669), (-72.44802483658185, 52.566376237690164), (-72.4172137675881, 52.55702585741056), (-72.38636056967505, 52.54763334560058), (-72.35546524286403, 52.53819870227294), (-72.32452778717634, 52.528721927440394), (-72.2935482026333, 52.519203021115686), (-72.26252648925625, 52.509641983311596), (-72.23146264706656, 52.500038814040906), (-72.2003566760856, 52.49039351331643)]",True
1784489780.825115,0,-73.4004031155979,52.89443164549021,0.8000000119209292,309.3780296760329,0.39517499542875356,-73.3474852602053,53.846297287077334,1.120000004768372,307.0597367718274,-0.4198327016050405,0.05291785539259308,0.9518656415871263,0.31999999284744285,-2.3182929042055207,-0.815007697033794,"[(-73.50644875620293, 52.87661677085784), (-73.47765901259224, 52.86873159728824), (-73.4488269379523, 52.86080409041356), (-73.419952532304, 52.852834250246175), (-73.39103579566822, 52.84482207679848), (-73.3620767280659, 52.836767570082884), (-73.33307532951797, 52.82867073011181), (-73.30403160004536, 52.8205315568977), (-73.27494553966909, 52.81235005045301), (-73.24581714841011, 52.80412621079023), (-73.21664642628943, 52.79586003792185), (-73.18743337332809, 52.78755153186037), (-73.15817798954711, 52.77920069261834), (-73.12888027496757, 52.770807520208294), (-73.09954022961051, 52.7623720146428), (-73.07015785349705, 52.753894175934434), (-73.0407331466483, 52.745374004095794), (-73.01126610908535, 52.7368114991395), (-72.98175674082938, 52.72820666107818), (-72.95220504190155, 52.71955948992449), (-72.92261101232303, 52.7108699856911), (-72.89297465211502, 52.70213814839068), (-72.86329596129872, 52.69336397803594), (-72.83357493989536, 52.6845474746396), (-72.80381158792618, 52.675688638214396), (-72.77400590541245, 52.66678746877308), (-72.74415789237547, 52.65784396632842), (-72.71426754883653, 52.64885813089321), (-72.68433487481694, 52.63982996248025), (-72.65435987033803, 52.63075946110236), (-72.62434253542114, 52.62164662677238), (-72.59428287008765, 52.612491459503175), (-72.56418087435895, 52.60329395930761), (-72.53403654825644, 52.59405412619857), (-72.50384989180154, 52.58477196018898), (-72.47362090501566, 52.57544746129176), (-72.4433495879203, 52.56608062951985), (-72.41303594053689, 52.556671464886215), (-72.38267996288693, 52.54721996740383), (-72.35228165499193, 52.53772613708568), (-72.3218410168734, 52.528189973944784), (-72.29135804855291, 52.51861147799418), (-72.26083275005199, 52.5089906492469), (-72.23026512139221, 52.49932748771601), (-72.19965516259518, 52.489621993414595)]",True
1784489780.880497,0,-73.3525342714946,52.89797323633957,0.8000000119209292,309.3780296760329,0.39517499542875356,-73.41381426756479,53.83551967980894,1.120000004768372,307.0597367718274,-0.4198327016050405,-0.06127999607018353,0.9375464434693725,0.31999999284744285,-2.3182929042055207,-0.815007697033794,"[(-73.39907417722657, 52.884285762073425), (-73.36752999289064, 52.87632264248297), (-73.33594374064704, 52.868317452474514), (-73.30431542051714, 52.86027019206012), (-73.27264503252235, 52.85218086125186), (-73.24093257668409, 52.84404946006182), (-73.20917805302378, 52.8358759885021), (-73.17738146156289, 52.82766044658484), (-73.14554280232288, 52.819402834322155), (-73.11366207532524, 52.81110315172622), (-73.08173928059146, 52.8027613988092), (-73.04977441814309, 52.79437757558329), (-73.01776748800162, 52.78595168206069), (-72.98571849018865, 52.77748371825363), (-72.95362742472571, 52.768973684174334), (-72.9214942916344, 52.760421579835075), (-72.88931909093633, 52.751827405248115), (-72.8571018226531, 52.743191160425745), (-72.82484248680638, 52.73451284538027), (-72.79254108341777, 52.72579246012402), (-72.76019761250899, 52.717030004669326), (-72.72781207410169, 52.70822547902855), (-72.6953844682176, 52.69937888321406), (-72.66291479487842, 52.69049021723824), (-72.63040305410588, 52.68155948111351), (-72.59784924592175, 52.672586674852276), (-72.56525337034779, 52.66357179846699), (-72.53261542740579, 52.6545148519701), (-72.49993541711754, 52.64541583537408), (-72.46721333950487, 52.63627474869142), (-72.43444919458959, 52.62709159193462), (-72.40164298239358, 52.617866365116214), (-72.36879470293871, 52.60859906824873), (-72.33590435624686, 52.59928970134472), (-72.30297194233991, 52.58993826441677), (-72.26999746123981, 52.58054475747746), (-72.23698091296848, 52.5711091805394), (-72.20392229754786, 52.56163153361521), (-72.17082161499994, 52.55211181671753), (-72.13767886534669, 52.54255002985901), (-72.10449404861012, 52.53294617305232), (-72.07126716481224, 52.52330024631016), (-72.03799821397509, 52.51361224964522), (-72.00468719612071, 52.50388218307024), (-71.97133411127119, 52.494110046597946)]",True
1784489780.9243455,0,-73.31265891307154,52.9011277885005,0.8000000119209292,309.3780296760329,0.39517499542875356,-73.46908545825913,53.82651654581277,1.120000004768372,308.00452556109167,-0.49293661038761627,-0.15642654518758548,0.9253887573122697,0.31999999284744285,-1.3735041149412268,-0.8881116058163698,"[(-73.36769663674576, 52.88589660115121), (-73.33668521845505, 52.87791855507888), (-73.30563171287568, 52.86989841925822), (-73.27453612002891, 52.86183619370134), (-73.24339843993602, 52.85373187842037), (-73.21221867261828, 52.84558547342744), (-73.180996818097, 52.83739697873471), (-73.1497328763935, 52.829166394354345), (-73.11842684752912, 52.820893720298535), (-73.08707873152521, 52.81257895657949), (-73.05568852840311, 52.80422210320943), (-73.02425623818422, 52.7958231602006), (-72.99278186088996, 52.787382127565245), (-72.96126539654173, 52.778899005315644), (-72.92970684516096, 52.77037379346409), (-72.89810620676913, 52.76180649202288), (-72.86646348138767, 52.75319710100434), (-72.83477866903809, 52.74454562042081), (-72.80305176974188, 52.73585205028464), (-72.77128278352056, 52.72711639060822), (-72.73947171039568, 52.71833864140392), (-72.70761855038877, 52.70951880268415), (-72.67572330352141, 52.700656874461345), (-72.64378596981518, 52.69175285674793), (-72.6118065492917, 52.68280674955637), (-72.57978504197257, 52.673818552899135), (-72.54772144787943, 52.66478826678871), (-72.5156157670339, 52.65571589123761), (-72.48346799945772, 52.64660142625836), (-72.45127814517251, 52.63744487186349), (-72.4190462042, 52.62824622806556), (-72.3867721765619, 52.619005494877136), (-72.35445606227997, 52.60972267231082), (-72.32209786137592, 52.60039776037921), (-72.28969757387155, 52.591030759094934), (-72.25725519978863, 52.58162166847063), (-72.22477073914898, 52.572170488518964), (-72.19224419197441, 52.5626772192526), (-72.15967555828674, 52.55314186068422), (-72.12706483810784, 52.54356441282655), (-72.09441203145958, 52.5339448756923), (-72.06171713836385, 52.524283249294214), (-72.02898015884253, 52.51457953364505), (-71.99620109291756, 52.504833728757575), (-71.96337994061086, 52.495045834644586)]",True
1784489780.97637,0,-73.3046839636865,52.90176029683778,0.8000000119209292,309.3780296760329,0.39517499542875356,-73.48011530739923,53.824571825728526,1.120000004768372,308.00452556109167,-0.49293661038761627,-0.17543134371273084,0.9228115288907475,0.31999999284744285,-1.3735041149412268,-0.8881116058163698,"[(-73.35208691757266, 52.886932893648265), (-73.32078787391035, 52.87893424897112), (-73.28944657017094, 52.87089334170299), (-73.2580630063761, 52.862810171856154), (-73.22663718254753, 52.854684739442924), (-73.19516909870694, 52.846517044475625), (-73.16365875487604, 52.838307086966594), (-73.13210615107657, 52.83005486692819), (-73.1005112873303, 52.82176038437277), (-73.06887416365902, 52.813423639312745), (-73.03719478008449, 52.805044631760516), (-73.00547313662855, 52.79662336172851), (-72.973709233313, 52.78815982922916), (-72.94190307015971, 52.779654034274934), (-72.91005464719053, 52.7711059768783), (-72.87816396442733, 52.76251565705176), (-72.84623102189201, 52.75388307480782), (-72.81425581960647, 52.745208230159), (-72.78223835759268, 52.73649112311785), (-72.75017863587254, 52.72773175369693), (-72.71807665446804, 52.71893012190882), (-72.68593241340115, 52.71008622776611), (-72.65374591269386, 52.70120007128142), (-72.62151715236821, 52.69227165246737), (-72.5892461324462, 52.68330097133661), (-72.5569328529499, 52.6742880279018), (-72.52457731390137, 52.665232822175625), (-72.49217951532269, 52.65613535417078), (-72.45973945723595, 52.646995623899976), (-72.4272571396633, 52.63781363137595), (-72.39473256262683, 52.628589376611444), (-72.36216572614872, 52.61932285961923), (-72.32955663025113, 52.610014080412085), (-72.29690527495625, 52.60066303900281), (-72.26421166028625, 52.59126973540422), (-72.23147578626337, 52.58183416962915), (-72.19869765290987, 52.572356341690444), (-72.16587726024797, 52.56283625160098), (-72.13301460829994, 52.55327389937363), (-72.10010969708809, 52.5436692850213), (-72.0671625266347, 52.534022408556915), (-72.0341730969621, 52.5243332699934), (-72.00114140809262, 52.514601869343714), (-71.96806746004863, 52.50482820662082), (-71.93495125285249, 52.49501228183772)]",True
1784489781.051763,0,-73.29671228005618,52.90243252165431,0.8000000119209292,309.3780296760329,0.39517499542875356,-73.49113807206008,53.82258728729073,1.120000004768372,308.00452556109167,-0.49293661038761627,-0.19442579200389787,0.9201547656364184,0.31999999284744285,-1.3735041149412268,-0.8881116058163698,"[(-73.33623105174247, 52.88821752084817), (-73.30563326757017, 52.88026047737767), (-73.27499338041198, 52.87226132849694), (-73.24431139028906, 52.864220074218125), (-73.21358729722256, 52.85613671455337), (-73.18282110123369, 52.848011249514855), (-73.15201280234362, 52.83984367911475), (-73.1211624005736, 52.83163400336527), (-73.09026989594484, 52.82338222227862), (-73.05933528847862, 52.81508833586704), (-73.02835857819619, 52.80675234414278), (-72.99733976511884, 52.79837424711811), (-72.96627884926787, 52.78995404480532), (-72.93517583066459, 52.781491737216705), (-72.90403070933037, 52.772987324364586), (-72.87284348528654, 52.7644408062613), (-72.84161415855448, 52.7558521829192), (-72.81034272915556, 52.74722145435065), (-72.7790291971112, 52.73854862056804), (-72.7476735624428, 52.72983368158377), (-72.71627582517182, 52.72107663741026), (-72.6848359853197, 52.712277488059954), (-72.6533540429079, 52.7034362335453), (-72.62182999795795, 52.694552873878756), (-72.5902638504913, 52.68562740907282), (-72.55865560052949, 52.67665983914), (-72.52700524809407, 52.66765016409281), (-72.4953127932066, 52.65859838394379), (-72.46357823588862, 52.64950449870548), (-72.43180157616175, 52.640368508390466), (-72.39998281404756, 52.63119041301133), (-72.36812194956771, 52.62197021258068), (-72.33621898274382, 52.61270790711112), (-72.30427391359754, 52.60340349661531), (-72.27228674215056, 52.59405698110589), (-72.24025746842455, 52.58466836059553), (-72.20818609244121, 52.575237635096926), (-72.17607261422228, 52.56576480462278), (-72.14391703378948, 52.55624986918581), (-72.11171935116458, 52.54669282879876), (-72.07947956636936, 52.53709368347438), (-72.04719767942558, 52.52745243322544), (-72.01487369035507, 52.51776907806473), (-71.98250759917966, 52.50804361800506), (-71.95009940592116, 52.49827605305925)]",True
1784489781.075998,0,-73.28078155376282,52.90391938526742,0.8000000119209292,309.3780296760329,0.39517499542875356,-73.51316323752239,53.81850669013139,1.120000004768372,308.00452556109167,-0.49293661038761627,-0.23238168375957002,0.9145873048639714,0.31999999284744285,-1.3735041149412268,-0.8881116058163698,"[(-73.32094980494482, 52.88947000346394), (-73.29097129976502, 52.881533335600125), (-73.26095066964119, 52.87355454042669), (-73.23088791459429, 52.865533617955805), (-73.20078303464531, 52.857470568199645), (-73.17063602981524, 52.8493653911704), (-73.14044690012508, 52.84121808688029), (-73.11021564559587, 52.83302865534153), (-73.07994226624866, 52.82479709656637), (-73.04962676210452, 52.81652341056707), (-73.01926913318454, 52.80820759735592), (-72.9888693795098, 52.79984965694519), (-72.9584275011014, 52.791449589347216), (-72.92794349798051, 52.78300739457431), (-72.89741737016826, 52.77452307263883), (-72.8668491176858, 52.76599662355313), (-72.83623874055434, 52.75742804732958), (-72.80558623879506, 52.7488173439806), (-72.77489161242919, 52.74016451351858), (-72.74415486147794, 52.731469555955954), (-72.71337598596259, 52.72273247130518), (-72.68255498590439, 52.71395325957871), (-72.65169186132462, 52.70513192078902), (-72.62078661224459, 52.696268454948616), (-72.58983923868561, 52.68736286207001), (-72.55884974066902, 52.67841514216573), (-72.52781811821616, 52.669425295248324), (-72.49674437134841, 52.66039332133035), (-72.46562850008715, 52.651319220424405), (-72.43447050445377, 52.64220299254307), (-72.4032703844697, 52.633044637698966), (-72.37202814015637, 52.62384415590472), (-72.34074377153524, 52.61460154717299), (-72.30941727862778, 52.60531681151643), (-72.27804866145546, 52.595989948947725), (-72.24663792003979, 52.586620959479575), (-72.21518505440228, 52.57720984312469), (-72.18369006456447, 52.567756599895816), (-72.15215295054793, 52.55826122980569), (-72.1205737123742, 52.548723732867074), (-72.08895235006489, 52.53914410909276), (-72.05728886364157, 52.52952235849555), (-72.0255832531259, 52.51985848108825), (-71.9938355185395, 52.5101524768837), (-71.96204565990402, 52.500404345894744)]",True
1784489781.12437,0,-73.24894161964559,52.90711530012131,0.8000000119209292,309.3780296760329,0.39517499542875356,-73.557311872326,53.810898095370035,1.120000004768372,308.00452556109167,-0.49293661038761627,-0.30837025268040463,0.9037827952487234,0.31999999284744285,-1.3735041149412268,-0.8881116058163698,"[(-73.32094980494482, 52.88947000346394), (-73.29097129976502, 52.881533335600125), (-73.26095066964119, 52.87355454042669), (-73.23088791459429, 52.865533617955805), (-73.20078303464531, 52.857470568199645), (-73.17063602981524, 52.8493653911704), (-73.14044690012508, 52.84121808688029), (-73.11021564559587, 52.83302865534153), (-73.07994226624866, 52.82479709656637), (-73.04962676210452, 52.81652341056707), (-73.01926913318454, 52.80820759735592), (-72.9888693795098, 52.79984965694519), (-72.9584275011014, 52.791449589347216), (-72.92794349798051, 52.78300739457431), (-72.89741737016826, 52.77452307263883), (-72.8668491176858, 52.76599662355313), (-72.83623874055434, 52.75742804732958), (-72.80558623879506, 52.7488173439806), (-72.77489161242919, 52.74016451351858), (-72.74415486147794, 52.731469555955954), (-72.71337598596259, 52.72273247130518), (-72.68255498590439, 52.71395325957871), (-72.65169186132462, 52.70513192078902), (-72.62078661224459, 52.696268454948616), (-72.58983923868561, 52.68736286207001), (-72.55884974066902, 52.67841514216573), (-72.52781811821616, 52.669425295248324), (-72.49674437134841, 52.66039332133035), (-72.46562850008715, 52.651319220424405), (-72.43447050445377, 52.64220299254307), (-72.4032703844697, 52.633044637698966), (-72.37202814015637, 52.62384415590472), (-72.34074377153524, 52.61460154717299), (-72.30941727862778, 52.60531681151643), (-72.27804866145546, 52.595989948947725), (-72.24663792003979, 52.586620959479575), (-72.21518505440228, 52.57720984312469), (-72.18369006456447, 52.567756599895816), (-72.15215295054793, 52.55826122980569), (-72.1205737123742, 52.548723732867074), (-72.08895235006489, 52.53914410909276), (-72.05728886364157, 52.52952235849555), (-72.0255832531259, 52.51985848108825), (-71.9938355185395, 52.5101524768837), (-71.96204565990402, 52.500404345894744)]",True
1784489781.1741378,0,-73.22507646734324,52.909654686839666,0.8000000119209292,309.3780296760329,0.39517499542875356,-73.59045965534123,53.80540420681465,1.120000004768372,308.00452556109167,-0.49293661038761627,-0.36538318799799185,0.8957495199749843,0.31999999284744285,-1.3735041149412268,-0.8881116058163698,"[(-73.31326952135767, 52.890104791649506), (-73.28356128957381, 52.8821743835575), (-73.2538109226868, 52.87420183802118), (-73.22401842071754, 52.86618715505272), (-73.19418378368695, 52.85813033466433), (-73.16430701161596, 52.850031376868216), (-73.13438810452551, 52.84189028167661), (-73.10442706243656, 52.83370704910177), (-73.07442388537011, 52.82548167915595), (-73.04437857334715, 52.81721417185144), (-73.01429112638867, 52.80890452720053), (-72.98416154451571, 52.80055274521555), (-72.95398982774934, 52.792158825908814), (-72.9237759761106, 52.78372276929269), (-72.89351998962059, 52.77524457537953), (-72.86322186830039, 52.766724244181724), (-72.83288161217111, 52.75816177571167), (-72.80249922125391, 52.74955716998179), (-72.77207469556993, 52.740910427004515), (-72.74160803514032, 52.73222154679229), (-72.71109923998627, 52.72349052935759), (-72.68054831012898, 52.7147173747129), (-72.64995524558968, 52.705902082870715), (-72.61932004638957, 52.697044653843555), (-72.58864271254993, 52.68814508764396), (-72.55792324409201, 52.67920338428448), (-72.5271616410371, 52.67021954377768), (-72.49635790340649, 52.66119356613614), (-72.46551203122151, 52.65212545137248), (-72.43462402450349, 52.6430151994993), (-72.40369388327379, 52.63386281052925), (-72.37272160755377, 52.62466828447498), (-72.34170719736481, 52.61543162134916), (-72.31065065272831, 52.60615282116447), (-72.2795519736657, 52.596831883933625), (-72.24841116019842, 52.58746880966934), (-72.2172282123479, 52.57806359838435), (-72.18600313013562, 52.56861625009141), (-72.15473591358307, 52.559126764803295), (-72.12342656271174, 52.54959514253279), (-72.09207507754316, 52.5400213832927), (-72.06068145809886, 52.53040548709584), (-72.0292457044004, 52.52074745395506), (-71.99776781646935, 52.51104728388321), (-71.96624779432729, 52.50130497689316)]",True
1784489781.2257216,0,-73.20125788894988,52.912597449072365,0.8000000119209292,309.3780296760329,0.39517499542875356,-73.61256142121316,53.80176122157754,1.120000004768372,308.00452556109167,-0.49293661038761627,-0.41130353226327543,0.889163772505178,0.31999999284744285,-1.3735041149412268,-0.8881116058163698,"[(-73.31326952135767, 52.890104791649506), (-73.28356128957381, 52.8821743835575), (-73.2538109226868, 52.87420183802118), (-73.22401842071754, 52.86618715505272), (-73.19418378368695, 52.85813033466433), (-73.16430701161596, 52.850031376868216), (-73.13438810452551, 52.84189028167661), (-73.10442706243656, 52.83370704910177), (-73.07442388537011, 52.82548167915595), (-73.04437857334715, 52.81721417185144), (-73.01429112638867, 52.80890452720053), (-72.98416154451571, 52.80055274521555), (-72.95398982774934, 52.792158825908814), (-72.9237759761106, 52.78372276929269), (-72.89351998962059, 52.77524457537953), (-72.86322186830039, 52.766724244181724), (-72.83288161217111, 52.75816177571167), (-72.80249922125391, 52.74955716998179), (-72.77207469556993, 52.740910427004515), (-72.74160803514032, 52.73222154679229), (-72.71109923998627, 52.72349052935759), (-72.68054831012898, 52.7147173747129), (-72.64995524558968, 52.705902082870715), (-72.61932004638957, 52.697044653843555), (-72.58864271254993, 52.68814508764396), (-72.55792324409201, 52.67920338428448), (-72.5271616410371, 52.67021954377768), (-72.49635790340649, 52.66119356613614), (-72.46551203122151, 52.65212545137248), (-72.43462402450349, 52.6430151994993), (-72.40369388327379, 52.63386281052925), (-72.37272160755377, 52.62466828447498), (-72.34170719736481, 52.61543162134916), (-72.31065065272831, 52.60615282116447), (-72.2795519736657, 52.596831883933625), (-72.24841116019842, 52.58746880966934), (-72.2172282123479, 52.57806359838435), (-72.18600313013562, 52.56861625009141), (-72.15473591358307, 52.559126764803295), (-72.12342656271174, 52.54959514253279), (-72.09207507754316, 52.5400213832927), (-72.06068145809886, 52.53040548709584), (-72.0292457044004, 52.52074745395506), (-71.99776781646935, 52.51104728388321), (-71.96624779432729, 52.50130497689316)]",True
1784489781.2741644,0,-73.18543521911597,52.9149698223631,0.8000000119209292,309.3780296760329,0.39517499542875356,-73.64569271676602,53.7961704855104,1.120000004768372,308.00452556109167,-0.49293661038761627,-0.46025749765004775,0.8812006631473039,0.31999999284744285,-1.3735041149412268,-0.8881116058163698,"[(-73.31326952135767, 52.890104791649506), (-73.28356128957381, 52.8821743835575), (-73.2538109226868, 52.87420183802118), (-73.22401842071754, 52.86618715505272), (-73.19418378368695, 52.85813033466433), (-73.16430701161596, 52.850031376868216), (-73.13438810452551, 52.84189028167661), (-73.10442706243656, 52.83370704910177), (-73.07442388537011, 52.82548167915595), (-73.04437857334715, 52.81721417185144), (-73.01429112638867, 52.80890452720053), (-72.98416154451571, 52.80055274521555), (-72.95398982774934, 52.792158825908814), (-72.9237759761106, 52.78372276929269), (-72.89351998962059, 52.77524457537953), (-72.86322186830039, 52.766724244181724), (-72.83288161217111, 52.75816177571167), (-72.80249922125391, 52.74955716998179), (-72.77207469556993, 52.740910427004515), (-72.74160803514032, 52.73222154679229), (-72.71109923998627, 52.72349052935759), (-72.68054831012898, 52.7147173747129), (-72.64995524558968, 52.705902082870715), (-72.61932004638957, 52.697044653843555), (-72.58864271254993, 52.68814508764396), (-72.55792324409201, 52.67920338428448), (-72.5271616410371, 52.67021954377768), (-72.49635790340649, 52.66119356613614), (-72.46551203122151, 52.65212545137248), (-72.43462402450349, 52.6430151994993), (-72.40369388327379, 52.63386281052925), (-72.37272160755377, 52.62466828447498), (-72.34170719736481, 52.61543162134916), (-72.31065065272831, 52.60615282116447), (-72.2795519736657, 52.596831883933625), (-72.24841116019842, 52.58746880966934), (-72.2172282123479, 52.57806359838435), (-72.18600313013562, 52.56861625009141), (-72.15473591358307, 52.559126764803295), (-72.12342656271174, 52.54959514253279), (-72.09207507754316, 52.5400213832927), (-72.06068145809886, 52.53040548709584), (-72.0292457044004, 52.52074745395506), (-71.99776781646935, 52.51104728388321), (-71.96624779432729, 52.50130497689316)]",True
1784489781.34734,0,-73.16965703015727,52.91762305157081,0.8000000119209292,309.3780296760329,0.39517499542875356,-73.66774316251526,53.79222902072099,1.120000004768372,308.00452556109167,-0.49293661038761627,-0.49808613235799726,0.8746059691501813,0.31999999284744285,-1.3735041149412268,-0.8881116058163698,"[(-73.31326952135767, 52.890104791649506), (-73.28356128957381, 52.8821743835575), (-73.2538109226868, 52.87420183802118), (-73.22401842071754, 52.86618715505272), (-73.19418378368695, 52.85813033466433), (-73.16430701161596, 52.850031376868216), (-73.13438810452551, 52.84189028167661), (-73.10442706243656, 52.83370704910177), (-73.07442388537011, 52.82548167915595), (-73.04437857334715, 52.81721417185144), (-73.01429112638867, 52.80890452720053), (-72.98416154451571, 52.80055274521555), (-72.95398982774934, 52.792158825908814), (-72.9237759761106, 52.78372276929269), (-72.89351998962059, 52.77524457537953), (-72.86322186830039, 52.766724244181724), (-72.83288161217111, 52.75816177571167), (-72.80249922125391, 52.74955716998179), (-72.77207469556993, 52.740910427004515), (-72.74160803514032, 52.73222154679229), (-72.71109923998627, 52.72349052935759), (-72.68054831012898, 52.7147173747129), (-72.64995524558968, 52.705902082870715), (-72.61932004638957, 52.697044653843555), (-72.58864271254993, 52.68814508764396), (-72.55792324409201, 52.67920338428448), (-72.5271616410371, 52.67021954377768), (-72.49635790340649, 52.66119356613614), (-72.46551203122151, 52.65212545137248), (-72.43462402450349, 52.6430151994993), (-72.40369388327379, 52.63386281052925), (-72.37272160755377, 52.62466828447498), (-72.34170719736481, 52.61543162134916), (-72.31065065272831, 52.60615282116447), (-72.2795519736657, 52.596831883933625), (-72.24841116019842, 52.58746880966934), (-72.2172282123479, 52.57806359838435), (-72.18600313013562, 52.56861625009141), (-72.15473591358307, 52.559126764803295), (-72.12342656271174, 52.54959514253279), (-72.09207507754316, 52.5400213832927), (-72.06068145809886, 52.53040548709584), (-72.0292457044004, 52.52074745395506), (-71.99776781646935, 52.51104728388321), (-71.96624779432729, 52.50130497689316)]",True
1784489781.3744311,0,-73.16965703015727,52.91762305157081,0.8000000119209292,309.3780296760329,0.39517499542875356,-73.66774316251526,53.79222902072099,1.120000004768372,308.00452556109167,-0.49293661038761627,-0.49808613235799726,0.8746059691501813,0.31999999284744285,-1.3735041149412268,-0.8881116058163698,"[(-73.31326952135767, 52.890104791649506), (-73.28356128957381, 52.8821743835575), (-73.2538109226868, 52.87420183802118), (-73.22401842071754, 52.86618715505272), (-73.19418378368695, 52.85813033466433), (-73.16430701161596, 52.850031376868216), (-73.13438810452551, 52.84189028167661), (-73.10442706243656, 52.83370704910177), (-73.07442388537011, 52.82548167915595), (-73.04437857334715, 52.81721417185144), (-73.01429112638867, 52.80890452720053), (-72.98416154451571, 52.80055274521555), (-72.95398982774934, 52.792158825908814), (-72.9237759761106, 52.78372276929269), (-72.89351998962059, 52.77524457537953), (-72.86322186830039, 52.766724244181724), (-72.83288161217111, 52.75816177571167), (-72.80249922125391, 52.74955716998179), (-72.77207469556993, 52.740910427004515), (-72.74160803514032, 52.73222154679229), (-72.71109923998627, 52.72349052935759), (-72.68054831012898, 52.7147173747129), (-72.64995524558968, 52.705902082870715), (-72.61932004638957, 52.697044653843555), (-72.58864271254993, 52.68814508764396), (-72.55792324409201, 52.67920338428448), (-72.5271616410371, 52.67021954377768), (-72.49635790340649, 52.66119356613614), (-72.46551203122151, 52.65212545137248), (-72.43462402450349, 52.6430151994993), (-72.40369388327379, 52.63386281052925), (-72.37272160755377, 52.62466828447498), (-72.34170719736481, 52.61543162134916), (-72.31065065272831, 52.60615282116447), (-72.2795519736657, 52.596831883933625), (-72.24841116019842, 52.58746880966934), (-72.2172282123479, 52.57806359838435), (-72.18600313013562, 52.56861625009141), (-72.15473591358307, 52.559126764803295), (-72.12342656271174, 52.54959514253279), (-72.09207507754316, 52.5400213832927), (-72.06068145809886, 52.53040548709584), (-72.0292457044004, 52.52074745395506), (-71.99776781646935, 52.51104728388321), (-71.96624779432729, 52.50130497689316)]",True
1784489781.4262736,0,-73.16179623870092,52.91910848140036,0.8000000119209292,309.3780296760329,0.39517499542875356,-73.67876255795885,53.790225825677524,1.120000004768372,308.00452556109167,-0.49293661038761627,-0.5169663192579321,0.8711173442771667,0.31999999284744285,-1.3735041149412268,-0.8881116058163698,"[(-73.31326952135767, 52.890104791649506), (-73.28356128957381, 52.8821743835575), (-73.2538109226868, 52.87420183802118), (-73.22401842071754, 52.86618715505272), (-73.19418378368695, 52.85813033466433), (-73.16430701161596, 52.850031376868216), (-73.13438810452551, 52.84189028167661), (-73.10442706243656, 52.83370704910177), (-73.07442388537011, 52.82548167915595), (-73.04437857334715, 52.81721417185144), (-73.01429112638867, 52.80890452720053), (-72.98416154451571, 52.80055274521555), (-72.95398982774934, 52.792158825908814), (-72.9237759761106, 52.78372276929269), (-72.89351998962059, 52.77524457537953), (-72.86322186830039, 52.766724244181724), (-72.83288161217111, 52.75816177571167), (-72.80249922125391, 52.74955716998179), (-72.77207469556993, 52.740910427004515), (-72.74160803514032, 52.73222154679229), (-72.71109923998627, 52.72349052935759), (-72.68054831012898, 52.7147173747129), (-72.64995524558968, 52.705902082870715), (-72.61932004638957, 52.697044653843555), (-72.58864271254993, 52.68814508764396), (-72.55792324409201, 52.67920338428448), (-72.5271616410371, 52.67021954377768), (-72.49635790340649, 52.66119356613614), (-72.46551203122151, 52.65212545137248), (-72.43462402450349, 52.6430151994993), (-72.40369388327379, 52.63386281052925), (-72.37272160755377, 52.62466828447498), (-72.34170719736481, 52.61543162134916), (-72.31065065272831, 52.60615282116447), (-72.2795519736657, 52.596831883933625), (-72.24841116019842, 52.58746880966934), (-72.2172282123479, 52.57806359838435), (-72.18600313013562, 52.56861625009141), (-72.15473591358307, 52.559126764803295), (-72.12342656271174, 52.54959514253279), (-72.09207507754316, 52.5400213832927), (-72.06068145809886, 52.53040548709584), (-72.0292457044004, 52.52074745395506), (-71.99776781646935, 52.51104728388321), (-71.96624779432729, 52.50130497689316)]",True
1784489781.4835567,0,-73.15396330335058,52.92073428263593,0.8000000119209292,309.3780296760329,0.39517499542875356,-73.68977580783066,53.78818911800274,1.120000004768372,308.00452556109167,-0.49293661038761627,-0.5358125044800772,0.8674548353668143,0.31999999284744285,-1.3735041149412268,-0.8881116058163698,"[(-73.27352320404944, 52.892936665569586), (-73.24147837219405, 52.884898237102846), (-73.20939073083387, 52.87681699644483), (-73.177260279992, 52.868692943608465), (-73.14508701969152, 52.860526078606696), (-73.11287094995554, 52.852316401452484), (-73.08061207080722, 52.844063912158816), (-73.04831038226972, 52.83576861073869), (-73.01596588436621, 52.82743049720512), (-72.9835785771199, 52.81904957157115), (-72.95114846055398, 52.810625833849834), (-72.9186755346917, 52.80215928405424), (-72.88615979955631, 52.79364992219746), (-72.85360125517107, 52.7850977482926), (-72.82099990155926, 52.77650276235279), (-72.7883557387442, 52.76786496439117), (-72.75566876674921, 52.75918435442091), (-72.72293898559762, 52.750460932455184), (-72.69016639531279, 52.741694698507196), (-72.6573509959181, 52.73288565259016), (-72.62449278743694, 52.72403379471732), (-72.59159176989273, 52.715139124901924), (-72.5586479433089, 52.70620164315724), (-72.5256613077089, 52.697221349496566), (-72.49263186311619, 52.6881982439332), (-72.45955960955426, 52.67913232648047), (-72.42644454704661, 52.670023597151726), (-72.39328667561676, 52.660872055960326), (-72.36008599528827, 52.65167770291965), (-72.32684250608467, 52.6424405380431), (-72.29355620802956, 52.633160561344084), (-72.26022710114651, 52.62383777283605), (-72.22685518545914, 52.614472172532444), (-72.1934404609911, 52.60506376044674), (-72.159982927766, 52.59561253659242), (-72.12648258580752, 52.586118500983), (-72.09293943513937, 52.576581653632), (-72.05935347578523, 52.56700199455296), (-72.02572470776882, 52.557379523759444), (-71.99205313111388, 52.547714241265034), (-71.95833874584417, 52.53800614708333), (-71.92458155198348, 52.52825524122794), (-71.89078154955558, 52.5184615237125), (-71.85693873858429, 52.50862499455067), (-71.82305311909343, 52.49874565375612)]",True
1784489781.5445466,0,-73.13065261546376,52.926436928335924,0.8000000119209292,309.3780296760329,0.39517499542875356,-73.72286871247448,53.78237772436316,1.120000004768372,308.00452556109167,-0.49293661038761627,-0.59221609701072,0.8559407960272338,0.31999999284744285,-1.3735041149412268,-0.8881116058163698,"[(-73.16187198209715, 52.90384464670215), (-73.12444309868106, 52.895732171620345), (-73.08697011697511, 52.887575593239696), (-73.04945303701919, 52.87937491158058), (-73.0118918588532, 52.871130126663395), (-72.97428658251708, 52.86284123850859), (-72.93663720805081, 52.854508247136614), (-72.89894373549438, 52.84613115256797), (-72.86120616488783, 52.837709954823175), (-72.8234244962712, 52.829244653922785), (-72.78559872968458, 52.82073524988738), (-72.7477288651681, 52.812181742737565), (-72.70981490276188, 52.80358413249399), (-72.6718568425061, 52.79494241917732), (-72.63385468444099, 52.786256602808244), (-72.59580842860676, 52.7775266834075), (-72.5577180750437, 52.76875266099585), (-72.51958362379206, 52.75993453559408), (-72.48140507489218, 52.75107230722299), (-72.44318242838443, 52.74216597590344), (-72.40491568430916, 52.7332155416563), (-72.3666048427068, 52.724221004502475), (-72.32824990361779, 52.7151823644629), (-72.28985086708258, 52.70609962155853), (-72.25140773314168, 52.696972775810366), (-72.2129205018356, 52.687801827239426), (-72.17438917320491, 52.67858677586676), (-72.1358137472902, 52.66932762171346), (-72.09719422413207, 52.66002436480061), (-72.05853060377117, 52.650677005149376), (-72.01982288624819, 52.641285542780906), (-71.98107107160382, 52.631849977716406), (-71.94227515987879, 52.6223703099771), (-71.90343515111385, 52.61284653958425), (-71.8645510453498, 52.60327866655913), (-71.82562284262747, 52.593666690923065), (-71.78665054298769, 52.5840106126974), (-71.74763414647134, 52.5743104319035), (-71.70857365311936, 52.56456614856277), (-71.66946906297265, 52.554777762696645), (-71.63032037607219, 52.54494527432659), (-71.59112759245897, 52.53506868347409), (-71.55189071217403, 52.52514799016066), (-71.51260973525841, 52.51518319440786), (-71.4732846617532, 52.505174296237264)]",True
1784489781.5835671,0,-73.13065261546376,52.926436928335924,0.8000000119209292,309.3780296760329,0.39517499542875356,-73.72286871247448,53.78237772436316,1.120000004768372,308.00452556109167,-0.49293661038761627,-0.59221609701072,0.8559407960272338,0.31999999284744285,-1.3735041149412268,-0.8881116058163698,"[(-73.16187198209715, 52.90384464670215), (-73.12444309868106, 52.895732171620345), (-73.08697011697511, 52.887575593239696), (-73.04945303701919, 52.87937491158058), (-73.0118918588532, 52.871130126663395), (-72.97428658251708, 52.86284123850859), (-72.93663720805081, 52.854508247136614), (-72.89894373549438, 52.84613115256797), (-72.86120616488783, 52.837709954823175), (-72.8234244962712, 52.829244653922785), (-72.78559872968458, 52.82073524988738), (-72.7477288651681, 52.812181742737565), (-72.70981490276188, 52.80358413249399), (-72.6718568425061, 52.79494241917732), (-72.63385468444099, 52.786256602808244), (-72.59580842860676, 52.7775266834075), (-72.5577180750437, 52.76875266099585), (-72.51958362379206, 52.75993453559408), (-72.48140507489218, 52.75107230722299), (-72.44318242838443, 52.74216597590344), (-72.40491568430916, 52.7332155416563), (-72.3666048427068, 52.724221004502475), (-72.32824990361779, 52.7151823644629), (-72.28985086708258, 52.70609962155853), (-72.25140773314168, 52.696972775810366), (-72.2129205018356, 52.687801827239426), (-72.17438917320491, 52.67858677586676), (-72.1358137472902, 52.66932762171346), (-72.09719422413207, 52.66002436480061), (-72.05853060377117, 52.650677005149376), (-72.01982288624819, 52.641285542780906), (-71.98107107160382, 52.631849977716406), (-71.94227515987879, 52.6223703099771), (-71.90343515111385, 52.61284653958425), (-71.8645510453498, 52.60327866655913), (-71.82562284262747, 52.593666690923065), (-71.78665054298769, 52.5840106126974), (-71.74763414647134, 52.5743104319035), (-71.70857365311936, 52.56456614856277), (-71.66946906297265, 52.554777762696645), (-71.63032037607219, 52.54494527432659), (-71.59112759245897, 52.53506868347409), (-71.55189071217403, 52.52514799016066), (-71.51260973525841, 52.51518319440786), (-71.4732846617532, 52.505174296237264)]",True
1784489781.624318,0,-73.11525164707041,52.93077166392914,0.8000000119209292,309.3780296760329,0.39517499542875356,-73.74495604190382,53.7786487398154,1.120000004768372,308.00452556109167,-0.49293661038761627,-0.6297043948334107,0.8478770758862595,0.31999999284744285,-1.3735041149412268,-0.8881116058163698,"[(-73.16187198209715, 52.90384464670215), (-73.12444309868106, 52.895732171620345), (-73.08697011697511, 52.887575593239696), (-73.04945303701919, 52.87937491158058), (-73.0118918588532, 52.871130126663395), (-72.97428658251708, 52.86284123850859), (-72.93663720805081, 52.854508247136614), (-72.89894373549438, 52.84613115256797), (-72.86120616488783, 52.837709954823175), (-72.8234244962712, 52.829244653922785), (-72.78559872968458, 52.82073524988738), (-72.7477288651681, 52.812181742737565), (-72.70981490276188, 52.80358413249399), (-72.6718568425061, 52.79494241917732), (-72.63385468444099, 52.786256602808244), (-72.59580842860676, 52.7775266834075), (-72.5577180750437, 52.76875266099585), (-72.51958362379206, 52.75993453559408), (-72.48140507489218, 52.75107230722299), (-72.44318242838443, 52.74216597590344), (-72.40491568430916, 52.7332155416563), (-72.3666048427068, 52.724221004502475), (-72.32824990361779, 52.7151823644629), (-72.28985086708258, 52.70609962155853), (-72.25140773314168, 52.696972775810366), (-72.2129205018356, 52.687801827239426), (-72.17438917320491, 52.67858677586676), (-72.1358137472902, 52.66932762171346), (-72.09719422413207, 52.66002436480061), (-72.05853060377117, 52.650677005149376), (-72.01982288624819, 52.641285542780906), (-71.98107107160382, 52.631849977716406), (-71.94227515987879, 52.6223703099771), (-71.90343515111385, 52.61284653958425), (-71.8645510453498, 52.60327866655913), (-71.82562284262747, 52.593666690923065), (-71.78665054298769, 52.5840106126974), (-71.74763414647134, 52.5743104319035), (-71.70857365311936, 52.56456614856277), (-71.66946906297265, 52.554777762696645), (-71.63032037607219, 52.54494527432659), (-71.59112759245897, 52.53506868347409), (-71.55189071217403, 52.52514799016066), (-71.51260973525841, 52.51518319440786), (-71.4732846617532, 52.505174296237264)]",True
1784489781.6842253,0,-73.11525164707041,52.93077166392914,0.8000000119209292,309.3780296760329,0.39517499542875356,-73.74495604190382,53.7786487398154,1.120000004768372,308.00452556109167,-0.49293661038761627,-0.6297043948334107,0.8478770758862595,0.31999999284744285,-1.3735041149412268,-0.8881116058163698,"[(-73.16187198209715, 52.90384464670215), (-73.12444309868106, 52.895732171620345), (-73.08697011697511, 52.887575593239696), (-73.04945303701919, 52.87937491158058), (-73.0118918588532, 52.871130126663395), (-72.97428658251708, 52.86284123850859), (-72.93663720805081, 52.854508247136614), (-72.89894373549438, 52.84613115256797), (-72.86120616488783, 52.837709954823175), (-72.8234244962712, 52.829244653922785), (-72.78559872968458, 52.82073524988738), (-72.7477288651681, 52.812181742737565), (-72.70981490276188, 52.80358413249399), (-72.6718568425061, 52.79494241917732), (-72.63385468444099, 52.786256602808244), (-72.59580842860676, 52.7775266834075), (-72.5577180750437, 52.76875266099585), (-72.51958362379206, 52.75993453559408), (-72.48140507489218, 52.75107230722299), (-72.44318242838443, 52.74216597590344), (-72.40491568430916, 52.7332155416563), (-72.3666048427068, 52.724221004502475), (-72.32824990361779, 52.7151823644629), (-72.28985086708258, 52.70609962155853), (-72.25140773314168, 52.696972775810366), (-72.2129205018356, 52.687801827239426), (-72.17438917320491, 52.67858677586676), (-72.1358137472902, 52.66932762171346), (-72.09719422413207, 52.66002436480061), (-72.05853060377117, 52.650677005149376), (-72.01982288624819, 52.641285542780906), (-71.98107107160382, 52.631849977716406), (-71.94227515987879, 52.6223703099771), (-71.90343515111385, 52.61284653958425), (-71.8645510453498, 52.60327866655913), (-71.82562284262747, 52.593666690923065), (-71.78665054298769, 52.5840106126974), (-71.74763414647134, 52.5743104319035), (-71.70857365311936, 52.56456614856277), (-71.66946906297265, 52.554777762696645), (-71.63032037607219, 52.54494527432659), (-71.59112759245897, 52.53506868347409), (-71.55189071217403, 52.52514799016066), (-71.51260973525841, 52.51518319440786), (-71.4732846617532, 52.505174296237264)]",True
1784489781.7243774,0,-73.11525164707041,52.93077166392914,0.8000000119209292,309.3780296760329,0.39517499542875356,-73.74495604190382,53.7786487398154,1.120000004768372,308.00452556109167,-0.49293661038761627,-0.6297043948334107,0.8478770758862595,0.31999999284744285,-1.3735041149412268,-0.8881116058163698,"[(-73.16187198209715, 52.90384464670215), (-73.12444309868106, 52.895732171620345), (-73.08697011697511, 52.887575593239696), (-73.04945303701919, 52.87937491158058), (-73.0118918588532, 52.871130126663395), (-72.97428658251708, 52.86284123850859), (-72.93663720805081, 52.854508247136614), (-72.89894373549438, 52.84613115256797), (-72.86120616488783, 52.837709954823175), (-72.8234244962712, 52.829244653922785), (-72.78559872968458, 52.82073524988738), (-72.7477288651681, 52.812181742737565), (-72.70981490276188, 52.80358413249399), (-72.6718568425061, 52.79494241917732), (-72.63385468444099, 52.786256602808244), (-72.59580842860676, 52.7775266834075), (-72.5577180750437, 52.76875266099585), (-72.51958362379206, 52.75993453559408), (-72.48140507489218, 52.75107230722299), (-72.44318242838443, 52.74216597590344), (-72.40491568430916, 52.7332155416563), (-72.3666048427068, 52.724221004502475), (-72.32824990361779, 52.7151823644629), (-72.28985086708258, 52.70609962155853), (-72.25140773314168, 52.696972775810366), (-72.2129205018356, 52.687801827239426), (-72.17438917320491, 52.67858677586676), (-72.1358137472902, 52.66932762171346), (-72.09719422413207, 52.66002436480061), (-72.05853060377117, 52.650677005149376), (-72.01982288624819, 52.641285542780906), (-71.98107107160382, 52.631849977716406), (-71.94227515987879, 52.6223703099771), (-71.90343515111385, 52.61284653958425), (-71.8645510453498, 52.60327866655913), (-71.82562284262747, 52.593666690923065), (-71.78665054298769, 52.5840106126974), (-71.74763414647134, 52.5743104319035), (-71.70857365311936, 52.56456614856277), (-71.66946906297265, 52.554777762696645), (-71.63032037607219, 52.54494527432659), (-71.59112759245897, 52.53506868347409), (-71.55189071217403, 52.52514799016066), (-71.51260973525841, 52.51518319440786), (-71.4732846617532, 52.505174296237264)]",True
1784489782.1022282,0,-73.11525164707041,52.93077166392914,0.8000000119209292,309.3780296760329,0.39517499542875356,-73.74495604190382,53.7786487398154,1.120000004768372,308.00452556109167,-0.49293661038761627,-0.6297043948334107,0.8478770758862595,0.31999999284744285,-1.3735041149412268,-0.8881116058163698,"[(-73.16187198209715, 52.90384464670215), (-73.12444309868106, 52.895732171620345), (-73.08697011697511, 52.887575593239696), (-73.04945303701919, 52.87937491158058), (-73.0118918588532, 52.871130126663395), (-72.97428658251708, 52.86284123850859), (-72.93663720805081, 52.854508247136614), (-72.89894373549438, 52.84613115256797), (-72.86120616488783, 52.837709954823175), (-72.8234244962712, 52.829244653922785), (-72.78559872968458, 52.82073524988738), (-72.7477288651681, 52.812181742737565), (-72.70981490276188, 52.80358413249399), (-72.6718568425061, 52.79494241917732), (-72.63385468444099, 52.786256602808244), (-72.59580842860676, 52.7775266834075), (-72.5577180750437, 52.76875266099585), (-72.51958362379206, 52.75993453559408), (-72.48140507489218, 52.75107230722299), (-72.44318242838443, 52.74216597590344), (-72.40491568430916, 52.7332155416563), (-72.3666048427068, 52.724221004502475), (-72.32824990361779, 52.7151823644629), (-72.28985086708258, 52.70609962155853), (-72.25140773314168, 52.696972775810366), (-72.2129205018356, 52.687801827239426), (-72.17438917320491, 52.67858677586676), (-72.1358137472902, 52.66932762171346), (-72.09719422413207, 52.66002436480061), (-72.05853060377117, 52.650677005149376), (-72.01982288624819, 52.641285542780906), (-71.98107107160382, 52.631849977716406), (-71.94227515987879, 52.6223703099771), (-71.90343515111385, 52.61284653958425), (-71.8645510453498, 52.60327866655913), (-71.82562284262747, 52.593666690923065), (-71.78665054298769, 52.5840106126974), (-71.74763414647134, 52.5743104319035), (-71.70857365311936, 52.56456614856277), (-71.66946906297265, 52.554777762696645), (-71.63032037607219, 52.54494527432659), (-71.59112759245897, 52.53506868347409), (-71.55189071217403, 52.52514799016066), (-71.51260973525841, 52.51518319440786), (-71.4732846617532, 52.505174296237264)]",True
1784489782.1895802,0,-72.92103829681018,52.97807030586507,0.8000000119209292,308.6276253933766,0.4087683545097889,-74.024237541871,53.716091843592544,1.2080948701724818,308.00452556109167,-0.49293661038761627,-1.1031992450608215,0.7380215377274766,0.4080948582515527,-0.6230998322849359,-0.9017049648974051,"[(-72.88667275738013, 52.9705483608911), (-72.84691131182001, 52.96498799372177), (-72.80710798536089, 52.959385742108616), (-72.76726277802665, 52.95374160606241), (-72.7273756898412, 52.94805558559392), (-72.68744672082843, 52.94232768071395), (-72.64747587101229, 52.93655789143332), (-72.60746314041671, 52.930746217762845), (-72.56740852906567, 52.92489265971338), (-72.52731203698313, 52.91899721729578), (-72.48717366419308, 52.91305989052093), (-72.44699341071954, 52.90708067939971), (-72.40677127658655, 52.901059583943045), (-72.36650726181814, 52.894996604161854), (-72.32620136643837, 52.88889174006708), (-72.2858535904713, 52.88274499166968), (-72.24546393394104, 52.87655635898063), (-72.20503239687167, 52.870325842010914), (-72.16455897928735, 52.86405344077154), (-72.1240436812122, 52.857739155273535), (-72.08348650267037, 52.851382985527934), (-72.04288744368603, 52.84498493154579), (-72.00224650428338, 52.838544993338175), (-71.9615636844866, 52.83206317091617), (-71.92083898431993, 52.825539464290884), (-71.8800724038076, 52.81897387347343), (-71.83926394297386, 52.81236639847495), (-71.79841360184297, 52.805717039306586), (-71.75752138043923, 52.79902579597951), (-71.71658727878692, 52.792292668504906), (-71.67561129691036, 52.785517656893965), (-71.63459343483389, 52.77870076115791), (-71.59353369258186, 52.771841981307965), (-71.55243207017861, 52.76494131735538), (-71.51128856764855, 52.75799876931142), (-71.47010318501606, 52.751014337187364), (-71.42887592230554, 52.7439880209945), (-71.38760677954143, 52.73691982074415), (-71.34629575674818, 52.729809736447635), (-71.30494285395022, 52.7226577681163), (-71.26354807117205, 52.7154639157615), (-71.22211140843817, 52.70822817939461), (-71.18063286577308, 52.70095055902703), (-71.1391124432013, 52.693631054670156), (-71.09755014074737, 52.68626966633542)]",True
1784489782.2302604,0,-72.8659011375801,52.987859762842405,0.8000000119209292,308.6276253933766,0.4087683545097889,-74.1174862386254,53.692899793127445,1.4236648424876668,308.00452556109167,-0.49293661038761627,-1.2515851010453076,0.7050400302850406,0.6236648305667376,-0.6230998322849359,-0.9017049648974051,"[(-72.83812532455688, 52.98021231458833), (-72.80442123537546, 52.974364131616085), (-72.77067509483265, 52.968473894320454), (-72.73688690295067, 52.96254160271263), (-72.70305665975172, 52.956567256803844), (-72.66918436525805, 52.95055085660532), (-72.63527001949191, 52.94449240212831), (-72.6013136224756, 52.93839189338409), (-72.56731517423138, 52.93224933038395), (-72.53327467478157, 52.926064713139176), (-72.49919212414848, 52.919838041661095), (-72.46506752235446, 52.91356931596104), (-72.43090086942188, 52.907258536050364), (-72.39669216537308, 52.90090570194044), (-72.36244141023047, 52.89451081364265), (-72.32814860401645, 52.88807387116839), (-72.29381374675344, 52.88159487452908), (-72.25943683846388, 52.87507382373616), (-72.22501787917024, 52.868510718801076), (-72.19055686889497, 52.8619055597353), (-72.15605380766057, 52.855258346550315), (-72.12150869548955, 52.84856907925762), (-72.08692153240442, 52.84183775786874), (-72.05229231842772, 52.8350643823952), (-72.017621053582, 52.82824895284856), (-71.98290773788985, 52.82139146924038), (-71.94815237137384, 52.814491931582246), (-71.9133549540566, 52.807550339885765), (-71.87851548596073, 52.80056669416255), (-71.84363396710887, 52.79354099442423), (-71.80871039752368, 52.78647324068246), (-71.77374477722783, 52.77936343294891), (-71.73873710624402, 52.77221157123527), (-71.70368738459493, 52.76501765555322), (-71.66859561230329, 52.757781685914495), (-71.63346178939186, 52.75050366233082), (-71.59828591588337, 52.743183584813956), (-71.56306799180058, 52.73582145337566), (-71.52780801716631, 52.72841726802771), (-71.49250599200334, 52.720971028781925), (-71.45716191633451, 52.71348273565011), (-71.42177579018264, 52.7059523886441), (-71.38634761357059, 52.698379987775745), (-71.35087738652125, 52.69076553305691), (-71.31536510905747, 52.68310902449949)]",True
1784489782.2794662,0,-72.82649748879975,52.99473885096771,0.8000000119209292,308.6276253933766,0.4087683545097889,-74.18698163773041,53.67356571281299,1.5383794854354598,308.00452556109167,-0.49293661038761627,-1.3604841489306665,0.6788268618452804,0.7383794735145306,-0.6230998322849359,-0.9017049648974051,"[(-72.8083287318987, 52.985332194647235), (-72.77561459197337, 52.97932223733198), (-72.74285819463422, 52.97327001971284), (-72.71005953990357, 52.96717554180135), (-72.67721862780373, 52.96103880360904), (-72.64433545835706, 52.95485980514748), (-72.61141003158593, 52.94863854642823), (-72.5784423475127, 52.94237502746288), (-72.5454324061598, 52.936069248263045), (-72.51238020754961, 52.92972120884035), (-72.47928575170457, 52.92333090920643), (-72.44614903864712, 52.91689834937294), (-72.41297006839974, 52.910423529351576), (-72.37974884098492, 52.903906449154015), (-72.34648535642513, 52.89734710879197), (-72.31317961474292, 52.89074550827717), (-72.27983161596082, 52.884101647621364), (-72.24644136010134, 52.87741552683631), (-72.2130088471871, 52.87068714593378), (-72.17953407724065, 52.86391650492558), (-72.1460170502846, 52.85710360382351), (-72.11245776634156, 52.85024844263941), (-72.0788562254342, 52.843351021385125), (-72.04521242758513, 52.836411340072516), (-72.01152637281704, 52.829429398713465), (-71.97779806115263, 52.822405197319874), (-71.94402749261458, 52.81533873590365), (-71.91021466722562, 52.808230014476734), (-71.87635958500849, 52.80107903305107), (-71.84246224598594, 52.79388579163862), (-71.80852265018075, 52.78665029025138), (-71.7745407976157, 52.77937252890134), (-71.7405166883136, 52.77205250760052), (-71.70645032229729, 52.764690226360955), (-71.67234169958958, 52.757285685194695), (-71.63819082021335, 52.749838884113814), (-71.60399768419148, 52.74234982313039), (-71.56976229154684, 52.73481850225653), (-71.53548464230235, 52.72724492150436), (-71.50116473648094, 52.719629080886), (-71.46680257410554, 52.711970980413625), (-71.43239815519914, 52.70427062009939), (-71.39795147978468, 52.69652799995549), (-71.36346254788518, 52.688743119994136), (-71.32893135952364, 52.68091598022754)]",True
1784489782.3244767,0,-72.81862758068914,52.996175656379776,0.8000000119209292,308.6276253933766,0.4087683545097889,-74.2018833783151,53.669038226078754,1.5764965368217545,308.00452556109167,-0.49293661038761627,-1.3832557976259636,0.6728625696989781,0.7764965249008253,-0.6230998322849359,-0.9017049648974051,"[(-72.80035929670528, 52.986793051597296), (-72.76811475030345, 52.98073946522561), (-72.73582807929178, 52.97464375142229), (-72.7034992836922, 52.96850591019879), (-72.67112836352669, 52.96232594156658), (-72.63871531881722, 52.95610384553715), (-72.60626014958581, 52.949839622122), (-72.57376285585448, 52.94353327133265), (-72.54122343764527, 52.93718479318063), (-72.50864189498023, 52.9307941876775), (-72.47601822788144, 52.92436145483483), (-72.44335243637097, 52.9178865946642), (-72.41064452047094, 52.91136960717723), (-72.37789448020347, 52.90481049238553), (-72.34510231559068, 52.89820925030074), (-72.31226802665476, 52.891565880934515), (-72.27939161341787, 52.884880384298526), (-72.2464730759022, 52.87815276040446), (-72.21351241412995, 52.87138300926403), (-72.18050962812335, 52.86457113088895), (-72.14746471790463, 52.85771712529096), (-72.11437768349604, 52.85082099248182), (-72.0812485249199, 52.843882732473304), (-72.04807724219846, 52.8369023452772), (-72.01486383535403, 52.82987983090532), (-71.98160830440895, 52.82281518936948), (-71.94831064938555, 52.815708420681524), (-71.91497087030619, 52.80855952485331), (-71.88158896719325, 52.80136850189671), (-71.84816494006914, 52.79413535182362), (-71.81469878895625, 52.78686007464594), (-71.781190513877, 52.779542670375605), (-71.74764011485384, 52.77218313902455), (-71.71404759190924, 52.76478148060473), (-71.68041294506565, 52.757337695128136), (-71.6467361743456, 52.74985178260675), (-71.61301727977158, 52.74232374305258), (-71.57925626136611, 52.73475357647766), (-71.54545311915176, 52.727141282894024), (-71.51160785315108, 52.719486862313744), (-71.47772046338663, 52.71179031474889), (-71.44379094988103, 52.70405164021155), (-71.4098193126569, 52.69627083871385), (-71.37580555173682, 52.688447910267904), (-71.34174966714346, 52.68058285488586)]",True
1784489782.386101,0,-72.78714408225468,53.001901635780726,0.8000000119209292,308.6276253933766,0.4087683545097889,-74.26452731270379,53.648760974619144,1.7116816168284799,308.00452556109167,-0.49293661038761627,-1.4773832304491066,0.6468593388384178,0.9116816049075507,-0.6230998322849359,-0.9017049648974051,"[(-72.78553294571324, 52.98953879196694), (-72.75417977986967, 52.98338137211554), (-72.72278448351572, 52.97718181903989), (-72.691347056673, 52.970940132751494), (-72.6598674993631, 52.96465631326185), (-72.62834581160766, 52.95833036058249), (-72.59678199342832, 52.951962274724956), (-72.56517604484675, 52.94555205570081), (-72.53352796588463, 52.93909970352163), (-72.50183775656365, 52.932605218199), (-72.4701054169055, 52.926068599744546), (-72.43833094693194, 52.91948984816989), (-72.40651434666471, 52.912868963486666), (-72.37465561612555, 52.906205945706546), (-72.34275475533627, 52.89950079484121), (-72.31081176431866, 52.892753510902345), (-72.2788266430945, 52.88596409390167), (-72.24679939168567, 52.879132543850915), (-72.21473001011398, 52.87225886076182), (-72.18261849840131, 52.86534304464615), (-72.15046485656954, 52.858385095515686), (-72.11826908464057, 52.85138501338223), (-72.0860311826363, 52.84434279825758), (-72.05375115057868, 52.83725845015358), (-72.02142898848965, 52.83013196908207), (-71.98906469639115, 52.82296335505492), (-71.95665827430521, 52.815752608084004), (-71.9242097222538, 52.80849972818123), (-71.89171904025895, 52.80120471535851), (-71.85918622834267, 52.793867569627764), (-71.82661128652701, 52.78648829100096), (-71.79399421483407, 52.779066879490045), (-71.7613350132859, 52.77160333510701), (-71.72863368190463, 52.76409765786385), (-71.69589022071236, 52.75654984777259), (-71.66310462973121, 52.74895990484526), (-71.63027690898335, 52.7413278290939), (-71.59740705849094, 52.73365362053058), (-71.56449507827618, 52.7259372791674), (-71.53154096836126, 52.71817880501644), (-71.49854472876838, 52.710378198089835), (-71.4655063595198, 52.70253545839971), (-71.43242586063776, 52.69465058595821), (-71.39930323214455, 52.68672358077751), (-71.36613847406244, 52.678754442869796)]",True
1784489782.4710429,0,-72.74777468724565,53.0089755443344,0.8000000119209292,308.6276253933766,0.4087683545097889,-74.31425482483058,53.63143643592958,1.7971168851413128,308.00452556109167,-0.49293661038761627,-1.5664801375849322,0.6224608915951819,0.9971168732203837,-0.6230998322849359,-0.9017049648974051,"[(-72.77808662468827, 52.99090844545762), (-72.7471234453381, 52.98469848057707), (-72.71611812186018, 52.97844636889719), (-72.68507065427599, 52.97215211042951), (-72.65398104260704, 52.9658157051856), (-72.62284928687487, 52.95943715317702), (-72.59167538710098, 52.953016454415376), (-72.56045934330695, 52.94655360891227), (-72.52920115551434, 52.94004861667933), (-72.49790082374476, 52.933501477728186), (-72.46655834801979, 52.92691219207051), (-72.43517372836106, 52.920280759717976), (-72.40374696479023, 52.91360718068228), (-72.37227805732893, 52.90689145497512), (-72.34076700599884, 52.90013358260823), (-72.30921381082167, 52.89333356359335), (-72.27761847181911, 52.88649139794225), (-72.24598098901289, 52.879607085666706), (-72.21430136242473, 52.872680626778504), (-72.18257959207644, 52.86571202128946), (-72.15081567798974, 52.85870126921141), (-72.11900962018645, 52.851648370556184), (-72.08716141868837, 52.84455332533565), (-72.05527107351733, 52.837416133561696), (-72.02333858469518, 52.83023679524621), (-71.99136395224377, 52.823015310401104), (-71.95934717618498, 52.815751679038314), (-71.92728825654069, 52.80844590116978), (-71.89518719333284, 52.801097976807476), (-71.86304398658334, 52.79370790596337), (-71.83085863631412, 52.786275688649475), (-71.79863114254717, 52.77880132487779), (-71.76636150530445, 52.771284814660355), (-71.73404972460797, 52.76372615800922), (-71.70169580047973, 52.756125354936444), (-71.66929973294177, 52.74848240545411), (-71.63686152201612, 52.740797309574326), (-71.60438116772484, 52.7330700673092), (-71.57185867009002, 52.72530067867087), (-71.53929402913377, 52.717489143671486), (-71.5066872448782, 52.70963546232321), (-71.47403831734542, 52.70173963463824), (-71.4413472465576, 52.69380166062876), (-71.40861403253689, 52.68582154030699), (-71.37583867530547, 52.677799273685174)]",True
1784489782.5298069,0,-72.73988112443128,53.01027585953361,0.8000000119209292,308.6276253933766,0.4087683545097889,-74.36558392654929,53.61233945281694,1.8156557435693388,308.00452556109167,-0.49293661038761627,-1.6257028021180133,0.6020635932833329,1.0156557316484096,-0.6230998322849359,-0.9017049648974051,"[(-72.763091063628, 52.99366096463512), (-72.73281123039074, 52.98734859169983), (-72.70248922904806, 52.980994048062335), (-72.67212505962125, 52.97459733373427), (-72.64171872213163, 52.96815844872729), (-72.61127021660056, 52.961677393053044), (-72.58077954304937, 52.95515416672323), (-72.55024670149946, 52.94858876974955), (-72.5196716919722, 52.941981202143715), (-72.48905451448903, 52.935331463917464), (-72.45839516907135, 52.92863955508255), (-72.42769365574061, 52.92190547565074), (-72.39694997451828, 52.91512922563382), (-72.36616412542583, 52.90831080504359), (-72.33533610848474, 52.90145021389188), (-72.30446592371653, 52.894547452190515), (-72.27355357114274, 52.887602519951365), (-72.2425990507849, 52.88061541718629), (-72.21160236266458, 52.87358614390718), (-72.18056350680337, 52.86651470012594), (-72.14948248322284, 52.85940108585449), (-72.11835929194461, 52.85224530110478), (-72.08719393299033, 52.84504734588875), (-72.05598640638162, 52.83780722021839), (-72.02473671214017, 52.830524924105674), (-71.99344485028764, 52.82320045756262), (-71.96211082084574, 52.81583382060125), (-71.93073462383617, 52.8084250132336), (-71.8993162592807, 52.80097403547174), (-71.86785572720103, 52.79348088732774), (-71.83635302761896, 52.78594556881369), (-71.80480816055626, 52.7783680799417), (-71.77322112603473, 52.770748420723905), (-71.74159192407619, 52.76308659117244), (-71.70992055470248, 52.755382591299465), (-71.67820701793543, 52.747636421117164), (-71.64645131379693, 52.73984808063773), (-71.61465344230886, 52.73201756987336), (-71.58281340349312, 52.72414488883631), (-71.55093119737163, 52.7162300375388), (-71.51900682396632, 52.70827301599311), (-71.48704028329917, 52.70027382421151), (-71.45503157539211, 52.6922324622063), (-71.42298070026716, 52.68414892998979), (-71.39088765794631, 52.67602322757431)]",True
1784489782.5828722,0,-72.66847294279768,53.0194572494296,0.8000000119209292,308.6276253933766,0.4087683545097889,-74.5082345415333,53.54772898395733,1.7003159523132791,308.00452556109167,-0.49293661038761627,-1.8397615987356204,0.5282717345277277,0.90031594039235,-0.6230998322849359,-0.9017049648974051,"[(-72.70973762514242, 53.003129362851276), (-72.68113295549065, 52.996485853508275), (-72.65248607726573, 52.98980013319769), (-72.62379699048844, 52.98307220193137), (-72.59506569517957, 52.976302059721185), (-72.56629219135993, 52.96948970657902), (-72.53747647905037, 52.96263514251678), (-72.50861855827173, 52.95573836754639), (-72.47971842904488, 52.94879938167978), (-72.45077609139071, 52.941818184928906), (-72.42179154533011, 52.93479477730575), (-72.392764790884, 52.92772915882229), (-72.3636958280733, 52.92062132949054), (-72.33458465691899, 52.91347128932252), (-72.30543127744203, 52.906279038330275), (-72.2762356896634, 52.89904457652586), (-72.2469978936041, 52.891767903921355), (-72.21771788928517, 52.88444902052885), (-72.18839567672762, 52.877087926360446), (-72.15903125595253, 52.86968462142828), (-72.12962462698096, 52.86223910574449), (-72.10017578983401, 52.85475137932124), (-72.07068474453278, 52.847221442170714), (-72.0411514910984, 52.8396492943051), (-72.011576029552, 52.83203493573661), (-71.98195835991474, 52.824378366477475), (-71.95229848220781, 52.81667958653994), (-71.92259639645238, 52.808938595936276), (-71.89285210266966, 52.80115539467876), (-71.8630656008809, 52.79332998277969), (-71.83323689110733, 52.78546236025138), (-71.8033659733702, 52.77755252710617), (-71.7734528476908, 52.7696004833564), (-71.74349751409044, 52.76160622901444), (-71.71349997259041, 52.75356976409268), (-71.68346022321205, 52.745491088603515), (-71.65337826597671, 52.73737020255937), (-71.62325410090574, 52.72920710597267), (-71.59308772802054, 52.72100179885587), (-71.56287914734249, 52.71275428122146), (-71.532628358893, 52.7044645530819), (-71.50233536269353, 52.6961326144497), (-71.4720001587655, 52.687758465337396), (-71.4416227471304, 52.67934210575751), (-71.41120312780971, 52.670883535722616)]",True
1784489782.6310096,0,-72.6368532661968,53.02436878756655,0.8000000119209292,308.6276253933766,0.4087683545097889,-74.56763986224325,53.515162504312414,1.6887366872298086,308.00452556109167,-0.49293661038761627,-1.9307865960464596,0.4907937167458627,0.8887366753088795,-0.6230998322849359,-0.9017049648974051,"[(-72.68647361004899, 53.00625123004973), (-72.65828271779812, 52.99942514658389), (-72.63004957389494, 52.99255680912042), (-72.60177417836023, 52.98564621767135), (-72.57345653121477, 52.978693372248706), (-72.54509663247939, 52.97169827286455), (-72.5166944821749, 52.96466091953095), (-72.48825008032213, 52.95758131225999), (-72.45976342694198, 52.950459451063786), (-72.43123452205529, 52.94329533595446), (-72.40266336568297, 52.93608896694415), (-72.37404995784594, 52.928840344045014), (-72.34539429856511, 52.92154946726923), (-72.31669638786144, 52.914216336628996), (-72.28795622575589, 52.90684095213651), (-72.25917381226945, 52.899423313804014), (-72.23034914742313, 52.891963421643744), (-72.20148223123792, 52.88446127566797), (-72.17257306373487, 52.87691687588896), (-72.14362164493502, 52.86933022231902), (-72.11462797485945, 52.86170131497047), (-72.08559205352924, 52.854030153855625), (-72.0565138809655, 52.84631673898684), (-72.02739345718933, 52.83856107037649), (-71.9982307822219, 52.83076314803695), (-71.96902585608433, 52.822922971980624), (-71.93977867879782, 52.81504054221993), (-71.91048925038353, 52.807115858767304), (-71.8811575708627, 52.799148921635194), (-71.85178364025653, 52.79113973083608), (-71.82236745858629, 52.78308828638244), (-71.79290902587321, 52.77499458828678), (-71.76340834213859, 52.76685863656163), (-71.7338654074037, 52.758680431219524), (-71.70428022168984, 52.75045997227302), (-71.67465278501837, 52.74219725973469), (-71.64498309741063, 52.733892293617124), (-71.61527115888798, 52.725545073932935), (-71.5855169694718, 52.717155600694745), (-71.55572052918346, 52.7087238739152), (-71.52588183804441, 52.70024989360695), (-71.49600089607608, 52.69173365978269), (-71.4660777032999, 52.68317517245511), (-71.43611225973736, 52.67457443163691), (-71.40610456540992, 52.66593143734084)]",True
1784489782.6745229,0,-72.58973542054459,53.03352487737187,0.8000000119209292,308.6276253933766,0.4087683545097889,-74.65703563473413,53.46088770633612,1.7316665794379256,308.00452556109167,-0.49293661038761627,-2.067300214189544,0.4273628289642559,0.9316665675169964,-0.6230998322849359,-0.9017049648974051,"[(-72.61551067811556, 53.01505391059837), (-72.58525489337372, 53.007974932899764), (-72.55495619451685, 53.00085303843711), (-72.52461458156779, 52.99368822722322), (-72.49423005454945, 52.986480499270925), (-72.46380261348469, 52.97922985459309), (-72.43333225839645, 52.9719362932026), (-72.40281898930765, 52.964599815112344), (-72.37226280624127, 52.957220420335226), (-72.34166370922026, 52.94979810888418), (-72.31102169826762, 52.942332880772156), (-72.28033677340636, 52.934824736012125), (-72.24960893465952, 52.927273674617076), (-72.21883818205013, 52.919679696600014), (-72.18802451560128, 52.91204280197396), (-72.15716793533603, 52.904362990751956), (-72.12626844127749, 52.896640262947066), (-72.09532603344877, 52.88887461857237), (-72.06434071187303, 52.88106605764097), (-72.03331247657341, 52.87321458016598), (-72.00224132757312, 52.86532018616053), (-71.97112726489533, 52.85738287563778), (-71.93997028856326, 52.849402648610905), (-71.90877039860014, 52.841379505093094), (-71.87752759502922, 52.83331344509756), (-71.84624187787378, 52.82520446863752), (-71.81491324715711, 52.81705257572624), (-71.78354170290251, 52.80885776637697), (-71.7521272451333, 52.800620040603), (-71.72066987387284, 52.79233939841764), (-71.68916958914448, 52.784015839834204), (-71.65762639097161, 52.775649364866034), (-71.62604027937763, 52.767239973526486), (-71.59441125438596, 52.75878766582894), (-71.56273931602003, 52.7502924417868), (-71.5310244643033, 52.741754301413465), (-71.49926669925924, 52.73317324472238), (-71.46746602091136, 52.72454927172699), (-71.43562242928316, 52.715882382440775), (-71.40373592439818, 52.70717257687721), (-71.37180650627995, 52.69841985504981), (-71.33983417495206, 52.689624216972106), (-71.30781893043807, 52.68078566265764), (-71.27576077276161, 52.671904192119975), (-71.2436597019463, 52.662979805372686)]",True
1784489782.7241833,0,-72.54257818203264,53.042476709742985,0.8000000119209292,308.6276253933766,0.4087683545097889,-74.74373125111644,53.40160067171775,1.7763806058396203,308.00452556109167,-0.49293661038761627,-2.2011530690838015,0.3591239619747668,0.9763805939186911,-0.6230998322849359,-0.9017049648974051,"[(-72.581839997573, 53.02112417980258), (-72.55077219119187, 53.014156275839376), (-72.51966187807338, 53.00714586245032), (-72.48850905823998, 53.000092939647764), (-72.45731373171414, 52.992997507444066), (-72.4260758985183, 52.98585956585161), (-72.39479555867501, 52.97867911488281), (-72.36347271220676, 52.97145615455007), (-72.33210735913607, 52.964190684865834), (-72.3006994994855, 52.95688270584255), (-72.26924913327763, 52.9495322174927), (-72.23775626053502, 52.94213921982877), (-72.2062208812803, 52.93470371286326), (-72.17464299553608, 52.92722569660871), (-72.143022603325, 52.91970517107765), (-72.11135970466971, 52.912142136282654), (-72.07965429959289, 52.9045365922363), (-72.04790638811723, 52.896888538951174), (-72.01611597026545, 52.8891979764399), (-71.98428304606026, 52.881464904715116), (-71.95240761552442, 52.87368932378946), (-71.92048967868071, 52.86587123367561), (-71.88852923555187, 52.85801063438625), (-71.85652628616073, 52.85010752593408), (-71.82448083053009, 52.842161908331825), (-71.79239286868281, 52.83417378159222), (-71.76026240064171, 52.82614314572803), (-71.72808942642968, 52.81807000075203), (-71.6958739460696, 52.809954346677), (-71.66361595958439, 52.80179618351577), (-71.63131546699697, 52.793595511281154), (-71.59897246833027, 52.785352329986004), (-71.56658696360726, 52.77706663964319), (-71.53415895285092, 52.76873844026558), (-71.50168843608424, 52.76036773186608), (-71.46917541333022, 52.751954514457616), (-71.43661988461191, 52.74349878805312), (-71.40402184995236, 52.73500055266553), (-71.3713813093746, 52.72645980830784), (-71.33869826290176, 52.71787655499302), (-71.30597271055692, 52.70925079273409), (-71.27320465236319, 52.700582521544064), (-71.24039408834372, 52.691871741435996), (-71.20754101852168, 52.68311845242294), (-71.17464544292022, 52.67432265451797)]",True
1784489782.7864854,0,-72.52684558882997,53.04538958037989,0.8000000119209292,308.6276253933766,0.4087683545097889,-74.77210613238249,53.3808072624995,1.7432040739750418,308.00452556109167,-0.49293661038761627,-2.2452605435525186,0.335417682119612,0.9432040620541127,-0.6230998322849359,-0.9017049648974051,"[(-72.56551925256147, 53.02450403760271), (-72.53510111492508, 53.017581986613656), (-72.50464079417398, 53.01061774994916), (-72.47413829032965, 53.00361132762118), (-72.4435936034136, 52.99656271964168), (-72.41300673344738, 52.98947192602266), (-72.3823776804525, 52.98233894677611), (-72.35170644445057, 52.97516378191406), (-72.32099302546314, 52.96794643144855), (-72.29023742351183, 52.96068689539163), (-72.25943963861823, 52.95338517375538), (-72.22859967080399, 52.94604126655189), (-72.19771752009076, 52.93865517379326), (-72.16679318650023, 52.93122689549162), (-72.13582667005404, 52.92375643165911), (-72.10481797077392, 52.91624378230789), (-72.07376708868158, 52.90868894745014), (-72.04267402379875, 52.901091927098044), (-72.0115387761472, 52.89345272126382), (-71.98036134574869, 52.885771329959695), (-71.94914173262501, 52.87804775319791), (-71.91787993679796, 52.87028199099073), (-71.88657595828936, 52.86247404335044), (-71.85522979712104, 52.85462391028932), (-71.82384145331488, 52.84673159181969), (-71.79241092689274, 52.838797087953886), (-71.76093821787651, 52.83082039870425), (-71.7294233262881, 52.82280152408315), (-71.69786625214944, 52.81474046410296), (-71.66626699548246, 52.80663721877609), (-71.63462555630913, 52.798491788114944), (-71.60294193465141, 52.79030417213196), (-71.5712161305313, 52.782074370839595), (-71.53944814397082, 52.77380238425031), (-71.50763797499198, 52.76548821237659), (-71.47578562361684, 52.75713185523093), (-71.44389108986746, 52.74873331282586), (-71.41195437376591, 52.74029258517391), (-71.37997547533428, 52.73180967228764), (-71.3479543945947, 52.72328457417961), (-71.31589113156929, 52.71471729086241), (-71.2837856862802, 52.70610782234865), (-71.25163805874959, 52.697456168650945), (-71.21944824899964, 52.68876232978194), (-71.18721625705255, 52.68002630575428)]",True
1784489782.8243346,0,-72.49528699341886,53.05067698016705,0.8000000119209292,308.6276253933766,0.4087683545097889,-74.82636304017821,53.33832868617434,1.7071803900509004,308.00452556109167,-0.49293661038761627,-2.3310760467593497,0.2876517060072956,0.9071803781299712,-0.6230998322849359,-0.9017049648974051,"[(-72.53386395965663, 53.03079580067939), (-72.50378081257098, 53.02393842776473), (-72.47365561161419, 53.01703899846156), (-72.44348835680746, 53.0100975127817), (-72.41327904817197, 53.003113970737), (-72.38302768572893, 52.99608837233931), (-72.35273426949959, 52.98902071760051), (-72.32239879950518, 52.9819110065325), (-72.29202127576696, 52.97475923914718), (-72.26160169830621, 52.96756541545649), (-72.23114006714422, 52.96032953547237), (-72.20063638230232, 52.95305159920677), (-72.17009064380184, 52.945731606671686), (-72.13950285166412, 52.9383695578791), (-72.10887300591052, 52.93096545284102), (-72.07820110656243, 52.92351929156949), (-72.04748715364126, 52.91603107407654), (-72.0167311471684, 52.90850080037424), (-71.9859330871653, 52.900928470474675), (-71.9550929736534, 52.893314084389935), (-71.92421080665416, 52.88565764213213), (-71.89328658618908, 52.8779591437134), (-71.86232031227965, 52.87021858914588), (-71.83131198494739, 52.862435978441745), (-71.80026160421383, 52.85461131161317), (-71.76916917010053, 52.84674458867236), (-71.73803468262905, 52.83883580963152), (-71.70685814182099, 52.830884974502894), (-71.67563954769793, 52.82289208329872), (-71.6443789002815, 52.81485713603127), (-71.61307619959332, 52.80678013271283), (-71.58173144565505, 52.79866107335569), (-71.55034463848837, 52.79049995797217), (-71.51891577811496, 52.78229678657461), (-71.48744486455652, 52.774051559175355), (-71.45593189783477, 52.76576427578677), (-71.42437687797145, 52.75743493642125), (-71.39277980498832, 52.74906354109118), (-71.36114067890715, 52.740650089808994), (-71.3294594997497, 52.73219458258712), (-71.29773626753781, 52.723697019438006), (-71.2659709822933, 52.715157400374125), (-71.23416364403799, 52.706575725407966), (-71.20231425279374, 52.69795199455203), (-71.17042280858243, 52.68928620781883)]",True
1784489782.874766,0,-72.46363925471921,53.055411426911796,0.8000000119209292,308.6276253933766,0.4087683545097889,-74.87795404039242,53.294134791571196,1.6916886852367405,308.00452556109167,-0.49293661038761627,-2.414314785673213,0.2387233646593998,0.8916886733158114,-0.6230998322849359,-0.9017049648974051,"[(-72.49481500694436, 53.03802600828201), (-72.4643826899014, 53.03121495253742), (-72.43390815686794, 53.024361678213786), (-72.40339140786564, 53.01746618532311), (-72.37283244291613, 53.01052847387738), (-72.34223126204111, 53.00354854388861), (-72.31158786526224, 52.996526395368846), (-72.28090225260124, 52.98946202833014), (-72.25017442407983, 52.98235544278455), (-72.21940437971976, 52.975206638744176), (-72.18859211954278, 52.96801561622111), (-72.15773764357067, 52.96078237522748), (-72.12684095182523, 52.95350691577542), (-72.09590204432826, 52.94618923787709), (-72.06492092110157, 52.93882934154467), (-72.03389758216703, 52.93142722679033), (-72.00283202754648, 52.923982893626295), (-71.97172425726181, 52.91649634206478), (-71.94057427133492, 52.90896757211804), (-71.90938206978772, 52.901396583798316), (-71.87814765264216, 52.8937833771179), (-71.84687101992014, 52.886127952089076), (-71.81555217164367, 52.878430308724155), (-71.78419110783472, 52.87069044703547), (-71.75278782851527, 52.86290836703537), (-71.72134233370734, 52.855084068736204), (-71.68985462343298, 52.84721755215037), (-71.65832469771424, 52.83930881729025), (-71.62675255657318, 52.83135786416827), (-71.59513820003188, 52.82336469279685), (-71.56348162811247, 52.81532930318845), (-71.53178284083704, 52.80725169535553), (-71.50004183822774, 52.79913186931058), (-71.46825862030674, 52.79096982506609), (-71.43643318709618, 52.78276556263459), (-71.40456553861827, 52.774519082028604), (-71.37265567489521, 52.76623038326069), (-71.34070359594924, 52.75789946634342), (-71.30870930180258, 52.749526331289374), (-71.27667279247748, 52.741110978111166), (-71.24459406799625, 52.73265340682141), (-71.21247312838115, 52.72415361743275), (-71.1803099736545, 52.71561160995783), (-71.14810460383863, 52.70702738440934), (-71.1158570189559, 52.698400940799964)]",True
1784489782.925917,0,-72.4319651426006,53.05996632410085,0.8000000119209292,308.6276253933766,0.4087683545097889,-74.92934069751962,53.24655661980901,1.8064779683660177,308.00452556109167,-0.49293661038761627,-2.4973755549190173,0.18659029570816443,1.0064779564450885,-0.6230998322849359,-0.9017049648974051,"[(-72.4567321347755, 53.04442099214084), (-72.4276197596046, 53.037493233814416), (-72.39846514058023, 53.030523229198735), (-72.36926827772353, 53.02351097830586), (-72.3400291710557, 53.01645648114786), (-72.31074782059791, 53.00935973773685), (-72.28142422637137, 53.00222074808494), (-72.2520583883973, 52.99503951220425), (-72.22265030669693, 52.987816030106934), (-72.19319998129153, 52.98055030180516), (-72.16370741220237, 52.973242327311105), (-72.13417259945072, 52.96589210663698), (-72.10459554305791, 52.958499639794994), (-72.07497624304527, 52.951064926797386), (-72.04531469943413, 52.943587967656406), (-72.01561091224585, 52.93606876238432), (-71.98586488150181, 52.928507310993425), (-71.9560766072234, 52.920903613496016), (-71.92624608943203, 52.91325766990442), (-71.89637332814914, 52.90556948023097), (-71.86645832339617, 52.89783904448803), (-71.83650107519459, 52.89006636268797), (-71.80650158356588, 52.88225143484318), (-71.77645984853152, 52.87439426096606), (-71.74637587011304, 52.866494841069056), (-71.71624964833198, 52.858553175164595), (-71.68608118320988, 52.85056926326514), (-71.65587047476829, 52.84254310538317), (-71.62561752302882, 52.83447470153118), (-71.59532232801307, 52.826364051721676), (-71.56498488974265, 52.81821115596719), (-71.5346052082392, 52.81001601428027), (-71.50418328352438, 52.80177862667349), (-71.47371911561986, 52.79349899315941), (-71.44321270454732, 52.78517711375064), (-71.41266405032847, 52.7768129884598), (-71.38207315298504, 52.76840661729952), (-71.35144001253877, 52.759958000282445), (-71.3207646290114, 52.75146713742125), (-71.29004700242473, 52.74293402872861), (-71.25928713280054, 52.73435867421724), (-71.22848502016063, 52.725741073899854), (-71.19764066452684, 52.71708122778919), (-71.16675406592101, 52.70837913589799), (-71.135825224365, 52.699634798239046)]",True
1784489782.981944,0,-72.41612010339792,53.06218763489423,0.8000000119209292,308.6276253933766,0.4087683545097889,-74.95584371557298,53.22127032543111,1.8560096109586448,308.00452556109167,-0.49293661038761627,-2.5397236121750666,0.15908269053687718,1.0560095990377156,-0.6230998322849359,-0.9017049648974051,"[(-72.4098870667557, 53.051051628243954), (-72.38009800186151, 53.04399961647344), (-72.35026632713094, 53.036904992300606), (-72.32039204258618, 53.02976775573801), (-72.29047514824947, 53.022587906798215), (-72.26051564414307, 53.01536544549383), (-72.23051353028924, 53.00810037183746), (-72.20046880671029, 53.00079268584173), (-72.1703814734285, 52.993442387519295), (-72.14025153046622, 52.98604947688281), (-72.11007897784576, 52.97861395394497), (-72.0798638155895, 52.97113581871847), (-72.04960604371983, 52.96361507121604), (-72.01930566225911, 52.95605171145041), (-71.98896267122979, 52.94844573943433), (-71.95857707065427, 52.94079715518058), (-71.92814886055504, 52.93310595870196), (-71.89767804095453, 52.92537215001127), (-71.86716461187525, 52.917595729121345), (-71.8366085733397, 52.90977669604503), (-71.80600992537042, 52.90191505079519), (-71.77536866798992, 52.89401079338471), (-71.74468480122079, 52.886063923826484), (-71.71395832508556, 52.87807444213344), (-71.68318923960688, 52.870042348318506), (-71.65237754480732, 52.861967642394646), (-71.62152324070955, 52.853850324374825), (-71.59062632733618, 52.84569039427204), (-71.5596868047099, 52.8374878520993), (-71.5287046728534, 52.82924269786963), (-71.49767993178938, 52.820954931596084), (-71.46661258154056, 52.81262455329172), (-71.43550262212968, 52.80425156296962), (-71.40435005357949, 52.79583596064288), (-71.37315487591277, 52.78737774632463), (-71.34191708915233, 52.77887692002799), (-71.31063669332097, 52.77033348176613), (-71.27931368844153, 52.76174743155221), (-71.24794807453685, 52.75311876939943), (-71.21653985162979, 52.74444749532099), (-71.18508901974324, 52.735733609330126), (-71.15359557890011, 52.72697711144008), (-71.12205952912332, 52.71817800166411), (-71.0904808704358, 52.7093362800155), (-71.05885960286052, 52.70045194650755)]",True
1784489783.0433595,0,-72.40026995241973,53.064372172143656,0.8000000119209292,308.6276253933766,0.4087683545097889,-74.98262703861583,53.19491683820255,1.9009427855084442,308.00452556109167,-0.49293661038761627,-2.5823570861960974,0.1305446660588956,1.100942773587515,-0.6230998322849359,-0.9017049648974051,"[(-72.40192500310178, 53.052390602742264), (-72.37397901503415, 53.04526064686993), (-72.34599091142078, 53.03808857317945), (-72.31796069228216, 53.030874381682864), (-72.28988835763879, 53.023618072392225), (-72.2617739075112, 53.01631964531961), (-72.23361734191992, 53.00897910047711), (-72.20541866088556, 53.00159643787683), (-72.17717786442864, 52.994171657530885), (-72.14889495256979, 52.98670475945143), (-72.1205699253296, 52.979195743650614), (-72.09220278272873, 52.971644610140615), (-72.06379352478781, 52.964051358933624), (-72.03534215152752, 52.956415990041855), (-72.00684866296851, 52.94873850347753), (-71.97831305913151, 52.941018899252896), (-71.94973534003722, 52.93325717738021), (-71.92111550570637, 52.92545333787176), (-71.89245355615971, 52.917607380739824), (-71.86374949141802, 52.909719305996724), (-71.83500331150208, 52.90178911365479), (-71.80621501643267, 52.893816803726374), (-71.77738460623064, 52.88580237622383), (-71.74851208091681, 52.87774583115954), (-71.71959744051202, 52.869647168545896), (-71.69064068503717, 52.86150638839533), (-71.66164181451312, 52.85332349072026), (-71.63260082896078, 52.845098475533135), (-71.60351772840107, 52.83683134284643), (-71.57439251285494, 52.82852209267262), (-71.54522518234333, 52.82017072502421), (-71.51601573688723, 52.81177723991372), (-71.4867641765076, 52.803341637353675), (-71.45747050122547, 52.794863917356636), (-71.42813471106187, 52.78634407993516), (-71.39875680603782, 52.777782125101844), (-71.36933678617439, 52.769178052869286), (-71.33987465149265, 52.76053186325011), (-71.31037040201369, 52.75184355625695), (-71.2808240377586, 52.74311313190246), (-71.25123555874855, 52.73434059019932), (-71.22160496500466, 52.7255259311602), (-71.19193225654807, 52.71666915479782), (-71.16221743339999, 52.7077702611249), (-71.1324604955816, 52.698829250154176)]",True
1784489783.0750027,0,-72.39234207954597,53.06544394877904,0.8000000119209292,308.6276253933766,0.4087683545097889,-74.99608268397867,53.18134181169521,1.9218199519762684,308.00452556109167,-0.49293661038761627,-2.6037406044327014,0.11589786291617088,1.1218199400553392,-0.6230998322849359,-0.9017049648974051,"[(-72.38681073852746, 53.05439525552995), (-72.35836308566009, 53.04722877561982), (-72.32987300413366, 53.04001986468498), (-72.3013404939694, 53.03276852273779), (-72.27276555518858, 53.02547474979063), (-72.24414818781246, 53.018138545855905), (-72.21548839186231, 53.01075991094603), (-72.18678616735944, 53.003338845073436), (-72.15804151432518, 52.99587534825058), (-72.12925443278085, 52.98836942048993), (-72.10042492274782, 52.98082106180398), (-72.07155298424746, 52.97323027220523), (-72.04263861730115, 52.965597051706204), (-72.0136818219303, 52.95792140031944), (-71.98468259815634, 52.95020331805751), (-71.95564094600071, 52.94244280493298), (-71.92655686548488, 52.93463986095845), (-71.89743035663032, 52.92679448614652), (-71.86826141945853, 52.918906680509835), (-71.83905005399103, 52.910976444061035), (-71.80979626024934, 52.90300377681278), (-71.78050003825501, 52.894988678777764), (-71.75116138802962, 52.88693114996868), (-71.72178030959475, 52.878831190398245), (-71.692356802972, 52.8706888000792), (-71.66289086818298, 52.8625039790243), (-71.63338250524934, 52.8542767272463), (-71.60383171419272, 52.846007044758004), (-71.5742384950348, 52.837694931572216), (-71.5446028477973, 52.829340387701755), (-71.51492477250189, 52.82094341315947), (-71.48520426917031, 52.81250400795822), (-71.45544133782431, 52.80402217211088), (-71.42563597848564, 52.795497905630334), (-71.3957881911761, 52.78693120852951), (-71.36589797591745, 52.77832208082133), (-71.33596533273155, 52.76967052251875), (-71.3059902616402, 52.760976533634725), (-71.27597276266526, 52.75224011418224), (-71.24591283582859, 52.74346126417431), (-71.21581048115209, 52.73463998362393), (-71.18566569865766, 52.72577627254415), (-71.1554784883672, 52.716870130948024), (-71.12524885030267, 52.707921558848625), (-71.09497678448602, 52.698930556259036)]",True
1784489783.1549795,0,-72.36855469234361,53.06863114664702,0.8000000119209292,308.6276253933766,0.4087683545097889,-75.0366021751641,53.13911290575882,1.9786817645706463,308.00452556109167,-0.49293661038761627,-2.668047482820498,0.0704817591118001,1.178681752649717,-0.6230998322849359,-0.9017049648974051,"[(-72.38681073852746, 53.05439525552995), (-72.35836308566009, 53.04722877561982), (-72.32987300413366, 53.04001986468498), (-72.3013404939694, 53.03276852273779), (-72.27276555518858, 53.02547474979063), (-72.24414818781246, 53.018138545855905), (-72.21548839186231, 53.01075991094603), (-72.18678616735944, 53.003338845073436), (-72.15804151432518, 52.99587534825058), (-72.12925443278085, 52.98836942048993), (-72.10042492274782, 52.98082106180398), (-72.07155298424746, 52.97323027220523), (-72.04263861730115, 52.965597051706204), (-72.0136818219303, 52.95792140031944), (-71.98468259815634, 52.95020331805751), (-71.95564094600071, 52.94244280493298), (-71.92655686548488, 52.93463986095845), (-71.89743035663032, 52.92679448614652), (-71.86826141945853, 52.918906680509835), (-71.83905005399103, 52.910976444061035), (-71.80979626024934, 52.90300377681278), (-71.78050003825501, 52.894988678777764), (-71.75116138802962, 52.88693114996868), (-71.72178030959475, 52.878831190398245), (-71.692356802972, 52.8706888000792), (-71.66289086818298, 52.8625039790243), (-71.63338250524934, 52.8542767272463), (-71.60383171419272, 52.846007044758004), (-71.5742384950348, 52.837694931572216), (-71.5446028477973, 52.829340387701755), (-71.51492477250189, 52.82094341315947), (-71.48520426917031, 52.81250400795822), (-71.45544133782431, 52.80402217211088), (-71.42563597848564, 52.795497905630334), (-71.3957881911761, 52.78693120852951), (-71.36589797591745, 52.77832208082133), (-71.33596533273155, 52.76967052251875), (-71.3059902616402, 52.760976533634725), (-71.27597276266526, 52.75224011418224), (-71.24591283582859, 52.74346126417431), (-71.21581048115209, 52.73463998362393), (-71.18566569865766, 52.72577627254415), (-71.1554784883672, 52.716870130948024), (-71.12524885030267, 52.707921558848625), (-71.09497678448602, 52.698930556259036)]",True
1784489783.1768723,0,-72.36062194460824,53.06966622482967,0.8000000119209292,308.6276253933766,0.4087683545097889,-75.05011113514044,53.12453790899433,1.9958624425840628,308.9525222777787,-0.4712548811902974,-2.6894891905322,0.054871684164659484,1.1958624306631336,0.32489688440210784,-0.8800232357000863,"[(-72.38639784228059, 53.05453795396842), (-72.3586925263583, 53.047346961126074), (-72.33094506042181, 53.0401138160151), (-72.3031554444917, 53.03283851864766), (-72.27532367858852, 53.02552106903592), (-72.24744976273286, 53.018161467192066), (-72.2195336969453, 53.0107597131283), (-72.19157548124647, 53.003315806856854), (-72.16357511565701, 52.995829748389966), (-72.13553260019756, 52.98830153773989), (-72.10744793488881, 52.98073117491891), (-72.07932111975143, 52.9731186599393), (-72.05115215480612, 52.96546399281338), (-72.0229410400736, 52.957767173553485), (-71.99468777557462, 52.95002820217194), (-71.96639236132994, 52.94224707868112), (-71.93805479736032, 52.934423803093395), (-71.90967508368657, 52.926558375421166), (-71.88125322032947, 52.91865079567684), (-71.85278920730984, 52.91070106387285), (-71.82428304464855, 52.90270918002164), (-71.79573473236645, 52.894675144135675), (-71.76714427048441, 52.886598956227445), (-71.73851165902333, 52.87848061630944), (-71.70983689800413, 52.870320124394176), (-71.6811199874477, 52.86211748049419), (-71.65236092737503, 52.85387268462203), (-71.62355971780705, 52.84558573679027), (-71.59471635876476, 52.837256637011485), (-71.56583085026915, 52.828885385298285), (-71.53690319234124, 52.82047198166328), (-71.50793338500205, 52.812016426119115), (-71.47892142827264, 52.80351871867845), (-71.44986732217407, 52.79497885935394), (-71.42077106672741, 52.78639684815828), (-71.39163266195379, 52.77777268510418), (-71.3624521078743, 52.76910637020436), (-71.3332294045101, 52.76039790347156), (-71.30396455188233, 52.75164728491855), (-71.27465755001215, 52.74285451455808), (-71.24530839892076, 52.734019592402966), (-71.21591709862936, 52.725142518466), (-71.18648364915917, 52.71622329276002), (-71.15700805053143, 52.70726191529786), (-71.12749030276738, 52.69825838609239)]",True
1784489783.2309144,0,-72.28126886090782,53.07981585288954,0.8000000119209292,308.6276253933766,0.4087683545097889,-75.17002817419058,52.9830504402758,2.1180210428582664,308.9525222777787,-0.4712548811902974,-2.888759313282762,-0.09676541261374183,1.3180210309373372,0.32489688440210784,-0.8800232357000863,"[(-72.33660797675947, 53.05987265274904), (-72.30485946715221, 53.051832950595944), (-72.27305099707361, 53.043733272911844), (-72.24118256670555, 53.03557361979918), (-72.20925417623009, 53.02735399136059), (-72.17726582582952, 53.01907438769892), (-72.14521751568631, 53.01073480891721), (-72.11310924598315, 53.00233525511871), (-72.08094101690293, 52.99387572640685), (-72.0487128286287, 52.98535622288528), (-72.01642468134375, 52.97677674465785), (-71.98407657523158, 52.9681372918286), (-71.95166851047586, 52.95943786450177), (-71.91920048726047, 52.95067846278183), (-71.8866725057695, 52.94185908677341), (-71.85408456618721, 52.932979736581366), (-71.82143666869813, 52.924040412310745), (-71.78872881348691, 52.9150411140668), (-71.75596100073845, 52.90598184195499), (-71.72313323063783, 52.89686259608096), (-71.69024550337035, 52.88768337655056), (-71.6572978191215, 52.87844418346986), (-71.62429017807695, 52.869145016945104), (-71.5912225804226, 52.85978587708275), (-71.55809502634455, 52.850366763989456), (-71.52490751602909, 52.84088767777208), (-71.4916600496627, 52.83134861853768), (-71.45835262743209, 52.821749586393516), (-71.42498524952414, 52.81209058144705), (-71.39155791612595, 52.802371603805945), (-71.35807062742481, 52.79259265357806), (-71.32452338360821, 52.78275373087146), (-71.29091618486386, 52.77285483579441), (-71.25724903137964, 52.762895968455375), (-71.22352192334367, 52.752877128963014), (-71.18973486094423, 52.74279831742621), (-71.15588784436983, 52.732659533954006), (-71.12198087380916, 52.722460778655694), (-71.08801394945114, 52.71220205164073), (-71.05398707148485, 52.701883353018786), (-71.0199002400996, 52.69150468289974), (-70.9857534554849, 52.681066041393656), (-70.95154671783044, 52.67056742861081), (-70.91728002732613, 52.660008844661675), (-70.88295338416206, 52.64939028965692)]",True
1784489783.8384144,0,-72.28126886090782,53.07981585288954,0.8000000119209292,308.6276253933766,0.4087683545097889,-75.17002817419058,52.9830504402758,2.1180210428582664,308.9525222777787,-0.4712548811902974,-2.888759313282762,-0.09676541261374183,1.3180210309373372,0.32489688440210784,-0.8800232357000863,"[(-72.33660797675947, 53.05987265274904), (-72.30485946715221, 53.051832950595944), (-72.27305099707361, 53.043733272911844), (-72.24118256670555, 53.03557361979918), (-72.20925417623009, 53.02735399136059), (-72.17726582582952, 53.01907438769892), (-72.14521751568631, 53.01073480891721), (-72.11310924598315, 53.00233525511871), (-72.08094101690293, 52.99387572640685), (-72.0487128286287, 52.98535622288528), (-72.01642468134375, 52.97677674465785), (-71.98407657523158, 52.9681372918286), (-71.95166851047586, 52.95943786450177), (-71.91920048726047, 52.95067846278183), (-71.8866725057695, 52.94185908677341), (-71.85408456618721, 52.932979736581366), (-71.82143666869813, 52.924040412310745), (-71.78872881348691, 52.9150411140668), (-71.75596100073845, 52.90598184195499), (-71.72313323063783, 52.89686259608096), (-71.69024550337035, 52.88768337655056), (-71.6572978191215, 52.87844418346986), (-71.62429017807695, 52.869145016945104), (-71.5912225804226, 52.85978587708275), (-71.55809502634455, 52.850366763989456), (-71.52490751602909, 52.84088767777208), (-71.4916600496627, 52.83134861853768), (-71.45835262743209, 52.821749586393516), (-71.42498524952414, 52.81209058144705), (-71.39155791612595, 52.802371603805945), (-71.35807062742481, 52.79259265357806), (-71.32452338360821, 52.78275373087146), (-71.29091618486386, 52.77285483579441), (-71.25724903137964, 52.762895968455375), (-71.22352192334367, 52.752877128963014), (-71.18973486094423, 52.74279831742621), (-71.15588784436983, 52.732659533954006), (-71.12198087380916, 52.722460778655694), (-71.08801394945114, 52.71220205164073), (-71.05398707148485, 52.701883353018786), (-71.0199002400996, 52.69150468289974), (-70.9857534554849, 52.681066041393656), (-70.95154671783044, 52.67056742861081), (-70.91728002732613, 52.660008844661675), (-70.88295338416206, 52.64939028965692)]",True
1784489783.9053621,0,-72.04351828795366,53.11248730719937,0.8000000119209292,308.6276253933766,0.4087683545097889,-75.40612193625506,52.45742540976056,1.2824252830005476,308.9525222777787,-0.4712548811902974,-3.362603648301402,-0.6550618974388129,0.4824252710796184,0.32489688440210784,-0.8800232357000863,"[(-72.1366020045029, 53.08684484164709), (-72.1047455173188, 53.079736191325374), (-72.0728468399952, 53.07258534816526), (-72.04090597255419, 53.0653923121788), (-72.00892291501789, 53.05815708337804), (-71.97689766740845, 53.05087966177506), (-71.944830229748, 53.04356004738195), (-71.91272060205874, 53.036198240210815), (-71.88056878436281, 53.028794240273776), (-71.84837477668242, 53.02134804758298), (-71.81613857903982, 53.01385966215059), (-71.78386019145722, 53.006329083988774), (-71.75153961395688, 52.99875631310973), (-71.71917684656107, 52.99114134952567), (-71.68677188929206, 52.98348419324881), (-71.65432474217218, 52.97578484429141), (-71.62183540522373, 52.96804330266573), (-71.58930387846907, 52.96025956838404), (-71.55673016193053, 52.95243364145864), (-71.52411425563051, 52.94456552190184), (-71.49145615959138, 52.936655209725984), (-71.45875587383556, 52.92870270494341), (-71.42601339838546, 52.92070800756648), (-71.39322873326354, 52.91267111760758), (-71.36040187849224, 52.90459203507911), (-71.32753283409404, 52.896470759993484), (-71.29462160009145, 52.88830729236314), (-71.26166817650696, 52.88010163220052), (-71.2286725633631, 52.8718537795181), (-71.19563476068241, 52.86356373432836), (-71.16255476848747, 52.8552314966438), (-71.12943258680085, 52.84685706647695), (-71.09626821564513, 52.838440443840334), (-71.06306165504293, 52.82998162874651), (-71.0298129050169, 52.82148062120805), (-70.99652196558965, 52.81293742123754), (-70.96318883678389, 52.80435202884759), (-70.92981351862227, 52.79572444405081), (-70.8963960111275, 52.78705466685985), (-70.86293631432228, 52.778342697287364), (-70.82943442822936, 52.769588535346024), (-70.79589035287148, 52.76079218104852), (-70.76230408827142, 52.75195363440757), (-70.72867563445196, 52.74307289543589), (-70.6950049914359, 52.73414996414621)]",True
1784489784.0502412,0,-71.9327137861624,53.12877935228707,0.8000000119209292,308.6276253933766,0.4087683545097889,-75.41125274510321,52.32752198118279,1.1359517834727464,308.9525222777787,-0.4712548811902974,-3.478538958940817,-0.8012573711042776,0.3359517715518172,0.32489688440210784,-0.8800232357000863,"[(-72.0504863976297, 53.086146049051536), (-72.01797151052196, 53.077915562333025), (-71.98541860145164, 53.06964705097903), (-71.95282767044041, 53.06134051500124), (-71.92019871750998, 53.05299595441139), (-71.88753174268203, 53.044613369221196), (-71.8548267459783, 53.03619275944242), (-71.82208372742053, 53.02773412508683), (-71.78930268703049, 53.0192374661662), (-71.75648362482993, 53.010702782692334), (-71.72362654084064, 53.002130074677034), (-71.69073143508446, 52.99351934213213), (-71.65779830758318, 52.98487058506947), (-71.62482715835863, 52.976183803500916), (-71.59181798743266, 52.967458997438335), (-71.55877079482715, 52.958696166893624), (-71.52568558056399, 52.949895311878684), (-71.49256234466506, 52.94105643240544), (-71.45940108715227, 52.93217952848583), (-71.42620180804757, 52.92326460013181)]",True
1784489784.0781462,0,-71.92478966983003,53.129878514971594,0.8000000119209292,308.6276253933766,0.4087683545097889,-75.41071550344437,52.31604576080306,1.1618212736745206,308.9525222777787,-0.4712548811902974,-3.4859258336143313,-0.8138327541685371,0.3618212617535914,0.32489688440210784,-0.8800232357000863,"[(-72.01654891102156, 53.10258285523489), (-71.98143538713906, 53.094688794253415), (-71.94626168450944, 53.08673453713629), (-71.91102780332766, 53.07872008398642), (-71.87573374378889, 53.07064543490692), (-71.84037950608848, 53.06251059000111), (-71.80496509042203, 53.054315549372504), (-71.7694904969853, 53.046060313124826), (-71.73395572597428, 53.037744881362), (-71.69836077758514, 53.029369254188154), (-71.66270565201427, 53.02093343170762), (-71.62699034945825, 53.01243741402493), (-71.59121487011389, 53.00388120124483), (-71.55537921417817, 52.99526479347226), (-71.5194833818483, 52.98658819081236), (-71.48352737332168, 52.97785139337049), (-71.4475111887959, 52.9690544012522), (-71.41143482846878, 52.960197214563244), (-71.37529829253833, 52.95127983340958), (-71.33910158120277, 52.942302257897374), (-71.30284469466051, 52.933264488133), (-71.26652763311017, 52.92416652422302), (-71.23015039675059, 52.91500836627421), (-71.19371298578078, 52.90579001439354), (-71.15721540039998, 52.8965114686882), (-71.12065764080762, 52.88717272926558), (-71.08403970720336, 52.87777379623326), (-71.04736159978701, 52.868314669699025), (-71.01062331875863, 52.85879534977088), (-70.97382486431847, 52.84921583655702), (-70.93696623666698, 52.83957613016585), (-70.9000474360048, 52.82987623070597), (-70.8630684625328, 52.820116138286195), (-70.82602931645205, 52.81029585301553), (-70.7889299979638, 52.8004153750032), (-70.75177050726954, 52.790474704358616), (-70.71455084457092, 52.7804738411914), (-70.67727101006982, 52.770412785611384), (-70.63993100396831, 52.7602915377286), (-70.6025308264687, 52.75011009765327), (-70.56507047777343, 52.73986846549584), (-70.52754995808522, 52.72956664136695), (-70.48996926760694, 52.719204625377444), (-70.4523284065417, 52.70878241763836), (-70.41462737509278, 52.69830001826096)]",True
1784489784.137421,0,-71.90100935524363,53.133118046689226,0.8000000119209292,308.6276253933766,0.4087683545097889,-75.40829792473761,52.2801934311501,1.2322803614071616,308.9525222777787,-0.4712548811902974,-3.50728856949398,-0.8529246155391235,0.4322803494862324,0.32489688440210784,-0.8800232357000863,"[(-71.9840886811906, 53.1085971779677), (-71.95020788283396, 53.10152169052022), (-71.9162847716867, 53.094403887131975), (-71.88231934777359, 53.08724376781595), (-71.84831161111943, 53.08004133258516), (-71.81426156174899, 53.07279658145265), (-71.78016919968714, 53.06550951443146), (-71.74603452495869, 53.05818013153467), (-71.71185753758851, 53.05080843277536), (-71.67763823760151, 53.04339441816665), (-71.64337662502258, 53.035938087721654), (-71.60907269987663, 53.02843944145352), (-71.57472646218861, 53.02089847937542), (-71.54033791198346, 53.01331520150052), (-71.50590704928617, 53.00568960784203), (-71.47143387412171, 52.99802169841317), (-71.43691838651513, 52.99031147322717), (-71.40236058649144, 52.9825589322973), (-71.36776047407568, 52.97476407563683), (-71.33311804929295, 52.96692690325904), (-71.2984333121683, 52.95904741517727), (-71.26370626272687, 52.95112561140482), (-71.22893690099376, 52.94316149195506), (-71.19412522699413, 52.93515505684135), (-71.15927124075313, 52.92710630607708), (-71.12437494229594, 52.91901523967565), (-71.08943633164776, 52.91088185765049), (-71.05445540883382, 52.902706160015036), (-71.01943217387934, 52.89448814678275), (-70.98436662680957, 52.88622781796711), (-70.94925876764981, 52.87792517358162), (-70.91410859642532, 52.8695802136398), (-70.87891611316142, 52.86119293815517), (-70.84368131788345, 52.8527633471413), (-70.80840421061674, 52.84429144061175), (-70.77308479138668, 52.83577721858011), (-70.73772306021863, 52.827220681060005), (-70.702319017138, 52.81862182806505), (-70.6668726621702, 52.80998065960889), (-70.63138399534071, 52.8012971757052), (-70.59585301667495, 52.79257137636766), (-70.5602797261984, 52.78380326160997), (-70.52466412393657, 52.77499283144585), (-70.48900620991498, 52.76614008588904), (-70.45330598415914, 52.757245024953306)]",True
1784489784.1872432,0,-71.86135865945688,53.13839229131032,0.8000000119209292,308.6276253933766,0.4087683545097889,-75.40349311322903,52.21608843897563,1.360455751534809,308.9525222777787,-0.4712548811902974,-3.5421344537721495,-0.9223038523346858,0.5604557396138798,0.32489688440210784,-0.8800232357000863,"[(-71.94616932677658, 53.114597270704586), (-71.91385792395656, 53.10760182777938), (-71.8815042924574, 53.10056415339041), (-71.84910843230158, 53.09348424754976), (-71.81667034351163, 53.08636211026957), (-71.7841900261101, 53.07919774156198), (-71.7516674801195, 53.07199114143914), (-71.7191027055624, 53.064742309913235), (-71.6864957024614, 53.05745124699646), (-71.6538464708391, 53.050117952701015), (-71.6211550107181, 53.042742427039144), (-71.58842132212105, 53.03532467002309), (-71.5556454050706, 53.0278646816651), (-71.52282725958942, 53.02036246197747), (-71.4899668857002, 53.012818010972495), (-71.45706428342562, 53.00523132866249), (-71.42411945278843, 52.99760241505979), (-71.39113239381136, 52.98993127017674), (-71.35810310651716, 52.98221789402571), (-71.3250315909286, 52.97446228661909), (-71.29191784706848, 52.966664447969265), (-71.25876187495959, 52.95882437808867), (-71.22556367462477, 52.95094207698974), (-71.19232324608686, 52.94301754468492), (-71.1590405893687, 52.93505078118669), (-71.1257157044932, 52.92704178650753), (-71.09234859148324, 52.91899056065996), (-71.05893925036173, 52.91089710365649), (-71.0254876811516, 52.90276141550966), (-70.99199388387581, 52.89458349623204), (-70.9584578585573, 52.88636334583619), (-70.92487960521905, 52.87810096433471), (-70.89125912388407, 52.86979635174022), (-70.85759641457538, 52.86144950806533), (-70.823891477316, 52.85306043332269), (-70.79014431212899, 52.84462912752496), (-70.75635491903742, 52.836155590684825), (-70.72252329806436, 52.82763982281498), (-70.68864944923293, 52.81908182392814), (-70.65473337256623, 52.81048159403703), (-70.62077506808741, 52.8018391331544), (-70.58677453581963, 52.79315444129303), (-70.55273177578604, 52.78442751846568), (-70.51864678800985, 52.775658364685164), (-70.48451957251424, 52.7668469799643)]",True
1784489784.2310855,0,-71.8454956656861,53.140481473608446,0.8000000119209292,308.6276253933766,0.4087683545097889,-75.40122344422608,52.18805063901859,1.4513956496007732,308.9525222777787,-0.4712548811902974,-3.555727778539975,-0.9524308345898547,0.651395637679844,0.32489688440210784,-0.8800232357000863,"[(-71.93871632570551, 53.11569023291842), (-71.9068847008128, 53.10869163486841), (-71.87501085563323, 53.10165081380417), (-71.84309479018907, 53.09456776973779), (-71.81113650450261, 53.087442502681384), (-71.77913599859615, 53.08027501264706), (-71.74709327249197, 53.073065299646956), (-71.71500832621243, 53.065813363693245), (-71.68288115977987, 53.05851920479809), (-71.65071177321663, 53.05118282297368), (-71.61850016654512, 53.04380421823223), (-71.58624633978772, 53.03638339058597), (-71.55395029296686, 53.02892034004714), (-71.52161202610499, 53.021415066627995), (-71.48923153922453, 53.01386757034082), (-71.45680883234796, 53.00627785119791), (-71.42434390549776, 52.99864590921157), (-71.39183675869646, 52.99097174439414), (-71.35928739196653, 52.98325535675796), (-71.32669580533056, 52.97549674631539), (-71.29406199881106, 52.96769591307883), (-71.26138597243063, 52.95985285706067), (-71.22866772621185, 52.95196757827332), (-71.19590726017732, 52.944040076729216), (-71.16310457434967, 52.936070352440815), (-71.13025966875156, 52.928058405420586), (-71.09737254340563, 52.920004235681006), (-71.06444319833454, 52.91190784323459), (-71.03147163356101, 52.90376922809384), (-70.99845784910774, 52.895588390271314), (-70.96540184499744, 52.887365329779556), (-70.9323036212529, 52.87910004663114), (-70.89916317789684, 52.87079254083865), (-70.86598051495206, 52.8624428124147), (-70.83275563244135, 52.85405086137191), (-70.79948853038752, 52.845616687722924), (-70.76617920881341, 52.837140291480395), (-70.73282766774187, 52.82862167265701), (-70.69943390719575, 52.82006083126545), (-70.66599792719795, 52.81145776731844), (-70.63251972777137, 52.80281248082869), (-70.5989993089389, 52.794124971808955), (-70.5654366707235, 52.785395240271995), (-70.53183181314813, 52.776623286230596), (-70.49818473623574, 52.767809109697545)]",True
1784489784.2777078,0,-71.82964716689575,53.14267707500887,0.8000000119209292,308.6276253933766,0.4087683545097889,-75.39869583728718,52.1582948742922,1.5338927786975411,308.9525222777787,-0.4712548811902974,-3.5690486703914246,-0.9843822007166665,0.733892766776612,0.32489688440210784,-0.8800232357000863,"[(-71.91522727906437, 53.1189391546211), (-71.88361262586609, 53.11193489944133), (-71.85195572277644, 53.10488839165423), (-71.82025656981772, 53.09779963127196), (-71.7885151670122, 53.0906686183067), (-71.75673151438225, 53.08349535277063), (-71.7249056119502, 53.07627983467597), (-71.69303745973843, 53.06902206403495), (-71.6611270577693, 53.0617220408598), (-71.62917440606523, 53.054379765162786), (-71.59717950464862, 53.04699523695619), (-71.5651423535419, 53.03956845625231), (-71.53306295276752, 53.03209942306346), (-71.50094130234797, 53.02458813740196), (-71.46877740230572, 53.01703459928017), (-71.43657125266327, 53.009438808710456), (-71.40432285344313, 53.00180076570519), (-71.37203220466787, 52.99412047027678), (-71.33969930636002, 52.98639792243765), (-71.30732415854214, 52.978633122200215), (-71.27490676123686, 52.970826069576944), (-71.24244711446677, 52.962976764580304), (-71.20994521825449, 52.95508520722279), (-71.17740107262266, 52.94715139751689), (-71.14481467759393, 52.93917533547514), (-71.112186033191, 52.931157021110074), (-71.07951513943654, 52.92309645443425), (-71.04680199635328, 52.91499363546025), (-71.01404660396395, 52.90684856420065), (-70.98124896229129, 52.898661240668076), (-70.94840907135807, 52.890431664875145), (-70.91552693118706, 52.882159836834504), (-70.88260254180106, 52.87384575655881), (-70.8496359032229, 52.86548942406075), (-70.8166270154754, 52.85709083935301), (-70.78357587858142, 52.848650002448316), (-70.75048249256382, 52.84016691335939), (-70.71734685744548, 52.83164157209898), (-70.68416897324931, 52.82307397867986), (-70.65094883999824, 52.814464133114804), (-70.61768645771518, 52.80581203541662), (-70.58438182642311, 52.797117685598124), (-70.55103494614501, 52.78838108367215), (-70.51764581690385, 52.77960222965155), (-70.48421443872265, 52.7707811235492)]",True
1784489784.3319523,0,-71.78210668068482,53.149296158868914,0.8000000119209292,308.6276253933766,0.4087683545097889,-75.38983890908776,52.06024275747387,1.738208645553413,308.9525222777787,-0.4712548811902974,-3.607732228402938,-1.0890534013950415,0.9382086336324837,0.32489688440210784,-0.8800232357000863,"[(-71.86762574093372, 53.12551423167044), (-71.83538535240466, 53.118523492300746), (-71.80310257904095, 53.1114903652904), (-71.77077742086539, 53.10441485065167), (-71.73840987790076, 53.09729694839686), (-71.7059999501699, 53.09013665853827), (-71.67354763769562, 53.08293398108823), (-71.64105294050078, 53.07568891605909), (-71.60851585860826, 53.06840146346321), (-71.57593639204093, 53.06107162331297), (-71.54331454082171, 53.05369939562077), (-71.51065030497352, 53.04628478039903), (-71.4779436845193, 53.038827777660174), (-71.445194679482, 53.031328387416664), (-71.41240328988462, 53.02378660968097), (-71.37956951575013, 53.01620244446557), (-71.34669335710156, 53.008575891782975), (-71.31377481396191, 53.0009069516457), (-71.28081388635425, 52.993195624066296), (-71.24781057430164, 52.985441909057315), (-71.21476487782715, 52.97764580663133), (-71.1816767969539, 52.96980731680093), (-71.14854633170499, 52.96192643957874), (-71.11537348210355, 52.95400317497737), (-71.08215824817275, 52.94603752300948), (-71.04890062993574, 52.93802948368773), (-71.01560062741574, 52.929979057024795), (-70.98225824063591, 52.92188624303338), (-70.94887346961951, 52.913751041726194), (-70.91544631438977, 52.90557345311598), (-70.88197677496994, 52.897353477215475), (-70.84846485138331, 52.88909111403746), (-70.81491054365316, 52.88078636359472), (-70.78131385180279, 52.87243922590007), (-70.74767477585554, 52.864049700966305), (-70.71399331583477, 52.855617788806285), (-70.68026947176384, 52.84714348943287), (-70.64650324366612, 52.83862680285892), (-70.612694631565, 52.83006772909734), (-70.57884363548393, 52.821466268161025), (-70.54495025544632, 52.81282242006292), (-70.51101449147562, 52.80413618481597), (-70.47703634359532, 52.79540756243312), (-70.44301581182887, 52.78663655292736), (-70.40895289619982, 52.7778231563117)]",True
1784489784.3814986,0,-71.7662057573209,53.151070685257174,0.8000000119209292,308.6276253933766,0.4087683545097889,-75.38607400697062,52.02511446637898,1.7940783436359662,308.9525222777787,-0.4712548811902974,-3.6198682496497128,-1.1259562188781942,0.994078331715037,0.32489688440210784,-0.8800232357000863,"[(-71.83598353620923, 53.12981304525384), (-71.80438011388394, 53.122806523351855), (-71.77273443798555, 53.11575774515996), (-71.74104650853639, 53.10866671069032), (-71.70931632555877, 53.101533419955125), (-71.67754388907505, 53.09435787296657), (-71.64572919910758, 53.08714006973688), (-71.61387225567873, 53.07988001027831), (-71.58197305881092, 53.0725776946031), (-71.55003160852655, 53.06523312272352), (-71.51804790484806, 53.057846294651874), (-71.48602194779791, 53.05041721040047), (-71.45395373739854, 53.04294586998162), (-71.42184327367245, 53.035432273407686), (-71.38969055664215, 53.027876420691015), (-71.35749558633016, 53.020278311843995), (-71.32525836275902, 53.01263794687902), (-71.29297888595126, 53.004955325808496), (-71.26065715592947, 52.99723044864486), (-71.22829317271623, 52.98946331540056), (-71.19588693633416, 52.981653926088065), (-71.16343844680587, 52.97380228071985), (-71.13094770415402, 52.96590837930842), (-71.09841470840125, 52.9579722218663), (-71.06583945957024, 52.94999380840601), (-71.0332219576837, 52.941973138940114), (-71.00056220276431, 52.93391021348118), (-70.96786019483484, 52.92580503204179), (-70.93511593391801, 52.91765759463455), (-70.9023294200366, 52.90946790127209), (-70.86950065321336, 52.90123595196704), (-70.83662963347112, 52.89296174673206), (-70.80371636083267, 52.884645285579836), (-70.77076083532087, 52.87628656852304), (-70.73776305695856, 52.8678855955744), (-70.7047230257686, 52.859442366746634), (-70.67164074177387, 52.850956882052486), (-70.63851620499729, 52.84242914150472), (-70.60534941546177, 52.83385914511611), (-70.57214037319027, 52.82524689289946), (-70.53888907820571, 52.816592384867576), (-70.5055955305311, 52.807895621033296), (-70.47225973018939, 52.79915660140947), (-70.43888167720361, 52.79037532600896), (-70.40546137159679, 52.78155179484465)]",True
1784489784.426327,0,-71.74235263232046,53.15371772999712,0.8000000119209292,308.6276253933766,0.4087683545097889,-75.37742978436874,51.95186806675605,1.8907386248862381,308.9525222777787,-0.4712548811902974,-3.6350771520482823,-1.2018496632410702,1.090738612965309,0.32489688440210784,-0.8800232357000863,"[(-71.7639130208946, 53.1394204361415), (-71.7298357492467, 53.132452271576064), (-71.69571578879838, 53.12544141514307), (-71.66155313957378, 53.11838786685511), (-71.62734780159705, 53.111291626724764), (-71.5930997748924, 53.10415269476466), (-71.558809059484, 53.096971070987415), (-71.52447565539609, 53.089746755405685), (-71.49009956265287, 53.082479748032135), (-71.45568078127863, 53.07517004887946), (-71.4212193112976, 53.06781765796035), (-71.38671515273411, 53.06042257528753), (-71.35216830561244, 53.05298480087375), (-71.31757876995691, 53.04550433473177), (-71.28294654579189, 53.037981176874354), (-71.24827163314173, 53.03041532731431), (-71.21355403203079, 53.02280678606444), (-71.17879374248349, 53.01515555313759), (-71.14399076452425, 53.007461628546594), (-71.10914509817749, 52.99972501230433), (-71.07425674346766, 52.991945704423685), (-71.03932570041923, 52.98412370491756), (-71.0043519690567, 52.976259013798874), (-70.96933554940458, 52.96835163108057), (-70.93427644148738, 52.960401556775615), (-70.89917464532967, 52.95240879089698), (-70.86403016095598, 52.94437333345766), (-70.8288429883909, 52.93629518447067), (-70.79361312765904, 52.928174343949046), (-70.75834057878501, 52.92001081190583), (-70.72302534179344, 52.9118045883541), (-70.68766741670899, 52.90355567330694), (-70.65226680355632, 52.89526406677745), (-70.61682350236012, 52.88692976877876), (-70.58133751314512, 52.878552779323996), (-70.54580883593601, 52.87013309842634), (-70.51023747075757, 52.86167072609895), (-70.47462341763455, 52.85316566235503), (-70.4389666765917, 52.8446179072078), (-70.40326724765386, 52.836027460670486), (-70.36752513084582, 52.82739432275634), (-70.33174032619243, 52.81871849347863), (-70.29591283371855, 52.80999997285064), (-70.26004265344902, 52.80123876088568), (-70.22412978540876, 52.79243485759707)]",True
1784489784.4761097,0,-71.70262423473164,53.158367289488574,0.8000000119209292,308.6276253933766,0.4087683545097889,-75.36717058226368,51.87528433503115,1.9702843415622366,308.9525222777787,-0.4712548811902974,-3.6645463475320383,-1.2830829544574271,1.1702843296413075,0.32489688440210784,-0.8800232357000863,"[(-71.73987172849516, 53.14276665377439), (-71.70741748366996, 53.13581129956438), (-71.6749210295744, 53.12881373328956), (-71.64238236623099, 53.121773954961974), (-71.60980149366218, 53.11469196459367), (-71.57717841189044, 53.10756776219673), (-71.5445131209383, 53.10040134778325), (-71.51180562082831, 53.09319272136533), (-71.479055911583, 53.085941882955105), (-71.44626399322495, 53.07864883256472), (-71.4134298657767, 53.07131357020633), (-71.3805535292609, 53.06393609589212), (-71.34763498370013, 53.056516409634284), (-71.31467422911706, 53.049054511445036), (-71.28167126553431, 53.04155040133661), (-71.24862609297458, 53.03400407932125), (-71.21553871146051, 53.026415545411226), (-71.18240912101484, 53.018784799618814), (-71.14923732166027, 53.011111841956314), (-71.11602331341955, 53.00339667243605), (-71.08276709631542, 52.99563929107035), (-71.04946867037067, 52.987839697871564), (-71.01612803560809, 52.97999789285207), (-70.98274519205047, 52.97211387602424), (-70.94932013972064, 52.964187647400486), (-70.91585287864145, 52.95621920699323), (-70.88234340883574, 52.94820855481491), (-70.84879173032638, 52.94015569087797), (-70.81519784313629, 52.9320606151949), (-70.78156174728836, 52.923923327778176), (-70.74788344280553, 52.91574382864031), (-70.71416292971074, 52.90752211779382), (-70.68040020802694, 52.89925819525125), (-70.64659527777712, 52.89095206102516), (-70.61274813898427, 52.88260371512813), (-70.57885879167141, 52.87421315757275), (-70.54492723586156, 52.865780388371626), (-70.51095347157779, 52.85730540753739), (-70.47693749884314, 52.848788215082685), (-70.44287931768069, 52.84022881102017), (-70.40877892811356, 52.83162719536253), (-70.37463633016486, 52.82298336812246), (-70.34045152385772, 52.814297329312666), (-70.3062245092153, 52.80556907894589), (-70.27195528626075, 52.79679861703487)]",True
1784489784.5269775,0,-71.68673088791452,53.16021120180401,0.8000000119209292,308.6276253933766,0.4087683545097889,-75.36135143140173,51.835959524119964,2.004608364683216,308.9525222777787,-0.4712548811902974,-3.674620543487208,-1.324251677684046,1.2046083527622866,0.32489688440210784,-0.8800232357000863,"[(-71.73354611699074, 53.143560320383), (-71.70263655438039, 53.136547618633244), (-71.67168475363506, 53.129492676122524), (-71.64069071477664, 53.12239549286295), (-71.60965443782706, 53.11525606886664), (-71.57857592280826, 53.10807440414574), (-71.5474551697422, 53.1008504987124), (-71.51629217865083, 53.093584352578794), (-71.48508694955616, 53.08627596575712), (-71.45383948248019, 53.07892533825958), (-71.42254977744496, 53.07153247009841), (-71.39121783447249, 53.064097361285846), (-71.35984365358486, 53.05662001183415), (-71.32842723480414, 53.049100421755604), (-71.29696857815242, 53.0415385910625), (-71.2654676836518, 53.03393451976715), (-71.23392455132445, 53.02628820788189), (-71.20233918119247, 53.01859965541907), (-71.17071157327804, 53.01086886239104), (-71.13904172760334, 53.0030958288102), (-71.10732964419057, 52.99528055468894), (-71.07557532306195, 52.98742304003967), (-71.04377876423972, 52.979523284874844), (-71.0119399677461, 52.971581289206895), (-70.98005893360339, 52.963597053048304), (-70.94813566183386, 52.95557057641155), (-70.91617015245981, 52.94750185930914), (-70.88416240550357, 52.9393909017536), (-70.85211242098748, 52.93123770375745), (-70.82002019893389, 52.923042265333265), (-70.78788573936515, 52.91480458649361), (-70.75570904230368, 52.90652466725107), (-70.72349010777187, 52.89820250761826), (-70.69122893579214, 52.8898381076078), (-70.65892552638692, 52.88143146723234), (-70.62657987957868, 52.87298258650453), (-70.5941919953899, 52.86449146543705), (-70.5617618738431, 52.85595810404259), (-70.52928951496074, 52.84738250233387), (-70.49677491876537, 52.83876466032362), (-70.46421808527953, 52.830104578024574), (-70.43161901452578, 52.821402255449506), (-70.39897770652671, 52.81265769261119), (-70.36629416130491, 52.80387088952243), (-70.33356837888299, 52.795041846196035)]",True
1784489784.5816958,0,-71.65490637480997,53.163556807896505,0.8000000119209292,308.6276253933766,0.4087683545097889,-75.34883923468476,51.75551914978528,2.063992428717576,308.9525222777787,-0.4712548811902974,-3.693932859874792,-1.4080376581112262,1.2639924167966468,0.32489688440210784,-0.8800232357000863,"[(-71.72602231377773, 53.14434222846881), (-71.69546225468629, 53.1372905905546), (-71.66485992110657, 53.130196675553606), (-71.6342153130605, 53.12306048347803), (-71.60352843056998, 53.11588201434008), (-71.57279927365697, 53.108661268152005), (-71.54202784234343, 53.10139824492606), (-71.51121413665133, 53.094092944674514), (-71.48035815660266, 53.08674536740966), (-71.44945990221944, 53.07935551314381), (-71.41851937352372, 53.07192338188928), (-71.38753657053752, 53.064448973658415), (-71.35651149328291, 53.05693228846358), (-71.32544414178196, 53.049373326317145), (-71.29433451605678, 53.041772087231514), (-71.2631826161295, 53.03412857121909), (-71.23198844202224, 53.026442778292314), (-71.20075199375717, 53.01871470846363), (-71.16947327135642, 53.010944361745494), (-71.13815227484223, 53.003131738150394), (-71.10678900423676, 52.99527683769083), (-71.07538345956225, 52.98737966037932), (-71.04393564084093, 52.9794402062284), (-71.01244554809506, 52.971458475250614), (-70.98091318134692, 52.96343446745854), (-70.9493385406188, 52.95536818286476), (-70.917721625933, 52.947259621481884), (-70.88606243731186, 52.93910878332253), (-70.85436097477772, 52.93091566839934), (-70.82261723835293, 52.92268027672496), (-70.79083122805989, 52.91440260831208), (-70.75900294392098, 52.90608266317338), (-70.7271323859586, 52.897720441321574), (-70.6952195541952, 52.889315942769386), (-70.66326444865325, 52.88086916752957), (-70.63126706935518, 52.872380115614874), (-70.59922741632349, 52.86384878703808), (-70.56714548958065, 52.85527518181199), (-70.53502128914921, 52.846659299949415), (-70.5028548150517, 52.83800114146318), (-70.4706460673107, 52.82930070636614), (-70.43839504594872, 52.82055799467116), (-70.4061017509884, 52.81177300639113), (-70.37376618245231, 52.80294574153894), (-70.3413883403631, 52.79407620012752)]",True
1784489784.6242683,0,-71.62315188676426,53.16750607343436,0.8000000119209292,308.6276253933766,0.4087683545097889,-75.33465797491058,51.673166357753196,2.1128620147734645,308.9525222777787,-0.4712548811902974,-3.711506088146322,-1.4943397156811642,1.3128620028525353,0.32489688440210784,-0.8800232357000863,"[(-71.7107984040557, 53.1460806825511), (-71.68085085361582, 53.13896484752061), (-71.65086100668599, 53.131806713464236), (-71.62082886328794, 53.12460628039427), (-71.59075442344349, 53.11736354832301), (-71.56063768717445, 53.110078517262814), (-71.53047865450262, 53.102751187226005), (-71.50027732544986, 53.095381558224965), (-71.47003370003802, 53.08796963027206), (-71.43974777828896, 53.08051540337971), (-71.4094195602246, 53.073018877560315), (-71.37904904586685, 53.065480052826324), (-71.34863623523763, 53.05789892919018), (-71.31818112835889, 53.05027550666436), (-71.28768372525259, 53.042609785261355), (-71.25714402594072, 53.03490176499366), (-71.22656203044525, 53.027151445873805), (-71.19593773878822, 53.01935882791433), (-71.16527115099166, 53.011523911127796), (-71.13456226707761, 53.00364669552677), (-71.10381108706815, 52.995727181123854), (-71.07301761098537, 52.98776536793166), (-71.04218183885138, 52.979761255962806), (-71.0113037706883, 52.97171484522995), (-70.98038340651826, 52.96362613574574), (-70.94942074636342, 52.95549512752287), (-70.91841579024594, 52.94732182057404), (-70.88736853818803, 52.93910621491196), (-70.85627899021189, 52.930848310549365), (-70.82514714633976, 52.92254810749901), (-70.79397300659387, 52.91420560577366), (-70.76275657099649, 52.90582080538611), (-70.73149783956988, 52.89739370634915), (-70.70019681233637, 52.88892430867561), (-70.66885348931825, 52.88041261237833), (-70.63746787053786, 52.87185861747016), (-70.60603995601755, 52.86326232396398), (-70.5745697457797, 52.85462373187268), (-70.54305723984668, 52.84594284120917), (-70.51150243824088, 52.83721965198638), (-70.47990534098474, 52.82845416421725), (-70.4482659481007, 52.819646377914744), (-70.4165842596112, 52.81079629309184), (-70.38486027553871, 52.801903909761535), (-70.35309399590574, 52.792969227936844)]",True
1784489784.6786575,0,-71.60731537332855,53.16978715317008,0.8000000119209292,308.6276253933766,0.4087683545097889,-75.32690551709082,51.631409339378536,2.1339492696476308,308.9525222777787,-0.4712548811902974,-3.719590143762275,-1.5383778137915414,1.3339492577267016,0.32489688440210784,-0.8800232357000863,"[(-71.6400557098488, 53.1539274668966), (-71.60960579713588, 53.146621433378556), (-71.57911323222585, 53.139272745029764), (-71.54857801514142, 53.131881401863), (-71.51800014590528, 53.12444740389106), (-71.4873796245402, 53.11697075112677), (-71.45671645106891, 53.10945144358297), (-71.42601062551424, 53.10188948127251), (-71.39526214789895, 53.09428486420827), (-71.36447101824587, 53.08663759240314), (-71.33363723657781, 53.07894766587004), (-71.30276080291765, 53.07121508462188), (-71.27184171728824, 53.06343984867163), (-71.24087997971249, 53.05562195803224), (-71.2098755902133, 53.0477614127167), (-71.17882854881358, 53.03985821273802), (-71.1477388555363, 53.03191235810921), (-71.11660651040442, 53.02392384884332), (-71.08543151344091, 53.0158926849534), (-71.05421386466877, 53.007818866452524), (-71.022953564111, 52.99970239335379), (-70.99165061179066, 52.991543265670316), (-70.9603050077308, 52.983341483415224), (-70.92891675195447, 52.97509704660167), (-70.8974858444848, 52.966809955242816), (-70.86601228534488, 52.95848020935185), (-70.83449607455782, 52.95010780894197), (-70.80293721214679, 52.941692754026406), (-70.77133569813492, 52.9332350446184), (-70.73969153254542, 52.924734680731206), (-70.70800471540149, 52.9161916623781), (-70.67627524672633, 52.907605989572374), (-70.6445031265432, 52.898977662327354), (-70.61268835487533, 52.89030668065636), (-70.58083093174601, 52.881593044572746), (-70.54893085717853, 52.87283675408988), (-70.5169881311962, 52.86403780922115), (-70.48500275382234, 52.855196209979965), (-70.4529747250803, 52.84631195637974), (-70.42090404499343, 52.83738504843393), (-70.38879071358514, 52.82841548615598), (-70.35663473087881, 52.81940326955938), (-70.32443609689787, 52.81034839865762), (-70.29219481166575, 52.80125087346421), (-70.2599108752059, 52.7921106939927)]",True
1784489784.7420692,0,-71.59149292986493,53.17216406062749,0.8000000119209292,308.6276253933766,0.4087683545097889,-75.31456802722025,51.56815379559639,2.1619669036640925,308.9525222777787,-0.4712548811902974,-3.72307509735532,-1.6040102650311,1.3619668917431633,0.32489688440210784,-0.8800232357000863,"[(-71.57659504480606, 53.16187838576689), (-71.54741378156045, 53.15453145161528), (-71.5181901840614, 53.147142180768654), (-71.48892425233052, 53.13971057323951), (-71.45961598638945, 53.13223662904036), (-71.43026538625985, 53.12472034818371), (-71.40087245196337, 53.1171617306821), (-71.37143718352172, 53.10956077654809), (-71.3419595809566, 53.10191748579426), (-71.31243964428973, 53.0942318584332), (-71.28287737354283, 53.08650389447751), (-71.25327276873769, 53.07873359393983), (-71.22362582989606, 53.0709209568328), (-71.19393655703976, 53.06306598316908), (-71.1642049501906, 53.05516867296136), (-71.13443100937039, 53.047229026222325), (-71.10461473460099, 53.039247042964696), (-71.07475612590424, 53.03122272320121), (-71.04485518330206, 53.023156066944615), (-71.01491190681634, 53.01504707420768), (-70.98492629646897, 53.00689574500319), (-70.95489835228192, 52.99870207934396), (-70.92482807427712, 52.9904660772428), (-70.89471546247655, 52.982187738712554), (-70.86456051690222, 52.973867063766086), (-70.8343632375761, 52.965504052416264), (-70.80412362452022, 52.957098704675985), (-70.77384167775664, 52.94865102055815), (-70.74351739730741, 52.940161000075705), (-70.7131507831946, 52.93162864324158), (-70.68274183544032, 52.92305395006875), (-70.65229055406668, 52.91443692057018), (-70.6217969390958, 52.90577755475889), (-70.59126099054983, 52.89707585264789), (-70.56068270845093, 52.88833181425021), (-70.5300620928213, 52.8795454395789), (-70.49939914368314, 52.87071672864703), (-70.46869386105865, 52.8618456814677), (-70.43794624497009, 52.85293229805401), (-70.40715629543969, 52.843976578419074), (-70.37632401248973, 52.834978522576044), (-70.34544939614251, 52.82593813053808), (-70.31453244642034, 52.816855402318346), (-70.28357316334552, 52.807730337930046), (-70.25257154694042, 52.798562937386386)]",True
1784489784.788464,0,-71.56777475945097,53.175830966749416,0.8000000119209292,307.62941486488955,0.3582930401222413,-75.30583819887202,51.52563418025971,2.178495309881304,308.9525222777787,-0.4712548811902974,-3.7380634394210546,-1.6501967864897082,1.3784952979603748,1.3231074128891578,-0.8295479213125387,"[(-71.56120865425537, 53.16424759833823), (-71.53242732445071, 53.15689694888141), (-71.50360364478443, 53.14950394716048), (-71.47473761527806, 53.142068593187965), (-71.44582923595311, 53.134590886976405), (-71.41687850683114, 53.12707082853836), (-71.38788542793371, 53.11950841788641), (-71.3588499992824, 53.11190365503314), (-71.3297722208988, 53.10425653999117), (-71.30065209280457, 53.09656707277313), (-71.27148961502131, 53.088835253391665), (-71.24228478757067, 53.081061081859445), (-71.21303761047434, 53.07324455818915), (-71.18374808375401, 53.06538568239348), (-71.15441620743137, 53.05748445448516), (-71.12504198152816, 53.049540874476925), (-71.09562540606612, 53.041554942381524), (-71.066166481067, 53.033526658211734), (-71.03666520655258, 53.02545602198034), (-71.00712158254468, 53.01734303370016), (-70.9775356090651, 53.00918769338401), (-70.94790728613566, 53.000990001044734), (-70.91823661377822, 52.99274995669519), (-70.88852359201465, 52.98446756034827), (-70.85876822086682, 52.97614281201686), (-70.82897050035665, 52.96777571171388), (-70.79913043050604, 52.95936625945225), (-70.76924801133694, 52.950914455244934), (-70.73932324287131, 52.942420299104896), (-70.70935612513112, 52.93388379104512), (-70.67934665813836, 52.92530493107861), (-70.64929484191502, 52.916683719218376), (-70.61920067648317, 52.90802015547747), (-70.58906416186483, 52.89931423986895), (-70.55888529808205, 52.89056597240588), (-70.52866408515692, 52.88177535310136), (-70.49840052311154, 52.8729423819685), (-70.46809461196804, 52.86406705902042), (-70.43774635174853, 52.85514938427027), (-70.40735574247516, 52.84618935773121), (-70.37692278417012, 52.83718697941643), (-70.34644747685559, 52.828142249339116), (-70.31592982055376, 52.81905516751249), (-70.28536981528687, 52.80992573394978), (-70.25476746107715, 52.80075394866425)]",True
1784489784.8654587,0,-71.48861005750248,53.187332570208596,0.8000000119209292,307.62941486488955,0.3582930401222413,-75.25595396558667,51.31013580688634,2.2407781900151003,308.9525222777787,-0.4712548811902974,-3.767343908084186,-1.877196763322253,1.440778178094171,1.3231074128891578,-0.8295479213125387,"[(-71.53872417195997, 53.16785936621039), (-71.51107385250118, 53.16046182406604), (-71.48338114059926, 53.153021887193006), (-71.45564603627543, 53.145539555603925), (-71.42786853955086, 53.13801482931146), (-71.4000486504468, 53.130447708328276), (-71.37218636898453, 53.122838192667075), (-71.3442816951853, 53.11518628234057), (-71.31633462907041, 53.10749197736148), (-71.28834517066116, 53.09975527774255), (-71.26031331997886, 53.09197618349656), (-71.23223907704487, 53.08415469463628), (-71.20412244188054, 53.076290811174516), (-71.17596341450725, 53.06838453312409), (-71.14776199494639, 53.060435860497826), (-71.1195181832194, 53.05244479330859), (-71.09123197934767, 53.04441133156925), (-71.06290338335268, 53.036335475292695), (-71.03453239525588, 53.02821722449183), (-71.00611901507877, 53.020056579179595), (-70.97766324284284, 53.01185353936892), (-70.94916507856962, 53.00360810507277), (-70.92062452228065, 52.99532027630413), (-70.89204157399746, 52.986990053075985), (-70.86341623374166, 52.97861743540136), (-70.83474850153483, 52.97020242329329), (-70.80603837739858, 52.961745016764816), (-70.77728586135454, 52.95324521582902), (-70.74849095342435, 52.944703020498984), (-70.71965365362968, 52.936118430787815), (-70.6907739619922, 52.92749144670863), (-70.66185187853364, 52.91882206827457), (-70.6328874032757, 52.910110295498804), (-70.60388053624011, 52.9013561283945), (-70.57483127744862, 52.89255956697485), (-70.54573962692302, 52.88372061125308), (-70.51660558468508, 52.87483926124241), (-70.48742915075663, 52.865915516956086), (-70.45821032515947, 52.85694937840738), (-70.42894910791547, 52.84794084560957), (-70.39964549904647, 52.83888991857597), (-70.37029949857437, 52.82979659731989), (-70.34091110652103, 52.82066088185467), (-70.31148032290841, 52.81148277219367), (-70.28200714775842, 52.80226226835026)]",True
1784489784.9140208,0,-71.4568090512375,53.19089256013524,0.8000000119209292,307.62941486488955,0.3582930401222413,-75.23304616746731,51.223108178585996,2.258346280892171,308.9525222777787,-0.4712548811902974,-3.776237116229808,-1.9677843815492437,1.4583462689712416,1.3231074128891578,-0.8295479213125387,"[(-71.51584912973755, 53.171337324759214), (-71.4889865201731, 53.16386836684404), (-71.46208148538012, 53.15635698150046), (-71.4351340253796, 53.1488031687412), (-71.40814414019255, 53.14120692857904), (-71.38111182983998, 53.133568261026745), (-71.35403709434296, 53.12588716609712), (-71.32691993372252, 53.11816364380299), (-71.29976034799978, 53.11039769415717), (-71.2725583371958, 53.10258931717253), (-71.24531390133171, 53.09473851286194), (-71.21802704042865, 53.086845281238276), (-71.19069775450777, 53.078909622314455), (-71.1633260435902, 53.0709315361034), (-71.13591190769718, 53.06291102261806), (-71.1084553468499, 53.054848081871384), (-71.08095636106957, 53.046742713876355), (-71.05341495037744, 53.03859491864598), (-71.02583111479478, 53.03040469619326), (-70.99820485434286, 53.02217204653123), (-70.97053616904297, 53.01389696967295), (-70.94282505891644, 53.005579465631484), (-70.9150715239846, 52.99721953441992), (-70.88727556426876, 52.98881717605136), (-70.85943717979035, 52.98037239053894), (-70.83155637057071, 52.971885177895786), (-70.80363313663126, 52.96335553813506), (-70.77566747799342, 52.95478347126995), (-70.74765939467865, 52.94616897731363), (-70.71960888670839, 52.93751205627934), (-70.6915159541041, 52.92881270818029), (-70.6633805968873, 52.92007093302974), (-70.63520281507947, 52.911286730840956), (-70.60698260870217, 52.90246010162723), (-70.57871997777694, 52.89359104540185), (-70.55041492232534, 52.88467956217815), (-70.52206744236898, 52.87572565196947), (-70.49367753792943, 52.86672931478916), (-70.46524520902832, 52.8576905506506), (-70.43677045568731, 52.848609359567185), (-70.40825327792803, 52.83948574155232), (-70.37969367577216, 52.83031969661945), (-70.3510916492414, 52.82111122478201), (-70.32244719835745, 52.81186032605346), (-70.29376032314205, 52.802567000447304)]",True
1784489784.9517074,0,-71.43291172819606,53.19310823394965,0.8000000119209292,307.62941486488955,0.3582930401222413,-75.2147444673588,51.15770039419714,2.2694490931089635,308.9525222777787,-0.4712548811902974,-3.7818327391627378,-2.0354078397525086,1.4694490811880343,1.3231074128891578,-0.8295479213125387,"[(-71.50068649973925, 53.17373619871664), (-71.47446947979185, 53.16621667360592), (-71.44821003456462, 53.158654721096504), (-71.42190816407825, 53.15105034120112), (-71.39556386835343, 53.143403533932556), (-71.36917714741092, 53.135714299303594), (-71.34274800127146, 53.127982637327044), (-71.31627642995582, 53.12020854801573), (-71.28976243348478, 53.112392031382505), (-71.26320601187913, 53.104533087440224), (-71.23660716515971, 53.09663171620176), (-71.20996589334734, 53.088687917680026), (-71.18328219646291, 53.08070169188793), (-71.15655607452727, 53.0726730388384), (-71.12978752756132, 53.0646019585444), (-71.10297655558597, 53.05648845101889), (-71.07612315862214, 53.04833251627487), (-71.04922733669079, 53.04013415432533), (-71.02228908981287, 53.0318933651833), (-70.99530841800939, 53.02361014886183), (-70.96828532130132, 53.01528450537396), (-70.9412197997097, 53.006916434732794), (-70.91411185325556, 52.99850593695141), (-70.88696148195994, 52.99005301204293), (-70.85976868584395, 52.98155766002048), (-70.83253346492864, 52.97301988089721), (-70.80525581923516, 52.9644396746863), (-70.7779357487846, 52.95581704140092), (-70.75057325359812, 52.94715198105429), (-70.72316833369689, 52.938444493659624), (-70.69572098910209, 52.92969457923016), (-70.66823121983491, 52.92090223777916), (-70.64069902591658, 52.9120674693199), (-70.61312440736832, 52.903190273865675), (-70.5855073642114, 52.89427065142979), (-70.55784789646707, 52.88530860202559), (-70.53014600415662, 52.87630412566641), (-70.50240168730139, 52.867257222365616), (-70.47461494592267, 52.8581678921366), (-70.44678578004181, 52.84903613499276), (-70.41891418968018, 52.839861950947515), (-70.39100017485916, 52.83064534001431), (-70.36304373560014, 52.82138630220659), (-70.33504487192457, 52.812084837537846), (-70.30700358385383, 52.80274094602156)]",True
1784489785.0111208,0,-71.4089987712324,53.19514966745568,0.8000000119209292,307.62941486488955,0.3582930401222413,-75.19550014502212,51.0922405997491,2.2790422059508004,308.9525222777787,-0.4712548811902974,-3.7865013737897186,-2.102909067706584,1.4790421940298712,1.3231074128891578,-0.8295479213125387,"[(-71.46890213942514, 53.1781420775144), (-71.44192347065783, 53.17058270939204), (-71.41490219168948, 53.1629807288357), (-71.38783830254151, 53.155336135858384), (-71.36073180323535, 53.147648930473125), (-71.33358269379248, 53.13991911269298), (-71.30639097423436, 53.13214668253101), (-71.27915664458247, 53.12433164000031), (-71.25187970485834, 53.116473985113984), (-71.22456015508348, 53.10857371788516), (-71.19719799527945, 53.10063083832697), (-71.16979322546783, 53.09264534645259), (-71.14234584567018, 53.08461724227519), (-71.11485585590812, 53.07654652580798), (-71.08732325620326, 53.06843319706416), (-71.05974804657727, 53.06027725605698), (-71.03213022705177, 53.05207870279968), (-71.00446979764845, 53.04383753730555), (-70.97676675838902, 53.03555375958787), (-70.94902110929517, 53.02722736965995), (-70.92123285038865, 53.01885836753512), (-70.8934019816912, 53.01044675322672), (-70.8655285032246, 53.00199252674812), (-70.83761241501062, 52.9934956881127), (-70.80965371707109, 52.98495623733387), (-70.78165240942782, 52.97637417442504), (-70.75360849210267, 52.96774949939965), (-70.72552196511748, 52.959082212271156), (-70.69739282849415, 52.95037231305304), (-70.66922108225455, 52.94161980175878), (-70.64100672642061, 52.93282467840191), (-70.61274976101427, 52.92398694299594), (-70.58445018605748, 52.915106595554434), (-70.55610800157223, 52.90618363609095), (-70.52772320758048, 52.89721806461908), (-70.49929580410425, 52.88820988115243), (-70.47082579116558, 52.87915908570461), (-70.44231316878651, 52.87006567828927), (-70.4137579369891, 52.86092965892007), (-70.38516009579544, 52.85175102761069), (-70.35651964522762, 52.84252978437482), (-70.32783658530776, 52.83326592922618), (-70.29911091605801, 52.8239594621785), (-70.27034263750052, 52.81461038324553), (-70.24153174965747, 52.805218692441045)]",True
1784489785.0261164,0,-71.36128459327132,53.200359003361484,0.8000000119209292,307.62941486488955,0.3582930401222413,-75.15413794020716,50.96139886433588,2.294492543068736,308.9525222777787,-0.4712548811902974,-3.7928533469358428,-2.2389601390256075,1.494492531147807,1.3231074128891578,-0.8295479213125387,"[(-71.42854064055607, 53.18267369135716), (-71.40160216934943, 53.17501676276076), (-71.37462125621839, 53.16731739004619), (-71.34759790118403, 53.15957557322632), (-71.32053210426746, 53.151791312314025), (-71.29342386548981, 53.14396460732222), (-71.26627318487223, 53.13609545826382), (-71.2390800624359, 53.12818386515176), (-71.21184449820198, 53.12022982799902), (-71.18456649219169, 53.112233346818556), (-71.15724604442624, 53.10419442162337), (-71.12988315492687, 53.096113052426475), (-71.10247782371484, 53.087989239240905), (-71.07503005081142, 53.079822982079705), (-71.0475398362379, 53.07161428095594), (-71.02000718001561, 53.0633631358827), (-70.99243208216585, 53.05506954687309), (-70.96481454270999, 53.04673351394023), (-70.93715456166937, 53.03835503709726), (-70.9094521390654, 53.02993411635734), (-70.88170727491945, 53.02147075173364), (-70.85391996925296, 53.01296494323935), (-70.82609022208736, 53.0044166908877), (-70.7982180334441, 52.995825994691906), (-70.77030340334468, 52.98719285466522), (-70.74234633181058, 52.97851727082091), (-70.71434681886328, 52.969799243172254), (-70.68630486452433, 52.96103877173256), (-70.65822046881529, 52.95223585651515), (-70.6300936317577, 52.943390497533365), (-70.60192435337315, 52.93450269480056), (-70.57371263368324, 52.9255724483301), (-70.54545847270958, 52.91659975813539), (-70.51716187047383, 52.907584624229834), (-70.48882282699763, 52.89852704662687), (-70.46044134230266, 52.889427025339934), (-70.43201741641059, 52.8802845603825), (-70.40355104934314, 52.87109965176805), (-70.37504224112203, 52.86187229951008), (-70.34649099176902, 52.85260250362212), (-70.31789730130586, 52.843290264117705), (-70.28926116975434, 52.83393558101039), (-70.26058259713625, 52.824538454313746), (-70.2318615834734, 52.81509888404137), (-70.20309812878766, 52.80561687020687)]",True
1784489785.0916858,0,-71.30573297816466,53.20743040347689,0.8000000119209292,307.62941486488955,0.3582930401222413,-75.10107897318348,50.809294129441874,2.307642258395727,308.9525222777787,-0.4712548811902974,-3.7953459950188204,-2.398136274035018,1.5076422464747978,1.3231074128891578,-0.8295479213125387,"[(-71.38025792696405, 53.18680268155176), (-71.3528854024677, 53.17901482831712), (-71.32547044319213, 53.171184538077014), (-71.29801304915858, 53.16331181084435), (-71.27051322038834, 53.15539664663205), (-71.24297095690267, 53.14743904545307), (-71.2153862587229, 53.13943900732037), (-71.18775912587036, 53.13139653224693), (-71.16008955836638, 53.12331162024575), (-71.13237755623234, 53.11518427132985), (-71.10462311948963, 53.10701448551227), (-71.07682624815963, 53.09880226280607), (-71.04898694226378, 53.09054760322431), (-71.0211052018235, 53.082250506780085), (-70.99318102686024, 53.073910973486505), (-70.96521441739549, 53.0655290033567), (-70.93720537345071, 53.05710459640382), (-70.90915389504744, 53.048637752641014), (-70.88105998220719, 53.04012847208148), (-70.85292363495152, 53.0315767547384), (-70.824744853302, 53.02298260062501), (-70.79652363728016, 53.014346009754526), (-70.76825998690765, 53.00566698214021), (-70.73995390220607, 52.99694551779534), (-70.71160538319705, 52.9881816167332), (-70.68321442990225, 52.9793752789671), (-70.65478104234333, 52.97052650451036), (-70.626305220542, 52.96163529337633), (-70.59778696451995, 52.95270164557838), (-70.56922627429891, 52.943725561129874), (-70.54062314990063, 52.93470704004422), (-70.51197759134686, 52.925646082334836), (-70.48328959865941, 52.91654268801515), (-70.45455917186005, 52.90739685709862), (-70.42578631097061, 52.89820858959871), (-70.3969710160129, 52.88897788552892), (-70.3681132870088, 52.879704744902746), (-70.33921312398016, 52.87038916773372), (-70.31027052694888, 52.86103115403538), (-70.28128549593686, 52.851630703821286), (-70.25225803096602, 52.84218781710502), (-70.22318813205831, 52.832702493900186), (-70.19407579923569, 52.82317473422039), (-70.16492103252014, 52.81360453807926), (-70.13572383193365, 52.80399190549046)]",True
1784489785.1314316,0,-71.28986545124395,53.209484872387556,0.8000000119209292,307.62941486488955,0.3582930401222413,-75.08497843149692,50.766008485422184,2.310646310719197,308.9525222777787,-0.4712548811902974,-3.7951129802529664,-2.443476386965372,1.5106462987982676,1.3231074128891578,-0.8295479213125387,"[(-71.3406465545472, 53.190899599176255), (-71.31281247332588, 53.1830669281144), (-71.28493578997198, 53.17519165262154), (-71.25701650450729, 53.1672737727108), (-71.22905461695359, 53.15931328839531), (-71.2010501273327, 53.15131019968824), (-71.17300303566645, 53.14326450660276), (-71.14491334197668, 53.13517620915207), (-71.11678104628525, 53.12704530734938), (-71.08860614861405, 53.118871801207916), (-71.06038864898497, 53.11065569074094), (-71.03212854741994, 53.10239697596172), (-71.00382584394089, 53.09409565688354), (-70.97548053856977, 53.08575173351971), (-70.94709263132856, 53.077365205883545), (-70.91866212223927, 53.0689360739884), (-70.89018901132388, 53.06046433784762), (-70.86167329860444, 53.0519499974746), (-70.833114984103, 53.043393052882735), (-70.80451406784161, 53.034793504085435), (-70.77587054984235, 53.026151351096146), (-70.74718443012735, 53.01746659392831), (-70.71845570871872, 53.00873923259541), (-70.68968438563859, 52.99996926711093), (-70.66087046090912, 52.99115669748837), (-70.6320139345525, 52.98230152374127), (-70.60311480659092, 52.97340374588317), (-70.5741730770466, 52.96446336392763), (-70.54518874594174, 52.955480377888236), (-70.51616181329864, 52.94645478777859), (-70.48709227913952, 52.93738659361232), (-70.4579801434867, 52.928275795403046), (-70.42882540636246, 52.919122393164436), (-70.39962806778915, 52.90992638691016), (-70.3703881277891, 52.90068777665391), (-70.34110558638467, 52.8914065624094), (-70.31178044359825, 52.882082744190356), (-70.28241269945222, 52.87271632201053), (-70.25300235396902, 52.86330729588369), (-70.22354940717108, 52.853855665823616), (-70.19405385908082, 52.84436143184411), (-70.16451570972075, 52.834824593959006), (-70.13493495911334, 52.82524515218213), (-70.1053116072811, 52.81562310652734), (-70.07564565424656, 52.80595845700852)]",True
1784489785.1745708,0,-71.25806733169475,53.213060056631264,0.8000000119209292,307.62941486488955,0.3582930401222413,-75.05152921950598,50.67973424437699,2.315843627913359,308.9525222777787,-0.4712548811902974,-3.793461887811233,-2.533325812254276,1.51584361599243,1.3231074128891578,-0.8295479213125387,"[(-71.29988378097165, 53.19589438150109), (-71.27101664309723, 53.1881022318592), (-71.2421069103372, 53.18026748490806), (-71.21315458271381, 53.17239014066079), (-71.18415966024929, 53.16447019913051), (-71.15512214296595, 53.156507660330384), (-71.12604203088604, 53.14850252427357), (-71.09691932403189, 53.140454790973244), (-71.06775402242579, 53.13236446044262), (-71.0385461260901, 53.12423153269493), (-71.00929563504718, 53.1160560077434), (-70.98000254931942, 53.1078378856013), (-70.95066686892922, 53.0995771662819), (-70.92128859389898, 53.0912738497985), (-70.89186772425114, 53.08292793616441), (-70.86240426000815, 53.07453942539297), (-70.83289820119249, 53.06610831749753), (-70.80334954782664, 53.057634612491455), (-70.7737582999331, 53.04911831038814), (-70.74412445753443, 53.04055941120099), (-70.71444802065312, 53.031957914943426), (-70.68472898931178, 53.023313821628896), (-70.65496736353298, 53.01462713127086), (-70.6251631433393, 53.0058978438828), (-70.59531632875337, 52.99712595947821), (-70.56542691979784, 52.988311478070614), (-70.53549491649537, 52.97945439967355), (-70.5055203188686, 52.97055472430056), (-70.47550312694025, 52.96161245196523), (-70.44544334073302, 52.952627582681146), (-70.41534096026965, 52.943600116461916), (-70.38519598557286, 52.934530053321176), (-70.35500841666546, 52.92541739327256), (-70.32477825357019, 52.91626213632974), (-70.29450549630988, 52.907064282506404), (-70.26419014490735, 52.89782383181625), (-70.23383219938542, 52.88854078427299), (-70.20343165976695, 52.87921513989037), (-70.17298852607485, 52.86984689868215), (-70.14250279833198, 52.860436060662096), (-70.11197447656127, 52.85098262584401), (-70.08140356078565, 52.8414865942417), (-70.05079005102805, 52.831947965869), (-70.02013394731145, 52.82236674073976), (-69.98943524965885, 52.81274291886784)]",True
1784489785.231097,0,-71.23418757085322,53.215457659114996,0.8000000119209292,307.62941486488955,0.3582930401222413,-75.02536235533084,50.615321262065294,2.3191282669354174,308.9525222777787,-0.4712548811902974,-3.7911747844776187,-2.6001363970497025,1.5191282550144882,1.3231074128891578,-0.8295479213125387,"[(-71.28383383227218, 53.19816146212962), (-71.25607445964552, 53.1904229951856), (-71.22827283291909, 53.18264227189282), (-71.20042895211397, 53.174819292263955), (-71.17254281725124, 53.16695405631172), (-71.14461442835204, 53.15904656404882), (-71.11664378543749, 53.151096815488), (-71.08863088852874, 53.143104810642015), (-71.06057573764694, 53.135070549523626), (-71.0324783328133, 53.12699403214563), (-71.00433867404901, 53.11887525852084), (-70.9761567613753, 53.11071422866207), (-70.9479325948134, 53.102510942582164), (-70.91966617438456, 53.094265400293985), (-70.89135750011006, 53.08597760181041), (-70.86300657201119, 53.077647547144345), (-70.83461339010925, 53.06927523630869), (-70.80617795442559, 53.060860669316384), (-70.77770026498153, 53.052403846180376), (-70.74918032179845, 53.04390476691363), (-70.72061812489771, 53.03536343152913), (-70.69201367430072, 53.02677984003987), (-70.6633669700289, 53.01815399245889), (-70.63467801210366, 53.00948588879922), (-70.60594680054648, 53.000775529073906), (-70.5771733353788, 52.992022913296026), (-70.54835761662213, 52.983228041478675), (-70.51949964429795, 52.974390913634956), (-70.49059941842779, 52.965511529778), (-70.4616569390332, 52.95658988992094), (-70.43267220613573, 52.94762599407695), (-70.40364521975695, 52.93861984225921), (-70.37457597991845, 52.929571434480906), (-70.34546448664184, 52.92048077075526), (-70.31631073994878, 52.911347851095506), (-70.28711473986085, 52.90217267551489), (-70.25787648639978, 52.89295524402669), (-70.22859597958721, 52.88369555664418), (-70.19927321944483, 52.87439361338066), (-70.16990820599439, 52.86504941424946), (-70.1405009392576, 52.855662959263924), (-70.11105141925623, 52.8462342484374), (-70.08155964601202, 52.83676328178326), (-70.0520256195468, 52.827250059314906), (-70.02244933988234, 52.817694581045735)]",True
1784489785.275119,0,-71.20236909929636,53.21886085513741,0.8000000119209292,307.62941486488955,0.3582930401222413,-74.98905050254537,50.52987682869288,2.322823778160251,308.9525222777787,-0.4712548811902974,-3.7866814032490055,-2.6889840264445297,1.5228237662393218,1.3231074128891578,-0.8295479213125387,"[(-71.26884699569467, 53.20012353337147), (-71.24128929864474, 53.1923829479921), (-71.21368916278524, 53.18459992154933), (-71.18604658813751, 53.17677445405605), (-71.15836157472293, 53.16890654552518), (-71.13063412256285, 53.16099619596965), (-71.10286423167871, 53.153043405402414), (-71.0750519020919, 53.14504817383644), (-71.04719713382387, 53.13701050128473), (-71.01929992689608, 53.12893038776027), (-70.99136028132999, 53.120807833276096), (-70.9633781971471, 53.11264283784525), (-70.93535367436891, 53.10443540148079), (-70.90728671301699, 53.096185524195796), (-70.87917731311283, 53.087893206003365), (-70.85102547467804, 53.079558446916614), (-70.82283119773416, 53.071181246948676), (-70.79459448230283, 53.0627616061127), (-70.76631532840565, 53.05429952442186), (-70.73799373606427, 53.04579500188933), (-70.70962970530033, 53.03724803852833), (-70.6812232361355, 53.028658634352084), (-70.65277432859148, 53.02002678937382), (-70.62428298268998, 53.011352503606815), (-70.59574919845272, 53.002635777064334), (-70.56717297590146, 52.99387660975968), (-70.53855431505795, 52.985075001706164), (-70.50989321594399, 52.97623095291712), (-70.48118967858136, 52.967344463405894), (-70.45244370299189, 52.95841553318586), (-70.4236552891974, 52.949444162270396), (-70.39482443721977, 52.94043035067291), (-70.36595114708085, 52.931374098406835), (-70.33703541880253, 52.9222754054856), (-70.30807725240673, 52.91313427192267), (-70.27907664791537, 52.903950697731524), (-70.25003360535041, 52.89472468292565), (-70.2209481247338, 52.88545622751856), (-70.1918202060875, 52.87614533152379), (-70.16264984943354, 52.86679199495489), (-70.13343705479393, 52.857396217825425), (-70.1041818221907, 52.84795800014898), (-70.07488415164589, 52.83847734193916), (-70.0455440431816, 52.82895424320959), (-70.01616149681989, 52.8193887039739)]",True
1784489785.3340158,0,-71.17850398271095,53.22140147471766,0.8000000119209292,307.62941486488955,0.3582930401222413,-74.96119215723556,50.46596404448535,2.3251592947204442,308.9525222777787,-0.4712548811902974,-3.7826881745246084,-2.7554374302323126,1.525159282799515,1.3231074128891578,-0.8295479213125387,"[(-71.21219255602426, 53.20622563687762), (-71.18309112523634, 53.19846164421499), (-71.15394711131425, 53.19065506596615), (-71.12476051428028, 53.18280590214418), (-71.09553133415677, 53.1749141527622), (-71.06625957096607, 53.16697981783332), (-71.03694522473053, 53.1590028973707), (-71.00758829547254, 53.15098339138748), (-70.97818878321452, 53.14292129989685), (-70.94874668797888, 53.134816622912), (-70.91926200978806, 53.12666936044615), (-70.88973474866451, 53.118479512512536), (-70.86016490463071, 53.110247079124406), (-70.83055247770915, 53.10197206029503), (-70.80089746792235, 53.093654456037704), (-70.77119987529285, 53.08529426636573), (-70.74145969984318, 53.07689149129243), (-70.71167694159591, 53.068446130831155), (-70.68185160057364, 53.05995818499527), (-70.65198367679896, 53.05142765379814), (-70.62207317029451, 53.042854537253184), (-70.59212008108291, 53.03423883537381), (-70.56212440918684, 53.02558054817346), (-70.53208615462897, 53.01687967566558), (-70.502005317432, 53.00813621786365), (-70.47188189761863, 52.99935017478116), (-70.44171589521162, 52.99052154643162), (-70.4115073102337, 52.98165033282856), (-70.38125614270766, 52.97273653398552), (-70.35096239265626, 52.96378014991607), (-70.32062606010233, 52.954781180633795), (-70.29024714506868, 52.945739626152296), (-70.25982564757818, 52.93665548648519), (-70.22936156765368, 52.92752876164612), (-70.19885490531804, 52.91835945164875), (-70.16830566059419, 52.90914755650674), (-70.13771383350503, 52.89989307623379), (-70.10707942407349, 52.890596010843616), (-70.07640243232254, 52.881256360349944), (-70.04568285827514, 52.87187412476653), (-70.0149207019543, 52.86244930410713), (-69.984115963383, 52.85298189838554), (-69.95326864258429, 52.843471907615566), (-69.92237873958122, 52.833919331811025), (-69.89144625439684, 52.82432417098576)]",True
1784489785.388476,0,-71.1466805818967,53.22475826558932,0.8000000119209292,307.62941486488955,0.3582930401222413,-74.9233085579378,50.38096387350048,2.32778695870605,308.9525222777787,-0.4712548811902974,-3.776627976041098,-2.8437943920888458,1.5277869467851206,1.3231074128891578,-0.8295479213125387,"[(-71.20397334058718, 53.20721928780741), (-71.17586037422325, 53.19948124339281), (-71.14770515260459, 53.19170094143071), (-71.11950767575249, 53.18387838193382), (-71.09126794368822, 53.176013564914875), (-71.06298595643311, 53.1681064903866), (-71.03466171400845, 53.16015715836176), (-71.00629521643557, 53.152165568853135), (-70.97788646373584, 53.144131721873514), (-70.94943545593064, 53.136055617435716), (-70.92094219304133, 53.12793725555257), (-70.89240667508933, 53.119776636236914), (-70.86382890209607, 53.11157375950162), (-70.83520887408298, 53.103328625359566), (-70.80654659107154, 53.095041233823665), (-70.7778420530832, 53.08671158490683), (-70.74909526013948, 53.078339678621994), (-70.72030621226187, 53.06992551498212), (-70.69147490947192, 53.06146909400017), (-70.66260135179118, 53.05297041568913), (-70.6336855392412, 53.04442948006202), (-70.60472747184356, 53.03584628713187), (-70.57572714961988, 53.0272208369117), (-70.54668457259177, 53.01855312941459), (-70.51759974078088, 53.00984316465362), (-70.48847265420885, 53.001090942641866), (-70.45930331289736, 52.992296463392464), (-70.43009171686809, 52.98345972691853), (-70.40083786614275, 52.974580733233225), (-70.37154176074309, 52.96565948234971), (-70.34220340069082, 52.95669597428117), (-70.31282278600771, 52.94769020904081), (-70.28339991671557, 52.93864218664185), (-70.25393479283615, 52.929551907097526), (-70.22442741439129, 52.9204193704211), (-70.19487778140281, 52.91124457662584), (-70.16528589389259, 52.90202752572504), (-70.13565175188246, 52.892768217732005), (-70.10597535539434, 52.88346665266007), (-70.0762567044501, 52.87412283052257), (-70.04649579907169, 52.86473675133288), (-70.01669263928103, 52.85530841510437), (-69.98684722510009, 52.84583782185044), (-69.95695955655083, 52.8363249715845), (-69.92702963365524, 52.82676986432)]",True
1784489785.4278991,0,-71.13076696907004,53.226418441052225,0.8000000119209292,307.62941486488955,0.3582930401222413,-74.90403661188127,50.33857172625086,2.328920797247771,308.9525222777787,-0.4712548811902974,-3.773269642811229,-2.8878467148013627,1.5289207853268418,1.3231074128891578,-0.8295479213125387,"[(-71.17184457146553, 53.21052082023243), (-71.14274113264456, 53.202764681469496), (-71.11359524132959, 53.194966087772364), (-71.08440689754275, 53.187125039154004), (-71.05517610130617, 53.17924153562742), (-71.02590285264202, 53.17131557720561), (-70.99658715157248, 53.16334716390161), (-70.96722899811977, 53.15533629572847), (-70.93782839230607, 53.14728297269924), (-70.90838533415365, 53.13918719482702), (-70.87889982368473, 53.1310489621249), (-70.84937186092161, 53.122868274606006), (-70.81980144588655, 53.11464513228348), (-70.79018857860187, 53.10637953517047), (-70.76053325908991, 53.09807148328015), (-70.730835487373, 53.08972097662572), (-70.7010952634735, 53.08132801522039), (-70.67131258741381, 53.07289259907739), (-70.64148745921631, 53.06441472820996), (-70.6116198789034, 53.055894402631374), (-70.58170984649755, 53.04733162235491), (-70.55175736202119, 53.03872638739387), (-70.5217624254968, 53.03007869776158), (-70.49172503694687, 53.021388553471375), (-70.46164519639392, 53.012655954536605), (-70.43152290386044, 53.00388090097065), (-70.40135815936901, 52.9950633927869), (-70.37115096294218, 52.98620342999878), (-70.34090131460253, 52.977301012619705), (-70.31060921437266, 52.968356140663126), (-70.28027466227518, 52.95936881414251), (-70.24989765833273, 52.95033903307134), (-70.21947820256796, 52.941266797463115), (-70.18901629500354, 52.93215210733136), (-70.15851193566216, 52.922994962689614), (-70.12796512456654, 52.91379536355143), (-70.09737586173941, 52.904553309930385), (-70.06674414720348, 52.89526880184007), (-70.03606998098155, 52.8859418392941), (-70.00535336309638, 52.8765724223061), (-69.97459429357077, 52.867160550889714), (-69.94379277242754, 52.85770622505862), (-69.91294879968953, 52.848209444826495), (-69.88206237537958, 52.83867021020704), (-69.85113349952057, 52.82908852121398)]",True
1784489785.4896793,0,-71.09893593066577,53.22970201596846,0.8000000119209292,307.62941486488955,0.3582930401222413,-74.86482990599983,50.25402295745007,2.330882453675075,308.9525222777787,-0.4712548811902974,-3.765893975334052,-2.975679058518395,1.530882441754146,1.3231074128891578,-0.8295479213125387,"[(-71.11648826028251, 53.216437724398205), (-71.08778328690252, 53.20868720421639), (-71.05903588826847, 53.2008942563949), (-71.0302460644022, 53.19305888094666), (-71.00141381532559, 53.185181077884586), (-70.97253914106051, 53.17726084722163), (-70.94362204162888, 53.16929818897076), (-70.91466251705263, 53.16129310314495), (-70.88566056735368, 53.15324558975721), (-70.85661619255401, 53.14515564882056), (-70.82752939267559, 53.13702328034804), (-70.79840016774041, 53.1288484843527), (-70.76922851777051, 53.12063126084762), (-70.74001444278791, 53.11237160984588), (-70.71075794281465, 53.10406953136061), (-70.68145901787281, 53.09572502540492), (-70.65211766798447, 53.08733809199197), (-70.62273389317174, 53.07890873113491), (-70.59330769345674, 53.07043694284694), (-70.56383906886161, 53.06192272714125), (-70.53432801940852, 53.05336608403106), (-70.50477454511964, 53.04476701352961), (-70.47517864601718, 53.03612551565015), (-70.44554032212334, 53.02744159040596), (-70.41585957346035, 53.018715237810326), (-70.38613640005046, 53.00994645787656), (-70.35637080191594, 53.00113525061799), (-70.32656277907908, 52.99228161604796), (-70.29671233156219, 52.98338555417983), (-70.26681945938759, 52.97444706502699), (-70.23688416257762, 52.96546614860284), (-70.20690644115463, 52.9564428049208), (-70.176886295141, 52.947377033994286), (-70.14682372455913, 52.93826883583677), (-70.11671872943141, 52.92911821046172), (-70.0865713097803, 52.91992515788263), (-70.05638146562823, 52.91068967811301), (-70.02614919699771, 52.90141177116638), (-69.99587450391118, 52.89209143705629), (-69.96555738639117, 52.882728675796294), (-69.93519784446016, 52.87332348739998), (-69.90479587814073, 52.86387587188095), (-69.87435148745543, 52.85438582925281), (-69.84386467242682, 52.84485335952921), (-69.81333543307751, 52.83527846272379)]",True
1784489785.5293062,0,-71.08301852228294,53.23132539697511,0.8000000119209292,307.62941486488955,0.3582930401222413,-74.84489672552807,50.21187240784915,2.331728909567106,308.9525222777787,-0.4712548811902974,-3.761878203245132,-3.019452989125959,1.531728897646177,1.3231074128891578,-0.8295479213125387,"[(-71.09381592378377, 53.21890555699872), (-71.06621286344212, 53.211132034377975), (-71.03856733676878, 53.203316043156434), (-71.01087934378526, 53.195457583347086), (-70.98314888451311, 53.187556654962954), (-70.95537595897386, 53.17961325801708), (-70.92756056718908, 53.17162739252251), (-70.89970270918035, 53.163599058492316), (-70.87180238496929, 53.15552825593959), (-70.8438595945775, 53.14741498487745), (-70.81587433802663, 53.13925924531902), (-70.78784661533834, 53.13106103727743), (-70.7597764265343, 53.122820360765864), (-70.7316637716362, 53.1145372157975), (-70.70350865066577, 53.10621160238553), (-70.67531106364473, 53.09784352054317), (-70.64707101059483, 53.089432970283674), (-70.61878849153783, 53.080979951620286), (-70.59046350649552, 53.07248446456628), (-70.56209605548972, 53.063946509134944), (-70.53368613854222, 53.05536608533959), (-70.5052337556749, 53.04674319319355), (-70.47673890690959, 53.038077832710165), (-70.44820159226816, 53.029370003902805), (-70.41962181177253, 53.02061970678485), (-70.3909995654446, 53.0118269413697), (-70.3623348533063, 53.002991707670766), (-70.33362767537959, 52.9941140057015), (-70.30487803168643, 52.98519383547535), (-70.2760859222488, 52.97623119700579), (-70.24725134708872, 52.96722609030631), (-70.2183743062282, 52.95817851539043), (-70.18945479968927, 52.94908847227166), (-70.16049282749401, 52.939955960963566), (-70.13148838966448, 52.9307809814797), (-70.1024414862228, 52.92156353383365), (-70.07335211719106, 52.91230361803902), (-70.04422028259141, 52.903001234109425), (-70.01504598244598, 52.8936563820585), (-69.98582921677695, 52.884269061899914), (-69.9565699856065, 52.874839273647325), (-69.92726828895685, 52.86536701731443), (-69.89792412685021, 52.85585229291495), (-69.86853749930881, 52.846295100462605), (-69.83910840635494, 52.836695439971145)]",True
1784489786.2019157,0,-71.07506003332391,53.23213923843142,0.8000000119209292,307.62941486488955,0.3582930401222413,-74.83484201746865,50.1908322050463,2.332122195835941,308.9525222777787,-0.4712548811902974,-3.7597819841447375,-3.0413070333851238,1.5321221839150116,1.3231074128891578,-0.8295479213125387,"[(-71.0701533462453, 53.22132730026808), (-71.04274384089645, 53.213524956762605), (-71.01529185815795, 53.205680133619445), (-70.9877973980513, 53.19779283085164), (-70.960260460598, 53.18986304847225), (-70.93268104581955, 53.18189078649434), (-70.90505915373748, 53.17387604493103), (-70.87739478437337, 53.16581882379541), (-70.84968793774874, 53.157719123100634), (-70.82193861388521, 53.14957694285984), (-70.79414681280437, 53.14139228308619), (-70.76631253452786, 53.13316514379289), (-70.7384357790773, 53.12489552499313), (-70.71051654647438, 53.11658342670014), (-70.68255483674075, 53.10822884892716), (-70.6545506498981, 53.09983179168746), (-70.62650398596816, 53.0913922549943), (-70.59841484497265, 53.08291023886098), (-70.57028322693334, 53.07438574330083), (-70.542109131872, 53.065818768327176), (-70.51389255981039, 53.057209313953365), (-70.48563351077031, 53.048557380192776), (-70.45733198477362, 53.03986296705879), (-70.42898798184214, 53.03112607456481), (-70.40060150199774, 53.02234670272427), (-70.37217254526229, 53.01352485155061), (-70.3437011116577, 53.004660521057296), (-70.31518720120587, 52.9957537112578), (-70.28663081392874, 52.98680442216561), (-70.25803194984826, 52.97781265379426), (-70.2293906089864, 52.96877840615728), (-70.20070679136515, 52.959701679268214), (-70.17198049700652, 52.95058247314065), (-70.14321172593252, 52.94142078778816), (-70.11440047816521, 52.93221662322436), (-70.08554675372665, 52.92296997946288), (-70.0566505526389, 52.91368085651735), (-70.02771187492408, 52.904349254401446), (-69.99873072060429, 52.89497517312884), (-69.96970708970166, 52.88555861271323), (-69.94064098223836, 52.87609957316835), (-69.91153239823657, 52.86659805450791), (-69.88238133771846, 52.85705405674568), (-69.85318780070622, 52.84746757989543), (-69.82395178722211, 52.837838623970946)]",True
