timestamp,lap,ego_x,ego_y,ego_vel,ego_s,ego_d,opp_x,opp_y,opp_vel,opp_s,opp_d,rel_x,rel_y,rel_vel,rel_s,rel_d,imm_trajectory,imm_active
1784490052.6743526,0,11.202654829234065,2.694835449731059,0.0,267.9199349435958,-0.4472115315209706,6.168725795766909,1.6608,0.0,272.6895955151659,-0.43447975908724973,-5.033929033467157,-1.0340354497310589,0.0,4.769660571570057,0.012731772433720867,"[(-34.90732402403997, 49.581060636000664), (-34.93446522055143, 49.57846518348345), (-34.96166910185835, 49.57580702496236), (-34.98893566771014, 49.57308616055828), (-35.01626491785591, 49.57030259039246), (-35.043656852044435, 49.56745631458645), (-35.071111470024135, 49.564547333262155), (-35.09862877154312, 49.5615756465418), (-35.126208756349165, 49.55854125454794), (-35.15385142418971, 49.555444157403464), (-35.181556774811874, 49.55228435523159), (-35.20932480796244, 49.54906184815587), (-35.23715552338785, 49.54577663630019), (-35.265048920834225, 49.54242871978876), (-35.29300500004736, 49.539018098746126), (-35.32102376077271, 49.53554477329716), (-35.3491052027554, 49.53200874356707), (-35.37724932574024, 49.528410009681394), (-35.40545612947168, 49.524748571766), (-35.43372561369386, 49.52102442994708)]",True
1784490052.7571213,0,11.203589636038442,2.694835457105403,0.08117288011659016,267.9199349435958,-0.4472115315209706,6.170034525278988,1.6607999855462852,0.11364203095365605,272.6895955151659,-0.43447975908724973,-5.033555110759455,-1.034035471559118,0.03246915083706589,4.769660571570057,0.012731772433720867,"[(11.80209337201362, 2.0533117653543194), (12.291222845330719, 1.542441238671417), (12.773105300859218, 1.0243236941999139), (13.247740738599116, 0.4989591319398099), (13.715129158550413, -0.033652448108895006), (14.175270560713109, -0.5735110459462008), (14.628164945087205, -1.1206166615721076), (15.073812311672699, -1.6749692949866153), (15.512212660469592, -2.236568946189724), (15.943365991477885, -2.805415615181434), (16.367272304697575, -3.3815093019617444), (16.783931600128668, -3.964850006530656), (17.193343877771156, -4.555437728888168), (17.595509137625044, -5.153272469034281), (17.99042737969033, -5.758354226968995), (18.378098603967018, -6.37068300269231), (18.758522810455105, -6.990258796204226), (19.13169999915459, -7.617081607504743), (19.497630170065474, -8.251151436593862), (19.856313323187756, -8.89246828347158), (20.207749458521437, -9.5410321481379), (20.55193857606652, -10.19684303059282), (20.888880675823, -10.859900930836341), (21.21857575779088, -11.530205848868464), (21.54102382197016, -12.207757784689187), (21.856224868360837, -12.892556738298511), (22.164178896962913, -13.584602709696437), (22.464885907776388, -14.283895698882963), (22.758345900801263, -14.99043570585809), (23.044558876037538, -15.704222730621819), (23.323524833485212, -16.425256773174148), (23.595243773144283, -17.153537833515077), (23.859715695014753, -17.889065911644607), (24.116940599096623, -18.631841007562738), (24.366918485389892, -19.38186312126947), (24.60964935389456, -20.139132252764803), (24.84513320461063, -20.903648402048738), (25.073370037538098, -21.675411569121273), (25.294359852676962, -22.45442175398241), (25.508102650027226, -23.240678956632145), (25.71459842958889, -24.03418317707048), (25.913847191361953, -24.834934415297422), (26.105848935346415, -25.642932671312963), (26.290603661542278, -26.458177945117104), (26.468111369949536, -27.280670236709845)]",True
1784490052.7790956,0,11.204572265984448,2.694835553847388,0.11535311023388647,267.9199349435958,-0.4472115315209706,6.176542093164797,1.6607966513575094,0.35169435260854576,272.6895955151659,-0.43447975908724973,-5.02803017281965,-1.0340389024898784,0.23634124237465928,4.769660571570057,0.012731772433720867,"[(11.759936616972405, 2.068979837460539), (12.248813840099224, 1.5801026143337205), (12.730275866082705, 1.0986405883502397), (13.204322694916899, 0.6245937595160471), (13.670954326595947, 0.15796212783699842), (14.130170761114089, -0.3012543066811453), (14.58197199846566, -0.7530555440327173), (15.026358038645089, -1.197441584212146), (15.463328881646897, -1.6344124272139537), (15.8928845274657, -2.063968073032758), (16.31502497609621, -2.4861085216632706), (16.729750227533238, -2.900833773100298), (17.13706028177168, -3.3081438273387413), (17.536955138806537, -3.7080386843735966), (17.929434798632894, -4.100518344199954), (18.31449926124594, -4.485582806812998), (18.69214852664095, -4.8632320722080085), (19.0623825948133, -5.23346614038036), (19.42520146575846, -5.59628501132552), (19.78060513947199, -5.951688685039054), (20.128593615949555, -6.299677161516618), (20.469166895186902, -6.640250440753966), (20.80232497717988, -6.973408522746944), (21.12806786192443, -7.299151407491494), (21.446395549416586, -7.617479094983653), (21.757308039652482, -7.928391585219552), (22.060805332628348, -8.231888878195416), (22.3568874283405, -8.527970973907568), (22.64555432678535, -8.816637872352418), (22.92680602795941, -9.097889573526478), (23.200642531859287, -9.371726077426354), (23.46706383848168, -9.638147384048741), (23.726069947823373, -9.897153493390435), (23.97766085988126, -10.148744405448324), (24.221836574652325, -10.392920120219388), (24.458597092133644, -10.629680637700707), (24.687942412322386, -10.85902595788945), (24.90987253521582, -11.080956080782887), (25.124387460811306, -11.295471006378374), (25.331487189106305, -11.502570734673371), (25.53117172009836, -11.702255265665427), (25.723441053785116, -11.894524599352184), (25.908295190164317, -12.079378735731385), (26.085734129233792, -12.256817674800862), (26.255757870991474, -12.426841416558544)]",True
1784490052.8368986,0,11.216945560838287,2.694855905297051,0.28888367342200194,267.9199349435958,-0.4472115315209706,6.222360813160563,1.6594338436651044,0.9262309932730269,272.6895955151659,-0.43447975908724973,-4.994584747677724,-1.0354220616319467,0.637347319851025,4.769660571570057,0.012731772433720867,"[(10.83323011052864, 2.0993885932619496), (10.459232677196843, 1.6077980583885991), (10.07892081078816, 1.1225237028089405), (9.69229475458146, 0.64356581427234), (9.299354755728936, 0.17092467665260302), (8.900101065255951, -0.29539943005219493), (8.494533938060876, -0.7554062297198734), (8.08265363291493, -1.2090954501043103), (7.664460412462013, -1.6564668228356032), (7.2399545432185395, -2.0975200834202274), (6.809136295573268, -2.532254971241192), (6.372005943787129, -2.9606712295581943), (5.9285637659930535, -3.3827686055077706), (5.478810044195793, -3.798546850103446), (5.022745064271741, -4.20800571823588), (4.560369115968753, -4.61114496867301), (4.091682492905961, -5.007964364060196), (3.6166854925735885, -5.398463670920359), (3.135378416332762, -5.782642659654116), (2.6477615694153163, -6.160501104539918), (2.153835260923607, -6.532038783734179), (1.6535998038303112, -6.897255479271409), (1.1470555149782298, -7.256150977064339), (0.6342027150800872, -7.608725066904048), (0.11504172871832907, -7.954977542460088), (-0.41042711565508366, -8.294908201280599), (-0.9422034857188821, -8.628516844792427), (-1.4802870452827, -8.95580327830125), (-2.0246774542872843, -9.27676731099168), (-2.575374368804712, -9.591408755927375), (-3.1323774410386065, -9.899727430051158), (-3.6956863193243565, -10.201723154185107), (-4.265300648129338, -10.497395753030673), (-4.841220068053139, -10.786745055168776), (-5.423444215827787, -11.069770893059902), (-6.011972724317975, -11.3464731030442), (-6.606805222521294, -11.616851525341582), (-7.207941335568472, -11.880906004051807), (-7.8153806847236, -12.138636387154577), (-8.429122887384379, -12.39004252650962), (-9.049167557082356, -12.635124277856777), (-9.67551430348317, -12.873881500816083), (-10.308162732386798, -13.106314058887847), (-10.947112445727798, -13.332421819452733), (-11.592363041575567, -13.55220465377183)]",True
1784490052.8884676,0,11.238348202488183,2.6950116345687523,0.4184311903330026,267.9199349435958,-0.4472115315209706,6.253055840638976,1.657910174308784,1.1184675198874956,272.6895955151659,-0.43447975908724973,-4.985292361849207,-1.0371014602599682,0.700036329554493,4.769660571570057,0.012731772433720867,"[(10.949087351109013, 2.142440888920921), (10.692738243154373, 1.6422194111566306), (10.436173920392545, 1.1422135879155637), (10.179394385832671, 0.6424234243520897), (9.922399642486212, 0.14284892561824525), (9.665189693366953, -0.356509903136266), (9.407764541490993, -0.8556530567640735), (9.15012418987675, -1.3545805301201397), (8.892268641544966, -1.8532923180617602), (8.634197899518698, -2.3517884154485635), (8.37591196682332, -2.850068817142512), (8.117410846486527, -3.348133518007901), (7.858694541538331, -3.8459825129113585), (7.599763055011067, -4.343615796721847), (7.340616389939384, -4.841033364310662), (7.08125454936025, -5.3382352105514315), (6.821677536312953, -5.835221330320119), (6.5618853538391, -6.331991718495019), (6.3018780049826155, -6.828546369956763), (6.041655492789741, -7.3248852795883135), (5.781217820309039, -7.821008442274967), (5.520564990591389, -8.316915852904355), (5.259697006689988, -8.812607506366442), (4.998613871660353, -9.308083397553528), (4.737315588560319, -9.803343521360244), (4.475802160450038, -10.298387872683557), (4.214073590391981, -10.793216446422768), (3.9521298814509356, -11.287829237479512), (3.689971036694011, -11.782226240757756), (3.4275970591906315, -12.276407451163806), (3.16500795201254, -12.770372863606298), (2.9022037182337983, -13.264122472996204), (2.639184360930785, -13.757656274246832), (2.375949883182197, -14.25097426227382), (2.1125002880690498, -14.744076431995143), (1.8488355786746755, -15.236962778331113), (1.5849557580847249, -15.729633296204373), (1.3208608293871662, -16.2220879805399), (1.0565507956722855, -16.71432682626501), (0.7920256600326866, -17.206349828309353), (0.527285425563291, -17.69815698160491), (0.26233009536133783, -18.189748281085997), (-0.002840327473616455, -18.681123721689268), (-0.2682258398396975, -19.17228329835371), (-0.5338264386327136, -19.66322700602065)]",True
1784490052.979974,0,11.247074709779397,2.6951199204671754,0.453855657206482,267.9199349435958,-0.4472115315209706,6.302170740917549,1.6550905258551554,1.3347507209199165,272.6895955151659,-0.43300656826156275,-4.944903968861849,-1.04002939461202,0.8808950637134345,4.769660571570057,0.014204963259407843,"[(11.014847195786679, 2.175164026642803), (10.816940066174956, 1.6992283316045511), (10.618939336436782, 1.2233866362019454), (10.420845007644758, 0.7476389426411475), (10.222657080871942, 0.27198525312785915), (10.024375557191846, -0.20357443013267795), (9.826000437678436, -0.6790401049356823), (9.627531723406136, -1.1544117690768325), (9.428969415449817, -1.629689420352267), (9.23031351488481, -2.1048730565585845), (9.031564022786894, -2.5799626754928435), (8.83272094023231, -3.054958274952563), (8.63378426829775, -3.529859852735722), (8.434754008060358, -4.00466740664076), (8.235630160597733, -4.479380934466575), (8.036412726987932, -4.954000434012527), (7.837101708309461, -5.428525903078436), (7.637697105641284, -5.90295733946458), (7.438198920062818, -6.3772947409717), (7.238607152653932, -6.851538105400997), (7.038921804494951, -7.3256874305541295), (6.8391428766666555, -7.7997427142332185), (6.639270370250277, -8.273703954240844), (6.439304286327505, -8.747571148380048), (6.239244625980479, -9.221344294454331), (6.039091390291796, -9.695023390267654), (5.838844580344506, -10.168608433624438), (5.638504197222111, -10.642099422329565), (5.438070242008569, -11.115496354188378), (5.237542715788295, -11.588799227006678), (5.036921619646153, -12.06200803859073), (4.836206954667462, -12.535122786747255), (4.6353987219379995, -13.008143469283437), (4.434496922543992, -13.48107008400692), (4.233501557572122, -13.953902628725805), (4.032412628109526, -14.42664110124866), (3.8312301352437963, -14.899285499384506), (3.629954080062976, -15.371835820942831), (3.428584463655564, -15.844292063733578), (3.2271212871105135, -16.316654225567152), (3.025564551517231, -16.788922304254424), (2.8239142579655776, -17.261096297606716), (2.6221704075458674, -17.733176203435818), (2.42033300134887, -18.205162019553974), (2.2184020404658087, -18.677053743773893)]",True
1784490053.0254939,0,11.271691581330023,2.695938305076167,0.5286885235999005,267.9199349435958,-0.4472115315209706,6.329760072037008,1.6534239557336494,1.4280770482588743,272.6895955151659,-0.43300656826156275,-4.941931509293015,-1.0425143493425175,0.8993885246589738,4.769660571570057,0.014204963259407843,"[(11.054413735679995, 2.251556878258482), (10.889479010282665, 1.8455383250044017), (10.724472662466972, 1.4395916874998986), (10.559394692839625, 1.0337169669861108), (10.394245102007567, 0.6279141647039421), (10.229023890577967, 0.222183281894063), (10.063731059158231, -0.18347568020309044), (9.898366608355994, -0.5890627203473162), (9.732930538779122, -0.9945778372986465), (9.567422851035712, -1.4000210298173472), (9.401843545734092, -1.8053922966639186), (9.236192623482822, -2.210691636599095), (9.070470084890694, -2.6159190483838444), (8.904675930566729, -3.0210745307793694), (8.73881016112018, -3.426158082547107), (8.572872777160532, -3.8311697024487272), (8.4068637792975, -4.236109389246135), (8.240783168141034, -4.640977141701469), (8.074630944301308, -5.045772958577102), (7.908407108388733, -5.45049683863564), (7.742111661013951, -5.855148780639927), (7.5757446027878315, -6.259728783353036), (7.409305934321479, -6.6642368455382766), (7.2427956562262255, -7.068672965959192), (7.076213769113638, -7.47303714337956), (6.9095602735955115, -7.877329376563393), (6.7428351702838745, -8.281549664274937), (6.576038459790985, -8.68569800527867), (6.409170142729334, -9.089774398339308), (6.24223021971164, -9.493778842221799), (6.075218691350858, -9.897711335691325), (5.90813555826017, -10.301571877513302), (5.740980821052991, -10.705360466453381), (5.573754480342966, -11.10907710127745), (5.406456536743973, -11.512721780751624), (5.23908699087012, -11.916294503642257), (5.0716458433357445, -12.319795268715938), (4.904133094755418, -12.723224074739486), (4.736548745743941, -13.12658092047996), (4.568892796916348, -13.529865804704647), (4.401165248887901, -13.933078726181073), (4.233366102274096, -14.336219683676996), (4.065495357690658, -14.739288675960408), (3.897553015753544, -15.142285701799535), (3.729539077078943, -15.545210759962838)]",True
1784490053.075555,0,11.317546713855474,2.699835650340971,0.6162591823334675,267.9199349435958,-0.4472115315209706,6.473607979563586,1.6442418144189732,1.7517826312182225,272.6895955151659,-0.43300656826156275,-4.843938734291888,-1.0555938359219978,1.135523448884755,4.769660571570057,0.014204963259407843,"[(11.125223477021574, 2.3979487298479487), (11.013566360556222, 2.1259235801667664), (10.901847216809074, 1.8539606173664187), (10.790066046085004, 1.5820598420137992), (10.678222848689025, 1.31022125467566), (10.566317624926294, 1.038444855918611), (10.454350375102106, 0.766730646309121), (10.342321099521897, 0.4950786264135166), (10.230229798491244, 0.22348879679798245), (10.118076472315865, -0.04803884197143826), (10.005861121301617, -0.3195042893288442), (9.893583745754501, -0.590907544708476), (9.781244345980657, -0.8622486075447158), (9.668842922286363, -1.133527477272088), (9.55637947497804, -1.4047441533252583), (9.443854004362255, -1.6758986351390344), (9.331266510745705, -1.9469909221483659), (9.218616994435235, -2.218021013788344), (9.10590545573783, -2.4889889094942017), (8.993131894960612, -2.759894608701314), (8.88029631241085, -3.0307381108451974), (8.767398708395948, -3.3015194153615113), (8.654439083223453, -3.5722385216860553), (8.541417437201053, -3.8428954292547712), (8.428333770636575, -4.113490137503743), (8.315188083837988, -4.384022645869197), (8.2019803771134, -4.654492953787501), (8.088710650771066, -4.924901060695163), (7.9753789051193715, -5.195246966028835), (7.86198514046685, -5.46553066922531), (7.748529357122174, -5.735752169721523), (7.635011555394156, -6.00591146695455), (7.52143173559175, -6.2760085603616105), (7.407789898024049, -6.546043449380064), (7.294086043000289, -6.8160161334474125), (7.1803201708298445, -7.0859266120013), (7.066492281822232, -7.355774884479512), (6.95260237628711, -7.625560950319977), (6.838650454534275, -7.895284808960763), (6.724636516873665, -8.164946459840081), (6.610560563615358, -8.434545902396286), (6.496422595069577, -8.70408313606787), (6.382222611546678, -8.973558160293472), (6.267960613357165, -9.242970974511868), (6.153636600811678, -9.51232157816198)]",True
1784490053.1350527,0,11.396498638152469,2.7072365658886337,0.6975971942779692,267.9199349435958,-0.4472115315209706,6.68039277160398,1.6296462064361072,1.9958070769247047,272.6895955151659,-0.43300656826156275,-4.716105866548489,-1.0775903594525265,1.2982098826467356,4.769660571570057,0.014204963259407843,"[(11.089791403908563, 2.288430743417359), (11.004466193993816, 2.0945546557677344), (10.919088412095975, 1.9007312468768953), (10.833658058422873, 1.706960517086529), (10.748175133182444, 1.5132424667382178), (10.662639636582723, 1.319577096173441), (10.577051568831848, 1.1259644057335731), (10.491410930138066, 0.9324043957598852), (10.40571772070972, 0.7388970665935441), (10.319971940755261, 0.545442418575613), (10.234173590483243, 0.3520404520470508), (10.148322670102322, 0.15869116734871255), (10.062419179821257, -0.03460543517865061), (9.976463119848912, -0.22784935519439153), (9.890454490394253, -0.421040592357967), (9.80439329166635, -0.6141791463289378), (9.718279523874378, -0.8072650167669686), (9.63211318722761, -1.0002982033318282), (9.545894281935427, -1.1932787056833893), (9.459622808207312, -1.3862065234816285)]",True
1784490053.1747746,0,11.41047137427842,2.7086871168501845,0.7071041692091168,267.9199349435958,-0.4472115315209706,6.740873004481728,1.6259779009220943,2.042608526963326,272.6895955151659,-0.43300656826156275,-4.669598369796691,-1.0827092159280902,1.3355043577542092,4.769660571570057,0.014204963259407843,"[(11.259599892739395, 2.5274224132552074), (11.191878374725524, 2.3690551492395775), (11.124070364725629, 2.2107746841982716), (11.05617586366732, 2.0525810195264764), (10.9881948724791, 1.8944741566184824), (10.92012739209035, 1.736454096867684), (10.851973423431346, 1.5785208416665801), (10.783732967433243, 1.4206743924067737), (10.715406025028086, 1.262914750478972), (10.646992597148806, 1.105241917272986), (10.57849268472922, 0.947655894177731), (10.509906288704032, 0.7901566825812266), (10.441233410008834, 0.6327442838705963), (10.372474049580102, 0.4754186994320677), (10.303628208355196, 0.3181799306509725), (10.234695887272366, 0.16102797891174642), (10.165677087270748, 0.00396284559792931), (10.096571809290362, -0.15301546790783502), (10.027380054272117, -0.3099069602237987), (9.958101823157808, -0.46671162996910986), (9.888737116890114, -0.6234294757638126), (9.819285936412602, -0.7800604962288471), (9.749748282669724, -0.9366046899860496), (9.68012415660682, -1.0930620556581523), (9.610413559170114, -1.2494325918687832), (9.540616491306718, -1.4057162972424668), (9.47073295396463, -1.5619131704046234), (9.400762948092732, -1.7180232099815695), (9.330706474640794, -1.8740464146005178), (9.260563534559473, -2.0299827828895767), (9.190334128800313, -2.1858323134777513), (9.120018258315739, -2.341595004994942), (9.049615924059065, -2.4972708560719465), (8.979127126984494, -2.6528598653404574), (8.90855186804711, -2.8083620314330644), (8.837890148202888, -2.9637773529832527), (8.767141968408685, -3.1191058286254045), (8.696307329622245, -3.2743474569947977), (8.625386232802198, -3.429502236727606), (8.554378678908062, -3.5845701664608995), (8.483284668900241, -3.739551244832646), (8.412104203740022, -3.894445470481707), (8.340837284389577, -4.049252842047842), (8.269483911811971, -4.203973358171707), (8.19804408697115, -4.358607017494853)]",True
1784490053.2310052,0,11.424601123384855,2.710366254776987,0.7157285261183991,267.9199349435958,-0.4472115315209706,6.781936832470108,1.6236173488851873,2.070218045216664,272.6895955151659,-0.43300656826156275,-4.642664290914747,-1.0867489058917998,1.3544895190982649,4.769660571570057,0.014204963259407843,"[(11.293755255137004, 2.5599343368986425), (11.237178115293416, 2.428578467523225), (11.180544395901414, 2.2972792480684383), (11.12385409710865, 2.1660366787374388), (11.06710721906288, 2.034850759733277), (11.010303761911967, 1.9037214912588967), (10.953443725803877, 1.7726488735171373), (10.896527110886687, 1.6416329067107311), (10.839553917308574, 1.510673591042305), (10.782524145217824, 1.3797709267143798), (10.725437794762826, 1.2489249139293706), (10.668294866092076, 1.1181355528895862), (10.611095359354175, 0.9874028437972299), (10.55383927469783, 0.8567267868543987), (10.496526612271854, 0.7261073822630841), (10.439157372225164, 0.5955446302251713), (10.381731554706782, 0.46503853094243985), (10.32424915986584, 0.3345890846165632), (10.266710187851569, 0.204196291449109), (10.209114638813311, 0.07386015164153895), (10.15146251290051, -0.05641933460479118), (10.093753810262717, -0.18664216708863154), (10.035988531049588, -0.3168083456088382), (9.978166675410886, -0.4469178699643731), (9.92028824349648, -0.5769707399543041), (9.86235323545634, -0.7069669553778052), (9.804361651440544, -0.8369065160341559), (9.74631349159928, -0.966789421722742), (9.688208756082833, -1.096615672243055), (9.6300474450416, -1.2263852673946922), (9.57182955862608, -1.3560982069773575), (9.513555096986881, -1.48575449079086), (9.455224060274713, -1.6153541186351148), (9.396836448640393, -1.7448970903101433), (9.338392262234844, -1.8743834056160724), (9.279891501209095, -2.0038130643531353), (9.221334165714278, -2.133186066321671), (9.162720255901633, -2.2625024113221244), (9.104049771922504, -2.391762099155046), (9.045322713928341, -2.5209651296210924), (8.986539082070701, -2.650111502521027), (8.927698876501243, -2.7792012176557175), (8.868802097371733, -2.908234274826139), (8.809848744834046, -3.0372106738333713), (8.750838819040158, -3.1661304144786016)]",True
1784490053.2959824,0,11.446012934692735,2.7135467932280832,0.727187299531701,267.9199349435958,-0.4472115315209706,6.844526438793861,1.6204771779774392,2.106901500811471,272.6895955151659,-0.43300656826156275,-4.601486495898874,-1.093069615250644,1.37971420127977,4.769660571570057,0.014204963259407843,"[(11.297636050551807, 2.5728706844737412), (11.244063939773687, 2.4533073809917627), (11.190435870810301, 2.33380009778975), (11.136751843796217, 2.2143488350393166), (11.0830118588661, 2.094953592911976), (11.029215916154715, 1.975614371579143), (10.975364015796924, 1.856331171212134), (10.921456157927688, 1.7371039919821647), (10.86749234268207, 1.6179328340603525), (10.81347257019523, 1.4988176976177154), (10.759396840602426, 1.3797585828251722), (10.705265154039015, 1.2607554898535422), (10.651077510640455, 1.1418084188735462), (10.596833910542301, 1.0229173700558052), (10.542534353880207, 0.9040823435708409), (10.488178840789926, 0.7853033395890765), (10.43376737140731, 0.6665803582808352), (10.379299945868308, 0.5479133998163414), (10.324776564308973, 0.42930246436572017), (10.270197226865452, 0.3107475520989976), (10.215561933673992, 0.1922486631861003), (10.160870684870941, 0.0738057977968557), (10.106123480592744, -0.04458104389900784), (10.051320320975945, -0.16291186173186126), (9.996461206157186, -0.2811866555321747), (9.941546136273208, -0.39940542513051747), (9.886575111460855, -0.5175681703575582), (9.831548131857065, -0.6356748910440646), (9.776465197598878, -0.7537255870209036), (9.721326308823427, -0.8717202581190415), (9.66613146566795, -0.9896589041695437), (9.610880668269784, -1.1075415250035747), (9.555573916766363, -1.2253681204523983), (9.500211211295218, -1.3431386903473777), (9.44479255199398, -1.460853234519975), (9.389317939000383, -1.5785117528017516), (9.333787372452255, -1.6961142450243683), (9.278200852487522, -1.813660711019585), (9.222558379244214, -1.9311511506192607), (9.166859952860454, -2.0485855636553536), (9.11110557347447, -2.1659639499599215), (9.055295241224584, -2.2832863093651206), (8.999428956249218, -2.4005526417032073), (8.943506718686896, -2.517762946806537), (8.887528528676235, -2.6349172245075634)]",True
1784490053.3463366,0,11.460452862959015,2.7157834828163034,0.7339471587551728,267.9199349435958,-0.4472115315209706,6.886847691121244,1.6187370781276706,2.1285421238264535,272.6895955151659,-0.43300656826156275,-4.57360517183777,-1.0970464046886328,1.3945949650712808,4.769660571570057,0.014204963259407843,"[(11.323885275763752, 2.5967457197006794), (11.276994024168925, 2.49742868299916), (11.230047891088526, 2.398166576902502), (11.183046876635345, 2.2989594015354964), (11.135990980922262, 2.1998071570228457), (11.088880204062246, 2.1007098434891622), (11.041714546168354, 2.00166746105897), (10.994494007353733, 1.9026800098567025), (10.94721858773162, 1.8037474900067048), (10.899888287415338, 1.704869901633232), (10.852503106518304, 1.6060472448604506), (10.80506304515402, 1.5072795198124367), (10.757568103436078, 1.408566726613178), (10.710018281478161, 1.3099088653865723), (10.66241357939404, 1.211305936256428), (10.614753997297571, 1.1127579393464646), (10.567039535302706, 1.0142648747803118), (10.519270193523484, 0.9158267426815102), (10.471445972074031, 0.8174435431735109), (10.423566871068564, 0.7191152763796756), (10.375632890621386, 0.620841942423277), (10.327644030846896, 0.5226235414274979), (10.279600291859573, 0.4244600735154322), (10.231501673773993, 0.32635153881008416), (10.183348176704817, 0.22829793743436888), (10.135139800766794, 0.13029926951111195), (10.086876546074766, 0.032355535163049676), (10.038558412743663, -0.06553326548717103), (9.990185400888501, -0.16336713231699257), (9.941757510624388, -0.2611460652039468), (9.893274742066522, -0.35887006402565474), (9.844737095330187, -0.45653912865982704), (9.796144570530759, -0.5541532589842635), (9.747497167783703, -0.6517124548768533), (9.698794887204569, -0.749216716215575), (9.650037728909, -0.8466660428784966), (9.601225693012728, -0.9440604347437754), (9.552358779631573, -1.041399891689658), (9.503436988881445, -1.1386844135944807), (9.454460320878342, -1.2359140003366686), (9.40542877573835, -1.3330886517947365), (9.35634235357765, -1.4302083678472886), (9.307201054512504, -1.5272731483730182), (9.258004878659268, -1.6242829932507081), (9.208753826134386, -1.7212379023592308)]",True
1784490053.401413,0,11.4677189159998,2.716924943600123,0.7370879719232045,267.9199349435958,-0.4472115315209706,6.908169540002028,1.6179688396649317,2.1385969417572563,272.6895955151659,-0.43300656826156275,-4.559549375997772,-1.0989561039351914,1.401508969834052,4.769660571570057,0.014204963259407843,"[(11.334112001545998, 2.6069020850988673), (11.289882149301853, 2.5163260225958703), (11.245597591430336, 2.425804710533657), (11.201258328038433, 2.335338149021307), (11.15686435923322, 2.244926338167811), (11.112415685121855, 2.1545692780820733), (11.067912305811587, 2.064266968872909), (11.023354221409752, 1.974019410649046), (10.978741432023774, 1.8838266035191247), (10.934073937761166, 1.7936885475916968), (10.889351738729523, 1.7036052429752266), (10.844574835036534, 1.6135766897780908), (10.799743226789973, 1.5236028881085777), (10.754856914097703, 1.4336838380748884), (10.70991589706767, 1.3438195397851356), (10.664920175807916, 1.2540099933473445), (10.619869750426563, 1.1642551988694525), (10.574764621031823, 1.0745551564593088), (10.529604787731996, 0.984909866224675), (10.48439025063547, 0.8953193282732252), (10.439121009850716, 0.805783542712545), (10.393797065486304, 0.7163025096501326), (10.34841841765088, 0.6268762291933982), (10.302985066453184, 0.5375047014496642), (10.257497012002037, 0.4481879265261651), (10.21195425440636, 0.35892590453004775), (10.166356793775147, 0.26971863556837095), (10.12070463021749, 0.1805661197481057), (10.074997763842564, 0.09146835717613529), (10.029236194759632, 0.002425347959255003), (9.983419923078047, -0.08656290779582759), (9.937548948907246, -0.17549640998249283), (9.891623272356757, -0.2643751584942089), (9.845642893536194, -0.3531991532245317), (9.799607812555259, -0.4419683940671052), (9.75351802952374, -0.5306828809156611), (9.707373544551515, -0.6193426136640187), (9.661174357748548, -0.7079475922060855), (9.614920469224893, -0.7964978164358568), (9.568611879090689, -0.8849932862474156), (9.522248587456163, -0.9734340015349328), (9.475830594431631, -1.061819962192667), (9.429357900127494, -1.1501511681149648), (9.382830504654242, -1.2384276191962607), (9.336248408122454, -1.3266493153310768)]",True
1784490053.4536138,0,11.475009959666709,2.7181043980557655,0.7400794394250964,267.9199349435958,-0.4472115315209706,6.929591316491999,1.6172497347785217,2.1481736530954496,272.6895955151659,-0.43300656826156275,-4.54541864317471,-1.1008546632772438,1.4080942136703531,4.769660571570057,0.014204963259407843,"[(11.343641735832549, 2.6161447204853725), (11.301810686988325, 2.533524721226923), (11.259925165038522, 2.45095923591097), (11.217985170084518, 2.3684482646321965), (11.175990702227775, 2.285991807485199), (11.133941761569845, 2.2035898645644876), (11.091838348212365, 2.1212424359644872), (11.049680462257056, 2.038949521779537), (11.007468103805728, 1.9567111221038893), (10.965201272960273, 1.874527237031711), (10.92287996982267, 1.792397866657083), (10.880504194494986, 1.7103230110740002), (10.83807394707937, 1.6283026703763717), (10.79558922767806, 1.5463368446580203), (10.753050036393375, 1.464425534012683), (10.71045637332773, 1.382568738534011), (10.667808238583614, 1.3007664583155696), (10.625105632263608, 1.2190186934508376), (10.582348554470377, 1.1373254440332083), (10.539537005306673, 1.055686710155989), (10.496670984875333, 0.9741024919124011), (10.453750493279278, 0.8925727893955797), (10.410775530621518, 0.8110976026985743), (10.367746097005146, 0.7296769319143483), (10.324662192533342, 0.6483107771357793), (10.281523817309374, 0.5669991384556587), (10.238330971436593, 0.4857420159666921), (10.195083655018434, 0.404539409761499), (10.151781868158425, 0.32339131993261305), (10.10842561096017, 0.24229774657248201), (10.065014883527365, 0.16125868977346758), (10.021549685963791, 0.08027414962784549), (9.978030018373314, -0.0006558737721944485), (9.934455880859884, -0.08153138033454838), (9.890827273527542, -0.1623523699671984), (9.847144196480407, -0.2431188425782126), (9.803406649822692, -0.323830798075745), (9.75961463365869, -0.40448823636803555), (9.715768148092783, -0.4850911573634102), (9.671867193229437, -0.5656395609702809), (9.627911769173203, -0.6461334470971455), (9.583901876028719, -0.7265728156525877), (9.539837513900709, -0.8069576665452775), (9.495718682893983, -0.8872879996839704), (9.451545383113436, -0.9675638149775082)]",True
1784490053.4785132,0,11.489690502441777,2.720392259260029,0.7456424053052355,267.9199349435958,-0.4472115315209706,6.972717157584756,1.616009161594295,2.16598261086772,272.6895955151659,-0.43300656826156275,-4.51697334485702,-1.1043830976657338,1.4203402055624845,4.769660571570057,0.014204963259407843,"[(11.359947240762766, 2.6252891592685934), (11.320865165303735, 2.549933240637054), (11.281728992245272, 2.4746314563546), (11.242538721681704, 2.399383806502136), (11.203294353707443, 2.324190291160485), (11.163995888416979, 2.249050910410386), (11.12464332590489, 2.173965664332496), (11.085236666265832, 2.0989345530073886), (11.045775909594544, 2.0239575765155537), (11.006261055985854, 1.9490347349373995), (10.966692105534666, 1.8741660283532506), (10.927069058335968, 1.7993514568433486), (10.887391914484834, 1.7245910204878523), (10.847660674076417, 1.6498847193668373), (10.807875337205955, 1.5752325535602967), (10.768035903968768, 1.5006345231481404), (10.728142374460258, 1.4260906282101953), (10.688194748775913, 1.3516008688262051), (10.648193027011303, 1.2771652450758313), (10.608137209262075, 1.2027837570386515), (10.568027295623967, 1.128456404794161), (10.527863286192794, 1.054183188421772), (10.487645181064456, 0.9799641080008138), (10.447372980334935, 0.9057991636105324), (10.407046684100298, 0.8316883553300911), (10.36666629245669, 0.7576316832385703), (10.326231805500347, 0.6836291474149674), (10.285743223327577, 0.6096807479381968), (10.24520054603478, 0.5357864848870899), (10.204603773718434, 0.46194635834039527), (10.163952906475103, 0.38816036837677836), (10.12324794440143, 0.31442851507482183), (10.082488887594142, 0.24075079851302525), (10.041675736150049, 0.1671272187698053), (10.000808490166047, 0.09355777592349568), (9.95988714973911, 0.020042470052347147), (9.918911714966296, -0.053418698765472505), (9.877882185944747, -0.12682573045187845), (9.836798562771689, -0.2001786249288688), (9.795660845544427, -0.27347738211852457), (9.754469034360351, -0.3467220019430099), (9.713223129316935, -0.41991248432457173), (9.671923130511734, -0.49304882918554005), (9.630569038042387, -0.5661310364483277), (9.58916085200661, -0.6391591060354307)]",True
1784490053.524304,0,11.511930142715334,2.723686362701083,0.7530336538582536,267.9199349435958,-0.4472115315209706,7.0380442327430055,1.6146188203331044,2.1896445272269416,272.6895955151659,-0.43300656826156275,-4.473885909972329,-1.1090675423679788,1.436610873368688,4.769660571570057,0.014204963259407843,"[(11.359947240762766, 2.6252891592685934), (11.320865165303735, 2.549933240637054), (11.281728992245272, 2.4746314563546), (11.242538721681704, 2.399383806502136), (11.203294353707443, 2.324190291160485), (11.163995888416979, 2.249050910410386), (11.12464332590489, 2.173965664332496), (11.085236666265832, 2.0989345530073886), (11.045775909594544, 2.0239575765155537), (11.006261055985854, 1.9490347349373995), (10.966692105534666, 1.8741660283532506), (10.927069058335968, 1.7993514568433486), (10.887391914484834, 1.7245910204878523), (10.847660674076417, 1.6498847193668373), (10.807875337205955, 1.5752325535602967), (10.768035903968768, 1.5006345231481404), (10.728142374460258, 1.4260906282101953), (10.688194748775913, 1.3516008688262051), (10.648193027011303, 1.2771652450758313), (10.608137209262075, 1.2027837570386515), (10.568027295623967, 1.128456404794161), (10.527863286192794, 1.054183188421772), (10.487645181064456, 0.9799641080008138), (10.447372980334935, 0.9057991636105324), (10.407046684100298, 0.8316883553300911), (10.36666629245669, 0.7576316832385703), (10.326231805500347, 0.6836291474149674), (10.285743223327577, 0.6096807479381968), (10.24520054603478, 0.5357864848870899), (10.204603773718434, 0.46194635834039527), (10.163952906475103, 0.38816036837677836), (10.12324794440143, 0.31442851507482183), (10.082488887594142, 0.24075079851302525), (10.041675736150049, 0.1671272187698053), (10.000808490166047, 0.09355777592349568), (9.95988714973911, 0.020042470052347147), (9.918911714966296, -0.053418698765472505), (9.877882185944747, -0.12682573045187845), (9.836798562771689, -0.2001786249288688), (9.795660845544427, -0.27347738211852457), (9.754469034360351, -0.3467220019430099), (9.713223129316935, -0.41991248432457173), (9.671923130511734, -0.49304882918554005), (9.630569038042387, -0.5661310364483277), (9.58916085200661, -0.6391591060354307)]",True
1784490053.5748432,0,11.511930142715334,2.723686362701083,0.7530336538582536,267.9199349435958,-0.4472115315209706,7.0380442327430055,1.6146188203331044,2.1896445272269416,272.6895955151659,-0.43300656826156275,-4.473885909972329,-1.1090675423679788,1.436610873368688,4.769660571570057,0.014204963259407843,"[(11.359947240762766, 2.6252891592685934), (11.320865165303735, 2.549933240637054), (11.281728992245272, 2.4746314563546), (11.242538721681704, 2.399383806502136), (11.203294353707443, 2.324190291160485), (11.163995888416979, 2.249050910410386), (11.12464332590489, 2.173965664332496), (11.085236666265832, 2.0989345530073886), (11.045775909594544, 2.0239575765155537), (11.006261055985854, 1.9490347349373995), (10.966692105534666, 1.8741660283532506), (10.927069058335968, 1.7993514568433486), (10.887391914484834, 1.7245910204878523), (10.847660674076417, 1.6498847193668373), (10.807875337205955, 1.5752325535602967), (10.768035903968768, 1.5006345231481404), (10.728142374460258, 1.4260906282101953), (10.688194748775913, 1.3516008688262051), (10.648193027011303, 1.2771652450758313), (10.608137209262075, 1.2027837570386515), (10.568027295623967, 1.128456404794161), (10.527863286192794, 1.054183188421772), (10.487645181064456, 0.9799641080008138), (10.447372980334935, 0.9057991636105324), (10.407046684100298, 0.8316883553300911), (10.36666629245669, 0.7576316832385703), (10.326231805500347, 0.6836291474149674), (10.285743223327577, 0.6096807479381968), (10.24520054603478, 0.5357864848870899), (10.204603773718434, 0.46194635834039527), (10.163952906475103, 0.38816036837677836), (10.12324794440143, 0.31442851507482183), (10.082488887594142, 0.24075079851302525), (10.041675736150049, 0.1671272187698053), (10.000808490166047, 0.09355777592349568), (9.95988714973911, 0.020042470052347147), (9.918911714966296, -0.053418698765472505), (9.877882185944747, -0.12682573045187845), (9.836798562771689, -0.2001786249288688), (9.795660845544427, -0.27347738211852457), (9.754469034360351, -0.3467220019430099), (9.713223129316935, -0.41991248432457173), (9.671923130511734, -0.49304882918554005), (9.630569038042387, -0.5661310364483277), (9.58916085200661, -0.6391591060354307)]",True
1784490053.6243682,0,11.511930142715334,2.723686362701083,0.7530336538582536,267.9199349435958,-0.4472115315209706,7.0380442327430055,1.6146188203331044,2.1896445272269416,272.6895955151659,-0.43300656826156275,-4.473885909972329,-1.1090675423679788,1.436610873368688,4.769660571570057,0.014204963259407843,"[(11.359947240762766, 2.6252891592685934), (11.320865165303735, 2.549933240637054), (11.281728992245272, 2.4746314563546), (11.242538721681704, 2.399383806502136), (11.203294353707443, 2.324190291160485), (11.163995888416979, 2.249050910410386), (11.12464332590489, 2.173965664332496), (11.085236666265832, 2.0989345530073886), (11.045775909594544, 2.0239575765155537), (11.006261055985854, 1.9490347349373995), (10.966692105534666, 1.8741660283532506), (10.927069058335968, 1.7993514568433486), (10.887391914484834, 1.7245910204878523), (10.847660674076417, 1.6498847193668373), (10.807875337205955, 1.5752325535602967), (10.768035903968768, 1.5006345231481404), (10.728142374460258, 1.4260906282101953), (10.688194748775913, 1.3516008688262051), (10.648193027011303, 1.2771652450758313), (10.608137209262075, 1.2027837570386515), (10.568027295623967, 1.128456404794161), (10.527863286192794, 1.054183188421772), (10.487645181064456, 0.9799641080008138), (10.447372980334935, 0.9057991636105324), (10.407046684100298, 0.8316883553300911), (10.36666629245669, 0.7576316832385703), (10.326231805500347, 0.6836291474149674), (10.285743223327577, 0.6096807479381968), (10.24520054603478, 0.5357864848870899), (10.204603773718434, 0.46194635834039527), (10.163952906475103, 0.38816036837677836), (10.12324794440143, 0.31442851507482183), (10.082488887594142, 0.24075079851302525), (10.041675736150049, 0.1671272187698053), (10.000808490166047, 0.09355777592349568), (9.95988714973911, 0.020042470052347147), (9.918911714966296, -0.053418698765472505), (9.877882185944747, -0.12682573045187845), (9.836798562771689, -0.2001786249288688), (9.795660845544427, -0.27347738211852457), (9.754469034360351, -0.3467220019430099), (9.713223129316935, -0.41991248432457173), (9.671923130511734, -0.49304882918554005), (9.630569038042387, -0.5661310364483277), (9.58916085200661, -0.6391591060354307)]",True
1784490053.697031,0,11.511930142715334,2.723686362701083,0.7530336538582536,267.9199349435958,-0.4472115315209706,7.0380442327430055,1.6146188203331044,2.1896445272269416,272.6895955151659,-0.43300656826156275,-4.473885909972329,-1.1090675423679788,1.436610873368688,4.769660571570057,0.014204963259407843,"[(11.418471674392826, 2.652251821684029), (11.387101854790066, 2.595445322528716), (11.355678374608175, 2.5386925114356287), (11.324201233926596, 2.4819933884553156), (11.292670432824856, 2.425347953638246), (11.26108597138256, 2.36875620703481), (11.229447849679387, 2.3122181486953184), (11.197756067795101, 2.2557337786700025), (11.166010625809543, 2.199303097009015), (11.134211523802636, 2.142926103762429), (11.102358761854376, 2.086602798980239), (11.070452340044842, 2.030333182712359), (11.038492258454191, 1.9741172550086257), (11.006478517162659, 1.9179550159187948), (10.974411116250563, 1.8618464654925437), (10.942290055798296, 1.8057916037794708), (10.910115335886333, 1.7497904308290948), (10.877886956595228, 1.6938429466908556), (10.845604918005609, 1.6379491514141133), (10.81326922019819, 1.5821090450481496), (10.780879863253759, 1.5263226276421666), (10.748436847253185, 1.470589899245287), (10.715940172277417, 1.414910859906555), (10.683389838407482, 1.3592855096749348), (10.650785845724487, 1.3037138485993118), (10.618128194309614, 1.2481958767284922), (10.585416884244133, 1.192731594111203), (10.552651915609381, 1.137321000796092), (10.519833288486785, 1.081964096831728), (10.486961002957845, 1.0266608822666), (10.45403505910414, 0.9714113571491184), (10.42105545700733, 0.9162155215276144), (10.388022196749157, 0.8610733754503397), (10.354935278411435, 0.8059849189654669), (10.321794702076064, 0.7509501521210894), (10.288600467825018, 0.6959690749652216), (10.255352575740353, 0.6410416875457986), (10.222051025904202, 0.5861679899106761), (10.188695818398779, 0.5313479821076309), (10.155286953306376, 0.47658166418436043), (10.121824430709363, 0.42186903618848304), (10.088308250690192, 0.36721009816753775), (10.05473841333139, 0.31260485016898454), (10.021114918715568, 0.2580532922402041), (9.987437766925412, 0.203555424428498)]",True
1784490053.7807055,0,11.519380890622623,2.724852751954895,0.7552669041841338,267.9199349435958,-0.4472115315209706,7.059462456844127,1.6142781192204059,2.0945445272269416,272.6895955151659,-0.43300656826156275,-4.459918433778496,-1.1105746327344892,1.3392776230428078,4.769660571570057,0.014204963259407843,"[(11.427430666920792, 2.6590862353235583), (11.397475768801668, 2.6074844946165436), (11.36746722909595, 2.555936420919575), (11.337405047880983, 2.5044420142755186), (11.307289225234186, 2.4530012747271606), (11.277119761233061, 2.401614202317209), (11.246896655955188, 2.3502807970882924), (11.216619909478228, 2.29900105908296), (11.186289521879916, 2.2477749883436817), (11.15590549323807, 2.1966025849128488), (11.125467823630588, 2.1454838488327734), (11.094976513135444, 2.094418780145688), (11.064431561830691, 2.043407378893747), (11.033832969794464, 1.992449645119024), (11.003180737104973, 1.9415455788635148), (10.97247486384051, 1.8906951801691356), (10.941715350079447, 1.8398984490777237), (10.910902195900231, 1.789155385631037), (10.880035401381393, 1.7384659898707542), (10.849114966601537, 1.687830261838475), (10.81814089163935, 1.6372482015757204), (10.7871131765736, 1.5867198091239312), (10.756031821483129, 1.53624508452447), (10.72489682644686, 1.4858240278186199), (10.693708191543799, 1.435456639047585), (10.662465916853023, 1.38514291825249), (10.631170002453695, 1.3348828654743807), (10.599820448425055, 1.2846764807542237), (10.56841725484642, 1.2345237641329065), (10.536960421797188, 1.1844247156512375), (10.505449949356837, 1.1343793353499456), (10.473885837604922, 1.084387623269681), (10.442268086621075, 1.0344495794510145), (10.410596696485014, 0.984565203934438), (10.378871667276526, 0.9347344967603641), (10.347092999075487, 0.8849574579691263), (10.315260691961848, 0.8352340876009788), (10.283374746015635, 0.785564385696097), (10.25143516131696, 0.7359483522945768), (10.21944193794601, 0.6863859874364351), (10.187395075983053, 0.6368772911616097), (10.155294575508433, 0.5874222635099594), (10.123140436602576, 0.5380209045212636), (10.090932659345984, 0.48867321423522275), (10.058671243819242, 0.43937919269145803)]",True
1784490053.8245525,0,11.534312801551465,2.727396826479076,0.7594198810614773,267.9199349435958,-0.4472115315209706,7.099448815737708,1.613832096012213,1.9043445272269417,272.6895955151659,-0.43300656826156275,-4.434863985813757,-1.113564730466863,1.1449246461654643,4.769660571570057,0.014204963259407843,"[(11.444776046779499, 2.6714462187034895), (11.417366926187562, 2.629044279231622), (11.389904410537756, 2.5866957562400077), (11.362388499902194, 2.544400649757363), (11.334819194353063, 2.5021589598123284), (11.307196493962628, 2.459970686433467), (11.279520398803234, 2.417835829649265), (11.2517909089473, 2.375754389488131), (11.224008024467322, 2.3337263659783956), (11.196171745435873, 2.291751759148314), (11.168282071925605, 2.249830569026064), (11.140339004009245, 2.2079627956397445), (11.1123425417596, 2.166148439017379), (11.084292685249553, 2.1243874991869127), (11.05618943455206, 2.0826799761762143), (11.028032789740159, 2.0410258700130752), (10.999822750886965, 1.9994251807252095), (10.971559318065665, 1.957877908340254), (10.94324249134953, 1.9163840528857685), (10.914872270811902, 1.8749436143892357), (10.886448656526206, 1.833556592878061), (10.857971648565938, 1.7922229883795726), (10.829441247004675, 1.7509428009210215), (10.800857451916071, 1.7097160305295818), (10.772220263373857, 1.66854267723235), (10.743529681451836, 1.6274227410563455), (10.714785706223896, 1.586356222028511), (10.685988337763996, 1.5453431201757115), (10.657137576146177, 1.504383435524735), (10.628233421444552, 1.4634771681022922), (10.599275873733315, 1.4226243179350169), (10.570264933086737, 1.3818248850494654), (10.541200599579161, 1.3410788694721172), (10.512082873285015, 1.3003862712293743), (10.482911754278797, 1.2597470903475618), (10.453687242635088, 1.219161326852927), (10.424409338428541, 1.178628980771641), (10.395078041733887, 1.138150052129797), (10.365693352625938, 1.097724540953411), (10.336255271179578, 1.0573524472684226), (10.306763797469772, 1.0170337711006932), (10.277218931571559, 0.9767685124760075), (10.247620673560059, 0.9365566714200732), (10.217969023510463, 0.8963982479585204), (10.188263981498046, 0.8562932421169025)]",True
1784490053.874233,0,11.59465652839199,2.738241050829214,0.772517847582717,267.9199349435958,-0.4472115315209706,7.210630391914931,1.6138256824635908,1.3346102164094589,272.6895955151659,-0.43300656826156275,-4.384026136477059,-1.1244153683656233,0.5620923688267419,4.769660571570057,0.014204963259407843,"[(11.46069116512366, 2.678109439257408), (11.434981663927552, 2.6398008262332304), (11.409219030348714, 2.601545364907374), (11.383403264455302, 2.5633430553021523), (11.357534366315546, 2.5251938974398045), (11.33161233599775, 2.487097891342495), (11.305637173570297, 2.4490550370323123), (11.27960887910164, 2.4110653345312705), (11.253527452660311, 2.373128783861308), (11.227392894314914, 2.335245385044289), (11.20120520413413, 2.2974151381020005), (11.174964382186715, 2.2596380430561567), (11.148670428541502, 2.2219140999283953), (11.122323343267393, 2.1842433087402795), (11.09592312643337, 2.146625669513297), (11.06946977810849, 2.10906118226886), (11.042963298361883, 2.0715498470283067), (11.016403687262756, 2.034091663812899), (10.989790944880387, 1.9966866326438246), (10.963125071284134, 1.9593347535421954), (10.936406066543428, 1.9220360265290484), (10.909633930727777, 1.8847904516253453), (10.88280866390676, 1.847598028851973), (10.855930266150034, 1.8104587582297431), (10.82899873752733, 1.7733726397793919), (10.802014078108455, 1.7363396735215808), (10.77497628796329, 1.699359859476896), (10.747885367161789, 1.6624331976658482), (10.720741315773987, 1.6255596881088736), (10.693544133869988, 1.5887393308263331), (10.666293821519977, 1.5519721258385122), (10.638990378794208, 1.5152580731656211), (10.611633805763015, 1.4785971728277956), (10.584224102496801, 1.4419894248450955), (10.556761269066051, 1.4054348292375063), (10.529245305541322, 1.3689333860249377), (10.501676211993242, 1.3324850952272245), (10.474053988492523, 1.2960899568641264), (10.446378635109944, 1.259747970955328), (10.418650151916363, 1.2234591375204387), (10.390868538982714, 1.1872234565789928), (10.363033796380002, 1.1510409281504492), (10.335145924179308, 1.1149115522541921), (10.307204922451792, 1.0788353289095305), (10.279210791268683, 1.0428122581356978)]",True
1784490053.9256692,0,11.602251494995118,2.73968870434645,0.773824624496999,267.9199349435958,-0.4472115315209706,7.236950731068565,1.6144796358578535,1.3435385711839891,272.6895955151659,-0.43300656826156275,-4.365300763926553,-1.1252090684885967,0.5697139466869902,4.769660571570057,0.014204963259407843,"[(11.469820008870146, 2.68337254483232), (11.445189240677431, 2.6488258898631782), (11.420505319723134, 2.6143324054824695), (11.395768246073807, 2.5798920917071717), (11.370978019796073, 2.545504948554187), (11.346134640956635, 2.5111709760403427), (11.321238109622264, 2.476890174182391), (11.296288425859816, 2.44266254299701), (11.271285589736214, 2.408488082500801), (11.246229601318458, 2.374366792710292), (11.221120460673623, 2.340298673641934), (11.195958167868861, 2.3062837253121047), (11.170742722971397, 2.2723219477371055), (11.145474126048532, 2.2384133409331635), (11.12015237716764, 2.2045579049164306), (11.094777476396173, 2.1707556397029832), (11.069349423801654, 2.137006545308823), (11.043868219451685, 2.1033106217498765), (11.018333863413941, 2.0696678690419956), (10.992746355756173, 2.036078287200956), (10.967105696546206, 2.00254187624246), (10.941411885851942, 1.969058636182133), (10.915664923741353, 1.9356285670355269), (10.889864810282493, 1.9022516688181177), (10.864011545543486, 1.8689279415453062), (10.838105129592531, 1.8356573852324185), (10.812145562497905, 1.8024399998947056), (10.786132844327957, 1.7692757855473433), (10.760066975151112, 1.7361647422054325), (10.733947955035871, 1.7031068698839988), (10.707775784050812, 1.670102168597993), (10.68155046226458, 1.6371506383622907), (10.655271989745906, 1.6042522791916922), (10.628940366563587, 1.5714070911009232), (10.602555592786498, 1.538615074104634), (10.576117668483588, 1.5058762282174), (10.549626593723886, 1.4731905534537213), (10.52308236857649, 1.4405580498280233), (10.496484993110576, 1.4079787173546559), (10.469834467395392, 1.375452556047894), (10.443130791500268, 1.3429795659219381), (10.4163739654946, 1.3105597469909127), (10.389563989447865, 1.2781930992688677), (10.362700863429612, 1.245879622769778), (10.335784587509469, 1.2136193175075431)]",True
1784490053.977798,0,11.609862066624645,2.741122523606568,0.7750692641690068,267.9199349435958,-0.4472115315209706,7.250615010551685,1.6149472017640178,1.390920308042941,272.6895955151659,-0.43300656826156275,-4.35924705607296,-1.1261753218425503,0.6158510438739343,4.769660571570057,0.014204963259407843,"[(11.44333827530592, 2.650183173163042), (11.416981847035046, 2.616930408910649), (11.390577582540582, 2.5837254988387666), (11.364125481888333, 2.5505684429657247), (11.337625545144178, 2.517459241309785), (11.311077772374055, 2.4843978938891427), (11.284482163643979, 2.451384400721924), (11.257838719020025, 2.4184187618261888), (11.231147438568339, 2.3855009772199285), (11.204408322355132, 2.3526310469210676), (11.177621370446687, 2.319808970947463), (11.15078658290935, 2.2870347493169034), (11.123903959809535, 2.254308382047111), (11.096973501213727, 2.2216298691557395), (11.069995207188477, 2.1889992106603753), (11.0429690778004, 2.1564164065785376), (11.015895113116184, 2.1238814569276774), (10.988773313202577, 2.0913943617251785), (10.961603678126403, 2.058955120988357), (10.93438620795455, 2.026563734734462)]",True
1784490054.024466,0,11.617495773477591,2.7424977285625047,0.7762547212246107,267.9199349435958,-0.4472115315209706,7.264257739110539,1.6154380016123513,1.339391266360118,272.6895955151659,-0.43300656826156275,-4.3532380343670525,-1.1270597269501534,0.5631365451355073,4.769660571570057,0.014204963259407843,"[(11.508000106885252, 2.697742115336077), (11.485014771721488, 2.6713474673519126), (11.46194820750201, 2.6450341116968508), (11.438800414641676, 2.6188020484057803), (11.415571393556087, 2.59265127751285), (11.39226114466158, 2.566581799051467), (11.368869668375234, 2.540593613054298), (11.345396965114865, 2.5146867195532687), (11.321843035299027, 2.488861118579565), (11.298207879347014, 2.4631168101636307), (11.274491497678861, 2.4374537943351697), (11.25069389071534, 2.4118720711231454), (11.22681505887796, 2.3863716405557795), (11.202855002588974, 2.360952502660554), (11.17881372227137, 2.335614657464209), (11.154691218348876, 2.310358104992745), (11.130487491245962, 2.285182845271421), (11.10620254138783, 2.260088878324756), (11.081836369200428, 2.2350762041765275), (11.05738897511044, 2.2101448228497724), (11.032860359545287, 2.1852947343667877), (11.008250522933134, 2.1605259387491285), (10.983559465702879, 2.1358384360176097), (10.958787188284163, 2.1112322261923055), (10.933933691107365, 2.0867073092925494), (10.908998974603604, 2.0622636853369345), (10.883983039204734, 2.037901354343312), (10.858885885343353, 2.0136203163287942), (10.833707513452794, 1.9894205713097508), (10.80844792396713, 1.9653021193018119), (10.783107117321174, 1.9412649603198666), (10.757685093950478, 1.9173090943780635), (10.73218185429133, 1.8934345214898103), (10.70659739878076, 1.869641241667774), (10.680931727856535, 1.8459292549238808), (10.655184841957166, 1.8222985612693166), (10.629356741521892, 1.7987491607145258), (10.603447426990703, 1.775281053269213), (10.57745689880432, 1.7518942389423415), (10.551385157404203, 1.7285887177421342), (10.525232203232555, 1.7053644896760731), (10.498998036732315, 1.6822215547508999), (10.47268265834716, 1.659159912972615), (10.44628606852151, 1.6361795643464785), (10.419808267700521, 1.6132805088770097)]",True
1784490054.077948,0,11.625152172029786,2.743810753295144,0.7773838097972207,267.9199349435958,-0.4472115315209706,7.277435180903544,1.615892118741548,1.2976630484053677,272.6895955151659,-0.43300656826156275,-4.347716991126242,-1.1279186345535959,0.5202792386081471,4.769660571570057,0.014204963259407843,"[(11.526157874188945, 2.702921518734996), (11.505882474718552, 2.6785771704041066), (11.485549302771844, 2.6542906153049306), (11.465158358450086, 2.6300618534417697), (11.444709641854686, 2.6058908848187885), (11.424203153087188, 2.581777709440015), (11.403638892249267, 2.55772232730934), (11.38301685944274, 2.5337247384305184), (11.36233705476956, 2.5097849428071672), (11.341599478331814, 2.4859029404427675), (11.320804130231728, 2.462078731340663), (11.299951010571665, 2.438312315504062), (11.27904011945412, 2.4146036929360335), (11.25807145698173, 2.3909528636395123), (11.237045023257267, 2.367359827617295), (11.215960818383637, 2.343824584872042), (11.194818842463889, 2.3203471354062764), (11.173619095601204, 2.296927479222385), (11.152361577898898, 2.273565616322618), (11.131046289460425, 2.250261546709088), (11.10967323038938, 2.2270152703837716), (11.088242400789488, 2.2038267873485085), (11.066753800764614, 2.180696097605001), (11.04520743041876, 2.157623201154816), (11.023603289856064, 2.1346080979993824), (11.001941379180801, 2.111650788139993), (10.98022169849738, 2.088751271577803), (10.95844424791035, 2.065909548313832), (10.936609027524394, 2.043125618348962), (10.914716037444336, 2.020399481683939), (10.892765277775132, 1.9977311383193708), (10.870756748621876, 1.97512058825573), (10.848690450089796, 1.9525678314933514), (10.826566382284263, 1.930072868032434), (10.804384545310779, 1.9076356978730389), (10.782144939274986, 1.8852563210150912), (10.75984756428266, 1.8629347374583791), (10.737492420439716, 1.840670947202554), (10.715079507852204, 1.8184649502471304), (10.692608826626312, 1.7963167465914862), (10.670080376868361, 1.7742263362348625), (10.647494158684813, 1.7521937191763637), (10.624850172182263, 1.730218895414957), (10.602148417467447, 1.7083018649494737), (10.579388894647234, 1.6864426277786075)]",True
1784490054.1270757,0,11.6481937824927,2.7477063750619917,0.7804590366445587,81.0419600588161,-0.29377035691190057,7.314953917038292,1.6177029214617094,1.2143475087755289,272.6895955151659,-0.43300656826156275,-4.333239865454409,-1.1300034536002823,0.43388847213097015,191.64763545634978,-0.1392362113496622,"[(11.526157874188945, 2.702921518734996), (11.505882474718552, 2.6785771704041066), (11.485549302771844, 2.6542906153049306), (11.465158358450086, 2.6300618534417697), (11.444709641854686, 2.6058908848187885), (11.424203153087188, 2.581777709440015), (11.403638892249267, 2.55772232730934), (11.38301685944274, 2.5337247384305184), (11.36233705476956, 2.5097849428071672), (11.341599478331814, 2.4859029404427675), (11.320804130231728, 2.462078731340663), (11.299951010571665, 2.438312315504062), (11.27904011945412, 2.4146036929360335), (11.25807145698173, 2.3909528636395123), (11.237045023257267, 2.367359827617295), (11.215960818383637, 2.343824584872042), (11.194818842463889, 2.3203471354062764), (11.173619095601204, 2.296927479222385), (11.152361577898898, 2.273565616322618), (11.131046289460425, 2.250261546709088), (11.10967323038938, 2.2270152703837716), (11.088242400789488, 2.2038267873485085), (11.066753800764614, 2.180696097605001), (11.04520743041876, 2.157623201154816), (11.023603289856064, 2.1346080979993824), (11.001941379180801, 2.111650788139993), (10.98022169849738, 2.088751271577803), (10.95844424791035, 2.065909548313832), (10.936609027524394, 2.043125618348962), (10.914716037444336, 2.020399481683939), (10.892765277775132, 1.9977311383193708), (10.870756748621876, 1.97512058825573), (10.848690450089796, 1.9525678314933514), (10.826566382284263, 1.930072868032434), (10.804384545310779, 1.9076356978730389), (10.782144939274986, 1.8852563210150912), (10.75984756428266, 1.8629347374583791), (10.737492420439716, 1.840670947202554), (10.715079507852204, 1.8184649502471304), (10.692608826626312, 1.7963167465914862), (10.670080376868361, 1.7742263362348625), (10.647494158684813, 1.7521937191763637), (10.624850172182263, 1.730218895414957), (10.602148417467447, 1.7083018649494737), (10.579388894647234, 1.6864426277786075)]",True
1784490054.1811407,0,11.655894845176654,2.7490016277329485,0.7813882100189501,81.0419600588161,-0.29377035691190057,7.326983611139679,1.61846400817629,1.1964026135133676,272.6895955151659,-0.43300656826156275,-4.328911234036975,-1.1305376195566585,0.41501440349441754,191.64763545634978,-0.1392362113496622,"[(11.535350732998449, 2.7072015951883657), (11.516033841517995, 2.6854379753469453), (11.496663488993192, 2.6637278296640745), (11.477239675486974, 2.6420711581386165), (11.45776240106235, 2.6204679607693535), (11.438231665782414, 2.598918237554988), (11.418647469710338, 2.577421988494142), (11.399009812909375, 2.5559792135853563), (11.379318695442858, 2.5345899128270926), (11.359574117374201, 2.513254086217731), (11.3397760787669, 2.4919717337555713), (11.319924579684526, 2.4707428554388335), (11.300019620190739, 2.4495674512656564), (11.280061200349271, 2.4284455212340985), (11.26004932022394, 2.4073770653421382), (11.23998397987864, 2.3863620835876733), (11.219865179377349, 2.365400575968521), (11.199692918784123, 2.3444925424824183), (11.1794671981631, 2.3236379831270217), (11.159188017578499, 2.302836897899907), (11.138855377094615, 2.28208928679857), (11.118469276775828, 2.261395149820425), (11.098029716686598, 2.240754486962808), (11.077536696891464, 2.2201672982229725), (11.056990217455045, 2.199633583598092), (11.036390278442042, 2.17915334308526), (11.015736879917235, 2.1587265766814894), (10.995030021945482, 2.1383532843837125), (10.974269704591727, 2.1180334661887814), (10.953455927920992, 2.0977671220934675), (10.932588691998378, 2.0775542520944623), (10.911667996889067, 2.0573948561883757), (10.890693842658324, 2.0372889343717384), (10.869666229371491, 2.017236486641), (10.84858515709399, 1.9972375129925297), (10.827450625891327, 1.9772920134226164), (10.806262635829084, 1.9573999879274686), (10.785021186972928, 1.937561436503214), (10.763726279388603, 1.9177763591459005), (10.742377913141935, 1.8980447558514948), (10.720976088298828, 1.8783666266158836), (10.699520804925271, 1.8587419714348732), (10.678012063087328, 1.8391707903041892), (10.656449862851147, 1.8196530832194768), (10.634834204282956, 1.800188850176301)]",True
1784490054.4236937,0,11.663597560602469,2.7503409129996785,0.7822732011993891,81.0419600588161,-0.29377035691190057,7.338850863318785,1.6192208173182183,1.1818708373300695,272.6895955151659,-0.43300656826156275,-4.324746697283683,-1.1311200956814602,0.39959763613068033,191.64763545634978,-0.1392362113496622,"[(11.558726638986457, 2.713877273553175), (11.541181781423123, 2.6947048118977217), (11.52358425140785, 2.675585033546101), (11.505934048995618, 2.6565179384937205), (11.488231174241482, 2.637503526735917), (11.470475627200567, 2.618541798267953), (11.452667407928072, 2.599632753085021), (11.434806516479265, 2.58077639118224), (11.416892952909489, 2.561972712554657), (11.398926717274161, 2.543221717197246), (11.380907809628765, 2.5245234051049095), (11.362836230028861, 2.505877776272477), (11.344711978530084, 2.487284830694706), (11.326535055188133, 2.4687445683662825), (11.308305460058786, 2.450256989281819), (11.290023193197893, 2.4318220934358568), (11.271688254661374, 2.4134398808228634), (11.25330064450522, 2.395110351437235), (11.234860362785497, 2.3768335052732956), (11.216367409558343, 2.3586093423252965), (11.197821784879967, 2.340437862587417), (11.17922348880665, 2.322319066053764), (11.16057252139475, 2.3042529527183717), (11.141868882700688, 2.2862395225752024), (11.123112572780967, 2.268278775618146), (11.104303591692155, 2.2503707118410206), (11.085441939490897, 2.2325153312375705), (11.066527616233907, 2.2147126338014695), (11.047560621977976, 2.196962619526318), (11.02854095677996, 2.1792652884056443), (11.009468620696794, 2.1616206404329046), (10.990343613785482, 2.1440286756014824), (10.9711659361031, 2.1264893939046896), (10.951935587706798, 2.109002795335765), (10.932652568653797, 2.091568879887876), (10.91331687900139, 2.0741876475541163), (10.893928518806943, 2.0568590983275086), (10.874487488127894, 2.039583232201003), (10.854993787021753, 2.0223600491674767), (10.835447415546104, 2.0051895492197356), (10.8158483737586, 1.9880717323505122), (10.79619666171697, 1.9710065985524674), (10.776492279479012, 1.9539941478181895), (10.756735227102599, 1.9370343801401948), (10.736925504645672, 1.920127295510927)]",True
1784490054.726151,0,11.871066934865391,2.7997441796485956,0.7952426123038568,81.0419600588161,-0.29377035691190057,7.639637607952934,1.669374753173274,1.120207824038773,272.6895955151659,-0.43300656826156275,-4.231429326912457,-1.1303694264753215,0.3249652117349161,191.64763545634978,-0.1392362113496622,"[(11.608996804794266, 2.727648155833079), (11.59472566580042, 2.713236628008136), (11.580401781382584, 2.6988778539758824), (11.566025151590669, 2.684571833725321), (11.551595776474656, 2.6703185672453817), (11.5371136560846, 2.6561180545249243), (11.522578790470623, 2.641970295552736), (11.507991179682925, 2.627875290317533), (11.49335082377177, 2.6138330388079596), (11.478657722787501, 2.5998435410125884), (11.463911876780527, 2.5859067969199208), (11.449113285801332, 2.5720228065183863), (11.434261949900469, 2.558191569796343), (11.419357869128564, 2.5444130867420776), (11.404401043536312, 2.5306873573438047), (11.389391473174484, 2.517014381589668), (11.374329158093921, 2.503394159467739), (11.359214098345532, 2.4898266909660185), (11.344046293980302, 2.476311976072435), (11.328825745049285, 2.462850014774845), (11.313552451603607, 2.4494408070610345), (11.298226413694469, 2.4360843529187175), (11.282847631373137, 2.4227806523355366), (11.267416104690954, 2.4095297052990623), (11.25193183369933, 2.396331511796794), (11.236394818449751, 2.383186071816159), (11.220805058993772, 2.370093385344514), (11.20516255538302, 2.3570534523691427), (11.189467307669192, 2.3440662728772588), (11.17371931590406, 2.3311318468560036), (11.157918580139468, 2.3182501742924466), (11.142065100427324, 2.305421255173586), (11.126158876819614, 2.2926450894863493), (11.110199909368399, 2.2799216772175908), (11.094188198125801, 2.2672510183540946), (11.078123743144022, 2.2546331128825723), (11.062006544475334, 2.2420679607896643), (11.045836602172079, 2.2295555620619396), (11.029613916286667, 2.2170959166858952), (11.01333848687159, 2.204689024647957), (10.997010313979398, 2.19233488593448), (10.980629397662725, 2.1800335005317453), (10.964195737974268, 2.1677848684259646), (10.9477093349668, 2.1555889896032774), (10.931170188693166, 2.143445864049751)]",True
1784490054.7990594,0,11.95706295637696,2.8163409117696103,0.7972162398020765,81.0419600588161,-0.29377035691190057,7.7600384464786965,1.695460134978517,1.1200204146888473,272.6895955151659,-0.43300656826156275,-4.197024509898264,-1.1208807767910933,0.3228041748867708,191.64763545634978,-0.1392362113496622,"[(11.627283826508675, 2.7281146239080734), (11.612988341064762, 2.718967532803011), (11.598645375502478, 2.7098679286718554), (11.584254929868829, 2.700815811499483), (11.569817004210883, 2.6918111812707077), (11.555331598575778, 2.682854037970277), (11.54079871301071, 2.6739443815828743), (11.526218347562946, 2.665082212093119), (11.511590502279812, 2.6562675294855658), (11.4969151772087, 2.6475003337447043), (11.48219237239707, 2.63878062485496), (11.467422087892443, 2.630108402800693), (11.452604323742406, 2.6214836675662005), (11.43773907999461, 2.6129064191357134), (11.42282635669677, 2.6043766574933986), (11.407866153896666, 2.5958943826233587), (11.392858471642143, 2.5874595945096317), (11.377803309981111, 2.5790722931361905), (11.362700668961544, 2.570732478486944), (11.347550548631478, 2.562440150545736)]",True
1784490054.857409,0,11.95706295637696,2.8163409117696103,0.7972162398020765,81.0419600588161,-0.29377035691190057,7.7600384464786965,1.695460134978517,1.1200204146888473,272.6895955151659,-0.43300656826156275,-4.197024509898264,-1.1208807767910933,0.3228041748867708,191.64763545634978,-0.1392362113496622,"[(11.742667557059614, 2.7653535788032575), (11.734711823096234, 2.760421603411311), (11.726676422204383, 2.7555693109515276), (11.718561354648283, 2.750796701271265), (11.710366620692845, 2.746103774217192), (11.70209222060367, 2.741490529635288), (11.693738154647049, 2.7369569673708423), (11.685304423089958, 2.7325030872684546), (11.67679102620007, 2.7281288891720346), (11.668197964245739, 2.7238343729248027), (11.659525237496014, 2.719619538369289), (11.650772846220633, 2.715484385347334), (11.64194079069002, 2.7114289137000886), (11.633029071175292, 2.7074531232680146), (11.624037687948253, 2.7035570138908827), (11.614966641281397, 2.699740585407775), (11.605815931447907, 2.6960038376570834), (11.596585558721655, 2.6923467704765103), (11.587275523377203, 2.688769383703068), (11.577885825689803, 2.6852716771730796), (11.568416465935394, 2.681853650722178), (11.558867444390607, 2.678515304185307), (11.54923876133276, 2.6752566373967204), (11.539530417039861, 2.672077650189982), (11.529742411790608, 2.6689783423979665), (11.519874745864385, 2.665958713852858), (11.509927419541272, 2.663018764386152), (11.499900433102033, 2.660158493828653), (11.48979378682812, 2.6573779020104777), (11.479607481001677, 2.6546769887610515), (11.46934151590554, 2.6520557539091105), (11.458995891823228, 2.6495141972827017), (11.448570609038955, 2.6470523187091817), (11.438065667837618, 2.6446701180152177), (11.427481068504811, 2.6423675950267875), (11.416816811326811, 2.640144749569179), (11.406072896590587, 2.6380015814669906), (11.395249324583794, 2.6359380905441308), (11.38434609559478, 2.633954276623818), (11.373363209912583, 2.6320501395285825), (11.362300667826926, 2.6302256790802634), (11.351158469628222, 2.628480895100011), (11.339936615607577, 2.626815787408286), (11.328635106056781, 2.625230355824858), (11.31725394126832, 2.6237246001688095)]",True
1784490054.8806381,0,11.96486069812586,2.818002545637803,0.7973486081663279,81.0419600588161,-0.29377035691190057,7.771020460806672,1.6976599943854587,1.1200165327219729,272.6895955151659,-0.43300656826156275,-4.193840237319187,-1.1203425512523442,0.32266792455564497,191.64763545634978,-0.1392362113496622,"[(11.754996350977505, 2.7690547561326193), (11.748243532135552, 2.76474493546155), (11.741433022607671, 2.76049281059739), (11.734564822462698, 2.7562983814973125), (11.727638931769603, 2.752161648118356), (11.720655350597493, 2.7480826104174216), (11.71361407901561, 2.7440612683512766), (11.706515117093328, 2.740097621876551), (11.699358464900163, 2.7361916709497405), (11.692144122505763, 2.7323434155272044), (11.684872089979912, 2.728552855565167), (11.677542367392528, 2.724819991019716), (11.670154954813666, 2.721144821846805), (11.66270985231352, 2.71752734800225), (11.655207059962414, 2.713967569441733), (11.64764657783081, 2.7104654861208), (11.640028405989309, 2.707021097994861), (11.63235254450864, 2.70363440501919), (11.624618993459672, 2.7003054071489263), (11.616827752913409, 2.6970341043390738), (11.608978822940992, 2.6938204965444994), (11.601072203613699, 2.6906645837199354), (11.593107895002937, 2.687566365819978), (11.585085897180255, 2.684525842799089), (11.577006210217334, 2.6815430146115924), (11.568868834185993, 2.6786178812116783), (11.560673769158184, 2.6757504425534004), (11.552421015205997, 2.6729406985906774), (11.544110572401658, 2.670188649277292), (11.535742440817524, 2.667494294566891), (11.527316620526092, 2.6648576344129857), (11.518833111599994, 2.6622786687689524), (11.510291914111997, 2.659757397588031), (11.501693028135003, 2.657293820823326), (11.49303645374205, 2.654887938427806), (11.484322191006312, 2.6525397503543053), (11.475550240001098, 2.6502492565555213), (11.466720600799853, 2.6480164569840157), (11.457833273476158, 2.6458413515922152), (11.448888258103729, 2.643723940332411), (11.439885554756415, 2.641664223156758), (11.430825163508205, 2.639662200017276), (11.421707084433223, 2.637717870865849), (11.412531317605726, 2.635831235654225), (11.403297863100109, 2.6340022943340173)]",True
1784490054.9288216,0,12.01166511234487,2.8280081938597927,0.7980206328050742,81.0419600588161,-0.29377035691190057,7.8368913323221685,1.710961593247788,1.1200046658393843,76.7264815463351,-0.27911237971477526,-4.174773780022702,-1.1170466006120048,0.3219840330343101,-4.3154785124810076,0.014657977197125305,"[(11.824648867187088, 2.79291670958362), (11.819355528687892, 2.794652670878486), (11.814009801625216, 2.7964410217543634), (11.808611686035803, 2.7982817621792124), (11.80316118195646, 2.8001748921209244), (11.797658289424062, 2.802120411547321), (11.792103008475559, 2.804118320426155), (11.786495339147963, 2.8061686187251094), (11.780835281478364, 2.808271306411799), (11.775122835503913, 2.810426383453769), (11.769358001261834, 2.8126338498184946), (11.763540778789421, 2.814893705473383), (11.757671168124036, 2.8172059503857714), (11.751749169303109, 2.8195705845229284), (11.745774782364139, 2.8219876078520527), (11.739748007344696, 2.8244570203402746), (11.73366884428242, 2.8269788219546546), (11.727537293215017, 2.829553012662184), (11.721353354180266, 2.8321795924297852), (11.715117027216012, 2.8348585612243116), (11.70882831236017, 2.837589919012547), (11.702487209650727, 2.8403736657612058), (11.696093719125734, 2.8432098014369336), (11.689647840823316, 2.846098326006307), (11.683149574781662, 2.849039239435833), (11.676598921039037, 2.8520325416919494), (11.66999587963377, 2.855078232741025), (11.66334045060426, 2.8581763125493596), (11.656632633988975, 2.861326781083183), (11.649872429826457, 2.8645296383086567), (11.643059838155311, 2.8677848841918725), (11.636194859014214, 2.871092518698853), (11.629277492441911, 2.8744525417955527), (11.622307738477218, 2.8778649534478546), (11.61528559715902, 2.881329753621575), (11.608211068526266, 2.884846942282459), (11.601084152617982, 2.888416519396184), (11.593904849473258, 2.8920384849283574), (11.586673159131255, 2.895712838844517), (11.579389081631206, 2.8994395811101326), (11.572052617012407, 2.903218711690604), (11.564663765314227, 2.9070502305512624), (11.557222526576105, 2.9109341376573687), (11.549728900837545, 2.9148704329741157), (11.542182888138125, 2.918859116466627)]",True
1784490054.980139,0,12.035078146805951,2.833025883768779,0.7982897778969353,81.0419600588161,-0.29377035691190057,7.869811192865021,1.717688271072184,1.1200024800181874,76.7264815463351,-0.27911237971477526,-4.16526695394093,-1.1153376126965953,0.321712702121252,-4.3154785124810076,0.014657977197125305,"[(11.904723535748776, 2.8214468631364493), (11.899547085875977, 2.828714345298074), (11.894298972486393, 2.8360534883835338), (11.888979195800221, 2.843464292154564), (11.883587756038276, 2.8509467563722803), (11.878124653421992, 2.858500880797179), (11.872589888173424, 2.866126665189139), (11.866983460515243, 2.8738241093074186), (11.861305370670738, 2.8815932129106585), (11.855555618863823, 2.8894339757568805), (11.849734205319026, 2.897346397603487), (11.843841130261493, 2.9053304782072615), (11.837876393916991, 2.9133862173243696), (11.831839996511908, 2.921513614710357), (11.825731938273247, 2.9297126701201512), (11.819552219428632, 2.937983383308061), (11.813300840206303, 2.946325754027775), (11.806977800835122, 2.954739782032365), (11.800583101544571, 2.963225467074283), (11.79411674256475, 2.9717828089053615)]",True
1784490055.0313485,0,12.074194383177781,2.8410152614120308,0.798659512987154,81.0419600588161,-0.29377035691190057,7.924649567279936,1.7290353241422185,1.1200008667696284,76.7264815463351,-0.27911237971477526,-4.149544815897845,-1.1119799372698123,0.3213413537824744,-4.3154785124810076,0.014657977197125305,"[(11.969237054532893, 2.826786026768727), (11.967978159946007, 2.8342575781366675), (11.96663640784786, 2.8418119784734293), (11.965211798475782, 2.8494492274798042), (11.963704332067923, 2.857169324855759), (11.962114008863265, 2.8649722703004357), (11.960440829101607, 2.8728580635121514), (11.958684793023581, 2.880826704188399), (11.956845900870638, 2.888878192025847), (11.954924152885056, 2.897012526720338), (11.952919549309936, 2.9052297079668916), (11.950832090389207, 2.913529735459701), (11.948661776367622, 2.921912608892136), (11.946408607490758, 2.9303783279567415), (11.944072584005017, 2.938926892345237), (11.941653706157625, 2.9475583017485185), (11.939151974196637, 2.956272555856656), (11.936567388370928, 2.965069654358896), (11.933899948930202, 2.9739495969436605), (11.931149656124985, 2.9829123832985456), (11.928316510206626, 2.991958013110324), (11.925400511427306, 3.001086486064943), (11.922401660040023, 3.010297801847526), (11.919319956298606, 3.0195919601423715), (11.916155400457704, 3.028968960632953), (11.912907992772794, 3.0384288030019198), (11.909577733500178, 3.0479714869310968), (11.90616462289698, 3.0575970121014837), (11.902668661221153, 3.0673053781932564), (11.89908984873147, 3.0770965848857657), (11.89542818568753, 3.0869706318575374), (11.891683672349762, 3.096927518786274), (11.887856308979414, 3.1069672453488524), (11.88394609583856, 3.1170898112213252), (11.879953033190102, 3.127295216078921), (11.875877121297762, 3.1375834595960432), (11.87171836042609, 3.147954541446271), (11.86747675084046, 3.158408461302358), (11.863152292807072, 3.1689452188362357), (11.858744986592948, 3.1795648137190087), (11.854254832465937, 3.1902672456209578), (11.849681830694712, 3.20105251421154), (11.84502598154877, 3.211920619159387), (11.840287285298436, 3.2228715601323064), (11.835465742214856, 3.233905336797281)]",True
1784490055.088408,0,12.09762811331704,2.8460215703961103,0.7988417866636724,81.0419600588161,-0.29377035691190057,7.957512804974831,1.73603135436688,1.12000046253193,76.7264815463351,-0.27911237971477526,-4.140115308342208,-1.1099902160292303,0.3211586758682575,-4.3154785124810076,0.014657977197125305,"[(12.043134952547874, 2.8434832579101603), (12.044404643773838, 2.8521628719771264), (12.04561645628532, 2.8609003599514), (12.046770390134643, 2.869695721756166), (12.047866445374277, 2.8785489573144685), (12.04890462205683, 2.887460066549208), (12.049884920235053, 2.896429049383143), (12.050807339961843, 2.905455905738889), (12.051671881290233, 2.9145406355389203), (12.052478544273404, 2.923683238705568), (12.05322732896468, 2.93288371516102), (12.05391823541752, 2.9421420648273235), (12.054551263685534, 2.9514582876263824), (12.055126413822471, 2.9608323834799584), (12.055643685882222, 2.97026435230967), (12.05610307991882, 2.9797541940369947), (12.056504595986443, 2.989301908583266), (12.056848234139407, 2.998907495869677), (12.057133994432174, 3.008570955817276), (12.05736187691935, 3.018292288346971), (12.05753188165568, 3.0280714933795263), (12.05764400869605, 3.0379085708355644), (12.057698258095494, 3.0478035206355654), (12.057694629909184, 3.0577563426998666), (12.057633124192435, 3.067767036948663), (12.057513741000706, 3.077835603302008), (12.0573364803896, 3.087962041679811), (12.057101342414857, 3.0981463520018404), (12.056808327132364, 3.1083885341877218), (12.056457434598148, 3.118688588156938), (12.05604866486838, 3.12904651382883), (12.055582017999372, 3.139462311122596), (12.055057494047581, 3.1499359799572924), (12.054475093069604, 3.160467520251832), (12.053834815122181, 3.1710569319249866), (12.053136660262195, 3.1817042148953845), (12.05238062854667, 3.192409369081512), (12.051566720032774, 3.2031723944017134), (12.050694934777816, 3.21399329077419), (12.04976527283925, 3.224872058117001), (12.04877773427467, 3.2358086963480632), (12.047732319141815, 3.246803205385151), (12.046629027498563, 3.2578555851458963), (12.045467859402933, 3.268965835547789), (12.044248814913095, 3.280133956508176)]",True
1784490055.1245112,0,12.136690973821155,2.854385338568518,0.799092183108824,81.0419600588161,-0.29377035691190057,8.012112315861021,1.7484752757872732,1.1200001641837,76.7264815463351,-0.27911237971477526,-4.124578657960134,-1.1059100627812446,0.32090798107487606,-4.3154785124810076,0.014657977197125305,"[(12.051140637786647, 2.845547020376817), (12.051924450953011, 2.854494721973408), (12.052654893548828, 2.863495791031387), (12.053331965606763, 2.8725502275034662), (12.053955667159558, 2.8816580313422784), (12.054525998240036, 2.8908192025003756), (12.055042958881105, 2.9000337409302297), (12.055506549115744, 2.9093016465842325), (12.05591676897702, 2.918622919414696), (12.056273618498079, 2.927997559373851), (12.056577097712143, 2.9374255664138498), (12.056827206652518, 2.9469069404867625), (12.057023945352588, 2.9564416815445806), (12.05716731384582, 2.9660297895392147), (12.057257312165756, 2.9756712644224956), (12.057293940346026, 2.9853661061461736), (12.057277198420334, 2.995114314661919), (12.057207086422464, 3.0049158899213215), (12.057083604386285, 3.0147708318758912), (12.056906752345743, 3.024679140477058), (12.056676530334864, 3.034640815676171), (12.056392938387756, 3.0446558574245004), (12.056055976538604, 3.0547242656732343), (12.055665644821678, 3.0648460403734825), (12.055221943271324, 3.0750211814762736), (12.054724871921968, 3.085249688932556), (12.05417443080812, 3.095531562693198), (12.053570619964365, 3.1058668027089884), (12.052913439425373, 3.116255408930635), (12.052202889225894, 3.126697381308766), (12.051438969400754, 3.1371927197939287), (12.050621679984863, 3.147741424336591), (12.049751021013208, 3.1583434948871405), (12.04882699252086, 3.168998931395884), (12.047849594542969, 3.179707733813049), (12.046818827114762, 3.190469902088782), (12.04573469027155, 3.20128543617315), (12.044597184048722, 3.212154336016139), (12.04340630848175, 3.2230766015676555), (12.042162063606183, 3.2340522327775263), (12.04086444945765, 3.2450812295954967), (12.039513466071865, 3.256163591971233), (12.038109113484616, 3.2672993198543203), (12.036651391731775, 3.278488413194265), (12.035140300849292, 3.2897308719404914)]",True
1784490055.1857266,0,12.136690973821155,2.854385338568518,0.799092183108824,81.0419600588161,-0.29377035691190057,8.012112315861021,1.7484752757872732,1.1200001641837,76.7264815463351,-0.27911237971477526,-4.124578657960134,-1.1059100627812446,0.32090798107487606,-4.3154785124810076,0.014657977197125305,"[(12.058282459375688, 2.8475457777262685), (12.05838172820656, 2.856875957442128), (12.058428094726372, 2.8662590366389185), (12.058421558966497, 2.8756950152720666), (12.058362120958387, 2.8851838932969254), (12.058249780733565, 2.8947256706687736), (12.05808453832363, 2.904320347342816), (12.057866393760257, 2.9139679232741833), (12.057595347075189, 2.923668398417932), (12.057271398300248, 2.9334217727290453), (12.05689454746733, 2.943228046162431), (12.0564647946084, 2.953087218672925), (12.055982139755503, 2.9629992902152873), (12.055446582940757, 2.9729642607442046), (12.05485812419635, 2.98298213021429), (12.054216763554548, 2.993052898580081), (12.05352250104769, 3.003176565796043), (12.052775336708187, 3.013353131816567), (12.051975270568528, 3.023582596595969), (12.051122302661273, 3.0338649600884913), (12.050216433019056, 3.044200222248303), (12.049257661674588, 3.054588383029498), (12.04824598866065, 3.0650294423860975), (12.0471814140101, 3.0755234002720475), (12.046063937755866, 3.086070256641221), (12.044893559930959, 3.096670011447416), (12.043670280568453, 3.1073226646443572), (12.042394099701502, 3.118028216185695), (12.041065017363334, 3.1287866660250057), (12.03968303358725, 3.1395980141157915), (12.038248148406627, 3.1504622604114814), (12.03676036185491, 3.1613794048654293), (12.035219673965623, 3.1723494474309155), (12.033626084772365, 3.1833723880611466), (12.031979594308806, 3.194448226709255), (12.030280202608694, 3.2055769633282987), (12.028527909705845, 3.2167585978712623), (12.026722715634154, 3.227993130291056), (12.024864620427588, 3.2392805605405157), (12.022953624120188, 3.250620888572404), (12.02098972674607, 3.2620141143394097), (12.018972928339423, 3.273460237794146), (12.01690322893451, 3.2849592588891543), (12.014780628565669, 3.2965111775768996), (12.012605127267312, 3.308115993809775)]",True
1784490055.2244234,0,12.16018322304533,2.8591702366299527,0.7992156246805124,81.0419600588161,-0.29377035691190057,8.044807960712717,1.7562180906954576,1.1200000894254734,76.7264815463351,-0.27911237971477526,-4.115375262332613,-1.102952145934495,0.3207844647449609,-4.3154785124810076,0.014657977197125305,"[(12.088133752583534, 2.855285780662306), (12.086936852299498, 2.8656995643988656), (12.085687260617975, 2.876166036848344), (12.084384977571046, 2.886685197966189), (12.083030003190867, 2.8972570477077784), (12.08162233750966, 2.9078815860284175), (12.080161980559726, 2.9185588128833406), (12.07864893237343, 2.929288728227711), (12.077083192983208, 2.9400713320166214), (12.075464762421575, 2.9509066242050914), (12.07379364072111, 2.961794604748071), (12.072069827914467, 2.9727352736004384), (12.07029332403437, 2.9837286307170006), (12.068464129113616, 2.9947746760524927), (12.06658224318507, 3.0058734095615796), (12.06464766628167, 3.0170248311988543), (12.062660398436426, 3.0282289409188388), (12.060620439682419, 3.039485738675983), (12.058527790052798, 3.050795224424667), (12.05638244958079, 3.062157398119199), (12.054184418299684, 3.073572259713815), (12.05193369624285, 3.085039809162681), (12.049630283443724, 3.0965600464198912), (12.047274179935815, 3.1081329714394688), (12.0448653857527, 3.1197585841753654), (12.042403900928031, 3.1314368845814617), (12.03988972549553, 3.143167872611567), (12.037322859488992, 3.1549515482194193), (12.034703302942278, 3.1667879113586848), (12.032031055889325, 3.1786769619829593), (12.029306118364142, 3.1906187000457673), (12.026528490400805, 3.2026131255005614), (12.023698172033464, 3.2146602383007234), (12.020815163296342, 3.226760038399564), (12.017879464223729, 3.238912525750322), (12.014891074849988, 3.2511177003061653), (12.011849995209555, 3.2633755620201907), (12.008756225336937, 3.2756861108454234), (12.005609765266708, 3.2880493467348177), (12.00241061503352, 3.3004652696412564), (11.99915877467209, 3.3129338795175514), (11.995854244217208, 3.3254551763164426), (11.99249702370374, 3.3380291599905996), (11.989087113166617, 3.3506558304926197), (11.985624512640845, 3.36333518777503)]",True
1784490055.274529,0,12.175819053303687,2.862493154196633,0.7992884464055644,81.0419600588161,-0.29377035691190057,8.06658419972116,1.761467272789044,1.1200000602844704,76.7264815463351,-0.27911237971477526,-4.109234853582528,-1.101025881407589,0.320711613878906,-4.3154785124810076,0.014657977197125305,"[(12.088133752583534, 2.855285780662306), (12.086936852299498, 2.8656995643988656), (12.085687260617975, 2.876166036848344), (12.084384977571046, 2.886685197966189), (12.083030003190867, 2.8972570477077784), (12.08162233750966, 2.9078815860284175), (12.080161980559726, 2.9185588128833406), (12.07864893237343, 2.929288728227711), (12.077083192983208, 2.9400713320166214), (12.075464762421575, 2.9509066242050914), (12.07379364072111, 2.961794604748071), (12.072069827914467, 2.9727352736004384), (12.07029332403437, 2.9837286307170006), (12.068464129113616, 2.9947746760524927), (12.06658224318507, 3.0058734095615796), (12.06464766628167, 3.0170248311988543), (12.062660398436426, 3.0282289409188388), (12.060620439682419, 3.039485738675983), (12.058527790052798, 3.050795224424667), (12.05638244958079, 3.062157398119199), (12.054184418299684, 3.073572259713815), (12.05193369624285, 3.085039809162681), (12.049630283443724, 3.0965600464198912), (12.047274179935815, 3.1081329714394688), (12.0448653857527, 3.1197585841753654), (12.042403900928031, 3.1314368845814617), (12.03988972549553, 3.143167872611567), (12.037322859488992, 3.1549515482194193), (12.034703302942278, 3.1667879113586848), (12.032031055889325, 3.1786769619829593), (12.029306118364142, 3.1906187000457673), (12.026528490400805, 3.2026131255005614), (12.023698172033464, 3.2146602383007234), (12.020815163296342, 3.226760038399564), (12.017879464223729, 3.238912525750322), (12.014891074849988, 3.2511177003061653), (12.011849995209555, 3.2633755620201907), (12.008756225336937, 3.2756861108454234), (12.005609765266708, 3.2880493467348177), (12.00241061503352, 3.3004652696412564), (11.99915877467209, 3.3129338795175514), (11.995854244217208, 3.3254551763164426), (11.99249702370374, 3.3380291599905996), (11.989087113166617, 3.3506558304926197), (11.985624512640845, 3.36333518777503)]",True
1784490055.346145,0,12.199253509381078,2.8675795509028736,0.7993852011729882,81.0419600588161,-0.29377035691190057,8.099231793757326,1.7694102097817863,1.1200000342500536,76.7264815463351,-0.27911237971477526,-4.100021715623752,-1.0981693411210873,0.3206148330770654,-4.3154785124810076,0.014657977197125305,"[(12.088133752583534, 2.855285780662306), (12.086936852299498, 2.8656995643988656), (12.085687260617975, 2.876166036848344), (12.084384977571046, 2.886685197966189), (12.083030003190867, 2.8972570477077784), (12.08162233750966, 2.9078815860284175), (12.080161980559726, 2.9185588128833406), (12.07864893237343, 2.929288728227711), (12.077083192983208, 2.9400713320166214), (12.075464762421575, 2.9509066242050914), (12.07379364072111, 2.961794604748071), (12.072069827914467, 2.9727352736004384), (12.07029332403437, 2.9837286307170006), (12.068464129113616, 2.9947746760524927), (12.06658224318507, 3.0058734095615796), (12.06464766628167, 3.0170248311988543), (12.062660398436426, 3.0282289409188388), (12.060620439682419, 3.039485738675983), (12.058527790052798, 3.050795224424667), (12.05638244958079, 3.062157398119199), (12.054184418299684, 3.073572259713815), (12.05193369624285, 3.085039809162681), (12.049630283443724, 3.0965600464198912), (12.047274179935815, 3.1081329714394688), (12.0448653857527, 3.1197585841753654), (12.042403900928031, 3.1314368845814617), (12.03988972549553, 3.143167872611567), (12.037322859488992, 3.1549515482194193), (12.034703302942278, 3.1667879113586848), (12.032031055889325, 3.1786769619829593), (12.029306118364142, 3.1906187000457673), (12.026528490400805, 3.2026131255005614), (12.023698172033464, 3.2146602383007234), (12.020815163296342, 3.226760038399564), (12.017879464223729, 3.238912525750322), (12.014891074849988, 3.2511177003061653), (12.011849995209555, 3.2633755620201907), (12.008756225336937, 3.2756861108454234), (12.005609765266708, 3.2880493467348177), (12.00241061503352, 3.3004652696412564), (11.99915877467209, 3.3129338795175514), (11.995854244217208, 3.3254551763164426), (11.99249702370374, 3.3380291599905996), (11.989087113166617, 3.3506558304926197), (11.985624512640845, 3.36333518777503)]",True
1784490055.3771079,0,12.245949634186406,2.8785394432148173,0.7995410310687803,81.0419600588161,-0.29377035691190057,8.164484123023026,1.7854689144349394,1.1200000130825416,76.7264815463351,-0.27911237971477526,-4.08146551116338,-1.0930705287798779,0.32045898201376133,-4.3154785124810076,0.014657977197125305,"[(12.088133752583534, 2.855285780662306), (12.086936852299498, 2.8656995643988656), (12.085687260617975, 2.876166036848344), (12.084384977571046, 2.886685197966189), (12.083030003190867, 2.8972570477077784), (12.08162233750966, 2.9078815860284175), (12.080161980559726, 2.9185588128833406), (12.07864893237343, 2.929288728227711), (12.077083192983208, 2.9400713320166214), (12.075464762421575, 2.9509066242050914), (12.07379364072111, 2.961794604748071), (12.072069827914467, 2.9727352736004384), (12.07029332403437, 2.9837286307170006), (12.068464129113616, 2.9947746760524927), (12.06658224318507, 3.0058734095615796), (12.06464766628167, 3.0170248311988543), (12.062660398436426, 3.0282289409188388), (12.060620439682419, 3.039485738675983), (12.058527790052798, 3.050795224424667), (12.05638244958079, 3.062157398119199), (12.054184418299684, 3.073572259713815), (12.05193369624285, 3.085039809162681), (12.049630283443724, 3.0965600464198912), (12.047274179935815, 3.1081329714394688), (12.0448653857527, 3.1197585841753654), (12.042403900928031, 3.1314368845814617), (12.03988972549553, 3.143167872611567), (12.037322859488992, 3.1549515482194193), (12.034703302942278, 3.1667879113586848), (12.032031055889325, 3.1786769619829593), (12.029306118364142, 3.1906187000457673), (12.026528490400805, 3.2026131255005614), (12.023698172033464, 3.2146602383007234), (12.020815163296342, 3.226760038399564), (12.017879464223729, 3.238912525750322), (12.014891074849988, 3.2511177003061653), (12.011849995209555, 3.2633755620201907), (12.008756225336937, 3.2756861108454234), (12.005609765266708, 3.2880493467348177), (12.00241061503352, 3.3004652696412564), (11.99915877467209, 3.3129338795175514), (11.995854244217208, 3.3254551763164426), (11.99249702370374, 3.3380291599905996), (11.989087113166617, 3.3506558304926197), (11.985624512640845, 3.36333518777503)]",True
1784490055.4241986,0,12.284889512045876,2.8875963877912696,0.7996402580309369,81.0419600588161,-0.29377035691190057,8.218661016273746,1.7996374784623537,1.1200000076637662,76.7264815463351,-0.27911237971477526,-4.06622849577213,-1.087958909328916,0.3203597496328293,-4.3154785124810076,0.014657977197125305,"[(12.088133752583534, 2.855285780662306), (12.086936852299498, 2.8656995643988656), (12.085687260617975, 2.876166036848344), (12.084384977571046, 2.886685197966189), (12.083030003190867, 2.8972570477077784), (12.08162233750966, 2.9078815860284175), (12.080161980559726, 2.9185588128833406), (12.07864893237343, 2.929288728227711), (12.077083192983208, 2.9400713320166214), (12.075464762421575, 2.9509066242050914), (12.07379364072111, 2.961794604748071), (12.072069827914467, 2.9727352736004384), (12.07029332403437, 2.9837286307170006), (12.068464129113616, 2.9947746760524927), (12.06658224318507, 3.0058734095615796), (12.06464766628167, 3.0170248311988543), (12.062660398436426, 3.0282289409188388), (12.060620439682419, 3.039485738675983), (12.058527790052798, 3.050795224424667), (12.05638244958079, 3.062157398119199), (12.054184418299684, 3.073572259713815), (12.05193369624285, 3.085039809162681), (12.049630283443724, 3.0965600464198912), (12.047274179935815, 3.1081329714394688), (12.0448653857527, 3.1197585841753654), (12.042403900928031, 3.1314368845814617), (12.03988972549553, 3.143167872611567), (12.037322859488992, 3.1549515482194193), (12.034703302942278, 3.1667879113586848), (12.032031055889325, 3.1786769619829593), (12.029306118364142, 3.1906187000457673), (12.026528490400805, 3.2026131255005614), (12.023698172033464, 3.2146602383007234), (12.020815163296342, 3.226760038399564), (12.017879464223729, 3.238912525750322), (12.014891074849988, 3.2511177003061653), (12.011849995209555, 3.2633755620201907), (12.008756225336937, 3.2756861108454234), (12.005609765266708, 3.2880493467348177), (12.00241061503352, 3.3004652696412564), (11.99915877467209, 3.3129338795175514), (11.995854244217208, 3.3254551763164426), (11.99249702370374, 3.3380291599905996), (11.989087113166617, 3.3506558304926197), (11.985624512640845, 3.36333518777503)]",True
1784490055.4806426,0,12.317711755964725,2.895665955137594,0.9180017659651474,81.0419600588161,-0.29377035691190057,8.251003743861313,1.8087420557737524,1.1200000063059634,76.7264815463351,-0.27911237971477526,-4.066708012103412,-1.0869238993638417,0.20199824034081604,-4.3154785124810076,0.014657977197125305,"[(12.088133752583534, 2.855285780662306), (12.086936852299498, 2.8656995643988656), (12.085687260617975, 2.876166036848344), (12.084384977571046, 2.886685197966189), (12.083030003190867, 2.8972570477077784), (12.08162233750966, 2.9078815860284175), (12.080161980559726, 2.9185588128833406), (12.07864893237343, 2.929288728227711), (12.077083192983208, 2.9400713320166214), (12.075464762421575, 2.9509066242050914), (12.07379364072111, 2.961794604748071), (12.072069827914467, 2.9727352736004384), (12.07029332403437, 2.9837286307170006), (12.068464129113616, 2.9947746760524927), (12.06658224318507, 3.0058734095615796), (12.06464766628167, 3.0170248311988543), (12.062660398436426, 3.0282289409188388), (12.060620439682419, 3.039485738675983), (12.058527790052798, 3.050795224424667), (12.05638244958079, 3.062157398119199), (12.054184418299684, 3.073572259713815), (12.05193369624285, 3.085039809162681), (12.049630283443724, 3.0965600464198912), (12.047274179935815, 3.1081329714394688), (12.0448653857527, 3.1197585841753654), (12.042403900928031, 3.1314368845814617), (12.03988972549553, 3.143167872611567), (12.037322859488992, 3.1549515482194193), (12.034703302942278, 3.1667879113586848), (12.032031055889325, 3.1786769619829593), (12.029306118364142, 3.1906187000457673), (12.026528490400805, 3.2026131255005614), (12.023698172033464, 3.2146602383007234), (12.020815163296342, 3.226760038399564), (12.017879464223729, 3.238912525750322), (12.014891074849988, 3.2511177003061653), (12.011849995209555, 3.2633755620201907), (12.008756225336937, 3.2756861108454234), (12.005609765266708, 3.2880493467348177), (12.00241061503352, 3.3004652696412564), (11.99915877467209, 3.3129338795175514), (11.995854244217208, 3.3254551763164426), (11.99249702370374, 3.3380291599905996), (11.989087113166617, 3.3506558304926197), (11.985624512640845, 3.36333518777503)]",True
1784490055.6776383,0,12.32679815084296,2.8979074832273852,0.95375927995288,81.0419600588161,-0.29377035691190057,8.272511050876922,1.815002605576752,1.1200000057766875,76.7264815463351,-0.27911237971477526,-4.054287099966038,-1.0829048776506331,0.16624072582380744,-4.3154785124810076,0.014657977197125305,"[(12.088133752583534, 2.855285780662306), (12.086936852299498, 2.8656995643988656), (12.085687260617975, 2.876166036848344), (12.084384977571046, 2.886685197966189), (12.083030003190867, 2.8972570477077784), (12.08162233750966, 2.9078815860284175), (12.080161980559726, 2.9185588128833406), (12.07864893237343, 2.929288728227711), (12.077083192983208, 2.9400713320166214), (12.075464762421575, 2.9509066242050914), (12.07379364072111, 2.961794604748071), (12.072069827914467, 2.9727352736004384), (12.07029332403437, 2.9837286307170006), (12.068464129113616, 2.9947746760524927), (12.06658224318507, 3.0058734095615796), (12.06464766628167, 3.0170248311988543), (12.062660398436426, 3.0282289409188388), (12.060620439682419, 3.039485738675983), (12.058527790052798, 3.050795224424667), (12.05638244958079, 3.062157398119199), (12.054184418299684, 3.073572259713815), (12.05193369624285, 3.085039809162681), (12.049630283443724, 3.0965600464198912), (12.047274179935815, 3.1081329714394688), (12.0448653857527, 3.1197585841753654), (12.042403900928031, 3.1314368845814617), (12.03988972549553, 3.143167872611567), (12.037322859488992, 3.1549515482194193), (12.034703302942278, 3.1667879113586848), (12.032031055889325, 3.1786769619829593), (12.029306118364142, 3.1906187000457673), (12.026528490400805, 3.2026131255005614), (12.023698172033464, 3.2146602383007234), (12.020815163296342, 3.226760038399564), (12.017879464223729, 3.238912525750322), (12.014891074849988, 3.2511177003061653), (12.011849995209555, 3.2633755620201907), (12.008756225336937, 3.2756861108454234), (12.005609765266708, 3.2880493467348177), (12.00241061503352, 3.3004652696412564), (11.99915877467209, 3.3129338795175514), (11.995854244217208, 3.3254551763164426), (11.99249702370374, 3.3380291599905996), (11.989087113166617, 3.3506558304926197), (11.985624512640845, 3.36333518777503)]",True
1784490055.7380445,0,12.335934065333296,2.9000827963190177,0.924514267173203,81.0419600588161,-0.29377035691190057,8.283248746950331,1.8181872060054325,1.1200000055849058,76.7264815463351,-0.27911237971477526,-4.052685318382965,-1.0818955903135852,0.1954857384117028,-4.3154785124810076,0.014657977197125305,"[(12.088133752583534, 2.855285780662306), (12.086936852299498, 2.8656995643988656), (12.085687260617975, 2.876166036848344), (12.084384977571046, 2.886685197966189), (12.083030003190867, 2.8972570477077784), (12.08162233750966, 2.9078815860284175), (12.080161980559726, 2.9185588128833406), (12.07864893237343, 2.929288728227711), (12.077083192983208, 2.9400713320166214), (12.075464762421575, 2.9509066242050914), (12.07379364072111, 2.961794604748071), (12.072069827914467, 2.9727352736004384), (12.07029332403437, 2.9837286307170006), (12.068464129113616, 2.9947746760524927), (12.06658224318507, 3.0058734095615796), (12.06464766628167, 3.0170248311988543), (12.062660398436426, 3.0282289409188388), (12.060620439682419, 3.039485738675983), (12.058527790052798, 3.050795224424667), (12.05638244958079, 3.062157398119199), (12.054184418299684, 3.073572259713815), (12.05193369624285, 3.085039809162681), (12.049630283443724, 3.0965600464198912), (12.047274179935815, 3.1081329714394688), (12.0448653857527, 3.1197585841753654), (12.042403900928031, 3.1314368845814617), (12.03988972549553, 3.143167872611567), (12.037322859488992, 3.1549515482194193), (12.034703302942278, 3.1667879113586848), (12.032031055889325, 3.1786769619829593), (12.029306118364142, 3.1906187000457673), (12.026528490400805, 3.2026131255005614), (12.023698172033464, 3.2146602383007234), (12.020815163296342, 3.226760038399564), (12.017879464223729, 3.238912525750322), (12.014891074849988, 3.2511177003061653), (12.011849995209555, 3.2633755620201907), (12.008756225336937, 3.2756861108454234), (12.005609765266708, 3.2880493467348177), (12.00241061503352, 3.3004652696412564), (11.99915877467209, 3.3129338795175514), (11.995854244217208, 3.3254551763164426), (11.99249702370374, 3.3380291599905996), (11.989087113166617, 3.3506558304926197), (11.985624512640845, 3.36333518777503)]",True
1784490055.7749658,0,12.34483798943274,2.902086806399713,0.9008316558242204,81.0419600588161,-0.29377035691190057,8.293988164382878,1.8213660051093847,1.1200000054296009,76.7264815463351,-0.27911237971477526,-4.050849825049863,-1.0807208012903282,0.21916834960538045,-4.3154785124810076,0.014657977197125305,"[(12.088133752583534, 2.855285780662306), (12.086936852299498, 2.8656995643988656), (12.085687260617975, 2.876166036848344), (12.084384977571046, 2.886685197966189), (12.083030003190867, 2.8972570477077784), (12.08162233750966, 2.9078815860284175), (12.080161980559726, 2.9185588128833406), (12.07864893237343, 2.929288728227711), (12.077083192983208, 2.9400713320166214), (12.075464762421575, 2.9509066242050914), (12.07379364072111, 2.961794604748071), (12.072069827914467, 2.9727352736004384), (12.07029332403437, 2.9837286307170006), (12.068464129113616, 2.9947746760524927), (12.06658224318507, 3.0058734095615796), (12.06464766628167, 3.0170248311988543), (12.062660398436426, 3.0282289409188388), (12.060620439682419, 3.039485738675983), (12.058527790052798, 3.050795224424667), (12.05638244958079, 3.062157398119199), (12.054184418299684, 3.073572259713815), (12.05193369624285, 3.085039809162681), (12.049630283443724, 3.0965600464198912), (12.047274179935815, 3.1081329714394688), (12.0448653857527, 3.1197585841753654), (12.042403900928031, 3.1314368845814617), (12.03988972549553, 3.143167872611567), (12.037322859488992, 3.1549515482194193), (12.034703302942278, 3.1667879113586848), (12.032031055889325, 3.1786769619829593), (12.029306118364142, 3.1906187000457673), (12.026528490400805, 3.2026131255005614), (12.023698172033464, 3.2146602383007234), (12.020815163296342, 3.226760038399564), (12.017879464223729, 3.238912525750322), (12.014891074849988, 3.2511177003061653), (12.011849995209555, 3.2633755620201907), (12.008756225336937, 3.2756861108454234), (12.005609765266708, 3.2880493467348177), (12.00241061503352, 3.3004652696412564), (11.99915877467209, 3.3129338795175514), (11.995854244217208, 3.3254551763164426), (11.99249702370374, 3.3380291599905996), (11.989087113166617, 3.3506558304926197), (11.985624512640845, 3.36333518777503)]",True
1784490055.8287191,0,12.419370205209702,2.9173432120198552,0.8151007021834774,81.0419600588161,-0.29377035691190057,8.391742488874716,1.8458539989024507,1.1200000048673981,76.7264815463351,-0.27911237971477526,-4.027627716334987,-1.0714892131174045,0.30489930268392074,-4.3154785124810076,0.014657977197125305,"[(12.088133752583534, 2.855285780662306), (12.086936852299498, 2.8656995643988656), (12.085687260617975, 2.876166036848344), (12.084384977571046, 2.886685197966189), (12.083030003190867, 2.8972570477077784), (12.08162233750966, 2.9078815860284175), (12.080161980559726, 2.9185588128833406), (12.07864893237343, 2.929288728227711), (12.077083192983208, 2.9400713320166214), (12.075464762421575, 2.9509066242050914), (12.07379364072111, 2.961794604748071), (12.072069827914467, 2.9727352736004384), (12.07029332403437, 2.9837286307170006), (12.068464129113616, 2.9947746760524927), (12.06658224318507, 3.0058734095615796), (12.06464766628167, 3.0170248311988543), (12.062660398436426, 3.0282289409188388), (12.060620439682419, 3.039485738675983), (12.058527790052798, 3.050795224424667), (12.05638244958079, 3.062157398119199), (12.054184418299684, 3.073572259713815), (12.05193369624285, 3.085039809162681), (12.049630283443724, 3.0965600464198912), (12.047274179935815, 3.1081329714394688), (12.0448653857527, 3.1197585841753654), (12.042403900928031, 3.1314368845814617), (12.03988972549553, 3.143167872611567), (12.037322859488992, 3.1549515482194193), (12.034703302942278, 3.1667879113586848), (12.032031055889325, 3.1786769619829593), (12.029306118364142, 3.1906187000457673), (12.026528490400805, 3.2026131255005614), (12.023698172033464, 3.2146602383007234), (12.020815163296342, 3.226760038399564), (12.017879464223729, 3.238912525750322), (12.014891074849988, 3.2511177003061653), (12.011849995209555, 3.2633755620201907), (12.008756225336937, 3.2756861108454234), (12.005609765266708, 3.2880493467348177), (12.00241061503352, 3.3004652696412564), (11.99915877467209, 3.3129338795175514), (11.995854244217208, 3.3254551763164426), (11.99249702370374, 3.3380291599905996), (11.989087113166617, 3.3506558304926197), (11.985624512640845, 3.36333518777503)]",True
1784490055.8868198,0,12.435235513383379,2.920845460335971,0.8099026827825695,81.0419600588161,-0.29377035691190057,8.41362084619283,1.8506595721134493,1.1200000048333107,76.7264815463351,-0.27911237971477526,-4.0216146671905495,-1.0701858882225217,0.31009732205074125,-4.3154785124810076,0.014657977197125305,"[(12.088133752583534, 2.855285780662306), (12.086936852299498, 2.8656995643988656), (12.085687260617975, 2.876166036848344), (12.084384977571046, 2.886685197966189), (12.083030003190867, 2.8972570477077784), (12.08162233750966, 2.9078815860284175), (12.080161980559726, 2.9185588128833406), (12.07864893237343, 2.929288728227711), (12.077083192983208, 2.9400713320166214), (12.075464762421575, 2.9509066242050914), (12.07379364072111, 2.961794604748071), (12.072069827914467, 2.9727352736004384), (12.07029332403437, 2.9837286307170006), (12.068464129113616, 2.9947746760524927), (12.06658224318507, 3.0058734095615796), (12.06464766628167, 3.0170248311988543), (12.062660398436426, 3.0282289409188388), (12.060620439682419, 3.039485738675983), (12.058527790052798, 3.050795224424667), (12.05638244958079, 3.062157398119199), (12.054184418299684, 3.073572259713815), (12.05193369624285, 3.085039809162681), (12.049630283443724, 3.0965600464198912), (12.047274179935815, 3.1081329714394688), (12.0448653857527, 3.1197585841753654), (12.042403900928031, 3.1314368845814617), (12.03988972549553, 3.143167872611567), (12.037322859488992, 3.1549515482194193), (12.034703302942278, 3.1667879113586848), (12.032031055889325, 3.1786769619829593), (12.029306118364142, 3.1906187000457673), (12.026528490400805, 3.2026131255005614), (12.023698172033464, 3.2146602383007234), (12.020815163296342, 3.226760038399564), (12.017879464223729, 3.238912525750322), (12.014891074849988, 3.2511177003061653), (12.011849995209555, 3.2633755620201907), (12.008756225336937, 3.2756861108454234), (12.005609765266708, 3.2880493467348177), (12.00241061503352, 3.3004652696412564), (11.99915877467209, 3.3129338795175514), (11.995854244217208, 3.3254551763164426), (11.99249702370374, 3.3380291599905996), (11.989087113166617, 3.3506558304926197), (11.985624512640845, 3.36333518777503)]",True
1784490055.936412,0,12.443121743787218,2.922647865799158,0.8080191947846854,81.0419600588161,-0.29377035691190057,8.424538753270866,1.853157359658688,1.1200000048209593,76.7264815463351,-0.27911237971477526,-4.018582990516352,-1.06949050614047,0.31198081003627387,-4.3154785124810076,0.014657977197125305,"[(12.103115815924498, 2.8588827311110934), (12.10193252835582, 2.869634515258417), (12.100696740984114, 2.8804387964542872), (12.099408453840958, 2.8912955746543805), (12.098067666957997, 2.9022048498143027), (12.096674380366947, 2.9131666218895904), (12.095228594099597, 2.9241808908357103), (12.093730308187798, 2.9352476566080585), (12.092179522663479, 2.9463669191619615), (12.090576237558633, 2.957538678452676), (12.08892045290533, 2.9687629344353885), (12.087212168735702, 2.9800396870652164), (12.085451385081955, 2.991368936297206), (12.083638101976366, 3.0027506820863343), (12.08177231945128, 3.0141849243875085), (12.079854037539112, 3.0256716631555656), (12.077883256272347, 3.037210898345273), (12.075859975683539, 3.0488026299113273), (12.073784195805315, 3.0604468578083566), (12.07165591667037, 3.0721435819909177), (12.069475138311466, 3.0838928024134984), (12.067241860761442, 3.0956945190305163), (12.0649560840532, 3.1075487317963186), (12.062617808219718, 3.1194554406651838), (12.060227033294037, 3.131414645591319), (12.057783759309274, 3.1434263465288623), (12.055287986298612, 3.1554905434318816), (12.052739714295306, 3.167607236254375), (12.050138943332682, 3.179776424950271), (12.047485673444132, 3.191998109473427), (12.044779904663123, 3.204272289777632), (12.042021637023186, 3.216598965816604), (12.039210870557929, 3.2289781375439914), (12.036347605301021, 3.241409804913373), (12.03343184128621, 3.253893967878257), (12.03046357854731, 3.266430626392082), (12.027442817118205, 3.279019780408217), (12.024369557032847, 3.2916614298799614), (12.021243798325258, 3.3043555747605433), (12.018065541029536, 3.317102215003122), (12.014834785179842, 3.3299013505607866), (12.011551530810411, 3.3427529813865564), (12.008215777955545, 3.3556571074333803), (12.00482752664962, 3.3686137286541378), (12.001386776927077, 3.381622845001638)]",True
1784490056.028653,0,12.46662687627502,2.928315463035695,0.8042585784291009,81.0419600588161,-0.29377035691190057,8.45723491364682,1.8608962406481115,1.1200000047962981,76.7264815463351,-0.27911237971477526,-4.0093919626282,-1.0674192223875836,0.31574142636719726,-4.3154785124810076,0.014657977197125305,"[(12.410468264840123, 2.9270832693712165), (12.425685562189742, 2.9412154170213873), (12.440845324883869, 2.9554050859169787), (12.455947552939415, 2.9696522759731647), (12.470992246373427, 2.9839569871049876), (12.485979405203084, 2.998319219227356), (12.500909029445696, 3.012738972255044), (12.515781119118708, 3.0272162461026957), (12.530595674239697, 3.0417510406848196), (12.545352694826374, 3.0563433559157924), (12.560052180896582, 3.070993191709857), (12.574694132468299, 3.0857005479811237), (12.589278549559635, 3.10046542464357), (12.603805432188835, 3.1152878216110396), (12.618274780374275, 3.130167738797244), (12.632686594134462, 3.1451051761157607), (12.647040873488042, 3.1601001334800354), (12.661337618453787, 3.1751526108033796), (12.675576829050609, 3.190262607998972), (12.68975850529755, 3.205430124979859), (12.703882647213787, 3.220655161658953), (12.717949254818624, 3.2359377179490343), (12.731958328131507, 3.251277793762749), (12.745909867172006, 3.266675389012611), (12.759803871959834, 3.282130503611001), (12.77364034251483, 3.2976431374701667), (12.787419278856966, 3.3132132905022225), (12.80114068100635, 3.32884096261915), (12.814804548983226, 3.344526153732798), (12.828410882807963, 3.360268863754882), (12.84195968250107, 3.3760690925969836), (12.855450948083188, 3.3919268401705525), (12.868884679575089, 3.407842106386905), (12.882260876997677, 3.4238148911572246), (12.895579540371992, 3.4398451943925616), (12.908840669719208, 3.455933016003833), (12.922044265060629, 3.472078355901823), (12.935190326417695, 3.488281213997183), (12.948278853811978, 3.5045415902004304), (12.96130984726518, 3.5208594844219507), (12.974283306799142, 3.537234896571996), (12.987199232435835, 3.553667826560685), (13.000057624197362, 3.570158274298004), (13.012858482105964, 3.5867062396938056), (13.025601806184007, 3.6033117226578097)]",True
1784490056.0853062,0,12.513395719227876,2.939742492866966,0.8012009761410549,81.0419600588161,-0.29377035691190057,8.522496356274813,1.8769185637081838,1.1200000047762473,76.7264815463351,-0.27911237971477526,-3.990899362953064,-1.0628239291587824,0.3187990286351924,-4.3154785124810076,0.014657977197125305,"[(12.410468264840123, 2.9270832693712165), (12.425685562189742, 2.9412154170213873), (12.440845324883869, 2.9554050859169787), (12.455947552939415, 2.9696522759731647), (12.470992246373427, 2.9839569871049876), (12.485979405203084, 2.998319219227356), (12.500909029445696, 3.012738972255044), (12.515781119118708, 3.0272162461026957), (12.530595674239697, 3.0417510406848196), (12.545352694826374, 3.0563433559157924), (12.560052180896582, 3.070993191709857), (12.574694132468299, 3.0857005479811237), (12.589278549559635, 3.10046542464357), (12.603805432188835, 3.1152878216110396), (12.618274780374275, 3.130167738797244), (12.632686594134462, 3.1451051761157607), (12.647040873488042, 3.1601001334800354), (12.661337618453787, 3.1751526108033796), (12.675576829050609, 3.190262607998972), (12.68975850529755, 3.205430124979859), (12.703882647213787, 3.220655161658953), (12.717949254818624, 3.2359377179490343), (12.731958328131507, 3.251277793762749), (12.745909867172006, 3.266675389012611), (12.759803871959834, 3.282130503611001), (12.77364034251483, 3.2976431374701667), (12.787419278856966, 3.3132132905022225), (12.80114068100635, 3.32884096261915), (12.814804548983226, 3.344526153732798), (12.828410882807963, 3.360268863754882), (12.84195968250107, 3.3760690925969836), (12.855450948083188, 3.3919268401705525), (12.868884679575089, 3.407842106386905), (12.882260876997677, 3.4238148911572246), (12.895579540371992, 3.4398451943925616), (12.908840669719208, 3.455933016003833), (12.922044265060629, 3.472078355901823), (12.935190326417695, 3.488281213997183), (12.948278853811978, 3.5045415902004304), (12.96130984726518, 3.5208594844219507), (12.974283306799142, 3.537234896571996), (12.987199232435835, 3.553667826560685), (13.000057624197362, 3.570158274298004), (13.012858482105964, 3.5867062396938056), (13.025601806184007, 3.6033117226578097)]",True
1784490056.1266818,0,12.53659320356429,2.945999252933906,0.8006377808921861,81.0419600588161,-0.29377035691190057,8.555068617171926,1.885165122030721,1.120000004772554,76.7264815463351,-0.27911237971477526,-3.9815245863923643,-1.0608341309031848,0.31936222388036795,-4.3154785124810076,0.014657977197125305,"[(12.410468264840123, 2.9270832693712165), (12.425685562189742, 2.9412154170213873), (12.440845324883869, 2.9554050859169787), (12.455947552939415, 2.9696522759731647), (12.470992246373427, 2.9839569871049876), (12.485979405203084, 2.998319219227356), (12.500909029445696, 3.012738972255044), (12.515781119118708, 3.0272162461026957), (12.530595674239697, 3.0417510406848196), (12.545352694826374, 3.0563433559157924), (12.560052180896582, 3.070993191709857), (12.574694132468299, 3.0857005479811237), (12.589278549559635, 3.10046542464357), (12.603805432188835, 3.1152878216110396), (12.618274780374275, 3.130167738797244), (12.632686594134462, 3.1451051761157607), (12.647040873488042, 3.1601001334800354), (12.661337618453787, 3.1751526108033796), (12.675576829050609, 3.190262607998972), (12.68975850529755, 3.205430124979859), (12.703882647213787, 3.220655161658953), (12.717949254818624, 3.2359377179490343), (12.731958328131507, 3.251277793762749), (12.745909867172006, 3.266675389012611), (12.759803871959834, 3.282130503611001), (12.77364034251483, 3.2976431374701667), (12.787419278856966, 3.3132132905022225), (12.80114068100635, 3.32884096261915), (12.814804548983226, 3.344526153732798), (12.828410882807963, 3.360268863754882), (12.84195968250107, 3.3760690925969836), (12.855450948083188, 3.3919268401705525), (12.868884679575089, 3.407842106386905), (12.882260876997677, 3.4238148911572246), (12.895579540371992, 3.4398451943925616), (12.908840669719208, 3.455933016003833), (12.922044265060629, 3.472078355901823), (12.935190326417695, 3.488281213997183), (12.948278853811978, 3.5045415902004304), (12.96130984726518, 3.5208594844219507), (12.974283306799142, 3.537234896571996), (12.987199232435835, 3.553667826560685), (13.000057624197362, 3.570158274298004), (13.012858482105964, 3.5867062396938056), (13.025601806184007, 3.6033117226578097)]",True
1784490056.1761522,0,12.551970493040209,2.9504569285358864,0.8004182455313349,82.00744556476744,-0.3518926619654928,8.576738751816787,1.8908358964046588,1.1200000047711143,76.7264815463351,-0.27911237971477526,-3.9752317412234213,-1.0596210321312276,0.3195817592397794,-5.280964018432343,0.07278028225071753,"[(12.410468264840123, 2.9270832693712165), (12.425685562189742, 2.9412154170213873), (12.440845324883869, 2.9554050859169787), (12.455947552939415, 2.9696522759731647), (12.470992246373427, 2.9839569871049876), (12.485979405203084, 2.998319219227356), (12.500909029445696, 3.012738972255044), (12.515781119118708, 3.0272162461026957), (12.530595674239697, 3.0417510406848196), (12.545352694826374, 3.0563433559157924), (12.560052180896582, 3.070993191709857), (12.574694132468299, 3.0857005479811237), (12.589278549559635, 3.10046542464357), (12.603805432188835, 3.1152878216110396), (12.618274780374275, 3.130167738797244), (12.632686594134462, 3.1451051761157607), (12.647040873488042, 3.1601001334800354), (12.661337618453787, 3.1751526108033796), (12.675576829050609, 3.190262607998972), (12.68975850529755, 3.205430124979859), (12.703882647213787, 3.220655161658953), (12.717949254818624, 3.2359377179490343), (12.731958328131507, 3.251277793762749), (12.745909867172006, 3.266675389012611), (12.759803871959834, 3.282130503611001), (12.77364034251483, 3.2976431374701667), (12.787419278856966, 3.3132132905022225), (12.80114068100635, 3.32884096261915), (12.814804548983226, 3.344526153732798), (12.828410882807963, 3.360268863754882), (12.84195968250107, 3.3760690925969836), (12.855450948083188, 3.3919268401705525), (12.868884679575089, 3.407842106386905), (12.882260876997677, 3.4238148911572246), (12.895579540371992, 3.4398451943925616), (12.908840669719208, 3.455933016003833), (12.922044265060629, 3.472078355901823), (12.935190326417695, 3.488281213997183), (12.948278853811978, 3.5045415902004304), (12.96130984726518, 3.5208594844219507), (12.974283306799142, 3.537234896571996), (12.987199232435835, 3.553667826560685), (13.000057624197362, 3.570158274298004), (13.012858482105964, 3.5867062396938056), (13.025601806184007, 3.6033117226578097)]",True
1784490056.229094,0,12.559639587657049,2.9527471963721617,0.8003386974986357,82.00744556476744,-0.3518926619654928,8.587562163233967,1.8937157646356853,1.1200000047705927,76.7264815463351,-0.27911237971477526,-3.972077424423082,-1.0590314317364764,0.31966130727195696,-5.280964018432343,0.07278028225071753,"[(12.410468264840123, 2.9270832693712165), (12.425685562189742, 2.9412154170213873), (12.440845324883869, 2.9554050859169787), (12.455947552939415, 2.9696522759731647), (12.470992246373427, 2.9839569871049876), (12.485979405203084, 2.998319219227356), (12.500909029445696, 3.012738972255044), (12.515781119118708, 3.0272162461026957), (12.530595674239697, 3.0417510406848196), (12.545352694826374, 3.0563433559157924), (12.560052180896582, 3.070993191709857), (12.574694132468299, 3.0857005479811237), (12.589278549559635, 3.10046542464357), (12.603805432188835, 3.1152878216110396), (12.618274780374275, 3.130167738797244), (12.632686594134462, 3.1451051761157607), (12.647040873488042, 3.1601001334800354), (12.661337618453787, 3.1751526108033796), (12.675576829050609, 3.190262607998972), (12.68975850529755, 3.205430124979859), (12.703882647213787, 3.220655161658953), (12.717949254818624, 3.2359377179490343), (12.731958328131507, 3.251277793762749), (12.745909867172006, 3.266675389012611), (12.759803871959834, 3.282130503611001), (12.77364034251483, 3.2976431374701667), (12.787419278856966, 3.3132132905022225), (12.80114068100635, 3.32884096261915), (12.814804548983226, 3.344526153732798), (12.828410882807963, 3.360268863754882), (12.84195968250107, 3.3760690925969836), (12.855450948083188, 3.3919268401705525), (12.868884679575089, 3.407842106386905), (12.882260876997677, 3.4238148911572246), (12.895579540371992, 3.4398451943925616), (12.908840669719208, 3.455933016003833), (12.922044265060629, 3.472078355901823), (12.935190326417695, 3.488281213997183), (12.948278853811978, 3.5045415902004304), (12.96130984726518, 3.5208594844219507), (12.974283306799142, 3.537234896571996), (12.987199232435835, 3.553667826560685), (13.000057624197362, 3.570158274298004), (13.012858482105964, 3.5867062396938056), (13.025601806184007, 3.6033117226578097)]",True
1784490056.2754707,0,12.574956114946307,2.9573925535847936,0.8002221138078827,82.00744556476744,-0.3518926619654928,8.609241551202313,1.8993515576090647,1.120000004769828,76.7264815463351,-0.27911237971477526,-3.965714563743994,-1.0580409959757289,0.3197778909619453,-5.280964018432343,0.07278028225071753,"[(12.410468264840123, 2.9270832693712165), (12.425685562189742, 2.9412154170213873), (12.440845324883869, 2.9554050859169787), (12.455947552939415, 2.9696522759731647), (12.470992246373427, 2.9839569871049876), (12.485979405203084, 2.998319219227356), (12.500909029445696, 3.012738972255044), (12.515781119118708, 3.0272162461026957), (12.530595674239697, 3.0417510406848196), (12.545352694826374, 3.0563433559157924), (12.560052180896582, 3.070993191709857), (12.574694132468299, 3.0857005479811237), (12.589278549559635, 3.10046542464357), (12.603805432188835, 3.1152878216110396), (12.618274780374275, 3.130167738797244), (12.632686594134462, 3.1451051761157607), (12.647040873488042, 3.1601001334800354), (12.661337618453787, 3.1751526108033796), (12.675576829050609, 3.190262607998972), (12.68975850529755, 3.205430124979859), (12.703882647213787, 3.220655161658953), (12.717949254818624, 3.2359377179490343), (12.731958328131507, 3.251277793762749), (12.745909867172006, 3.266675389012611), (12.759803871959834, 3.282130503611001), (12.77364034251483, 3.2976431374701667), (12.787419278856966, 3.3132132905022225), (12.80114068100635, 3.32884096261915), (12.814804548983226, 3.344526153732798), (12.828410882807963, 3.360268863754882), (12.84195968250107, 3.3760690925969836), (12.855450948083188, 3.3919268401705525), (12.868884679575089, 3.407842106386905), (12.882260876997677, 3.4238148911572246), (12.895579540371992, 3.4398451943925616), (12.908840669719208, 3.455933016003833), (12.922044265060629, 3.472078355901823), (12.935190326417695, 3.488281213997183), (12.948278853811978, 3.5045415902004304), (12.96130984726518, 3.5208594844219507), (12.974283306799142, 3.537234896571996), (12.987199232435835, 3.553667826560685), (13.000057624197362, 3.570158274298004), (13.012858482105964, 3.5867062396938056), (13.025601806184007, 3.6033117226578097)]",True
1784490056.350491,0,12.582605135370665,2.9597429787673084,0.800179870028984,82.00744556476744,-0.3518926619654928,8.620091836286315,1.9021284773622154,1.1200000047695509,76.7264815463351,-0.27911237971477526,-3.9625132990843497,-1.057614501405093,0.3198201347405668,-5.280964018432343,0.07278028225071753,"[(12.410468264840123, 2.9270832693712165), (12.425685562189742, 2.9412154170213873), (12.440845324883869, 2.9554050859169787), (12.455947552939415, 2.9696522759731647), (12.470992246373427, 2.9839569871049876), (12.485979405203084, 2.998319219227356), (12.500909029445696, 3.012738972255044), (12.515781119118708, 3.0272162461026957), (12.530595674239697, 3.0417510406848196), (12.545352694826374, 3.0563433559157924), (12.560052180896582, 3.070993191709857), (12.574694132468299, 3.0857005479811237), (12.589278549559635, 3.10046542464357), (12.603805432188835, 3.1152878216110396), (12.618274780374275, 3.130167738797244), (12.632686594134462, 3.1451051761157607), (12.647040873488042, 3.1601001334800354), (12.661337618453787, 3.1751526108033796), (12.675576829050609, 3.190262607998972), (12.68975850529755, 3.205430124979859), (12.703882647213787, 3.220655161658953), (12.717949254818624, 3.2359377179490343), (12.731958328131507, 3.251277793762749), (12.745909867172006, 3.266675389012611), (12.759803871959834, 3.282130503611001), (12.77364034251483, 3.2976431374701667), (12.787419278856966, 3.3132132905022225), (12.80114068100635, 3.32884096261915), (12.814804548983226, 3.344526153732798), (12.828410882807963, 3.360268863754882), (12.84195968250107, 3.3760690925969836), (12.855450948083188, 3.3919268401705525), (12.868884679575089, 3.407842106386905), (12.882260876997677, 3.4238148911572246), (12.895579540371992, 3.4398451943925616), (12.908840669719208, 3.455933016003833), (12.922044265060629, 3.472078355901823), (12.935190326417695, 3.488281213997183), (12.948278853811978, 3.5045415902004304), (12.96130984726518, 3.5208594844219507), (12.974283306799142, 3.537234896571996), (12.987199232435835, 3.553667826560685), (13.000057624197362, 3.570158274298004), (13.012858482105964, 3.5867062396938056), (13.025601806184007, 3.6033117226578097)]",True
1784490056.3914788,0,12.590243093634891,2.9621278203819803,0.8001456610168319,82.00744556476744,-0.3518926619654928,8.63094576306961,1.904891132277997,1.1200000047693266,76.7264815463351,-0.27911237971477526,-3.959297330565281,-1.0572366881039834,0.31985434375249466,-5.280964018432343,0.07278028225071753,"[(12.42576476836077, 2.9305583827246355), (12.440002082636994, 2.9447546532947606), (12.454185791810003, 2.959004519756308), (12.468315895892474, 2.9733079820530897), (12.482392394897161, 2.987665040128836), (12.496415288836905, 3.0020756939271958), (12.510384577724627, 3.016539943391735), (12.524300261573329, 3.031057788465938), (12.538162340396095, 3.0456292290932074), (12.551970814206094, 3.060254265216863), (12.565725683016572, 3.074932896780144), (12.579426946840861, 3.089665123726206), (12.593074605692378, 3.1044509459981238), (12.606668659584614, 3.1192903635388896), (12.620209108531146, 3.1341833762914137), (12.633695952545635, 3.1491299841985247), (12.647129191641822, 3.1641301872029692), (12.66050882583353, 3.1791839852474113), (12.673834855134663, 3.1942913782744333), (12.687107279559209, 3.209452366226536), (12.700326099121238, 3.2246669490461373), (12.7134913138349, 3.239935126675574), (12.726602923714431, 3.2552568990571005), (12.739660928774144, 3.270632266132889), (12.752665329028439, 3.2860612278450305), (12.765616124491793, 3.301543784135533), (12.778513315178767, 3.317079934946323), (12.791356901104006, 3.3326696802192455), (12.804146882282236, 3.3483130198960622), (12.816883258728264, 3.3640099539184543), (12.82956603045698, 3.37976048222802), (12.842195197483356, 3.3955646047662755), (12.854770759822445, 3.4114223214746557), (12.867292717489384, 3.427333632294513), (12.87976107049939, 3.4432985371671183), (12.892175818867761, 3.45931703603366), (12.904536962609882, 3.4753891288352445), (12.916844501741215, 3.4915148155128968), (12.929098436277307, 3.5076940960075587), (12.941298766233785, 3.5239269702600913), (12.953445491626361, 3.540213438211273), (12.965538612470825, 3.556553499801801), (12.977578128783051, 3.5729471549722893), (12.989564040578998, 3.589394403663271), (13.001496347874701, 3.605895245815196)]",True
1784490056.4399488,0,12.613123949456087,2.969381635153815,0.8000773585000376,82.00744556476744,-0.3518926619654928,8.663542420164424,1.9130405228483456,1.1200000047688787,76.7264815463351,-0.27911237971477526,-3.949581529291663,-1.0563411123054696,0.31992264626884115,-5.280964018432343,0.07278028225071753,"[(12.438109227767724, 2.9461606800359026), (12.450612141714261, 2.961664586100298), (12.463066811168556, 2.9772167275834063), (12.47547323614249, 2.992817104430485), (12.487831416648019, 3.008465716586718), (12.500141352697176, 3.024162563997215), (12.512403044302062, 3.0399076466070127), (12.524616491474855, 3.0557009643610726), (12.536781694227809, 3.0715425172042834), (12.54889865257325, 3.08743230508146), (12.560967366523576, 3.103370327937343), (12.57298783609126, 3.1193565857166), (12.58496006128885, 3.1353910783638237), (12.596884042128966, 3.1514738058235343), (12.608759778624306, 3.167604768040177), (12.620587270787635, 3.1837839649581245), (12.632366518631795, 3.2000113965216745), (12.644097522169705, 3.2162870626750513), (12.655780281414355, 3.2326109633624056), (12.667414796378807, 3.2489830985278143)]",True
1784490056.475235,0,12.635983233211508,2.976697622510009,0.8000410866235401,82.00744556476744,-0.3518926619654928,8.69602792129698,1.9216205507755448,1.120000004768641,76.7264815463351,-0.27911237971477526,-3.9399553119145274,-1.0550770717344642,0.3199589181451008,-5.280964018432343,0.07278028225071753,"[(12.550071084192618, 2.9625983441342516), (12.567121413366024, 2.979454532902975), (12.584091375963725, 2.99639104493935), (12.600980972035222, 3.0134078798894612), (12.617790201630736, 3.030505037398673), (12.634519064801212, 3.0476825171116295), (12.651167561598317, 3.064940318672254), (12.667735692074439, 3.0822784417237497), (12.684223456282686, 3.0996968859085987), (12.70063085427689, 3.117195650868563), (12.716957886111603, 3.134774736244685), (12.733204551842098, 3.1524341416772845), (12.749370851524372, 3.1701738668059622), (12.765456785215143, 3.1879939112695985), (12.78146235297185, 3.205894274706353), (12.797387554852655, 3.2238749567536646), (12.813232390916438, 3.2419359570482524), (12.828996861222805, 3.2600772752261142), (12.844680965832081, 3.278298910922528), (12.860284704805315, 3.296600863772051), (12.875808078204273, 3.3149831334085205), (12.891251086091446, 3.3334457194650526), (12.906613728530047, 3.3519886215740438), (12.921896005584012, 3.3706118393671693), (12.937097917317995, 3.3893153724753846), (12.952219463797372, 3.4080992205289244), (12.967260645088244, 3.4269633831573034), (12.98222146125743, 3.445907859989316), (12.997101912372472, 3.4649326506530347), (13.011901998501633, 3.4840377547758137), (13.0266217197139, 3.5032231719842857), (13.041261076078978, 3.5224889019043633), (13.055820067667296, 3.5418349441612387), (13.070298694550004, 3.5612612983793834), (13.084696956798973, 3.580767964182549), (13.099014854486796, 3.6003549411937668), (13.113252387686789, 3.620022229035347), (13.127409556472989, 3.6397698273288808), (13.141486360920153, 3.6595977356952374), (13.15548280110376, 3.679505953754567), (13.169398877100011, 3.6994944811262993), (13.183234588985831, 3.7195633174291425), (13.196989936838863, 3.739712462281086), (13.210664920737472, 3.7599419152993976), (13.224259540760746, 3.7802516761006264)]",True
1784490056.5243807,0,12.65129184613296,2.9813523983877865,0.8000269477267515,82.00744556476744,-0.3518926619654928,8.717625216952735,1.927563272957166,1.120000004768548,76.7264815463351,-0.27911237971477526,-3.933666629180225,-1.0537891254306206,0.31997305704179657,-5.280964018432343,0.07278028225071753,"[(12.592345507660244, 2.974584946472614), (12.608782423911586, 2.990838999702952), (12.625165500002485, 3.0071468822763356), (12.641494735942487, 3.023508594131899), (12.657770131741229, 3.0399241352086905), (12.673991687408428, 3.056393505445675), (12.690159402953885, 3.0729167047817323), (12.706273278387489, 3.0894937331556585), (12.722333313719211, 3.1061245905061643), (12.738339508959106, 3.1228092767718767), (12.754291864117315, 3.1395477918913377), (12.770190379204065, 3.156340135803005), (12.786035054229664, 3.173186308445252), (12.801825889204506, 3.190086309756367), (12.817562884139072, 3.2070401396745556), (12.833246039043923, 3.2240477981379363), (12.848875353929706, 3.241109285084545), (12.864450828807158, 3.258224600452333), (12.879972463687093, 3.275393744179166), (12.895440258580411, 3.2926167162028266), (12.9108542134981, 3.309893516461012), (12.926214328451227, 3.327224144891335), (12.94152060345095, 3.3446086014313248), (12.956773038508508, 3.362046886018425), (12.971971633635226, 3.3795389985899957), (12.98711638884251, 3.3970849390833115), (13.002207304141855, 3.4146847074355633), (13.017244379544836, 3.4323383035838573), (13.032227615063118, 3.4500457274652154), (13.047157010708444, 3.467806979016575), (13.06203256649265, 3.4856220581747883), (13.07685428242765, 3.503490964876624), (13.09162215852544, 3.5214136990587663), (13.10633619479811, 3.5393902606578145), (13.120996391257826, 3.557420649610283), (13.135602747916842, 3.575504865852603), (13.150155264787497, 3.59364290932112), (13.164653941882213, 3.6118347799520962), (13.179098779213497, 3.630080477681708), (13.193489776793943, 3.648380002446048), (13.207826934636225, 3.666733354181125), (13.222110252753104, 3.6851405328228624), (13.236339731157427, 3.703601538307099), (13.250515369862123, 3.72211637056959), (13.264637168880206, 3.7406850295460052)]",True
1784490056.5745456,0,12.658960227415456,2.9836326312470325,0.8000218245364841,82.00744556476744,-0.3518926619654928,8.728441477562532,1.9304697913120765,1.1200000047685146,76.7264815463351,-0.27911237971477526,-3.930518749852924,-1.053162839934956,0.3199781802320305,-5.280964018432343,0.07278028225071753,"[(12.59811633405567, 2.9770179288508896), (12.61266935550033, 2.9933000096236344), (12.627168978641295, 3.0096354790301243), (12.641615203490321, 3.0260243370130993), (12.65600803005924, 3.0424665835152207), (12.670347458359968, 3.0589622184790715), (12.684633488404495, 3.075511241847155), (12.698866120204894, 3.0921136535618965), (12.713045353773314, 3.1087694535656425), (12.727171189121984, 3.1254786418006604), (12.74124362626321, 3.142241218209139), (12.75526266520938, 3.1590571827331884), (12.769228305972955, 3.1759265353148396), (12.783140548566484, 3.1928492758960454), (12.796999393002586, 3.20982540441868), (12.810804839293965, 3.2268549208245374), (12.824556887453399, 3.2439378250553346), (12.83825553749375, 3.2610741170527087), (12.851900789427953, 3.278263796758219), (12.865492643269025, 3.2955068641133445), (12.879031099030062, 3.312803319059487), (12.892516156724238, 3.330153161537969), (12.905947816364806, 3.347556391490034), (12.9193260779651, 3.3650130088568475), (12.932650941538528, 3.382523013579495), (12.945922407098578, 3.4000864055989837), (12.959140474658822, 3.417703184856243), (12.972305144232903, 3.4353733512921227), (12.985416415834552, 3.4530969048473934), (12.99847428947757, 3.470873845462748), (13.011478765175843, 3.4887041730787995), (13.02442984294333, 3.5065878876360834), (13.037327522794074, 3.524524989075055), (13.050171804742194, 3.5425154773360927), (13.062962688801889, 3.5605593523594945), (13.075700174987437, 3.5786566140854803), (13.088384263313195, 3.596807262454191), (13.101014953793596, 3.615011297405689), (13.113592246443154, 3.633268718879958), (13.126116141276462, 3.651579526816903), (13.138586638308194, 3.6699437211563493), (13.151003737553099, 3.688361301838045), (13.163367439026004, 3.706832268801658), (13.175677742741817, 3.7253566219867786), (13.187934648715526, 3.7439343613329177)]",True
1784490056.624411,0,12.682122267528849,2.989914071306557,0.8000115954545179,82.00744556476744,-0.3518926619654928,8.760949027257816,1.9389677048656915,1.1200000047684477,76.7264815463351,-0.27911237971477526,-3.921173240271033,-1.0509463664408654,0.3199884093139298,-5.280964018432343,0.07278028225071753,"[(12.603841434340215, 2.9794327122385527), (12.616627539570079, 2.9957405875938345), (12.629360381064892, 3.012101717721363), (12.642039958838728, 3.0285161025649923), (12.654666272905738, 3.0449837420684975), (12.66723932328015, 3.0615046361755787), (12.679759109976269, 3.0780787848298576), (12.692225633008478, 3.0947061879748796), (12.704638892391237, 3.1113868455541134), (12.716998888139084, 3.12812075751095), (12.729305620266631, 3.144907923788704), (12.741559088788568, 3.161748344330613), (12.753759293719664, 3.1786420190798372), (12.765906235074763, 3.1955889479794597), (12.777999912868784, 3.212589130972487), (12.790040327116731, 3.229642568001849), (12.802027477833677, 3.2467492590103975), (12.813961365034775, 3.2639092039409086), (12.825841988735252, 3.2811224027360804), (12.837669348950419, 3.2983888553385343), (12.849443445695657, 3.315708561690815), (12.861164278986427, 3.3330815217353904), (12.872831848838267, 3.3505077354146504), (12.884446155266792, 3.367987202670909), (12.896007198287696, 3.3855199234464024), (12.907514977916746, 3.4031058976832904), (12.918969494169788, 3.4207451253236556), (12.930370747062746, 3.438437606309504), (12.941718736611618, 3.4561833405827636), (12.953013462832482, 3.4739823280852864), (12.964254925741493, 3.491834568758847), (12.97544312535488, 3.509740062545143), (12.986578061688954, 3.5276988093857953), (12.997659734760099, 3.5457108092223475), (13.008688144584776, 3.563776061996266), (13.019663291179524, 3.5818945676489413), (13.03058517456096, 3.6000663261216856), (13.041453794745776, 3.618291337355735), (13.052269151750744, 3.6365696012922486), (13.063031245592711, 3.6549011178723076), (13.0737400762886, 3.673285887036917), (13.084395643855412, 3.691723908727005), (13.094997948310228, 3.710215182883422), (13.105546989670202, 3.7287597094469422), (13.116042767952568, 3.7473574883582628)]",True
1784490056.6769502,0,12.689899158161127,2.991790475228614,0.8000093922664293,82.00744556476744,-0.3518926619654928,8.771778280816797,1.9418255284597297,1.1200000047684333,76.7264815463351,-0.27911237971477526,-3.9181208773443306,-1.0499649467688845,0.319990612502004,-5.280964018432343,0.07278028225071753,"[(12.623842459700718, 2.9868055036779), (12.634037196661511, 3.0032409413551164), (12.644178877114985, 3.0197294275030586), (12.654267501078532, 3.036270962066755), (12.664303068569616, 3.0528655449911595), (12.67428557960578, 3.06951317622115), (12.684215034204637, 3.08621385570153), (12.694091432383882, 3.102967583377029), (12.703914774161278, 3.119774359192301), (12.713685059554667, 3.1366341830919247), (12.723402288581964, 3.1535470550204048), (12.733066461261158, 3.170512974922171), (12.742677577610317, 3.187531942741578), (12.752235637647578, 3.204603958422905), (12.761740641391158, 3.221729021910358), (12.771192588859346, 3.238907133148066), (12.780591480070507, 3.2561382920800854), (12.78993731504308, 3.2734224986503966), (12.79923009379558, 3.290759752802905), (12.808469816346596, 3.308150054481441), (12.817656482714792, 3.3255934036297616), (12.826790092918907, 3.3430898001915472), (12.835870646977755, 3.3606392441104043), (12.844898144910225, 3.378241735329864), (12.85387258673528, 3.395897273793384), (12.862793972471959, 3.4136058594443455), (12.871662302139377, 3.4313674922260553), (12.88047757575672, 3.4491821720817457), (12.88923979334325, 3.467049898954574), (12.89794895491831, 3.4849706727876226), (12.906605060501306, 3.5029444935238994), (12.915208110111731, 3.5209713611063367), (12.923758103769146, 3.539051275477793), (12.932255041493189, 3.5571842365810515), (12.940698923303572, 3.5753702443588202), (12.94908974922008, 3.5936092987537323), (12.957427519262579, 3.611901399708347), (12.965712233451004, 3.6302465471651475), (12.973943891805366, 3.6486447410665432), (12.982122494345752, 3.6670959813548683), (12.990248041092325, 3.6856002679723816), (12.998320532065321, 3.704157600861268), (13.00633996728505, 3.7227679799636375), (13.0143063467719, 3.741431405221524), (13.02221967054633, 3.760147876576888)]",True
1784490056.7801847,0,12.697680868703722,2.9936468822036653,0.8000076081247152,82.00744556476744,-0.3518926619654928,8.782600708732963,1.9447090897085964,1.1200000047684215,76.7264815463351,-0.27911237971477526,-3.91508015997076,-1.048937792495069,0.3199923966437064,-5.280964018432343,0.07278028225071753,"[(12.623842459700718, 2.9868055036779), (12.634037196661511, 3.0032409413551164), (12.644178877114985, 3.0197294275030586), (12.654267501078532, 3.036270962066755), (12.664303068569616, 3.0528655449911595), (12.67428557960578, 3.06951317622115), (12.684215034204637, 3.08621385570153), (12.694091432383882, 3.102967583377029), (12.703914774161278, 3.119774359192301), (12.713685059554667, 3.1366341830919247), (12.723402288581964, 3.1535470550204048), (12.733066461261158, 3.170512974922171), (12.742677577610317, 3.187531942741578), (12.752235637647578, 3.204603958422905), (12.761740641391158, 3.221729021910358), (12.771192588859346, 3.238907133148066), (12.780591480070507, 3.2561382920800854), (12.78993731504308, 3.2734224986503966), (12.79923009379558, 3.290759752802905), (12.808469816346596, 3.308150054481441), (12.817656482714792, 3.3255934036297616), (12.826790092918907, 3.3430898001915472), (12.835870646977755, 3.3606392441104043), (12.844898144910225, 3.378241735329864), (12.85387258673528, 3.395897273793384), (12.862793972471959, 3.4136058594443455), (12.871662302139377, 3.4313674922260553), (12.88047757575672, 3.4491821720817457), (12.88923979334325, 3.467049898954574), (12.89794895491831, 3.4849706727876226), (12.906605060501306, 3.5029444935238994), (12.915208110111731, 3.5209713611063367), (12.923758103769146, 3.539051275477793), (12.932255041493189, 3.5571842365810515), (12.940698923303572, 3.5753702443588202), (12.94908974922008, 3.5936092987537323), (12.957427519262579, 3.611901399708347), (12.965712233451004, 3.6302465471651475), (12.973943891805366, 3.6486447410665432), (12.982122494345752, 3.6670959813548683), (12.990248041092325, 3.6856002679723816), (12.998320532065321, 3.704157600861268), (13.00633996728505, 3.7227679799636375), (13.0143063467719, 3.741431405221524), (13.02221967054633, 3.760147876576888)]",True
1784490056.8276715,0,12.721008546150525,2.999288192076151,0.800004045865482,82.00744556476744,-0.3518926619654928,8.816167574656278,1.953685626216636,1.2332635733072823,76.7264815463351,-0.27911237971477526,-3.904840971494247,-1.045602565859515,0.4332595274418003,-5.280964018432343,0.07278028225071753,"[(12.650053435268402, 2.9963110064239853), (12.656847339693668, 3.0127752719302334), (12.663588512634218, 3.0292922620772518), (12.670276954111564, 3.0458619768117234), (12.676912664147281, 3.06248441608026), (12.68349564276302, 3.0791595798294007), (12.690025889980504, 3.0958874680056128), (12.696503405821526, 3.1126680805552915), (12.702928190307954, 3.12950141742476), (12.709300243461728, 3.146387478560269), (12.715619565304856, 3.1633262639079973), (12.721886155859423, 3.180317773414052), (12.728100015147584, 3.1973620070244677), (12.734261143191569, 3.214458964685207), (12.740369540013672, 3.23160864634216), (12.74642520563627, 3.2488110519411455), (12.752428140081802, 3.26606618142791), (12.758378343372788, 3.2833740347481273), (12.764275815531814, 3.3007346118474), (12.77012055658154, 3.3181479126712583), (12.775912566544699, 3.3356139371651596), (12.781651845444093, 3.35313268527449), (12.787338393302601, 3.3707041569445635), (12.792972210143171, 3.3883283521206216), (12.798553295988825, 3.406005270747834), (12.804081650862651, 3.423734912771298), (12.809557274787819, 3.4415172781360397), (12.814980167787564, 3.459352366787012), (12.820350329885194, 3.477240178669096), (12.825667761104093, 3.495180713727102), (12.830932461467711, 3.5131739719057657), (12.836144430999575, 3.531219953149753), (12.841303669723281, 3.5493186574036564), (12.846410177662502, 3.567470084611997), (12.851463954840979, 3.5856742347192236), (12.856465001282523, 3.603931107669713), (12.861413317011023, 3.622240703407769), (12.866308902050434, 3.640603021877625), (12.87115175642479, 3.6590180630234412), (12.875941880158193, 3.677485826789306), (12.880679273274815, 3.696006313119235), (12.885363935798903, 3.7145795219571736), (12.889995867754777, 3.7332054532469927), (12.894575069166828, 3.751884106932493), (12.899101540059519, 3.770615482957402)]",True
1784490056.9092388,0,12.728767483656382,3.0012373476922667,0.800003278609228,82.00744556476744,-0.3518926619654928,8.82797134355357,1.9568667612896125,1.2117208425711814,76.7264815463351,-0.27911237971477526,-3.9007961401028126,-1.0443705864026542,0.41171756396195336,-5.280964018432343,0.07278028225071753,"[(12.650053435268402, 2.9963110064239853), (12.656847339693668, 3.0127752719302334), (12.663588512634218, 3.0292922620772518), (12.670276954111564, 3.0458619768117234), (12.676912664147281, 3.06248441608026), (12.68349564276302, 3.0791595798294007), (12.690025889980504, 3.0958874680056128), (12.696503405821526, 3.1126680805552915), (12.702928190307954, 3.12950141742476), (12.709300243461728, 3.146387478560269), (12.715619565304856, 3.1633262639079973), (12.721886155859423, 3.180317773414052), (12.728100015147584, 3.1973620070244677), (12.734261143191569, 3.214458964685207), (12.740369540013672, 3.23160864634216), (12.74642520563627, 3.2488110519411455), (12.752428140081802, 3.26606618142791), (12.758378343372788, 3.2833740347481273), (12.764275815531814, 3.3007346118474), (12.77012055658154, 3.3181479126712583), (12.775912566544699, 3.3356139371651596), (12.781651845444093, 3.35313268527449), (12.787338393302601, 3.3707041569445635), (12.792972210143171, 3.3883283521206216), (12.798553295988825, 3.406005270747834), (12.804081650862651, 3.423734912771298), (12.809557274787819, 3.4415172781360397), (12.814980167787564, 3.459352366787012), (12.820350329885194, 3.477240178669096), (12.825667761104093, 3.495180713727102), (12.830932461467711, 3.5131739719057657), (12.836144430999575, 3.531219953149753), (12.841303669723281, 3.5493186574036564), (12.846410177662502, 3.567470084611997), (12.851463954840979, 3.5856742347192236), (12.856465001282523, 3.603931107669713), (12.861413317011023, 3.622240703407769), (12.866308902050434, 3.640603021877625), (12.87115175642479, 3.6590180630234412), (12.875941880158193, 3.677485826789306), (12.880679273274815, 3.696006313119235), (12.885363935798903, 3.7145795219571736), (12.889995867754777, 3.7332054532469927), (12.894575069166828, 3.751884106932493), (12.899101540059519, 3.770615482957402)]",True
1784490056.930549,0,12.736530587567001,3.003169821167584,0.8000026572851135,82.00744556476744,-0.3518926619654928,8.839595361596338,1.959965517599478,1.1942755392210869,77.9477206977209,-0.3632785244020271,-3.8969352259706636,-1.043204303568106,0.3942728819359733,-4.0597248670465405,-0.011385862436534333,"[(12.664699502716964, 3.0009719009638736), (12.670924842773337, 3.0174939133907466), (12.677097532690931, 3.0340685693132183), (12.683217572491833, 3.050695868678377), (12.689284962198192, 3.0673758114332386), (12.695299701832234, 3.0841083975247483), (12.701261791416256, 3.1008936268997798), (12.707171230972625, 3.1177314995051355), (12.71302802052378, 3.134622015287546), (12.718832160092232, 3.1515651741936717), (12.724583649700563, 3.1685609761701), (12.730282489371422, 3.185609421163349), (12.73592867912754, 3.2027105091198638), (12.741522218991706, 3.2198642399860185), (12.747063108986792, 3.2370706137081164), (12.752551349135734, 3.2543296302323896), (12.757986939461542, 3.271641289504998), (12.763369879987296, 3.289005591472031), (12.76870017073615, 3.306422536079506), (12.773977811731326, 3.32389212327337), (12.77920280299612, 3.3414143529994975), (12.7843751445539, 3.3589892252036924), (12.789494836428103, 3.3766167398316873), (12.794561878642236, 3.394296896829143), (12.799576271219882, 3.4120296961416496), (12.804538014184693, 3.4298151377147255), (12.809447107560391, 3.447653221493818), (12.814303551370772, 3.4655439474243024), (12.8191073456397, 3.4834873154514834), (12.823858490391114, 3.5014833255205944), (12.828556985649021, 3.519531977576797), (12.833202831437502, 3.537633271565182), (12.837796027780708, 3.555787207430768), (12.842336574702863, 3.5739937851185037), (12.846824472228258, 3.5922530045732652), (12.851259720381263, 3.6105648657398577), (12.855642319186313, 3.628929368563015), (12.859972268667914, 3.6473465129874), (12.864249568850648, 3.6658162989576035), (12.868474219759165, 3.6843387264181455), (12.872646221418186, 3.702913795313475), (12.876765573852506, 3.721541505587969), (12.880832277086988, 3.7402218571859334), (12.884846331146571, 3.758954850051603), (12.888807736056261, 3.777740484129141)]",True
1784490056.99853,0,12.752078227843443,3.0069475524049714,0.8000017466873782,82.00744556476744,-0.3518926619654928,8.862485826524331,1.9657746874940785,1.1687081206206569,77.9477206977209,-0.3632785244020271,-3.8895924013191117,-1.041172864910893,0.36870637393327865,-4.0597248670465405,-0.011385862436534333,"[(12.678523825698948, 3.005355983562759), (12.682666775462785, 3.0217487924963664), (12.686757001268248, 3.038194319390967), (12.690794503140275, 3.0546925641937483), (12.694779281103877, 3.0712435268518274), (12.698711335184138, 3.087847207312249), (12.702590665406213, 3.1045036055219866), (12.706417271795328, 3.121212721427942), (12.710191154376778, 3.137974554976946), (12.713912313175936, 3.1547891061157567), (12.71758074821824, 3.1716563747910618), (12.721196459529201, 3.188576360949477), (12.724759447134405, 3.2055490645375464), (12.728269711059506, 3.2225744855017426), (12.731727251330232, 3.239652623788467), (12.735132067972382, 3.2567834793440498), (12.738484161011822, 3.2739670521147484), (12.741783530474498, 3.2912033420467495), (12.74503017638642, 3.308492349086168), (12.748224098773676, 3.325834073179048), (12.751365297662419, 3.343228514271361), (12.754453773078877, 3.3606756723090077), (12.757489525049351, 3.378175547237817), (12.760472553600211, 3.395728139003546), (12.763402858757898, 3.413333447551881), (12.766280440548927, 3.4309914728284365), (12.769105298999886, 3.448702214778755), (12.771877434137428, 3.466465673348308), (12.774596845988285, 3.4842818484824956), (12.777263534579253, 3.502150740126645), (12.779877499937207, 3.520072348226014), (12.78243874208909, 3.5380466727257875), (12.784947261061914, 3.556073713571079), (12.78740305688277, 3.574153470706931), (12.789806129578812, 3.5922859440783137), (12.79215647917727, 3.6104711336301265), (12.794454105705448, 3.628709039307197), (12.796699009190714, 3.6469996610542808), (12.798891189660516, 3.6653429988160626), (12.801030647142365, 3.6837390525371556), (12.803117381663853, 3.702187822162101), (12.805151393252638, 3.720689307635369), (12.807132681936448, 3.739243508901358), (12.809061247743086, 3.7578504259043948), (12.810937090700426, 3.776510058588735)]",True
1784490057.0446064,0,12.76757266107732,3.010937041736441,0.8000011495392013,82.00744556476744,-0.3518926619654928,8.885034152500982,1.9712245149987682,1.1519416200978445,77.9477206977209,-0.3632785244020271,-3.8825385085763386,-1.039712526737673,0.3519404705586432,-4.0597248670465405,-0.011385862436534333,"[(12.692090433403763, 3.0090286176354626), (12.694437354990722, 3.0252310675074146), (12.696731645400956, 3.041486143183549), (12.698973304661568, 3.0577938446118362), (12.701162332799735, 3.0741541717401764), (12.703298729842702, 3.090567124516398), (12.705382495817785, 3.10703270288826), (12.707413630752372, 3.1235509068034495), (12.709392134673921, 3.1401217362095837), (12.711318007609961, 3.1567451910542093), (12.713191249588089, 3.173421271284801), (12.715011860635975, 3.1901499768487644), (12.716779840781362, 3.206931307693434), (12.71849519005206, 3.2237652637660723), (12.720157908475954, 3.240651845013873), (12.721767996080995, 3.2575910513839577), (12.723325452895207, 3.274582882823378), (12.724830278946682, 3.2916273392791147), (12.726282474263588, 3.308724420698078), (12.727682038874159, 3.325874127027107), (12.729028972806702, 3.34307645821297), (12.730323276089594, 3.360331414202366), (12.731564948751283, 3.377638994941922), (12.732753990820285, 3.394999200378194), (12.733890402325194, 3.412412030457668), (12.73497418329467, 3.42987748512676), (12.73600533375744, 3.4473955643318135), (12.736983853742307, 3.464966268019103), (12.737909743278143, 3.482589596134831), (12.738783002393893, 3.500265548625131), (12.739603631118568, 3.5179941254360636), (12.740371629481253, 3.5357753265136207), (12.741086997511102, 3.5536091518037223), (12.741749735237343, 3.5714956012522183), (12.742359842689272, 3.5894346748048878), (12.742917319896254, 3.6074263724074385), (12.74342216688773, 3.6254706940055086), (12.743874383693205, 3.643567639544665), (12.744273970342261, 3.6617172089704035), (12.744620926864549, 3.67991940222815), (12.744915253289786, 3.698174219263259), (12.745156949647766, 3.716481660021015), (12.745346015968352, 3.734841724446632), (12.745482452281475, 3.753254412485252), (12.745566258617139, 3.7717197240819473)]",True
1784490057.0930216,0,12.77531155382681,3.0129642416513733,0.800000933164206,82.00744556476744,-0.3518926619654928,8.89620843656238,1.973895329680459,1.1458663248621788,77.9477206977209,-0.3632785244020271,-3.87910311726443,-1.0390689119709142,0.3458653916979728,-4.0597248670465405,-0.011385862436534333,"[(12.706738938463076, 3.012572181799736), (12.70885044980954, 3.028740367134462), (12.710909515859264, 3.0449609925321237), (12.71291613663926, 3.0612340579415136), (12.714870312176606, 3.077559563311353), (12.716772042498455, 3.093937508590295), (12.718621327632027, 3.1103678937269232), (12.720418167604612, 3.126850718669751), (12.722162562443568, 3.143385983367223), (12.723854512176322, 3.1599736877677147), (12.725494016830373, 3.1766138318195316), (12.727081076433286, 3.19330641547091), (12.728615691012703, 3.2100514386700163), (12.730097860596324, 3.226848901364949), (12.731527585211927, 3.2436988035037353), (12.732904864887356, 3.2606011450343346), (12.734229699650525, 3.277555925904636), (12.735502089529417, 3.29456314606246), (12.736722034552088, 3.3116228054555563), (12.737889534746657, 3.3287349040316068), (12.739004590141318, 3.345899441738223), (12.740067200764331, 3.363116418522947), (12.741077366644028, 3.3803858343332527), (12.742035087808807, 3.397707689116543), (12.742940364287138, 3.415081982820152), (12.743793196107562, 3.432508715391345), (12.744593583298684, 3.449987886777317), (12.745341525889183, 3.4675194969251946), (12.746037023907805, 3.485103545782034), (12.74668007738337, 3.502740033294822), (12.747270686344761, 3.5204289594104776), (12.747808850820935, 3.538170324075849), (12.748294570840914, 3.5559641272377145), (12.748727846433795, 3.5738103688427847), (12.74910867762874, 3.5917090488376995), (12.749437064454984, 3.6096601671690296), (12.749713006941827, 3.627663723783277), (12.749936505118642, 3.6457197186268733), (12.75010755901487, 3.663828151646182), (12.750226168660022, 3.6819890227874956), (12.750292334083678, 3.7002023319970387), (12.750306055315487, 3.7184680792209654), (12.75026733238517, 3.7367862644053615), (12.75017616532251, 3.755156887496242), (12.750032554157368, 3.7735799484395542)]",True
1784490057.2855444,0,12.847916058243383,3.031296139918068,0.8957978031771082,82.00744556476744,-0.3518926619654928,8.99532733994147,1.9972990627252862,1.123873781619051,77.9477206977209,-0.3632785244020271,-3.852588718301913,-1.0339970771927818,0.22807597844194272,-4.0597248670465405,-0.011385862436534333,"[(12.737472246229114, 3.0200124222274027), (12.740514379978627, 3.0363035596043058), (12.743504397217816, 3.0526468080640337), (12.746442297971798, 3.06904216755653), (12.749328082265764, 3.0854896380316714), (12.752161750124968, 3.1019892194392673), (12.754943301574727, 3.1185409117290597), (12.757672736640433, 3.1351447148507234), (12.760350055347542, 3.1518006287538665), (12.762975257721578, 3.168508653388029), (12.76554834378813, 3.1852687887026847), (12.768069313572855, 3.2020810346472395), (12.770538167101478, 3.218945391171032), (12.772954904399791, 3.235861858223335), (12.775319525493654, 3.2528304357533524), (12.777632030408993, 3.2698511237102217), (12.779892419171802, 3.286923922043013), (12.78210069180814, 3.3040488307007294), (12.784256848344135, 3.321225849632307), (12.786360888805985, 3.3384549787866136), (12.788412813219951, 3.3557362181124515), (12.790412621612363, 3.3730695675585545), (12.792360314009617, 3.3904550270735894), (12.794255890438178, 3.4078925966061564), (12.796099350924576, 3.4253822761047883), (12.797890695495411, 3.4429240655179503), (12.799629924177347, 3.4605179647940405), (12.80131703699712, 3.4781639738813905), (12.802952033981526, 3.4958620927282635), (12.804534915157438, 3.513612321282857), (12.806065680551786, 3.5314146594933), (12.807544330191572, 3.5492691073076545), (12.808970864103868, 3.567175664673916), (12.810345282315808, 3.585134331540013), (12.811667584854597, 3.603145107853805), (12.812937771747503, 3.6212079935630865), (12.814155843021867, 3.6393229886155836), (12.815321798705092, 3.6574900929589553), (12.81643563882465, 3.675709306540794), (12.817497363408082, 3.6939806293086237), (12.818506972482993, 3.7123040612099025), (12.819464466077058, 3.730679602192021), (12.820369844218018, 3.749107252202302), (12.821223106933683, 3.767587011188002), (12.822024254251925, 3.786118879096309)]",True
1784490057.3397276,0,12.856546132313074,3.033331398417087,0.8775770632801829,82.00744556476744,-0.3518926619654928,9.006269805331813,1.9998463729527198,1.1231369892620517,77.9477206977209,-0.3632785244020271,-3.8502763269812608,-1.033485025464367,0.24555992598186882,-4.0597248670465405,-0.011385862436534333,"[(12.754017340040798, 3.0240922044665455), (12.756885263122669, 3.04039069095265), (12.759700841614494, 3.0567415165953453), (12.762464075541981, 3.0731446813438548), (12.765174964930898, 3.0896001851473334), (12.76783350980709, 3.106108027954868), (12.770439710196467, 3.1226682097154765), (12.772993566125002, 3.139280730378109), (12.775495077618748, 3.1559455898916466), (12.777944244703818, 3.1726627882049026), (12.780341067406395, 3.1894323252666212), (12.78268554575273, 3.206254201025479), (12.784977679769147, 3.2231284154300823), (12.787217469482032, 3.2400549684289714), (12.789404914917842, 3.2570338599706163), (12.791540016103106, 3.2740650900034196), (12.793622773064415, 3.291148658475715), (12.795653185828435, 3.308284565335768), (12.797631254421894, 3.325472810531775), (12.799556978871594, 3.342713394011865), (12.801430359204405, 3.3600063157240982), (12.803251395447262, 3.3773515756164656), (12.805020087627168, 3.39474917363689), (12.806736435771201, 3.412199109733227), (12.8084004399065, 3.4297013838532626), (12.810012100060275, 3.447255995944714), (12.811571416259808, 3.464862945955231), (12.813078388532444, 3.4825222338323947), (12.814533016905601, 3.5002338595237172), (12.815935301406764, 3.5179978229766427), (12.817285242063484, 3.535814124138547), (12.818582838903382, 3.5536827629567362), (12.819828091954149, 3.57160373937845), (12.821021001243542, 3.5895770533508586), (12.822161566799391, 3.6076027048210637), (12.823249788649587, 3.6256806937360984), (12.824285666822096, 3.6438110200429277), (12.825269201344952, 3.6619936836884484), (12.826200392246252, 3.6802286846194883), (12.827079239554166, 3.698516022782807), (12.827905743296935, 3.7168556981250953), (12.828679903502861, 3.7352477105929767), (12.829401720200321, 3.753692060133005), (12.830071193417757, 3.7721887466916657), (12.83068832318368, 3.790737770215377)]",True
1784490057.4034657,0,12.865037673582844,3.0352334435692265,0.8628219081116528,82.00744556476744,-0.3518926619654928,9.017195167688971,2.0024372518633653,1.1225403348113538,77.9477206977209,-0.3632785244020271,-3.8478425058938726,-1.0327961917058612,0.259718426699701,-4.0597248670465405,-0.011385862436534333,"[(12.768616962257381, 3.028088826493868), (12.769915575323928, 3.044224709965905), (12.77116162380564, 3.060413153012425), (12.772355107730771, 3.0766541555819567), (12.77349602712765, 3.0929477176229576), (12.77458438202467, 3.1092938390838163), (12.775620172450298, 3.125692519912851), (12.776603398433068, 3.1421437600583095), (12.777534060001587, 3.1586475594683705), (12.778412157184533, 3.175203918091142), (12.77923769001065, 3.191812835874662), (12.780010658508752, 3.2084743127668993), (12.780731062707728, 3.2251883487157524), (12.781398902636532, 3.2419549436690493), (12.78201417832419, 3.2587740975745487), (12.782576889799797, 3.275645810379939), (12.783087037092521, 3.2925700820328387), (12.783544620231595, 3.3095469124807964), (12.783949639246325, 3.326576301671291), (12.784302094166089, 3.3436582495517304), (12.78460198502033, 3.3607927560694537), (12.784849311838567, 3.3779798211717296), (12.785044074650383, 3.395219444805756), (12.785186273485433, 3.412511626918663), (12.785275908373444, 3.4298563674575084), (12.785312979344212, 3.4472536663692814), (12.7852974864276, 3.464703523600901), (12.785229429653548, 3.4822059390992153), (12.785108809052058, 3.499760912811004), (12.784935624653206, 3.5173684446829756), (12.78470987648714, 3.5350285346617696), (12.784431564584072, 3.5527411826939543), (12.78410068897429, 3.570506388726029), (12.783717249688149, 3.5883241527044234), (12.783281246756072, 3.6061944745754957), (12.782792680208557, 3.6241173542855356), (12.78225155007617, 3.642092791780762), (12.781657856389545, 3.6601207870073247), (12.781011599179388, 3.6782013399113023), (12.780312778476475, 3.6963344504387043), (12.77956139431165, 3.71452011853547), (12.778757446715828, 3.732758344147469), (12.777900935719996, 3.751049127220501), (12.776991861355208, 3.7693924677002943), (12.77603022365259, 3.7877883655325095)]",True
1784490057.4407218,0,12.873402210027127,3.0370917226950613,0.8508731834561771,82.00744556476744,-0.3518926619654928,9.028092702682187,2.0051201742020703,1.1220571640371786,77.9477206977209,-0.3632785244020271,-3.8453095073449397,-1.031971548492991,0.27118398058100146,-4.0597248670465405,-0.011385862436534333,"[(12.775579267411937, 3.030019481261128), (12.77616152755629, 3.04606586439777), (12.776691247823287, 3.0621647826406795), (12.777168428242078, 3.07831623593861), (12.777593068841881, 3.0945202242402456), (12.777965169651983, 3.1107767474942), (12.778284730701746, 3.1270858056490165), (12.778551752020597, 3.14344739865317), (12.778766233638034, 3.159861526455065), (12.778928175583628, 3.176328189003036), (12.779037577887015, 3.192847386245348), (12.779094440577904, 3.2094191181301963), (12.77909876368607, 3.2260433846057057), (12.779050547241363, 3.242720185619932), (12.7789497912737, 3.259449521120861), (12.778796495813067, 3.2762313910564087), (12.778590660889522, 3.293065795374421), (12.778332286533193, 3.309952734022674), (12.778021372774273, 3.326892206948875), (12.777657919643028, 3.34388421410066), (12.777241927169797, 3.360928755425596), (12.776773395384987, 3.3780258308711812), (12.77625232431907, 3.3951754403848424), (12.775678714002597, 3.412377583913937), (12.775052564466177, 3.429632261405753), (12.7743738757405, 3.4469394728075082), (12.773642647856319, 3.464299218066351), (12.772858880844458, 3.4817114971293606), (12.772022574735814, 3.4991763099435444), (12.771133729561349, 3.516693656455842), (12.770192345352099, 3.5342635366131225), (12.769198422139167, 3.5518859503621854), (12.768151959953727, 3.5695608976497595), (12.767052958827023, 3.587288378422505), (12.765901418790367, 3.605068392627012), (12.764697339875145, 3.6229009402098002), (12.763440722112808, 3.64078602111732), (12.76213156553488, 3.658723635295953), (12.760769870172952, 3.6767137826920084), (12.75935563605869, 3.6947564632517285), (12.757888863223823, 3.7128516769212836), (12.756369551700155, 3.7309994236467756), (12.754797701519557, 3.749199703374236), (12.753173312713969, 3.767452516049627), (12.751496385315404, 3.78575786161884)]",True
1784490057.486115,0,12.913864715436363,3.0466539539197437,0.8177165015943302,82.00744556476744,-0.3518926619654928,9.082558781809531,2.019582691692356,1.1788535999518694,77.9477206977209,-0.3632785244020271,-3.8313059336268314,-1.0270712622273876,0.36113709835753927,-4.0597248670465405,-0.011385862436534333,"[(12.829678211296402, 3.043861917012592), (12.829418924255487, 3.0598054880173047), (12.82910716371371, 3.0758015280520232), (12.828742929701104, 3.091850037066033), (12.828326222247773, 3.1079510150085503), (12.827857041383888, 3.124104461828723), (12.827335387139689, 3.140310377475629), (12.826761259545489, 3.156568761898278), (12.826134658631664, 3.1728796150456096), (12.825455584428665, 3.1892429368664947), (12.824724036967007, 3.205658727309735), (12.823940016277279, 3.2221269863240622), (12.823103522390136, 3.2386477138581404), (12.822214555336302, 3.255220909860564), (12.821273115146573, 3.271846574279857), (12.820279201851811, 3.288524707064476), (12.819232815482948, 3.3052553081628075), (12.818133956070987, 3.3220383775231688), (12.816982623647002, 3.3388739150938083), (12.81577881824213, 3.355761920822905), (12.814522539887578, 3.372702394658569), (12.813213788614629, 3.389695336548841), (12.811852564454629, 3.406740746441693), (12.810438867438997, 3.423838624285027), (12.808972697599215, 3.440988970026677), (12.807454054966842, 3.458191783614407), (12.805882939573499, 3.4754470649959117), (12.804259351450881, 3.4927548141188174), (12.802583290630752, 3.5101150309306806), (12.800854757144942, 3.5275277153789886), (12.799073751025354, 3.54499286741116), (12.797240272303958, 3.562510486974544), (12.795354321012793, 3.5800805740164203), (12.793415897183968, 3.5977031284840004), (12.79142500084966, 3.615378150324426), (12.789381632042119, 3.633105639484769), (12.787285790793657, 3.6508855959120337), (12.785137477136661, 3.668718019553154), (12.782936691103588, 3.6866029103549947), (12.78068343272696, 3.704540268264352), (12.77837770203937, 3.7225300932279524), (12.77601949907348, 3.7405723851924537), (12.77360882386202, 3.7586671441044444), (12.771145676437792, 3.7768143699104435), (12.768630056833665, 3.7950140625569015)]",True
1784490057.5312097,0,12.921797225219374,3.0485686156715044,0.8143468252584493,82.00744556476744,-0.3518926619654928,9.094192852435633,2.0227768800546637,1.2340661071929089,77.9477206977209,-0.3632785244020271,-3.8276043727837408,-1.0257917356168407,0.4197192819344596,-4.0597248670465405,-0.011385862436534333,"[(12.851713558457021, 3.051326161158502), (12.847157597028822, 3.068276304101818), (12.842520917428851, 3.0853071495520314), (12.83780351989917, 3.102418697156451), (12.833005404682565, 3.119610946561664), (12.828126572022535, 3.136883897413539), (12.823167022163306, 3.154237549357225), (12.818126755349821, 3.17167190203715), (12.813005771827743, 3.189186955097025), (12.807804071843456, 3.2067827081798383), (12.802521655644066, 3.2244591609278603), (12.797158523477396, 3.242216312982641), (12.79171467559199, 3.2600541639850116), (12.78619011223711, 3.2779727135750822), (12.780584833662742, 3.2959719613922442), (12.77489884011959, 3.3140519070751697), (12.76913213185908, 3.33221255026181), (12.763284709133353, 3.3504538905893977), (12.75735657219528, 3.368775927694445), (12.751347721298437, 3.3871786612127455), (12.745258156697135, 3.4056620907793724), (12.739087878646398, 3.4242262160286794), (12.73283688740197, 3.4428710365943003), (12.726505183220315, 3.4615965521091496), (12.72009276635862, 3.480402762205422), (12.71359963707479, 3.4992896665145934), (12.707025795627446, 3.518257264667419), (12.700371242275937, 3.5373055562939344), (12.693635977280326, 3.5564345410234566), (12.6868200009014, 3.575644218484582), (12.679923313400666, 3.5949345883051884), (12.672945915040344, 3.614305650112433), (12.665887806083385, 3.6337574035327544), (12.65874898679345, 3.6532898481918705), (12.651529457434926, 3.6729029837147804), (12.644229218272917, 3.6925968097257638), (12.636848269573251, 3.7123713258483804), (12.62938661160247, 3.7322265317054706), (12.621844244627841, 3.752162426919155), (12.614221168917348, 3.772179011110835), (12.606517384739698, 3.7922762839011916), (12.598732892364316, 3.812454244910188), (12.590867692061346, 3.832712893757066), (12.582921784101654, 3.8530522300603494), (12.574895168756825, 3.873472253437841)]",True
1784490057.5847816,0,12.921797225219374,3.0485686156715044,0.8143468252584493,82.00744556476744,-0.3518926619654928,9.094192852435633,2.0227768800546637,1.2340661071929089,77.9477206977209,-0.3632785244020271,-3.8276043727837408,-1.0257917356168407,0.4197192819344596,-4.0597248670465405,-0.011385862436534333,"[(12.851713558457021, 3.051326161158502), (12.847157597028822, 3.068276304101818), (12.842520917428851, 3.0853071495520314), (12.83780351989917, 3.102418697156451), (12.833005404682565, 3.119610946561664), (12.828126572022535, 3.136883897413539), (12.823167022163306, 3.154237549357225), (12.818126755349821, 3.17167190203715), (12.813005771827743, 3.189186955097025), (12.807804071843456, 3.2067827081798383), (12.802521655644066, 3.2244591609278603), (12.797158523477396, 3.242216312982641), (12.79171467559199, 3.2600541639850116), (12.78619011223711, 3.2779727135750822), (12.780584833662742, 3.2959719613922442), (12.77489884011959, 3.3140519070751697), (12.76913213185908, 3.33221255026181), (12.763284709133353, 3.3504538905893977), (12.75735657219528, 3.368775927694445), (12.751347721298437, 3.3871786612127455), (12.745258156697135, 3.4056620907793724), (12.739087878646398, 3.4242262160286794), (12.73283688740197, 3.4428710365943003), (12.726505183220315, 3.4615965521091496), (12.72009276635862, 3.480402762205422), (12.71359963707479, 3.4992896665145934), (12.707025795627446, 3.518257264667419), (12.700371242275937, 3.5373055562939344), (12.693635977280326, 3.5564345410234566), (12.6868200009014, 3.575644218484582), (12.679923313400666, 3.5949345883051884), (12.672945915040344, 3.614305650112433), (12.665887806083385, 3.6337574035327544), (12.65874898679345, 3.6532898481918705), (12.651529457434926, 3.6729029837147804), (12.644229218272917, 3.6925968097257638), (12.636848269573251, 3.7123713258483804), (12.62938661160247, 3.7322265317054706), (12.621844244627841, 3.752162426919155), (12.614221168917348, 3.772179011110835), (12.606517384739698, 3.7922762839011916), (12.598732892364316, 3.812454244910188), (12.590867692061346, 3.832712893757066), (12.582921784101654, 3.8530522300603494), (12.574895168756825, 3.873472253437841)]",True
1784490057.6473668,0,12.921797225219374,3.0485686156715044,0.8143468252584493,82.00744556476744,-0.3518926619654928,9.094192852435633,2.0227768800546637,1.2340661071929089,77.9477206977209,-0.3632785244020271,-3.8276043727837408,-1.0257917356168407,0.4197192819344596,-4.0597248670465405,-0.011385862436534333,"[(12.851713558457021, 3.051326161158502), (12.847157597028822, 3.068276304101818), (12.842520917428851, 3.0853071495520314), (12.83780351989917, 3.102418697156451), (12.833005404682565, 3.119610946561664), (12.828126572022535, 3.136883897413539), (12.823167022163306, 3.154237549357225), (12.818126755349821, 3.17167190203715), (12.813005771827743, 3.189186955097025), (12.807804071843456, 3.2067827081798383), (12.802521655644066, 3.2244591609278603), (12.797158523477396, 3.242216312982641), (12.79171467559199, 3.2600541639850116), (12.78619011223711, 3.2779727135750822), (12.780584833662742, 3.2959719613922442), (12.77489884011959, 3.3140519070751697), (12.76913213185908, 3.33221255026181), (12.763284709133353, 3.3504538905893977), (12.75735657219528, 3.368775927694445), (12.751347721298437, 3.3871786612127455), (12.745258156697135, 3.4056620907793724), (12.739087878646398, 3.4242262160286794), (12.73283688740197, 3.4428710365943003), (12.726505183220315, 3.4615965521091496), (12.72009276635862, 3.480402762205422), (12.71359963707479, 3.4992896665145934), (12.707025795627446, 3.518257264667419), (12.700371242275937, 3.5373055562939344), (12.693635977280326, 3.5564345410234566), (12.6868200009014, 3.575644218484582), (12.679923313400666, 3.5949345883051884), (12.672945915040344, 3.614305650112433), (12.665887806083385, 3.6337574035327544), (12.65874898679345, 3.6532898481918705), (12.651529457434926, 3.6729029837147804), (12.644229218272917, 3.6925968097257638), (12.636848269573251, 3.7123713258483804), (12.62938661160247, 3.7322265317054706), (12.621844244627841, 3.752162426919155), (12.614221168917348, 3.772179011110835), (12.606517384739698, 3.7922762839011916), (12.598732892364316, 3.812454244910188), (12.590867692061346, 3.832712893757066), (12.582921784101654, 3.8530522300603494), (12.574895168756825, 3.873472253437841)]",True
1784490057.6764586,0,12.921797225219374,3.0485686156715044,0.8143468252584493,82.00744556476744,-0.3518926619654928,9.094192852435633,2.0227768800546637,1.2340661071929089,77.9477206977209,-0.3632785244020271,-3.8276043727837408,-1.0257917356168407,0.4197192819344596,-4.0597248670465405,-0.011385862436534333,"[(12.851713558457021, 3.051326161158502), (12.847157597028822, 3.068276304101818), (12.842520917428851, 3.0853071495520314), (12.83780351989917, 3.102418697156451), (12.833005404682565, 3.119610946561664), (12.828126572022535, 3.136883897413539), (12.823167022163306, 3.154237549357225), (12.818126755349821, 3.17167190203715), (12.813005771827743, 3.189186955097025), (12.807804071843456, 3.2067827081798383), (12.802521655644066, 3.2244591609278603), (12.797158523477396, 3.242216312982641), (12.79171467559199, 3.2600541639850116), (12.78619011223711, 3.2779727135750822), (12.780584833662742, 3.2959719613922442), (12.77489884011959, 3.3140519070751697), (12.76913213185908, 3.33221255026181), (12.763284709133353, 3.3504538905893977), (12.75735657219528, 3.368775927694445), (12.751347721298437, 3.3871786612127455), (12.745258156697135, 3.4056620907793724), (12.739087878646398, 3.4242262160286794), (12.73283688740197, 3.4428710365943003), (12.726505183220315, 3.4615965521091496), (12.72009276635862, 3.480402762205422), (12.71359963707479, 3.4992896665145934), (12.707025795627446, 3.518257264667419), (12.700371242275937, 3.5373055562939344), (12.693635977280326, 3.5564345410234566), (12.6868200009014, 3.575644218484582), (12.679923313400666, 3.5949345883051884), (12.672945915040344, 3.614305650112433), (12.665887806083385, 3.6337574035327544), (12.65874898679345, 3.6532898481918705), (12.651529457434926, 3.6729029837147804), (12.644229218272917, 3.6925968097257638), (12.636848269573251, 3.7123713258483804), (12.62938661160247, 3.7322265317054706), (12.621844244627841, 3.752162426919155), (12.614221168917348, 3.772179011110835), (12.606517384739698, 3.7922762839011916), (12.598732892364316, 3.812454244910188), (12.590867692061346, 3.832712893757066), (12.582921784101654, 3.8530522300603494), (12.574895168756825, 3.873472253437841)]",True
1784490057.7876875,0,12.929703565973295,3.0504616828402926,0.8116180613616529,82.71700662309104,-0.3670036439388103,9.105979445604701,2.0260483257553026,1.2123707345117618,77.9477206977209,-0.3632785244020271,-3.8237241203685937,-1.02441335708499,0.4007526731501089,-4.769285925370141,0.0037251195367831724,"[(12.852292145040076, 3.0502204909706876), (12.848086999114367, 3.065975202141239), (12.843824353206239, 3.081787408028042), (12.839504207377393, 3.0976571085427387), (12.83512656168966, 3.11358430359684), (12.830691416205005, 3.129568993101724), (12.826198770985524, 3.145611176968635), (12.821648626093447, 3.161710855108686), (12.817040981591136, 3.177868027432856), (12.812375837541087, 3.194082693851993), (12.807653194005928, 3.2103548542768108), (12.802873051048419, 3.2266845086178915), (12.798035408731453, 3.243071656785684), (12.793140267118055, 3.2595162986905053), (12.788187626271386, 3.276018434242539), (12.783177486254734, 3.292578063351836), (12.778109847131526, 3.3091951859283153), (12.772984708965316, 3.3258698018817627), (12.767802071819794, 3.342601911121832), (12.762561935758782, 3.359391513558043), (12.757264300846238, 3.3762386090997847), (12.751909167146243, 3.3931431976563116), (12.746496534723022, 3.4101052791367468), (12.741026403640925, 3.42712485345008), (12.735498773964439, 3.444201920505169), (12.72991364575818, 3.4613364802107385), (12.724271019086899, 3.4785285324753805), (12.718570894015482, 3.495778077207555), (12.712813270608944, 3.5130851143155883), (12.706998148932431, 3.530449643707675), (12.701125529051229, 3.5478716652918765), (12.695195411030747, 3.5653511789761216), (12.689207794936536, 3.582888184668207), (12.683162680834272, 3.600482682275796), (12.67706006878977, 3.6181346717064193), (12.670899958868974, 3.635844152867476), (12.66468235113796, 3.653611125666232), (12.658407245662941, 3.6714355900098194), (12.652074642510257, 3.6893175458052396), (12.645684541746386, 3.7072569929593597), (12.639236943437934, 3.7252539313789153), (12.632731847651643, 3.743308360970509), (12.626169254454386, 3.7614202816406106), (12.61954916391317, 3.779589693295557), (12.612871576095133, 3.7978165958415535)]",True
1784490057.833812,0,12.945418408864347,3.0543557675517676,0.8076188503756911,82.71700662309104,-0.3670036439388103,9.129049742602385,2.0323390343374745,1.1805745161314023,77.9477206977209,-0.3632785244020271,-3.816368666261962,-1.022016733214293,0.37295566575571115,-4.769285925370141,0.0037251195367831724,"[(12.845783430082276, 3.0676879384235), (12.8396888747898, 3.0848660488777426), (12.833542570566387, 3.1020959032092392), (12.827344517472895, 3.119377501331547), (12.821094715570306, 3.1367108431581032), (12.81479316491972, 3.154095928602226), (12.808439865582356, 3.1715327575771144), (12.802034817619553, 3.189021329995848), (12.795578021092766, 3.206561645771386), (12.789069476063576, 3.22415370481657), (12.782509182593676, 3.2417975070441205), (12.775897140744885, 3.25949305236664), (12.769233350579135, 3.2772403406966104), (12.762517812158485, 3.2950393719463955), (12.755750525545107, 3.3128901460282387), (12.748931490801294, 3.3307926628542646), (12.742060707989458, 3.348746922336478), (12.735138177172134, 3.366752924386765), (12.728163898411973, 3.384810668916891), (12.721137871771747, 3.402920155838504)]",True
1784490057.8748102,0,12.968884198129512,3.060147118985871,0.8040459765567103,82.71700662309104,-0.3670036439388103,9.162897161752731,2.0410536525569203,1.1521679437868668,77.9477206977209,-0.3632785244020271,-3.8059870363767807,-1.0190934664289508,0.34812196723015654,-4.769285925370141,0.0037251195367831724,"[(12.845783430082276, 3.0676879384235), (12.8396888747898, 3.0848660488777426), (12.833542570566387, 3.1020959032092392), (12.827344517472895, 3.119377501331547), (12.821094715570306, 3.1367108431581032), (12.81479316491972, 3.154095928602226), (12.808439865582356, 3.1715327575771144), (12.802034817619553, 3.189021329995848), (12.795578021092766, 3.206561645771386), (12.789069476063576, 3.22415370481657), (12.782509182593676, 3.2417975070441205), (12.775897140744885, 3.25949305236664), (12.769233350579135, 3.2772403406966104), (12.762517812158485, 3.2950393719463955), (12.755750525545107, 3.3128901460282387), (12.748931490801294, 3.3307926628542646), (12.742060707989458, 3.348746922336478), (12.735138177172134, 3.366752924386765), (12.728163898411973, 3.384810668916891), (12.721137871771747, 3.402920155838504)]",True
1784490057.9750378,0,12.992174733012586,3.0663009669598305,0.8021486110717301,82.71700662309104,-0.3670036439388103,9.196185215103283,2.0493967269557274,1.137082706343892,77.9477206977209,-0.3632785244020271,-3.7959895179093035,-1.016904240004103,0.3349340952721619,-4.769285925370141,0.0037251195367831724,"[(12.857587837899796, 3.0530306691612124), (12.850591328989081, 3.0697973601411515), (12.843512553870763, 3.086646304213413), (12.83635151283035, 3.1035775009981332), (12.829108206154142, 3.120590950114655), (12.821782634129239, 3.1376866511815273), (12.814374797043527, 3.1548646038165056), (12.806884695185692, 3.172124807636552), (12.799312328845215, 3.1894672622578346), (12.791657698312365, 3.206891967295728), (12.783920803878209, 3.2243989223648133), (12.776101645834604, 3.2419881270788777), (12.768200224474208, 3.259659581050915), (12.760216540090466, 3.2774132838931256), (12.752150592977623, 3.2952492352169163), (12.744002383430713, 3.3131674346329), (12.735771911745566, 3.3311678817508956), (12.727459178218806, 3.34925057617993), (12.719064183147852, 3.3674155175282348), (12.710586926830914, 3.385662705403249), (12.702027409566998, 3.403992139411618), (12.693385631655905, 3.4224038191591934), (12.684661593398229, 3.4408977442510333), (12.675855295095356, 3.459473914291402), (12.666966737049467, 3.4781323288837713), (12.65799591956354, 3.496872987630818), (12.648942842941342, 3.5156958901344266), (12.639807507487436, 3.5346010359956876), (12.630589913507182, 3.553588424814898), (12.621290061306727, 3.572658056191561), (12.611907951193018, 3.591809929724387), (12.602443583473793, 3.611044045011292), (12.592896958457587, 3.6303604016494), (12.583268076453725, 3.64975899923504), (12.573556937772327, 3.669239837363748), (12.56376354272431, 3.6888029156302666), (12.553887891621377, 3.708448233628545), (12.543929984776033, 3.7281757909517395), (12.533889822501575, 3.7479855871922116), (12.52376740511209, 3.767877621941531), (12.513562732922464, 3.7878518947904727), (12.503275806248373, 3.8079084053290186), (12.492906625406288, 3.8280471531463576), (12.482455190713475, 3.8482681378308845), (12.471921502487993, 3.8685713589702013)]",True
1784490058.0418525,0,13.007633655329373,3.0705610524173044,0.8014090117635887,82.71700662309104,-0.3670036439388103,9.218199992622113,2.0548483920508986,1.1312024311600681,77.9477206977209,-0.3632785244020271,-3.7894336627072605,-1.0157126603664057,0.32979341939647944,-4.769285925370141,0.0037251195367831724,"[(12.916785856812938, 3.065422806619586), (12.912633244460613, 3.0813233306633028), (12.908423154203177, 3.0972813270984756), (12.904155586103988, 3.1132967958338487), (12.899830540226537, 3.1293697367780293), (12.895448016634457, 3.1455001498394894), (12.891008015391515, 3.161688034926564), (12.88651053656161, 3.1779333919474513), (12.881955580208786, 3.1942362208102133), (12.877343146397216, 3.2105965214227763), (12.872673235191213, 3.227014293692929), (12.867945846655225, 3.2434895375283244), (12.86316098085384, 3.2600222528364786), (12.858318637851777, 3.276612439524772), (12.853418817713894, 3.2932600975004482), (12.848461520505188, 3.309965226670614), (12.843446746290788, 3.32672782694224), (12.838374495135962, 3.343547898222161), (12.833244767106116, 3.360425440417075), (12.828057562266787, 3.377360453433543), (12.822812880683655, 3.3943529371779904), (12.817510722422531, 3.411402891556705), (12.812151087549367, 3.4285103164758404), (12.80673397613025, 3.445675211841411), (12.801259388231399, 3.462897577559297), (12.795727323919175, 3.4801774135352415), (12.790137783260075, 3.49751471967485), (12.78449076632073, 3.514909495883594), (12.77878627316791, 3.532361742066806), (12.773024303868517, 3.549871458129684), (12.767204858489595, 3.5674386439772885), (12.761327937098322, 3.5850632995145446), (12.755393539762013, 3.6027454246462396), (12.749401666548117, 3.6204850192770257), (12.743352317524222, 3.6382820833114176), (12.737245492758053, 3.6561366166537943), (12.731081192317468, 3.6740486192083983), (12.724859416270464, 3.6920180908793356), (12.718580164685173, 3.710045031570576), (12.71224343762987, 3.7281294411859522), (12.705849235172956, 3.746271319629161), (12.699397557382975, 3.764470666803763), (12.692888404328608, 3.7827274826131823), (12.686321776078668, 3.8010417669607057), (12.679697672702106, 3.8194135197494847)]",True
1784490058.0876536,0,13.046215737761418,3.0812794607536538,0.8004906935593837,82.71700662309104,-0.3670036439388103,9.272980742020268,2.068039821871621,1.123901229431513,77.9477206977209,-0.3632785244020271,-3.7732349957411504,-1.0132396388820326,0.3234105358721292,-4.769285925370141,0.0037251195367831724,"[(12.916785856812938, 3.065422806619586), (12.912633244460613, 3.0813233306633028), (12.908423154203177, 3.0972813270984756), (12.904155586103988, 3.1132967958338487), (12.899830540226537, 3.1293697367780293), (12.895448016634457, 3.1455001498394894), (12.891008015391515, 3.161688034926564), (12.88651053656161, 3.1779333919474513), (12.881955580208786, 3.1942362208102133), (12.877343146397216, 3.2105965214227763), (12.872673235191213, 3.227014293692929), (12.867945846655225, 3.2434895375283244), (12.86316098085384, 3.2600222528364786), (12.858318637851777, 3.276612439524772), (12.853418817713894, 3.2932600975004482), (12.848461520505188, 3.309965226670614), (12.843446746290788, 3.32672782694224), (12.838374495135962, 3.343547898222161), (12.833244767106116, 3.360425440417075), (12.828057562266787, 3.377360453433543), (12.822812880683655, 3.3943529371779904), (12.817510722422531, 3.411402891556705), (12.812151087549367, 3.4285103164758404), (12.80673397613025, 3.445675211841411), (12.801259388231399, 3.462897577559297), (12.795727323919175, 3.4801774135352415), (12.790137783260075, 3.49751471967485), (12.78449076632073, 3.514909495883594), (12.77878627316791, 3.532361742066806), (12.773024303868517, 3.549871458129684), (12.767204858489595, 3.5674386439772885), (12.761327937098322, 3.5850632995145446), (12.755393539762013, 3.6027454246462396), (12.749401666548117, 3.6204850192770257), (12.743352317524222, 3.6382820833114176), (12.737245492758053, 3.6561366166537943), (12.731081192317468, 3.6740486192083983), (12.724859416270464, 3.6920180908793356), (12.718580164685173, 3.710045031570576), (12.71224343762987, 3.7281294411859522), (12.705849235172956, 3.746271319629161), (12.699397557382975, 3.764470666803763), (12.692888404328608, 3.7827274826131823), (12.686321776078668, 3.8010417669607057), (12.679697672702106, 3.8194135197494847)]",True
1784490058.126689,0,13.06171945148015,3.085265745560071,0.8003217891826955,82.71700662309104,-0.3670036439388103,9.294800498974018,2.0733793266831153,1.1225583344291168,77.9477206977209,-0.3632785244020271,-3.7669189525061313,-1.0118864188769559,0.3222365452464213,-4.769285925370141,0.0037251195367831724,"[(12.916785856812938, 3.065422806619586), (12.912633244460613, 3.0813233306633028), (12.908423154203177, 3.0972813270984756), (12.904155586103988, 3.1132967958338487), (12.899830540226537, 3.1293697367780293), (12.895448016634457, 3.1455001498394894), (12.891008015391515, 3.161688034926564), (12.88651053656161, 3.1779333919474513), (12.881955580208786, 3.1942362208102133), (12.877343146397216, 3.2105965214227763), (12.872673235191213, 3.227014293692929), (12.867945846655225, 3.2434895375283244), (12.86316098085384, 3.2600222528364786), (12.858318637851777, 3.276612439524772), (12.853418817713894, 3.2932600975004482), (12.848461520505188, 3.309965226670614), (12.843446746290788, 3.32672782694224), (12.838374495135962, 3.343547898222161), (12.833244767106116, 3.360425440417075), (12.828057562266787, 3.377360453433543), (12.822812880683655, 3.3943529371779904), (12.817510722422531, 3.411402891556705), (12.812151087549367, 3.4285103164758404), (12.80673397613025, 3.445675211841411), (12.801259388231399, 3.462897577559297), (12.795727323919175, 3.4801774135352415), (12.790137783260075, 3.49751471967485), (12.78449076632073, 3.514909495883594), (12.77878627316791, 3.532361742066806), (12.773024303868517, 3.549871458129684), (12.767204858489595, 3.5674386439772885), (12.761327937098322, 3.5850632995145446), (12.755393539762013, 3.6027454246462396), (12.749401666548117, 3.6204850192770257), (12.743352317524222, 3.6382820833114176), (12.737245492758053, 3.6561366166537943), (12.731081192317468, 3.6740486192083983), (12.724859416270464, 3.6920180908793356), (12.718580164685173, 3.710045031570576), (12.71224343762987, 3.7281294411859522), (12.705849235172956, 3.746271319629161), (12.699397557382975, 3.764470666803763), (12.692888404328608, 3.7827274826131823), (12.686321776078668, 3.8010417669607057), (12.679697672702106, 3.8194135197494847)]",True
1784490058.17527,0,13.069481210870615,3.0872154941733174,0.8002605871475075,82.71700662309104,-0.3670036439388103,9.294800498974018,2.0733793266831153,1.1225583344291168,77.9477206977209,-0.3632785244020271,-3.774680711896597,-1.0138361674902021,0.3222977472816093,-4.769285925370141,0.0037251195367831724,"[(12.960569674616265, 3.0935367105130216), (12.957528038769285, 3.110735734381797), (12.954439418171258, 3.127981738821971), (12.951303812853853, 3.1452747237826393), (12.948121222848801, 3.1626146892128353), (12.9448916481879, 3.180001635061528), (12.941615088903006, 3.1974355612776226), (12.938291545026045, 3.2149164678099607), (12.934921016589003, 3.2324443546073196), (12.931503503623931, 3.250019221618413), (12.928039006162946, 3.267641068791891), (12.924527524238224, 3.28530989607634), (12.920969057882008, 3.303025703420282), (12.917363607126605, 3.3207884907721756), (12.913711172004385, 3.338598258080416), (12.910011752547781, 3.3564550052933333), (12.906265348789292, 3.3743587323591955), (12.90247196076148, 3.3923094392262056), (12.898631588496968, 3.410307125842503), (12.894744232028449, 3.4283517921561635)]",True
1784490058.2295475,0,13.092770846188712,3.093035308251267,0.8001383897271993,82.71700662309104,-0.3670036439388103,9.32732878565665,2.08202133795384,1.1213585991782027,77.9477206977209,-0.3632785244020271,-3.7654420605320613,-1.011013970297427,0.3212202094510034,-4.769285925370141,0.0037251195367831724,"[(13.004357332709416, 3.0873980117930744), (13.001691614413161, 3.1032557899075806), (12.998972898996358, 3.1191665610831456), (12.996201186495208, 3.1351303252646057), (12.993376476945988, 3.151147082396721), (12.99049877038505, 3.167216832424175), (12.987568066848826, 3.1833395752915763), (12.98458436637382, 3.199515310943456), (12.981547668996615, 3.2157440393242704), (12.978457974753868, 3.232025760378398), (12.975315283682313, 3.248360474050143), (12.972119595818763, 3.264748180283732), (12.968870911200101, 3.2811888790233157), (12.965569229863291, 3.2976825702129693), (12.962214551845374, 3.3142292537966913), (12.958806877183463, 3.330828929718404), (12.955346205914749, 3.347481597921954), (12.951832538076498, 3.3641872583511114), (12.948265873706058, 3.3809459109495705), (12.944646212840844, 3.3977575556609487), (12.940973555518354, 3.414622192428788), (12.93724790177616, 3.431539821196554), (12.933469251651912, 3.4485104419076364), (12.929637605183332, 3.4655340545053486), (12.925752962408222, 3.482610658932927), (12.921815323364456, 3.4997402551335335), (12.91782468808999, 3.5169228430502524), (12.91378105662285, 3.534158422626093), (12.909684429001144, 3.5514469938039874), (12.905534805263054, 3.5687885565267923), (12.901332185446833, 3.5861831107372875), (12.89707656959082, 3.6036306563781775), (12.89276795773342, 3.6211311933920904), (12.888406349913124, 3.638684721721578), (12.88399174616849, 3.6562912413091158), (12.87952414653816, 3.6739507520971033), (12.875003551060844, 3.691663254027864), (12.870429959775336, 3.7094287470436456), (12.865803372720503, 3.7272472310866185), (12.861123789935286, 3.745118706098878), (12.856391211458705, 3.7630431720224435), (12.851605637329858, 3.781020628799257), (12.84676706758791, 3.799051076371185), (12.841875502272115, 3.817134514680018), (12.836930941421796, 3.8352709436674703)]",True
1784490058.2818925,0,13.108297193378727,3.096908694560277,0.8000907567707488,82.71700662309104,-0.3670036439388103,9.359804535647369,2.0907574335507135,1.1207214828478957,77.9477206977209,-0.3632785244020271,-3.748492657731358,-1.0061512610095633,0.32063072607714693,-4.769285925370141,0.0037251195367831724,"[(13.026313179610113, 3.0935627533071584), (13.022561821360208, 3.109124260984664), (13.018758066808795, 3.1247381616202907), (13.014901915990226, 3.1404044551642447), (13.01099336893892, 3.1561231415666637), (13.007032425689363, 3.171894220777617), (13.003019086276113, 3.187717692747105), (12.998953350733792, 3.203593557425061), (12.994835219097094, 3.219521814761348), (12.99066469140078, 3.2355024647057613), (12.986441767679683, 3.251535507208028), (12.982166447968698, 3.2676209422178064), (12.977838732302791, 3.2837587696846864), (12.973458620717, 3.2999489895581893), (12.969026113246429, 3.316191601787768), (12.964541209926248, 3.332486606322807), (12.960003910791698, 3.348834003112622), (12.955414215878092, 3.36523379210646), (12.950772125220803, 3.3816859732535005), (12.946077638855282, 3.3981905465028537), (12.941330756817042, 3.4147475118035615), (12.936531479141664, 3.4313568691045973), (12.931679805864803, 3.4480186183548662), (12.92677573702218, 3.464732759503205), (12.92181927264958, 3.481499292498381), (12.916810412782866, 3.4983182172890936), (12.911749157457958, 3.5151895338239743), (12.906635506710854, 3.5321132420515853), (12.901469460577617, 3.549089341920421), (12.896251019094377, 3.5661178333789065), (12.890980182297334, 3.583198716375399), (12.885656950222756, 3.600331990858187), (12.880281322906983, 3.6175176567754903), (12.874853300386418, 3.634755714075461), (12.869372882697535, 3.652046162706182), (12.863840069876876, 3.669389002615668), (12.858254861961052, 3.686784233751865), (12.852617258986744, 3.70423185606265), (12.846927260990698, 3.7217318694958332), (12.841184868009732, 3.7392842739991545), (12.83539008008073, 3.756889069520286), (12.829542897240646, 3.7745462560068317), (12.823643319526504, 3.792255833406327), (12.81769134697539, 3.810017801666238), (12.811686979624467, 3.8278321607339634)]",True
1784490058.330224,0,13.12378417328515,3.100933631178718,0.8000595202191942,82.71700662309104,-0.3670036439388103,9.381454157363809,2.096552341876815,1.120473132806309,77.9477206977209,-0.3632785244020271,-3.7423300159213415,-1.0043812893019033,0.32041361258711465,-4.769285925370141,0.0037251195367831724,"[(13.041083038768242, 3.0976240527889125), (13.03671674472037, 3.1130232252906205), (13.032298098956234, 3.1284747463992404), (13.027827101510804, 3.1439786160654544), (13.023303752419114, 3.1595348342398766), (13.01872805171627, 3.175143400873053), (13.014099999437443, 3.190804315915461), (13.009419595617873, 3.2065175793175107), (13.004686840292866, 3.222283191029544), (12.999901733497799, 3.238101151001835), (12.995064275268119, 3.253971459184588), (12.990174465639335, 3.2698941155279417), (12.98523230464703, 3.2858691199819647), (12.980237792326848, 3.301896472496659), (12.97519092871451, 3.3179761730219575), (12.970091713845797, 3.3341082215077256), (12.964940147756563, 3.3502926179037607), (12.95973623048273, 3.3665293621597914), (12.954479962060285, 3.382818454225479), (12.949171342525288, 3.3991598940504164), (12.943810371913862, 3.4155536815841288), (12.938397050262198, 3.431999816776073), (12.93293137760656, 3.448498299575637), (12.927413353983274, 3.4650491299321424), (12.921842979428742, 3.481652307794841), (12.916220253979427, 3.4983078331129183), (12.910545177671862, 3.51501570583549), (12.904817750542648, 3.531775925911605), (12.899037972628456, 3.5485884932902434), (12.893205843966022, 3.5654534079203173), (12.887321364592154, 3.5823706697506714), (12.881384534543724, 3.5993402787300814), (12.875395353857675, 3.616362234807256), (12.869353822571016, 3.6334365379308347), (12.863259940720827, 3.6505631880493894), (12.857113708344253, 3.6677421851114245), (12.850915125478506, 3.6849735290653753), (12.844664192160872, 3.7022572198596095), (12.8383609084287, 3.719593257442427), (12.832005274319409, 3.7369816417620596), (12.825597289870485, 3.754422372766671), (12.819136955119482, 3.771915450404356), (12.812624270104022, 3.7894608746231424), (12.806059234861799, 3.8070586453709896), (12.79944184943057, 3.824708762595789)]",True
1784490058.3769307,0,13.146986067060586,3.1070764381368545,0.8000316136502145,82.71700662309104,-0.3670036439388103,9.41382455947234,2.1055975414005905,1.1202512582003818,77.9477206977209,-0.3632785244020271,-3.733161507588246,-1.001478896736264,0.3202196445501674,-4.769285925370141,0.0037251195367831724,"[(13.063523884557137, 3.1033098272849715), (13.058404911204402, 3.118468369489868), (13.053233634984396, 3.133679211746178), (13.048010055932863, 3.1489423540051753), (13.042734174085613, 3.164257796218068), (13.03740598947852, 3.179625538335995), (13.03202550214753, 3.195045580310028), (13.026592712128654, 3.210517922091171), (13.021107619457972, 3.2260425636303607), (13.015570224171631, 3.241619504878466), (13.009980526305847, 3.2572487457862884), (13.004338525896902, 3.2729302863045615), (12.998644222981145, 3.288664126383951), (12.992897617594997, 3.304450265975056), (12.98709870977494, 3.3202887050284065), (12.98124749955753, 3.336179443494466), (12.975343986979384, 3.3521224813236303), (12.969388172077194, 3.3681178184662275), (12.963380054887715, 3.3841654548725177), (12.957319635447769, 3.400265390492694), (12.951206913794248, 3.4164176252768805), (12.945041889964113, 3.4326221591751356), (12.938824563994388, 3.448878992137449), (12.932554935922166, 3.465188124113743), (12.92623300578461, 3.4815495550538724), (12.91985877361895, 3.4979632849076236), (12.913432239462482, 3.5144293136247167), (12.90695340335257, 3.530947641154803), (12.90042226532665, 3.547518267447467), (12.893838825422218, 3.564141192452225), (12.887203083676843, 3.5808164161185263), (12.880515040128158, 3.597543938395752), (12.873774694813868, 3.614323759233216), (12.866982047771742, 3.631155878580164), (12.860137099039619, 3.6480402963857745), (12.853239848655406, 3.664977012599159), (12.846290296657072, 3.68196602716936), (12.839288443082662, 3.6990073400453536), (12.832234287970282, 3.7161009511760477), (12.82512783135811, 3.7332468605102824), (12.817969073284388, 3.750445067996831), (12.81075801378743, 3.7676955735843984), (12.803494652905613, 3.7849983772216222), (12.796178990677383, 3.8023534788570723), (12.788811027141255, 3.819760878439251)]",True
1784490058.4383035,0,13.178100254203848,3.1153973088292943,0.8413844933458872,82.71700662309104,-0.3670036439388103,9.456995985195014,2.117591569744681,1.1201080543507087,77.9477206977209,-0.3632785244020271,-3.7211042690088334,-0.9978057390846131,0.27872356100482154,-4.769285925370141,0.0037251195367831724,"[(13.093744514015636, 3.110754707925151), (13.087859948553358, 3.1256396293631457), (13.081923120078615, 3.140576811299262), (13.075934028627964, 3.1555662536853566), (13.06989267423803, 3.1706079564732197), (13.063799056945507, 3.1857019196145737), (13.057653176787154, 3.2008481430610733), (13.0514550337998, 3.216046626764307), (13.045204628020338, 3.2312973706757955), (13.038901959485727, 3.2466003747469916), (13.032547028233001, 3.2619556389292823), (13.026139834299252, 3.277363163173986), (13.019680377721647, 3.292822947432355), (13.013168658537413, 3.308334991655573), (13.006604676783851, 3.323899295794758), (12.999988432498325, 3.3395158598009593), (12.993319925718268, 3.35518468362516), (12.98659915648118, 3.3709057672182756), (12.979826124824626, 3.386679110531154), (12.973000830786242, 3.4025047135145763), (12.96612327440373, 3.4183825761192566), (12.959193455714855, 3.434312698295841), (12.952211374757457, 3.450295079994909), (12.945177031569438, 3.4663297211669724), (12.938090426188769, 3.482416621762476), (12.930951558653486, 3.498555781731797), (12.923760429001696, 3.514747201025246), (12.91651703727157, 3.530990879593066), (12.909221383501349, 3.5472868173854324), (12.901873467729338, 3.563635014352454), (12.894473289993911, 3.580035470444172), (12.887020850333512, 3.5964881856105606), (12.879516148786648, 3.6129931598015266), (12.871959185391894, 3.6295503929669093), (12.864349960187894, 3.646159885056481), (12.856688473213358, 3.6628216360199466), (12.848974724507064, 3.679535645806944), (12.841208714107857, 3.6963019143670435), (12.833390442054649, 3.7131204416497487), (12.825519908386417, 3.7299912276044958), (12.817597113142211, 3.7469142721806534), (12.809622056361144, 3.7638895753275228), (12.801594738082397, 3.7809171369943386), (12.793515158345217, 3.797996957130268), (12.785383317188922, 3.8151290356844103)]",True
1784490058.5148437,0,13.186389728318161,3.1177276615766556,0.8807851586466656,82.71700662309104,-0.3670036439388103,9.467819539543195,2.120474659006884,1.1200875033201483,77.9477206977209,-0.3632785244020271,-3.718570188774967,-0.9972530025697717,0.23930234467348266,-4.769285925370141,0.0037251195367831724,"[(13.10133182883107, 3.1126419732452963), (13.095289324772322, 3.1274692769574695), (13.08919456424542, 3.1423488346853468), (13.083047547287093, 3.1572806463808982), (13.07684827393414, 3.1722647119960268), (13.070596744223428, 3.187301031482568), (13.064292958191892, 3.2023896047922893), (13.057936915876532, 3.2175304318768925), (13.051528617314414, 3.232723512688011), (13.045068062542674, 3.247968847177212), (13.038555251598513, 3.263266435295995), (13.031990184519202, 3.278616276995792), (13.025372861342078, 3.2940183722279683), (13.018703282104541, 3.309472720943822), (13.011981446844068, 3.324979323094584), (13.005207355598193, 3.340538178631417), (12.998381008404522, 3.356149287505419), (12.991502405300727, 3.3718126496676177), (12.984571546324547, 3.3875282650689758), (12.97758843151379, 3.403296133660388), (12.970553060906333, 3.4191162553926824), (12.963465434540113, 3.4349886302166186), (12.95632555245314, 3.4509132580828905), (12.949133414683493, 3.4668901389421243), (12.94188902126931, 3.4829192727448786), (12.934592372248801, 3.4990006594416454), (12.927243467660247, 3.5151342989828493), (12.919842307541991, 3.5313201913188474), (12.912388891932444, 3.54755833639993), (12.904883220870085, 3.5638487341763203), (12.89732529439346, 3.580191384598174), (12.889715112541184, 3.596586287615579), (12.882052675351934, 3.613033443178558), (12.87433798286446, 3.6295328512370646), (12.866571035117579, 3.6460845117409857), (12.858751832150167, 3.6626884246401414), (12.850880374001179, 3.6793445898842845), (12.842956660709628, 3.6960530074231004), (12.8349806923146, 3.7128136772062077), (12.826952468855245, 3.7296265991831574), (12.818871990370779, 3.7464917733034335), (12.810739256900488, 3.763409199516453), (12.802554268483728, 3.780378877771565), (12.794317025159915, 3.7974008080180526), (12.786027526968535, 3.8144749902051305)]",True
1784490058.5958,0,13.186389728318161,3.1177276615766556,0.8807851586466656,82.71700662309104,-0.3670036439388103,9.467819539543195,2.120474659006884,1.1200875033201483,77.9477206977209,-0.3632785244020271,-3.718570188774967,-0.9972530025697717,0.23930234467348266,-4.769285925370141,0.0037251195367831724,"[(13.139324798619684, 3.1225655401773937), (13.132642404133623, 3.1371779631901227), (13.12590777729888, 3.1518426163431545), (13.119120918152898, 3.166559499588875), (13.112281826733192, 3.181328612879602), (13.10539050307734, 3.196149956167587), (13.098446947222987, 3.2110235294050145), (13.091451159207848, 3.2259493325440016), (13.084403139069703, 3.240927365536599), (13.0773028868464, 3.2559576283347895), (13.070150402575853, 3.2710401208904907), (13.062945686296043, 3.2861748431555515), (13.055688738045017, 3.3013617950817546), (13.048379557860889, 3.3166009766208155), (13.041018145781843, 3.331892387724383), (13.033604501846128, 3.3472360283440388), (13.026138626092061, 3.3626318984312977), (13.018620518558023, 3.3780799979376073), (13.011050179282465, 3.3935803268143485), (13.003427608303904, 3.4091328850128355), (12.995752805660924, 3.424737672484315), (12.988025771392175, 3.4403946891799664), (12.980246505536376, 3.4561039350509035), (12.97241500813231, 3.471865410048172), (12.964531279218832, 3.4876791141227512), (12.956595318834859, 3.5035450472255527), (12.948607127019375, 3.519463209307422), (12.940566703811434, 3.5354336003191373), (12.932474049250157, 3.55145622021141), (12.924329163374727, 3.5675310689348843), (12.916132046224401, 3.583658146440137), (12.907882697838497, 3.5998374526776793), (12.899581118256403, 3.616068987597954), (12.891227307517575, 3.6323527511513376), (12.882821265661535, 3.64868874328814), (12.87436299272787, 3.665076963958603), (12.865852488756234, 3.6815174131129034), (12.85728975378635, 3.698010090701149), (12.84867478785801, 3.7145549966733813), (12.84000759101107, 3.7311521309795754), (12.83128816328545, 3.747801493569639), (12.822516504721142, 3.7645030843934126), (12.813692615358201, 3.78125690340067), (12.804816495236754, 3.798062950541119), (12.79588814439699, 3.8149212257643983)]",True
1784490058.628062,0,13.23519176699192,3.1316839360158024,0.8227823426768421,82.71700662309104,-0.3670036439388103,9.532603423446103,2.1383369860733366,1.120024680355754,77.9477206977209,-0.3632785244020271,-3.7025883435458162,-0.9933469499424659,0.29724233767891195,-4.769285925370141,0.0037251195367831724,"[(13.185989858807801, 3.135374135767667), (13.178283613670294, 3.149732334029978), (13.170525147127746, 3.164142751846456), (13.16271445921888, 3.1786053891698627), (13.154851549982475, 3.193120245952892), (13.146936419457383, 3.207687322148171), (13.138969067682524, 3.222306617708262), (13.130949494696882, 3.2369781325856573), (13.12287770053951, 3.2517018667327844), (13.114753685249523, 3.266477820102003), (13.10657744886611, 3.2813059926456063), (13.098348991428523, 3.2961863843158206), (13.09006831297608, 3.3111189950648052), (13.081735413548168, 3.326103824844653), (13.073350293184241, 3.3411408736073893), (13.064912951923818, 3.356230141304973), (13.056423389806485, 3.371371627889296), (13.047881606871895, 3.3865653333121832), (13.039287603159773, 3.401811257525393), (13.030641378709904, 3.417109400480616), (13.021942933562142, 3.4324597621294775), (13.01319226775641, 3.447862342423534), (13.004389381332693, 3.4633171413142767), (12.99553427433105, 3.4788241587531292), (12.9866269467916, 3.4943833946914484), (12.97766739875453, 3.509994849080525), (12.9686556302601, 3.525658521871581), (12.95959164134863, 3.5413744130157734), (12.95047543206051, 3.5571425224641913), (12.941307002436199, 3.572962850167857), (12.932086352516215, 3.5888353960777266), (12.922813482341152, 3.604760160144689), (12.913488391951667, 3.620737142319565), (12.904111081388482, 3.636766342553111), (12.894681550692388, 3.652847760796014), (12.885199799904244, 3.6689813969988965), (12.875665829064973, 3.6851672511123117), (12.866079638215567, 3.701405323086748), (12.856441227397085, 3.717695612872625), (12.84675059665065, 3.7340381204202977), (12.837007746017457, 3.750432845680052), (12.827212675538762, 3.766879788602109), (12.817365385255892, 3.7833789491366208), (12.80746587521024, 3.799930327233674), (12.797514145443266, 3.816533922843288)]",True
1784490058.6873245,0,13.266712408068106,3.140065992686099,0.8097973758938192,82.71700662309104,-0.3670036439388103,9.575569648040466,2.151025142626388,1.1200106163126171,77.9477206977209,-0.3632785244020271,-3.69114276002764,-0.9890408500597108,0.31021324041879794,-4.769285925370141,0.0037251195367831724,"[(13.218449346704631, 3.1446520264839912), (13.210759459468425, 3.158987116803234), (13.203017383885115, 3.173374393626559), (13.195223119993244, 3.187813856906939), (13.187376667831431, 3.20230550659728), (13.179478027438353, 3.216849342650422), (13.17152719885276, 3.231445365019138), (13.163524182113461, 3.2460935736561343), (13.15546897725934, 3.260793968514051), (13.14736158432934, 3.2755465495454605), (13.13920200336248, 3.290351316702871), (13.130990234397835, 3.3052082699387215), (13.122726277474555, 3.3201174092053862), (13.114410132631852, 3.3350787344551716), (13.106041799909006, 3.3500922456403184), (13.097621279345361, 3.3651579427130005), (13.089148570980333, 3.380275825625325), (13.080623674853399, 3.3954458943293333), (13.072046591004106, 3.410668148776999), (13.063417319472068, 3.4259425889202295), (13.054735860296963, 3.4412692147108657), (13.046002213518538, 3.4566480261006824), (13.037216379176604, 3.4720790230413874), (13.02837835731104, 3.487562205484622), (13.019488147961791, 3.50309757338196), (13.010545751168872, 3.5186851266849106), (13.001551166972359, 3.534324865344915), (12.992504395412398, 3.550016789313348), (12.983405436529202, 3.5657608985415177), (12.974254290363046, 3.5815571929806667), (12.96505095695428, 3.5974056725819694), (12.955795436343312, 3.6133063372965353), (12.946487728570622, 3.6292591870754056), (12.937127833676755, 3.6452642218695566), (12.927715751702321, 3.6613214416298967), (12.918251482687998, 3.6774308463072685), (12.908735026674531, 3.6935924358524477), (12.899166383702731, 3.7098062102161435), (12.889545553813477, 3.7260721693489987), (12.879872537047712, 3.742390313201589), (12.870147333446447, 3.758760641724424), (12.86036994305076, 3.7751831548679466), (12.850540365901793, 3.7916578525825333), (12.84065860204076, 3.808184734818494), (12.830724651508936, 3.8247638015260716)]",True
1784490058.7297783,0,13.290245640134206,3.1457862908694616,0.8052028769499695,82.71700662309104,-0.3670036439388103,9.597013687063205,2.1574997369833553,1.1200069635648353,77.9477206977209,-0.3632785244020271,-3.6932319530710007,-0.9882865538861063,0.3148040866148658,-4.769285925370141,0.0037251195367831724,"[(13.265722791605532, 3.157088793767166), (13.257968609125902, 3.1713203564227115), (13.25016223649957, 3.1856041074276353), (13.242303673765184, 3.1999400467350188), (13.234392920961461, 3.214328174297876), (13.226429978127184, 3.2287684900691556), (13.2184148453012, 3.2432609940017385), (13.210347522522426, 3.2578056860484397), (13.20222800982984, 3.2724025661620075), (13.194056307262494, 3.287051634295123), (13.185832414859503, 3.3017528904004014), (13.177556332660048, 3.3165063344303913), (13.169228060703377, 3.331311966337574), (13.160847599028806, 3.3461697860743644), (13.152414947675716, 3.361079793593112), (13.143930106683557, 3.3760419888460973), (13.135393076091843, 3.3910563717855364), (13.126803855940155, 3.4061229423635777), (13.11816244626814, 3.4212417005323035), (13.109468847115515, 3.436412646243729), (13.10072305852206, 3.451635779449803), (13.091925080527623, 3.4669111001024078), (13.083074913172121, 3.482238608153359), (13.074172556495531, 3.4976183035544053), (13.065218010537905, 3.5130501862572294), (13.056211275339356, 3.528534256213447), (13.047152350940063, 3.5440705133746073), (13.038041237380275, 3.559658957692193), (13.02887793470031, 3.5752995891176194), (13.019662442940543, 3.5909924076022364), (13.010394762141425, 3.6067374130973264), (13.001074892343471, 3.6225346055541054), (12.99170283358726, 3.638383984923723), (12.98227858591344, 3.6542855511572627), (12.972802149362725, 3.6702393042057397), (12.963273523975895, 3.6862452440201046), (12.953692709793797, 3.7023033705512396), (12.944059706857347, 3.7184136837499615), (12.934374515207523, 3.7345761835670204), (12.924637134885373, 3.750790869953099), (12.91484756593201, 3.767057742858815), (12.905005808388617, 3.783376802234717), (12.895111862296439, 3.799748048031289), (12.885165727696789, 3.8161714801989475), (12.875167404631048, 3.832647098688043)]",True
1784490058.7749088,0,13.30589625726893,3.149499985812721,0.8034119261463276,82.71700662309104,-0.3670036439388103,9.629135910733936,2.1673551669357405,1.1200037002193997,77.9477206977209,-0.3632785244020271,-3.6767603465349943,-0.9821448188769804,0.31659177407307204,-4.769285925370141,0.0037251195367831724,"[(13.272995842818128, 3.1588591112104067), (13.26466521027887, 3.17296051573002), (13.25628236999224, 3.1871141263931793), (13.2478473219977, 3.2013199431530417), (13.239360066334775, 3.215577965962697), (13.230820603043064, 3.2298881947751683), (13.222228932162226, 3.2442506295434117), (13.21358505373199, 3.258665270220317), (13.20488896779215, 3.2731321167587066), (13.19614067438257, 3.2876511691113373), (13.187340173543179, 3.3022224272308973), (13.17848746531397, 3.31684589107001), (13.169582549735004, 3.3315215605812307), (13.160625426846416, 3.346249435717048), (13.151616096688397, 3.3610295164298845), (13.142554559301212, 3.3758618026720955), (13.13344081472519, 3.39074629439597), (13.124274863000727, 3.405682991553729), (13.115056704168284, 3.4206718940975285), (13.105786338268391, 3.4357130019794564), (13.096463765341648, 3.4508063151515347), (13.087088985428714, 3.465951833565718), (13.077661998570322, 3.481149557173894), (13.068182804807268, 3.4963994859278844), (13.058651404180415, 3.5117016197794437), (13.049067796730691, 3.52705595868026), (13.039431982499098, 3.542462502581954), (13.029743961526695, 3.5579212514360794), (13.020003733854615, 3.5734322051941247), (13.010211299524057, 3.58899536380751), (13.000366658576281, 3.6046107272275894), (12.990469811052622, 3.62027829540565), (12.980520756994474, 3.6359980682929125), (12.970519496443305, 3.6517700458405304), (12.960466029440644, 3.667594227999591), (12.95036035602809, 3.683470614721114), (12.940202476247308, 3.6993992059560528), (12.929992390140027, 3.7153800016552943), (12.919730097748047, 3.731413001769658), (12.909415599113233, 3.7474982062498974), (12.899048894277517, 3.7636356150466987), (12.888629983282897, 3.7798252281106817), (12.87815886617144, 3.796067045392399), (12.867635542985274, 3.8123610668423367), (12.857060013766604, 3.828707292410914)]",True
1784490058.8376253,0,13.34492833024926,3.1587160376638597,0.801188204858712,82.71700662309104,-0.3670036439388103,9.682569598935462,2.1841132365367883,1.1200012917024864,78.65732317740074,-0.3656906335024838,-3.662358731313798,-0.9746028011270713,0.3188130868437744,-4.059683445690297,0.0013130104363264783,"[(13.31220955781042, 3.168002340758124), (13.304015713890037, 3.1819987943700316), (13.29576969092125, 3.1960474254216913), (13.287471488943227, 3.2101482338665357), (13.279121107995202, 3.224301219657931), (13.270718548116474, 3.2385063827491773), (13.26226380934641, 3.252763723093507), (13.253756891724441, 3.2670732406440877), (13.245197795290071, 3.2814349353540186), (13.236586520082863, 3.295848807176334), (13.22792306614245, 3.310314856064001), (13.219207433508533, 3.3248330819699197), (13.210439622220877, 3.3394034848469243), (13.201619632319312, 3.3540260646477824), (13.19274746384374, 3.368700821325195), (13.183823116834123, 3.3834277548317964), (13.174846591330498, 3.3982068651201542), (13.16581788737296, 3.4130381521427706), (13.156737005001673, 3.42792161585208), (13.147603944256872, 3.4428572562004507), (13.13841870517885, 3.4578450731401844), (13.129181287807976, 3.4728850666235167), (13.119891692184678, 3.4879772366026165), (13.110549918349456, 3.503121583029586), (13.101155966342874, 3.5183181058564608), (13.091709836205563, 3.53356680503521), (13.08221152797822, 3.5488676805177364), (13.072661041701606, 3.564220732255876), (13.063058377416553, 3.579625960201399), (13.053403535163959, 3.595083364306008), (13.043696514984786, 3.61059294452134), (13.033937316920065, 3.6261547007989647), (13.024125941010892, 3.641768633090386), (13.014262387298428, 3.65743474134704), (13.004346655823904, 3.6731530255202984), (12.994378746628616, 3.6889234855614648), (12.984358659753926, 3.7047461214217763), (12.974286395241265, 3.720620933052404), (12.964161953132125, 3.7365479204044525), (12.953985333468072, 3.7525270834289595), (12.943756536290731, 3.7685584220768966), (12.9334755616418, 3.7846419362991686), (12.923142409563038, 3.8007776260466133), (12.912757080096275, 3.816965491270003), (12.902319573283407, 3.833205531920043)]",True
1784490058.8798208,0,13.360444500061503,3.1626997451212735,0.8007792003804244,82.71700662309104,-0.3670036439388103,9.703904034049248,2.1909398216865994,1.1200008487089292,78.65732317740074,-0.3656906335024838,-3.6565404660122542,-0.9717599234346741,0.31922164832850486,-4.059683445690297,0.0013130104363264783,"[(13.320045467389386, 3.1697938407212125), (13.311872240983316, 3.183771853990344), (13.303646833568626, 3.197802046658425), (13.295369245184471, 3.2118844186788986), (13.287039475870069, 3.226018970005141), (13.278657525664704, 3.240205700590461), (13.27022339460773, 3.254444610388102), (13.261737082738563, 3.268735699351241), (13.253198590096687, 3.2830789674329863), (13.244607916721659, 3.2974744145863824), (13.235965062653092, 3.3119220407644057), (13.227270027930672, 3.3264218459199664), (13.218522812594152, 3.3409738300059084), (13.209723416683348, 3.3555779929750087), (13.200871840238143, 3.3702343347799775), (13.191968083298491, 3.3849428553734593), (13.183012145904407, 3.399703554708031), (13.174004028095975, 3.4145164327362045), (13.164943729913348, 3.4293814894104235), (13.15583125139674, 3.444298724683066), (13.146666592586437, 3.4592681385064425), (13.137449753522787, 3.474289730832799), (13.12818073424621, 3.4893635016143127), (13.118859534797185, 3.5044894508030957), (13.109486155216263, 3.5196675783511933), (13.100060595544063, 3.534897884210584), (13.090582855821266, 3.550180368333179), (13.081052936088621, 3.565515030670825), (13.071470836386945, 3.5809018711753), (13.061836556757122, 3.5963408897983165), (13.052150097240098, 3.6118320864915203), (13.042411457876891, 3.627375461206491), (13.032620638708583, 3.642971013894741), (13.02277763977632, 3.658618744507717), (13.012882461121322, 3.6743186529967984), (13.002935102784868, 3.690070739313298), (12.992935564808306, 3.7058750034084627), (12.982883847233051, 3.7217314452334724), (12.972779950100586, 3.7376400647394403), (12.96262387345246, 3.753600861877414), (12.952415617330285, 3.769613836598373), (12.942155181775743, 3.7856789888532316), (12.931842566830584, 3.8017963185928374), (12.921477772536619, 3.8179658257679705), (12.91106079893573, 3.8341875103293455)]",True
1784490058.9319587,0,13.402250083032028,3.1736034968397564,0.9545605237076595,82.71700662309104,-0.3670036439388103,9.757188454688517,2.208166004001041,1.1200002986691395,78.65732317740074,-0.3656906335024838,-3.6450616283435107,-0.9654374928387153,0.16543977496148,-4.059683445690297,0.0013130104363264783,"[(13.366914542834138, 3.1815926836888027), (13.358822428682526, 3.1955508291361174), (13.350678120766473, 3.2095611667188684), (13.342481619125092, 3.2236236963904443), (13.334232923797567, 3.2377384181041684), (13.325932034823143, 3.251905331813296), (13.317578952241139, 3.266124437471017), (13.309173676090932, 3.2803957350304542), (13.300716206411971, 3.294719224444663), (13.292206543243774, 3.309094905666633), (13.283644686625918, 3.3235227786492865), (13.275030636598053, 3.33800284334548), (13.266364393199897, 3.3525350997080023), (13.257645956471228, 3.367119547689576), (13.248875326451893, 3.3817561872428574), (13.24005250318181, 3.3964450183204353), (13.231177486700958, 3.4111860408748327), (13.222250277049387, 3.4259792548585053), (13.213270874267211, 3.4408246602238424), (13.204239278394613, 3.455722256923166), (13.19515548947184, 3.4706720449087327), (13.186019507539207, 3.4856740241327313), (13.176831332637095, 3.5007281945472846), (13.167590964805953, 3.515834556104448), (13.158298404086297, 3.530993108756211), (13.148953650518708, 3.546203852454496), (13.139556704143834, 3.5614667871511587), (13.13010756500239, 3.5767819127979883), (13.120606233135158, 3.5921492293467074), (13.111052708582987, 3.6075687367489717), (13.10144699138679, 3.6230404349563705), (13.091789081587553, 3.6385643239204257), (13.08207897922632, 3.6541404035925935), (13.072316684344209, 3.669768673924263), (13.062502196982399, 3.6854491348667566), (13.05263551718214, 3.7011817863713303), (13.042716644984747, 3.716966628389173), (13.032745580431603, 3.7328036608714066), (13.022722323564155, 3.7486928837690874), (13.012646874423918, 3.7646342970332043), (13.002519233052476, 3.7806279006146797), (12.992339399491476, 3.7966736944643693), (12.982107373782632, 3.812771678533062), (12.97182315596773, 3.8289218527714803), (12.961486746088614, 3.84512421713028)]",True
1784490058.9965801,0,13.44197083229105,3.182889461935442,1.0812354539182283,82.71700662309104,-0.3670036439388103,9.800099604751408,2.2210324612658776,1.1200001311581087,78.65732317740074,-0.3656906335024838,-3.6418712275396423,-0.9618570006695646,0.03876467723988042,-4.059683445690297,0.0013130104363264783,"[(13.393167784283856, 3.1883926011964294), (13.385293949806082, 3.202383234268754), (13.377367940772938, 3.2164260401991926), (13.369389757223214, 3.230521018941149), (13.361359399195765, 3.2446681704479596), (13.353276866729514, 3.2588674946728937), (13.345142159863451, 3.273118991569155), (13.336955278636633, 3.28742266108988), (13.32871622308818, 3.3017785031881393), (13.320424993257285, 3.316186517816936), (13.312081589183203, 3.3306467049292077), (13.303686010905253, 3.345159064477824), (13.295238258462827, 3.3597235964155896), (13.28673833189538, 3.374340300695241), (13.278186231242435, 3.389009177269449), (13.269581956543579, 3.4037302260908184), (13.260925507838468, 3.4185034471118865), (13.252216885166824, 3.433328840285124), (13.243456088568436, 3.4482064055629356), (13.234643118083161, 3.463136142897659), (13.225777973750917, 3.4781180522415656), (13.216860655611693, 3.49315213354686), (13.207891163705545, 3.5082383867656803), (13.198869498072593, 3.5233768118500985), (13.189795658753027, 3.5385674087521193), (13.1806696457871, 3.553810177423681), (13.171491459215135, 3.5691051178166555), (13.162261099077517, 3.584452229882848), (13.152978565414703, 3.5998515135739977), (13.143643858267211, 3.6153029688417764), (13.13425697767563, 3.6308065956377895), (13.124817923680613, 3.6463623939135763), (13.115326696322883, 3.6619703636206093), (13.105783295643226, 3.677630504710294), (13.096187721682496, 3.69334281713397), (13.08653997448161, 3.70910730084291), (13.07684005408156, 3.72492395578832), (13.067087960523395, 3.7407927819213396), (13.057283693848238, 3.7567137791930416), (13.047427254097276, 3.772686947554433), (13.03751864131176, 3.788712286956453), (13.02755785553301, 3.804789797349976), (13.017544896802413, 3.8209194786858074), (13.007479765161422, 3.837101330914688), (12.997362460651559, 3.853335353987292)]",True
1784490059.0307426,0,13.462119486614212,3.187204925886092,0.9844274763815676,82.71700662309104,-0.3670036439388103,9.821714747322298,2.226909393053421,1.1200000876517329,78.65732317740074,-0.3656906335024838,-3.640404739291913,-0.9602955328326712,0.1355726112701653,-4.059683445690297,0.0013130104363264783,"[(13.443850138276222, 3.1999537806810294), (13.436684745638368, 3.213971936189176), (13.429467185852168, 3.2280422569429015), (13.422197458955527, 3.2421647428955485), (13.414875564986417, 3.2563393940003933), (13.407501503982878, 3.270566210210646), (13.400075275983017, 3.2848451914794485), (13.392596881025003, 3.299176337759878), (13.385066319147077, 3.313559649004944), (13.377483590387545, 3.32799512516759), (13.369848694784778, 3.342482766200692), (13.362161632377216, 3.3570225720570606), (13.354422403203365, 3.3716145426894384), (13.346631007301797, 3.3862586780505026), (13.33878744471115, 3.4009549780928636), (13.330891715470129, 3.4157034427690647), (13.322943819617507, 3.430504072031583), (13.31494375719212, 3.445356865832829), (13.306891528232875, 3.4602618241251464), (13.298787132778743, 3.4752189468608123), (13.290630570868764, 3.4902282339920374), (13.28242184254204, 3.5052896854709656), (13.274160947837746, 3.5204033012496745), (13.265847886795118, 3.5355690812801748), (13.25748265945346, 3.5507870255144103), (13.249065265852146, 3.566057133904259), (13.24059570603061, 3.581379406401532), (13.23207398002836, 3.5967538429579737), (13.223500087884966, 3.612180443525262), (13.214874029640066, 3.6276592080550074), (13.206195805333365, 3.6431901364987556), (13.197465415004633, 3.6587732288079837), (13.188682858693706, 3.6744084849341037), (13.17984813644049, 3.69009590482846), (13.170961248284955, 3.7058354884423315), (13.16202219426714, 3.7216272357269293), (13.153030974427146, 3.7374711466333985), (13.143987588805148, 3.7533672211128177), (13.134892037441379, 3.769315459116199), (13.125744320376144, 3.785315860594487), (13.116544437649814, 3.801368425498561), (13.107292389302826, 3.8174731537792326), (13.097988175375683, 3.8336300453872476), (13.088631795908956, 3.8498391002732846), (13.079223250943281, 3.8661003183879563)]",True
1784490059.132841,0,13.489587900323189,3.1931963663786123,0.8979397442705698,82.71700662309104,-0.3670036439388103,9.854314232100178,2.2350440329441112,1.1200000487833681,78.65732317740074,-0.3656906335024838,-3.635273668223011,-0.958152333434501,0.22206030451279835,-4.059683445690297,0.0013130104363264783,"[(13.472492385460207, 3.2059269082799284), (13.466144097977237, 3.219994029217618), (13.459743780530118, 3.234113177990442), (13.453291433155375, 3.248284354552113), (13.446787055889592, 3.262507558856276), (13.440230648769425, 3.2767827908565117), (13.433622211831594, 3.291110050506334), (13.426961745112884, 3.305489337759191), (13.420249248650146, 3.3199206525684657), (13.413484722480296, 3.3344039948874746), (13.40666816664032, 3.348939364669469), (13.399799581167262, 3.363526761867634), (13.39287896609824, 3.378166186435089), (13.385906321470431, 3.3928576383248874), (13.378881647321085, 3.407601117490017), (13.371804943687513, 3.4223966238833996), (13.364676210607092, 3.4372441574578914), (13.357495448117266, 3.452143718166283), (13.350262656255543, 3.4670953059612986), (13.3429778350595, 3.482098920795597), (13.335640984566776, 3.4971545626217706), (13.32825210481508, 3.5122622313923473), (13.320811195842184, 3.527421927059788), (13.313318257685927, 3.542633649576488), (13.305773290384213, 3.5578973988947773), (13.298176293975011, 3.5732131749669196), (13.290527268496358, 3.5885809777451128), (13.282826213986356, 3.604000807181489), (13.275073130483172, 3.6194726632281147), (13.267268018025037, 3.634996545836991), (13.259410876650254, 3.650572454960052), (13.251501706397185, 3.666200390549167), (13.243540507304262, 3.6818803525561394), (13.235527279409983, 3.6976123409327064), (13.227462022752908, 3.7133963556305396), (13.219344737371667, 3.7292323966012444), (13.211175423304956, 3.7451204637963613), (13.202954080591532, 3.7610605571673643), (13.19468070927022, 3.7770526766656616), (13.186355309379914, 3.7930968222425956), (13.17797788095957, 3.809192993849443), (13.16954842404821, 3.825341191437415), (13.161066938684925, 3.841541414957657), (13.15253342490887, 3.857793664361248), (13.143947882759266, 3.874097939599201)]",True
1784490059.2055178,0,13.531533306744102,3.202827121669001,0.8341073459916162,82.71700662309104,-0.3670036439388103,9.908859282463201,2.2477258889194847,1.1200000200965143,78.65732317740074,-0.3656906335024838,-3.622674024280901,-0.9551012327495165,0.28589267410489816,-4.059683445690297,0.0013130104363264783,"[(13.50821590958344, 3.2140241096758952), (13.50234525768404, 3.228172694953903), (13.4964223640469, 3.242373519657075), (13.490447228708549, 3.256626583738233), (13.484419851705576, 3.270931887150134), (13.478340233074647, 3.285289429845465), (13.472208372852487, 3.2996992117768484), (13.46602427107589, 3.314161232896838), (13.459787927781719, 3.3286754931579208), (13.453499343006904, 3.343241992512516), (13.447158516788441, 3.3578607309129764), (13.440765449163395, 3.372531708311587), (13.434320140168897, 3.3872549246605663), (13.427822589842144, 3.402030379912065), (13.421272798220402, 3.4168580740181667), (13.414670765341002, 3.431738006930888), (13.408016491241346, 3.446670178602178), (13.4013099759589, 3.461654588983919), (13.394551219531198, 3.4766912380279265), (13.387740221995843, 3.4917801256859473), (13.380876983390502, 3.506921251909662), (13.373961503752913, 3.5221146166506845), (13.366993783120877, 3.5373602198605605), (13.359973821532265, 3.552658061490769), (13.352901619025014, 3.568008141492722), (13.345777175637128, 3.5834104598177636), (13.33860049140668, 3.5988650164171716), (13.331371566371809, 3.614371811242156), (13.324090400570721, 3.629930844243859), (13.316756994041691, 3.645542115373358), (13.30937134682306, 3.66120562458166), (13.301933458953233, 3.676921371819707), (13.294443330470687, 3.6926893570383736), (13.286900961413963, 3.7085095801884664), (13.27930635182167, 3.724382041220725), (13.271659501732488, 3.7403067400858223), (13.263960411185158, 3.7562836767343635), (13.256209080218492, 3.772312851116887), (13.248405508871368, 3.788394263183864), (13.240549697182733, 3.804527912885698), (13.232641645191597, 3.8207138001727254), (13.224681352937043, 3.8369519249952164), (13.216668820458215, 3.853242287303373), (13.208604047794331, 3.86958488704733), (13.20048703498467, 3.885979724177155)]",True
1784490059.2399437,0,13.547675793601835,3.2065154504447064,0.8223667843927612,82.71700662309104,-0.3670036439388103,9.930696422588742,2.2527157286082216,1.1200000148202003,78.65732317740074,-0.3656906335024838,-3.616979371013093,-0.9537997218364849,0.29763323042743905,-4.059683445690297,0.0013130104363264783,"[(13.53241921316289, 3.219668433268486), (13.526181965994315, 3.233790449679918), (13.519892435826705, 3.2479647468787487), (13.513550622697236, 3.262191324817607), (13.507156526643154, 3.276470183449055), (13.500710147701769, 3.290801322725587), (13.49421148591046, 3.3051847425996295), (13.487660541306674, 3.3196204430235423), (13.481057313927925, 3.334108423949617), (13.474401803811798, 3.348648685330077), (13.467694010995938, 3.3632412271170793), (13.460933935518065, 3.377886049262713), (13.454121577415965, 3.3925831517189997), (13.447256936727486, 3.4073325344378924), (13.44034001349055, 3.4221341973712778), (13.433370807743145, 3.4369881404709743), (13.426349319523327, 3.451894363688733), (13.419275548869216, 3.4668528669762377), (13.412149495819003, 3.481863650285104), (13.404971160410946, 3.4969267135668805), (13.397740542683371, 3.5120420567730477), (13.39045764267467, 3.527209679855019), (13.383122460423303, 3.54242958276414), (13.375734995967798, 3.5577017654516885), (13.368295249346753, 3.5730262278688754), (13.360803220598829, 3.588402969966843), (13.353258909762756, 3.6038319916966675), (13.345662316877336, 3.6193132930093563), (13.338013441981433, 3.6348468738558495), (13.33031228511398, 3.6504327341870195), (13.322558846313978, 3.6660708739536716), (13.314753125620497, 3.6817612931065433), (13.306895123072671, 3.6975039915963044), (13.298984838709705, 3.7132989693735574), (13.291022272570872, 3.729146226388837), (13.28300742469551, 3.7450457625926106), (13.274940295123026, 3.7609975779352776), (13.266820883892892, 3.7770016723671698), (13.258649191044654, 3.793058045838552), (13.250425216617918, 3.809166698299621), (13.242148960652363, 3.825327629700506), (13.233820423187732, 3.841540839991269), (13.225439604263837, 3.8578063291219045), (13.217006503920558, 3.8741240970423383), (13.208521122197842, 3.8904941437024303)]",True
1784490059.2774093,0,13.555690385228495,3.2082605298141256,0.8181126242686187,82.71700662309104,-0.3670036439388103,9.94160417322035,2.2552575357740388,1.1200000129083425,78.65732317740074,-0.3656906335024838,-3.6140862120081447,-0.9530029940400868,0.30188738863972375,-4.059683445690297,0.0013130104363264783,"[(13.54034743781539, 3.2214752368647974), (13.533997019972233, 3.2355829466177877), (13.527594322759633, 3.249742933565021), (13.521139346214898, 3.263955197659164), (13.514632090375402, 3.278219738852814), (13.50807255527859, 3.2925365570985026), (13.501460740961974, 3.3069056523486933), (13.494796647463133, 3.3213270245557815), (13.488080274819714, 3.335800673672096), (13.481311623069429, 3.3503265996498977), (13.47449069225006, 3.3649048024413792), (13.467617482399454, 3.3795352819986664), (13.460691993555532, 3.3942180382738174), (13.453714225756276, 3.408953071218823), (13.446684179039735, 3.4237403807856066), (13.439601853444032, 3.4385799669260226), (13.43246724900735, 3.45347182959186), (13.425280365767948, 3.468415968734839), (13.418041203764144, 3.483412384306612), (13.41074976303433, 3.4984610762587645), (13.40340604361696, 3.513562044542814), (13.396010045550561, 3.5287152891102114), (13.388561768873723, 3.543920809912339), (13.381061213625108, 3.5591786069005122), (13.37350837984344, 3.5744886800259783), (13.365903267567516, 3.5898510292399175), (13.358245876836198, 3.6052656544934427), (13.350536207688418, 3.6207325557375984), (13.342774260163168, 3.636251732923362), (13.334960034299517, 3.651823186001644), (13.327093530136596, 3.6674469149232864), (13.319174747713605, 3.683122919639064), (13.311203687069813, 3.698851200099684), (13.303180348244553, 3.7146317562557862), (13.295104731277227, 3.730464588057943), (13.286976836207309, 3.7463496954566584), (13.278796663074333, 3.7622870784023705), (13.270564211917906, 3.778276736845448), (13.2622794827777, 3.7943186707361938), (13.253942475693457, 3.810412880024842), (13.245553190704983, 3.8265593646615588), (13.237111627852157, 3.8427581245964446), (13.228617787174917, 3.859009159779531), (13.220071668713278, 3.875312470160782), (13.211473272507314, 3.891668055690095)]",True
1784490059.3440738,0,13.595304482922648,3.2169690316641106,0.8063076963041177,82.71700662309104,-0.3670036439388103,9.996122500495979,2.2680531144908733,1.1200000076031016,78.65732317740074,-0.3656906335024838,-3.5991819824266695,-0.9489159171732373,0.3136923112989839,-4.059683445690297,0.0013130104363264783,"[(13.579614984193958, 3.2299747634775415), (13.572787477033145, 3.2439850782992994), (13.565907704869842, 3.2580476561123244), (13.558975667741906, 3.272162496869489), (13.551991365687266, 3.286329600523598), (13.544954798743918, 3.300548967027389), (13.537865966949923, 3.3148205963335315), (13.530724870343413, 3.3291444883946286), (13.523531508962584, 3.3435206431632154), (13.516285882845704, 3.3579490605917592), (13.508987992031102, 3.372429740632661), (13.501637836557181, 3.386962683238253), (13.494235416462407, 3.4015478883608017), (13.486780731785316, 3.4161853559525044), (13.47927378256451, 3.430875085965492), (13.471714568838657, 3.445617078351828), (13.464103090646493, 3.4604113330635085), (13.456439348026825, 3.4752578500524614), (13.448723341018523, 3.490156629270548), (13.440955069660529, 3.505107670669562), (13.433134533991847, 3.5201109742012298), (13.425261734051555, 3.53516653981721), (13.41733666987879, 3.550274367469094), (13.409359341512761, 3.5654344571084065), (13.40132974899275, 3.5806468086866032), (13.393247892358094, 3.595911422155074), (13.385113771648207, 3.6112282974651406), (13.376927386902569, 3.626597434568057), (13.368688738160724, 3.6420188334150105), (13.360397825462286, 3.6574924939571205), (13.352054648846936, 3.6730184161454393), (13.343659208354422, 3.6885965999309516), (13.335211504024562, 3.7042270452645747), (13.326711535897235, 3.7199097520971587), (13.318159304012394, 3.735644720379486), (13.309554808410057, 3.751431950062272), (13.30089804913031, 3.7672714410961645), (13.292189026213304, 3.783163193431743), (13.28342773969926, 3.7991072070195213), (13.274614189628466, 3.8151034818099445), (13.265748376041277, 3.8311520177533906), (13.256830298978114, 3.8472528148001706), (13.24785995847947, 3.8634058729005276), (13.238837354585899, 3.879611192004637), (13.229762487338025, 3.895868772062608)]",True
1784490059.3827596,0,13.61089398512584,3.221002395187966,0.8041364402073063,82.71700662309104,-0.3670036439388103,10.01792407142698,2.273195810298946,1.1200000066273197,78.65732317740074,-0.3656906335024838,-3.592969913698859,-0.9478065848890198,0.31586356642001334,-4.059683445690297,0.0013130104363264783,"[(13.595111705771668, 3.2337696493466686), (13.58812059919073, 3.247773834001379), (13.581077226921794, 3.261830282380628), (13.573981589002923, 3.2759389944373005), (13.566833685472254, 3.2900999701242144), (13.559633516367988, 3.30431320939412), (13.552381081728397, 3.3185787121997), (13.545076381591816, 3.332896478493571), (13.537719415996651, 3.3472665082282798), (13.530310184981376, 3.361688801356308), (13.522848688584526, 3.3761633578300687), (13.51533492684471, 3.390690177601908), (13.507768899800604, 3.405269260624104), (13.500150607490948, 3.4199006068488687), (13.492480049954551, 3.434584216228345), (13.484757227230292, 3.4493200887146096), (13.47698213935711, 3.4641082242596712), (13.46915478637402, 3.4789486228154716), (13.461275168320102, 3.4938412843338846), (13.453343285234498, 3.5087862087667174), (13.445359137156423, 3.523783396065709), (13.43732272412516, 3.5388328461825314), (13.429234046180056, 3.553934559068789), (13.421093103360528, 3.569088534676019), (13.412899895706058, 3.5842947729556904), (13.404654423256197, 3.5995532738592066), (13.396356686050563, 3.614864037337902), (13.388006684128841, 3.6302270633430442), (13.379604417530786, 3.6456423518258334), (13.371149886296214, 3.661109902737402), (13.362643090465015, 3.676629716028815), (13.354084030077145, 3.692201791651071), (13.345472705172627, 3.7078261295551003), (13.33680911579155, 3.7235027296917655), (13.32809326197407, 3.739231592011863), (13.319325143760414, 3.7550127164661204), (13.310504761190872, 3.770846103005199), (13.301632114305805, 3.7867317515796923), (13.29270720314564, 3.802669662140126), (13.28373002775087, 3.8186598346369593), (13.27470058816206, 3.834702269020583), (13.265618884419837, 3.8507969652413214), (13.256484916564895, 3.8669439232494307), (13.247298684638002, 3.8831431429950998), (13.238060188679988, 3.8993946244284508)]",True
1784490059.4382777,0,13.649585818661224,3.2316420959127425,0.8014405155657548,82.71700662309104,-0.3670036439388103,10.072543403198907,2.285552830999982,1.1200000054157468,78.65732317740074,-0.3656906335024838,-3.5770424154623175,-0.9460892649127604,0.31855948984999205,-4.059683445690297,0.0013130104363264783,"[(13.633483682637108, 3.244385833187507), (13.62614868864646, 3.2584391154961887), (13.618761438164812, 3.272544652416739), (13.61132193123063, 3.286702443902033), (13.603830167882451, 3.300912489904878), (13.596286148158875, 3.3151747903780144), (13.588689872098573, 3.3294893452741157), (13.581041339740283, 3.3438561545457874), (13.573340551122808, 3.3582752181455677), (13.56558750628502, 3.3727465360259283), (13.557782205265859, 3.3872701081392727), (13.54992464810433, 3.4018459344379375), (13.542014834839508, 3.4164740148741917), (13.534052765510534, 3.431154349400237), (13.526038440156617, 3.4458869379682087), (13.517971858817031, 3.4606717805301734), (13.509853021531118, 3.475508877038131), (13.501681928338291, 3.4903982274440146), (13.493458579278027, 3.505339831699689), (13.48518297438987, 3.5203336897569524), (13.476855113713434, 3.5353798015675353), (13.468474997288396, 3.550478167083101), (13.460042625154506, 3.565628786255246), (13.451557997351575, 3.580831659035499), (13.443021113919487, 3.596086785375321), (13.43443197489819, 3.611394165226106), (13.425790580327702, 3.626753798539181), (13.417096930248103, 3.6421656852658053), (13.408351024699547, 3.657629825357171), (13.399552863722251, 3.6731462187644035), (13.3907024473565, 3.68871486543856), (13.381799775642648, 3.7043357653306304), (13.372844848621115, 3.7200089183915375), (13.363837666332389, 3.7357343245721375), (13.354778228817024, 3.7515119838232183), (13.34566653611564, 3.7673418960955005), (13.336502588268932, 3.7832240613396384), (13.32728638531765, 3.7991584795062177), (13.318017927302623, 3.815145150545758), (13.308697214264742, 3.8311840744087102), (13.299324246244963, 3.8472752510454593), (13.289899023284313, 3.863418680406322), (13.280421545423888, 3.8796143624415484), (13.270891812704846, 3.895862297101321), (13.261309825168416, 3.9121624843357545)]",True
1784490059.4974024,0,13.657288091276783,3.233851822476043,0.801166531772509,82.71700662309104,-0.3670036439388103,10.083483017733293,2.2879538079412343,1.120000005292616,78.65732317740074,-0.3656906335024838,-3.5738050735434896,-0.9458980145348086,0.31883347352010705,-4.059683445690297,0.0013130104363264783,"[(13.64115250653434, 3.246522808300311), (13.633762749936308, 3.2605835776323877), (13.626320738811275, 3.2746965996259334), (13.618826473197771, 3.2888618742338243), (13.611279953134392, 3.3030794014088696), (13.603681178659805, 3.3173491811038116), (13.596030149812735, 3.331671213271325), (13.588326866631986, 3.3460454978640173), (13.58057132915642, 3.3604720348344284), (13.572763537424972, 3.3749508241350314), (13.56490349147664, 3.389481865718232), (13.556991191350495, 3.4040651595363687), (13.54902663708567, 3.418700705541712), (13.541009828721364, 3.4333885036864658), (13.532940766296852, 3.4481285539227664), (13.524819449851467, 3.4629208562026834), (13.516645879424617, 3.477765410478218), (13.50842005505577, 3.4926622167013046), (13.500141976784466, 3.507611274823811), (13.49181164465031, 3.522612584797537), (13.483429058692977, 3.537666146574215), (13.474994218952206, 3.5527719601055106), (13.466507125467807, 3.567930025343021), (13.457967778279654, 3.583140342238278), (13.44937617742769, 3.598402910742744), (13.440732322951922, 3.613717730807816), (13.432036214892431, 3.6290848023848223), (13.42328785328936, 3.6445041254250246), (13.414487238182918, 3.659975699879617), (13.405634369613388, 3.675499525699727), (13.396729247621117, 3.691075602836414), (13.387771872246514, 3.7067039312406695), (13.378762243530065, 3.7223845108634195), (13.369700361512315, 3.7381173416555216), (13.360586226233881, 3.7539024235677663), (13.351419837735445, 3.7697397565508766), (13.342201196057758, 3.7856293405555084), (13.332930301241637, 3.8015711755322505), (13.323607153327966, 3.817565261431624), (13.3142317523577, 3.8336115982040826), (13.304804098371855, 3.8497101858000136), (13.29532419141152, 3.8658610241697358), (13.285792031517847, 3.882064113263502), (13.276207618732059, 3.898319453031496), (13.266570953095444, 3.9146270434238364)]",True
1784490059.5472944,0,13.680303142355177,3.2407477717816593,0.8006194892985441,82.71700662309104,-0.3670036439388103,10.116236960282452,2.2954434372632884,1.1200000050467702,78.65732317740074,-0.3656906335024838,-3.5640661820727253,-0.9453043345183709,0.3193805157482261,-4.059683445690297,0.0013130104363264783,"[(13.656419581650809, 3.2510475722445573), (13.648925326014943, 3.265138234902335), (13.641378815753944, 3.27928115034082), (13.633780050906472, 3.2934763185128575), (13.626129031511251, 3.307723739371224), (13.618425757607076, 3.3220234128686292), (13.610670229232808, 3.336375338957716), (13.602862446427372, 3.350779517591059), (13.595002409229766, 3.3652359487211663), (13.587090117679052, 3.3797446323004783), (13.57912557181436, 3.394305568281368), (13.571108771674888, 3.4089187566161416), (13.5630397172999, 3.4235841972570378), (13.554918408728726, 3.438301890156228), (13.546744846000767, 3.453071835265816), (13.538519029155486, 3.467894032537839), (13.53024095823242, 3.482768481924266), (13.521910633271169, 3.4976951833769996), (13.5135280543114, 3.512674136847875), (13.505093221392851, 3.5277053422886593), (13.496606134555323, 3.542788799651053), (13.488066793838685, 3.5579245088866895), (13.479475199282877, 3.573112469947134), (13.470831350927904, 3.5883526827838854), (13.462135248813835, 3.603645147348375), (13.453386892980811, 3.6189898635919664), (13.444586283469038, 3.634386831465956), (13.435733420318789, 3.649836050921574), (13.426828303570407, 3.665337521909982), (13.4178709332643, 3.6808912443822743), (13.408861309440946, 3.696497218289479), (13.399799432140885, 3.7121554435825557), (13.390685301404726, 3.727865920212398), (13.38151891727315, 3.743628648129831), (13.3723002797869, 3.7594436272856133), (13.36302938898679, 3.775310857630436), (13.353706244913697, 3.791230339114923), (13.34433084760857, 3.80720207168963), (13.334903197112421, 3.8232260553050468), (13.325423293466333, 3.839302289911595), (13.315891136711453, 3.85543077545963), (13.306306726889, 3.871611511899438), (13.296670064040255, 3.8878444991812398), (13.286981148206568, 3.9041297372551877), (13.277239979429357, 3.9204672260713673)]",True
1784490059.5771163,0,13.703337626895097,3.2475343405138544,0.80032898379471,83.48453842259781,-0.36443371492283017,10.14888496749939,2.303384507355474,1.1200000049162144,78.65732317740074,-0.3656906335024838,-3.5544526593957073,-0.9441498331583804,0.3196710211215045,-4.827215245197067,-0.0012569185796536542,"[(13.679864733639723, 3.2580852927665536), (13.672819733322628, 3.2723159668579394), (13.665722496732132, 3.2865988752166784), (13.658573023906241, 3.3009340177955253), (13.651371314883031, 3.315321394547168), (13.644117369700643, 3.3297610054242255), (13.636811188397285, 3.3442528503792515), (13.629452771011232, 3.358796929364732), (13.622042117580829, 3.373393242333086), (13.614579228144486, 3.3880417892366648), (13.607064102740678, 3.402742570027753), (13.59949674140795, 3.417495584658568), (13.591877144184915, 3.43230083308126), (13.58420531111025, 3.447158315247912), (13.576481242222702, 3.4620680311105403), (13.568704937561083, 3.4770299806210936), (13.560876397164275, 3.4920441637314537), (13.552995621071224, 3.507110580393435), (13.545062609320944, 3.522229230558785), (13.537077361952516, 3.5374001141791838), (13.52903987900509, 3.552623231206245), (13.520950160517883, 3.567898581591514), (13.512808206530174, 3.5832261652864705), (13.504614017081316, 3.5986059822425256), (13.496367592210724, 3.6140380324110244), (13.488068931957885, 3.629522315743244), (13.47971803636235, 3.645058832190395), (13.471314905463736, 3.6606475817036204), (13.46285953930173, 3.6762885642339964), (13.454351937916085, 3.691981779732532), (13.44579210134662, 3.707727228150169), (13.437180029633225, 3.7235249094377822), (13.42851572281585, 3.739374823546179), (13.41979918093452, 3.7552769704260993), (13.411030404029322, 3.7712313500282173), (13.402209392140414, 3.7872379623031387), (13.393336145308016, 3.803296807201402), (13.384410663572421, 3.8194078846734802), (13.375432946973984, 3.835571194669777), (13.366402995553129, 3.8517867371406305), (13.357320809350348, 3.868054512036311), (13.348186388406202, 3.884374519307022), (13.338999732761314, 3.9007467589029), (13.329760842456379, 3.9171712307740134), (13.320469717532156, 3.9336479348703643)]",True
1784490059.7414196,0,13.711050239199954,3.249670422530237,0.8002664133443168,83.48453842259781,-0.36443371492283017,10.159755221689167,2.3060821794173214,1.1200000048880947,78.65732317740074,-0.3656906335024838,-3.551295017510787,-0.9435882431129157,0.3197335915437779,-4.827215245197067,-0.0012569185796536542,"[(13.695146303438722, 3.262511801796572), (13.688568703222465, 3.2768436582693132), (13.681938972250821, 3.2912276433434418), (13.675257110560933, 3.3056637569719123), (13.668523118190016, 3.320151999107613), (13.66173699517535, 3.334692369703366), (13.654898741554275, 3.3492848687119263), (13.648008357364207, 3.3639294960859827), (13.641065842642622, 3.3786262517781576), (13.634071197427064, 3.3933751357410062), (13.627024421755145, 3.408176147927018), (13.619925515664542, 3.4230292882886153), (13.612774479193002, 3.437934556778154), (13.605571312378332, 3.4528919533479243), (13.598316015258412, 3.4679014779501487), (13.591008587871185, 3.4829631305369837), (13.58364903025466, 3.498076911060519), (13.576237342446916, 3.5132428194727785), (13.568773524486096, 3.5284608557257187), (13.56125757641041, 3.5437310197712297), (13.553689498258136, 3.5590533115611356), (13.546069290067614, 3.5744277310471935), (13.538396951877253, 3.5898542781810945), (13.530672483725533, 3.605332952914462), (13.522895885650994, 3.620863755198855), (13.515067157692249, 3.6364466849857635), (13.50718629988797, 3.652081742226612), (13.499253312276899, 3.667768926872759), (13.491268194897845, 3.683508238875496), (13.483230947789687, 3.699299678186048), (13.475141570991365, 3.7151432447555734), (13.467000064541885, 3.731038938535164), (13.458806428480326, 3.7469867594758455), (13.450560662845827, 3.762986707528577), (13.442262767677597, 3.7790387826442497), (13.433912743014911, 3.7951429847736904), (13.42551058889711, 3.811299313867658), (13.4170563053636, 3.8275077698768456), (13.408549892453859, 3.843768352751879), (13.399991350207426, 3.860081062443318), (13.391380678663907, 3.876445898901656), (13.382717877862977, 3.89286286207732), (13.374002947844376, 3.909331951920669), (13.365235888647913, 3.925853168381997), (13.356416700313458, 3.942426511411531)]",True
1784490059.8220022,0,13.718760584075373,3.2518126101086557,0.8002157437935884,83.48453842259781,-0.36443371492283017,10.170625687177926,2.308779005583423,1.1200000048653234,78.65732317740074,-0.3656906335024838,-3.548134896897446,-0.9430336045252328,0.31978426107173497,-4.827215245197067,-0.0012569185796536542,"[(13.703368273911229, 3.2648383255391638), (13.696715331674877, 3.279178054972356), (13.69001014216708, 3.2935700295284405), (13.683252705425398, 3.3080142491599642), (13.67644302148745, 3.322510713819407), (13.669581090390931, 3.3370594234591815), (13.662666912173597, 3.3516603780316325), (13.655700486873274, 3.3663135774890383), (13.648681814527855, 3.3810190217836094), (13.6416108951753, 3.3957767108674894), (13.634487728853635, 3.4105866446927546), (13.627312315600957, 3.425448823211414), (13.620084655455425, 3.440363246375409), (13.61280474845527, 3.4553299141366147), (13.605472594638787, 3.470348826446838), (13.59808819404434, 3.485419983257819), (13.59065154671036, 3.5005433845212304), (13.583162652675345, 3.5157190301886776), (13.575621511977857, 3.530946920211699), (13.568028124656532, 3.5462270545417653), (13.560382490750069, 3.561559433130281), (13.552684610297236, 3.576944055928582), (13.544934483336865, 3.5923809228879375), (13.537132109907859, 3.60787003395955), (13.529277490049186, 3.623411389094554), (13.521370623799884, 3.639004988244017), (13.513411511199054, 3.65465083135894), (13.505400152285867, 3.6703489183902556), (13.497336547099563, 3.686099249288829), (13.489220695679444, 3.7019018240054598), (13.481052598064883, 3.717756642490879), (13.472832254295321, 3.73366370469575), (13.464559664410263, 3.7496230105706707), (13.456234828449285, 3.7656345600661703), (13.447857746452026, 3.7816983531327106), (13.439428418458196, 3.7978143897206875), (13.43094684450757, 3.8139826697804287), (13.422413024639992, 3.8302031932621947), (13.413826958895372, 3.846475960116179), (13.405188647313688, 3.8628009702925072), (13.396498089934983, 3.879178223741239), (13.38775528679937, 3.8956077204123654), (13.378960237947028, 3.912089460255811), (13.370112943418205, 3.9286234432214333), (13.361213403253213, 3.945209669259022)]",True
1784490059.881508,0,13.726458167575712,3.253998526405165,0.8001747115914085,83.48453842259781,-0.36443371492283017,10.181490417568334,2.3114988424773206,1.1200000048468832,78.65732317740074,-0.3656906335024838,-3.5449677500073786,-0.9424996839278443,0.3198252932554747,-4.827215245197067,-0.0012569185796536542,"[(13.711012742234669, 3.266989687765469), (13.704253668443618, 3.281324421933446), (13.697442319627593, 3.2957114290040668), (13.690578695824394, 3.310150708929751), (13.683662797071888, 3.3246422616628513), (13.676694623408006, 3.3391860871556522), (13.669674174870751, 3.3537821853603718), (13.662601451498194, 3.3684305562291597), (13.655476453328468, 3.3831311997140987), (13.64829918039978, 3.3978841157672037), (13.641069632750401, 3.4126893043404225), (13.633787810418669, 3.427546765385635), (13.626453713442991, 3.4424564988546535), (13.619067341861841, 3.457418504699224), (13.61162869571376, 3.4724327828710235), (13.604137775037357, 3.487499333321663), (13.596594579871308, 3.5026181560026846), (13.588999110254358, 3.517789250865564), (13.581351366225318, 3.5330126178617087), (13.573651347823066, 3.548288256942459), (13.56589905508655, 3.5636161680590885), (13.558094488054781, 3.578996351162802), (13.550237646766844, 3.5944288062047374), (13.542328531261884, 3.6099135331359657), (13.534367141579118, 3.6254505319074894), (13.52635347775783, 3.6410398024702446), (13.518287539837372, 3.656681344775099), (13.510169327857163, 3.6723751587728533), (13.501998841856686, 3.68812124441424), (13.493776081875497, 3.703919601649926), (13.485501047953218, 3.7197702304305085), (13.477173740129537, 3.7356731307065187), (13.468794158444208, 3.75162830242842), (13.460362302937057, 3.767635745546608), (13.451878173647973, 3.7836954600114105), (13.443341770616916, 3.7998074457730895), (13.434753093883911, 3.8159717027818374), (13.426112143489052, 3.8321882309877804), (13.417418919472498, 3.848457030340977), (13.408673421874479, 3.8647781007914186), (13.39987565073529, 3.881151442289028), (13.391025606095296, 3.8975770547836617), (13.382123287994926, 3.9140549382251084), (13.37316869647468, 3.930585092563089), (13.364161831575123, 3.947167517747257)]",True
1784490059.934831,0,13.741872633545071,3.258297713644447,0.8001145757790253,83.48453842259781,-0.36443371492283017,10.203217117097665,2.3169494968281716,1.1200000048198575,78.65732317740074,-0.3656906335024838,-3.538655516447406,-0.9413482168162752,0.31988542904083217,-4.827215245197067,-0.0012569185796536542,"[(13.733826890098435, 3.2734549708107212), (13.726790864046599, 3.287769409551652), (13.719702567649815, 3.3021361165982297), (13.71256200094624, 3.3165550919028988), (13.705369163974101, 3.331026335418036), (13.698124056771691, 3.3455498470959517), (13.69082667937737, 3.3601256268888875), (13.683477031829563, 3.374753674749018), (13.676075114166768, 3.3894339906284507), (13.668620926427547, 3.404166574479225), (13.661114468650531, 3.4189514262533134), (13.653555740874419, 3.4337885459026207), (13.645944743137974, 3.4486779333789843), (13.63828147548003, 3.463619588634174), (13.630565937939487, 3.478613511619892), (13.622798130555312, 3.4936597022877733), (13.61497805336654, 3.5087581605893856), (13.607105706412275, 3.523908886476229), (13.599181089731687, 3.5391118798997354), (13.591204203364011, 3.5543671408112703), (13.583175047348554, 3.5696746691621315), (13.575093621724687, 3.585034464903549), (13.566959926531853, 3.6004465279866853), (13.558773961809557, 3.6159108583626356), (13.550535727597374, 3.6314274559824278), (13.542245223934948, 3.646996320797022), (13.533902450861987, 3.662617452757311), (13.52550740841827, 3.6782908518141206), (13.517060096643641, 3.6940165179182083), (13.508560515578013, 3.7097944510202643), (13.500008665261365, 3.725624651070912), (13.491404545733744, 3.741507118020707), (13.482748157035264, 3.7574418518201367), (13.474039499206109, 3.773428852419622), (13.465278572286529, 3.789468119769516), (13.456465376316839, 3.805559653820104), (13.447599911337425, 3.8217034545216046), (13.438682177388738, 3.8378995218241685), (13.4297121745113, 3.8541478556778785), (13.420689902745696, 3.870448456032751), (13.411615362132581, 3.8868013228387333), (13.402488552712677, 3.903206456045707), (13.393309474526774, 3.9196638556034853), (13.384078127615727, 3.9361735214618143), (13.374794512020461, 3.9527354535703725)]",True
1784490059.9784217,0,13.772705001559409,3.2668732675424925,0.8000492792161822,83.48453842259781,-0.36443371492283017,10.246594299515847,2.3281481909742685,1.1200000047905128,78.65732317740074,-0.3656906335024838,-3.526110702043562,-0.938725076568224,0.3199507255743306,-4.827215245197067,-0.0012569185796536542,"[(13.756733297820563, 3.279798449135565), (13.749482968970137, 3.294083564905306), (13.742180377930485, 3.3084209408947354), (13.734825524740005, 3.3228105770563787), (13.727418409437165, 3.3372524733426947), (13.7199590320605, 3.3517466297060747), (13.71244739264861, 3.3662930460988423), (13.704883491240164, 3.3808917224732538), (13.6972673278739, 3.3955426587814985), (13.689598902588623, 3.4102458549756975), (13.681878215423202, 3.425001311007905), (13.674105266416577, 3.4398090268301083), (13.666280055607752, 3.454669002394226), (13.658402583035802, 3.4695812376521107), (13.650472848739868, 3.4845457325555462), (13.64249085275916, 3.49956248705625), (13.63445659513295, 3.5146315011058724), (13.626370075900581, 3.529752774655995), (13.618231295101467, 3.5449263076581334), (13.610040252775082, 3.560152100063735), (13.601796948960976, 3.57543015182418), (13.59350138369876, 3.5907604628907808), (13.58515355702811, 3.6061430332147832), (13.57675346898878, 3.6215778627473654), (13.56830111962058, 3.637064951439638), (13.559796508963395, 3.6526042992426437), (13.551239637057172, 3.6681959061073592), (13.54263050394193, 3.6838397719846925), (13.533969109657754, 3.6995358968254846), (13.525255454244796, 3.715284280580509), (13.516489537743276, 3.731084923200472), (13.507671360193477, 3.746937824636013), (13.498800921635757, 3.7628429848377034), (13.489878222110535, 3.7788004037560468), (13.4809032616583, 3.79481008134148), (13.47187604031961, 3.810872017544372), (13.46279655813509, 3.8269862123150253), (13.453664815145427, 3.8431526656036743), (13.44448081139138, 3.8593713773604863), (13.435244546913777, 3.875642347535561), (13.425956021753512, 3.8919655760789302), (13.416615235951545, 3.9083410629405595), (13.407222189548904, 3.924768808070346), (13.397776882586683, 3.94124881141812), (13.388279315106045, 3.9577810729336442)]",True
1784490060.0323653,0,13.795840763039044,3.2732574816167443,0.8000261751918106,83.48453842259781,-0.36443371492283017,10.279081553046328,2.336722719644581,1.1200000047801297,78.65732317740074,-0.3656906335024838,-3.516759209992715,-0.9365347619721636,0.3199738295883191,-4.827215245197067,-0.0012569185796536542,"[(13.771989654436434, 3.2841759456079673), (13.76461882111548, 3.2984525600710732), (13.757195728229433, 3.3127814321663718), (13.749720375816835, 3.3271625618464156), (13.742192763916297, 3.341595949063689), (13.734612892566494, 3.3560815937706088), (13.726980761806175, 3.3706194959195255), (13.71929637167415, 3.385209655462721), (13.711559722209294, 3.3998520723524113), (13.70377081345056, 3.4145467465407435), (13.69592964543696, 3.429293677979798), (13.688036218207577, 3.4440928666215878), (13.680090531801559, 3.4589443124180583), (13.672092586258122, 3.4738480153210882), (13.66404238161655, 3.4888039752824884), (13.655939917916196, 3.5038121922540024), (13.647785195196478, 3.518872666187306), (13.63957821349688, 3.5339853970340087), (13.631318972856956, 3.549150384745651), (13.623007473316328, 3.564367629273707), (13.614643714914681, 3.5796371305695844), (13.606227697691773, 3.5949588885846215), (13.597759421687428, 3.610332903270091), (13.589238886941533, 3.6257591745771967), (13.580666093494049, 3.6412377024570763), (13.572041041384999, 3.6567684868607997), (13.563363730654475, 3.672351527739369), (13.554634161342637, 3.6879868250437196), (13.545852333489712, 3.7036743787247186), (13.537018247135997, 3.7194141887331673), (13.52813190232185, 3.735206255019798), (13.519193299087702, 3.7510505775352767), (13.51020243747405, 3.7669471562302013), (13.501159317521456, 3.7828959910551028), (13.492063939270553, 3.798897081960445), (13.482916302762039, 3.8149504288966236), (13.473716408036681, 3.8310560318139677), (13.464464255135312, 3.8472138906627387), (13.455159844098832, 3.8634240053931306), (13.44580317496821, 3.87968637595527), (13.436394247784483, 3.8960010022992164), (13.426933062588752, 3.912367884374962), (13.417419619422187, 3.928787022132431), (13.407853918326028, 3.9452584155214803), (13.398235959341577, 3.9617820644919)]",True
1784490060.0814707,0,13.803569892221836,3.2753224715945746,0.800021198937689,83.48453842259781,-0.36443371492283017,10.28989708317472,2.339632042937584,1.1200000047778933,78.65732317740074,-0.3656906335024838,-3.513672809047115,-0.9356904286569905,0.31997880584020433,-4.827215245197067,-0.0012569185796536542,"[(13.779643332849274, 3.2863024118059676), (13.772221058549615, 3.3005700866520042), (13.764746528044883, 3.314890015787573), (13.757219741373675, 3.3292621991652527), (13.749640698574654, 3.3436866367375533), (13.742009399686554, 3.358163328456918), (13.734325844748174, 3.3726922742757224), (13.72659003379838, 3.3872734741462756), (13.718801966876109, 3.4019069280208183), (13.710961644020358, 3.4165926358515244), (13.703069065270197, 3.4313305975905), (13.695124230664764, 3.446120813189785), (13.68712714024326, 3.4609632826013503), (13.679077794044957, 3.475858005777101), (13.670976192109194, 3.490804982668874), (13.662822334475374, 3.505804213228439), (13.654616221182973, 3.520855697407498), (13.64635785227153, 3.5359594351576864), (13.638047227780651, 3.551115426430572), (13.629684347750015, 3.566323671177655), (13.621269212219358, 3.581584169350368), (13.612801821228496, 3.5968969209000767), (13.604282174817302, 3.61226192577808), (13.59571027302572, 3.6276791839356086), (13.587086115893765, 3.643148695323826), (13.578409703461514, 3.6586704598938287), (13.569681035769113, 3.674244477596645), (13.560900112856777, 3.6898707483832376), (13.552066934764786, 3.7055492722045), (13.543181501533489, 3.7212800490112588), (13.534243813203304, 3.7370630787542742), (13.52525386981471, 3.752898361384238), (13.51621167140826, 3.768785896851776), (13.507117218024574, 3.7847256851074444), (13.49797050970433, 3.800717726101734), (13.48877154648829, 3.8167620197850676), (13.479520328417264, 3.832858566107801), (13.470216855532147, 3.849007365020222), (13.46086112787389, 3.865208416472551), (13.451453145483516, 3.8814617204149426), (13.441992908402115, 3.8977672767974822), (13.432480416670844, 3.9141250855701886), (13.422915670330923, 3.930535146683013), (13.413298669423648, 3.94699746008584), (13.403629413990375, 3.963512025728486)]",True
1784490060.1335745,0,13.819005769770687,3.2795348541608935,0.8000139058588792,83.48453842259781,-0.36443371492283017,10.311547424337261,2.3453785371343647,1.1200000047746157,78.65732317740074,-0.3656906335024838,-3.5074583454334256,-0.9341563170265288,0.3199860989157365,-4.827215245197067,-0.0012569185796536542,"[(13.787322251789776, 3.2883544829388884), (13.779854542016032, 3.302608200511339), (13.77233457955792, 3.3169141688697046), (13.764762364454088, 3.3312723879665964), (13.757137896743245, 3.3456828577545576), (13.74946117646417, 3.3601455781860645), (13.741732203655708, 3.3746605492135258), (13.733950978356773, 3.3892277707892826), (13.726117500606344, 3.4038472428656097), (13.71823177044347, 3.4185189653947137), (13.710293787907267, 3.433242938328734), (13.702303553036915, 3.4480191616197433), (13.694261065871665, 3.4628476352197457), (13.686166326450833, 3.4777283590806793), (13.678019334813804, 3.4926613331544143), (13.66982009100003, 3.5076465573927536), (13.661568595049028, 3.5226840317474326), (13.653264847000385, 3.53777375617012), (13.644908846893754, 3.5529157306124164), (13.63650059476886, 3.568109955025856), (13.628040090665486, 3.5833564293619045), (13.619527334623491, 3.5986551535719613), (13.610962326682799, 3.6140061276073583), (13.602345066883396, 3.6294093514193593), (13.593675555265342, 3.6448648249591615), (13.584953791868761, 3.6603725481778953), (13.576179776733847, 3.6759325210266223), (13.567353509900858, 3.6915447434563378), (13.55847499141012, 3.70720921541797), (13.54954422130203, 3.722925936862379), (13.540561199617049, 3.7386949077403577), (13.531525926395702, 3.7545161280026327), (13.522438401678588, 3.7703895975998623), (13.513298625506373, 3.786315316482637), (13.504106597919783, 3.8022932846014816), (13.494862318959619, 3.818323501906852), (13.485565788666745, 3.834405968349138), (13.476217007082097, 3.8505406838786613), (13.466815974246671, 3.8667276484456763), (13.457362690201537, 3.8829668620003703), (13.44785715498783, 3.899258324492864), (13.43829936864675, 3.915602035873209), (13.428689331219566, 3.9319979960913916), (13.419027042747619, 3.948446205097329), (13.409312503272309, 3.9649466628408723)]",True
1784490060.181885,0,13.84207936718354,3.2861385770813736,0.80000739026107,83.48453842259781,-0.36443371492283017,10.34403442072632,2.3539548866578937,1.1200000047716876,78.65732317740074,-0.3656906335024838,-3.4980449464572203,-0.9321836904234799,0.31999261451061756,-4.827215245197067,-0.0012569185796536542,"[(13.795005459590744, 3.290405117470426), (13.787495732625773, 3.304645493800412), (13.779933754443563, 3.3189381194649092), (13.772319525082805, 3.3332829944165527), (13.76465304458226, 3.3476801186079106), (13.756934312980755, 3.362129491991483), (13.749163330317183, 3.3766311145197037), (13.741340096630504, 3.3911849861449386), (13.733464611959747, 3.405791106819486), (13.725536876344009, 3.4204494764955777), (13.717556889822452, 3.4351600951253776), (13.709524652434308, 3.4499229626609824), (13.701440164218873, 3.4647380790544213), (13.693303425215515, 3.4796054442576567), (13.685114435463664, 3.494525058222583), (13.67687319500282, 3.5094969209010283), (13.668579703872549, 3.524521032244752), (13.660233962112487, 3.5395973922054482), (13.651835969762335, 3.5547260007347417), (13.643385726861862, 3.5699068577841904), (13.634883233450903, 3.585139963305286), (13.626328489569365, 3.6004253172494516), (13.617721495257216, 3.615762919568044), (13.609062250554496, 3.6311527702123523), (13.60035075550131, 3.646594869133598), (13.591587010137829, 3.662089216282935), (13.582771014504296, 3.6776358116114514), (13.573902768641018, 3.6932346550701665), (13.564982272588367, 3.708885746610033), (13.556009526386788, 3.7245890861819357), (13.54698453007679, 3.740344673736693), (13.53790728369895, 3.756152509225055), (13.528777787293912, 3.7720125925977057), (13.519596040902384, 3.7879249238052606), (13.510362044565149, 3.803889502798268), (13.50107579832305, 3.8199063295272104), (13.491737302217004, 3.835975403942501), (13.48234655628799, 3.8520967259944867), (13.472903560577054, 3.868270295633447), (13.463408315125312, 3.884496112809594), (13.453860819973949, 3.900774177473073), (13.444261075164212, 3.917104489573961), (13.43460908073742, 3.9334870490622684), (13.424904836734957, 3.9499218558879385), (13.415148343198274, 3.9664089100008466)]",True
1784490060.2282434,0,13.85742235206546,3.2906768700569566,0.8000048504596085,83.48453842259781,-0.36443371492283017,10.36568835380448,2.3596878320943944,1.1200000047705463,78.65732317740074,-0.3656906335024838,-3.4917339982609796,-0.9309890379625623,0.31999515431093783,-4.827215245197067,-0.0012569185796536542,"[(13.802099391768419, 3.2923972422534282), (13.79396688153305, 3.3065241250605317), (13.785782105183673, 3.3207032723027914), (13.77754506275984, 3.334934683932917), (13.769255754301176, 3.3492183599035505), (13.760914179847369, 3.3635543001672663), (13.752520339438176, 3.3779425046765716), (13.744074233113421, 3.392382973383906), (13.735575860912999, 3.406875706241642), (13.727025222876867, 3.421420703202084), (13.718422319045052, 3.4360179642174695), (13.70976714945765, 3.4506674892399682), (13.701059714154818, 3.465369278221683), (13.692300013176789, 3.480123331114649), (13.683488046563859, 3.4949296478708334), (13.67462381435639, 3.5097882284421367), (13.665707316594816, 3.524699072780392), (13.656738553319634, 3.539662180837364), (13.647717524571412, 3.554677552564751), (13.638644230390781, 3.569745187914184), (13.629518670818445, 3.584865086837225), (13.620340845895171, 3.6000372492853705), (13.611110755661796, 3.615261675210048), (13.60182840015922, 3.6305383645626192), (13.592493779428418, 3.645867317294377), (13.583106893510427, 3.661248533356547), (13.573667742446354, 3.676682012700288), (13.56417632627737, 3.692167755276691), (13.554632645044714, 3.7077057610367796), (13.5450366987897, 3.7232960299315105), (13.535388487553698, 3.738938561911772), (13.525688011378154, 3.7546333569283856), (13.515935270304578, 3.7703804149321054), (13.506130264374546, 3.7861797358736173), (13.496272993629702, 3.802031319703541), (13.486363458111764, 3.8179351663724277), (13.476401657862509, 3.833891275830762), (13.466387592923782, 3.849899648028961), (13.456321263337502, 3.8659602829173734), (13.44620266914565, 3.882073180446281), (13.436031810390276, 3.898238340565899), (13.425808687113497, 3.9144557632263743), (13.415533299357495, 3.9307254483777863), (13.405205647164527, 3.9470473959701473), (13.39482573057691, 3.9634216059534024)]",True
1784490060.3331065,0,13.865086082178633,3.2929720399149636,0.8000039301695516,83.48453842259781,-0.36443371492283017,10.376505520493868,2.3625910085966697,1.1200000047701326,78.65732317740074,-0.3656906335024838,-3.488580561684765,-0.9303810313182939,0.319996074600581,-4.827215245197067,-0.0012569185796536542,"[(13.817483254209638, 3.2966272301684896), (13.80936372465063, 3.3107435972813755), (13.801191964482092, 3.3249121933295385), (13.792967973743409, 3.339133018265882), (13.784691752474036, 3.3534060720432426), (13.776363300713493, 3.367731354614389), (13.76798261850137, 3.3821088659320235), (13.759549705877319, 3.3965386059487814), (13.751064562881066, 3.4110205746172304), (13.742527189552401, 3.425554771889871), (13.73393758593118, 3.440141197719137), (13.725295752057326, 3.454779852057395), (13.71660168797083, 3.4694707348569445), (13.707855393711752, 3.484213846070017), (13.699056869320216, 3.4990091856487786), (13.690206114836416, 3.5138567535453262), (13.681303130300611, 3.5287565497116913), (13.672347915753129, 3.5437085740998375), (13.663340471234362, 3.558712826661661), (13.654280796784771, 3.573769307348992), (13.645168892444886, 3.5888780161135925), (13.636004758255302, 3.6040389529071573), (13.62678839425668, 3.619252117681315), (13.617519800489752, 3.634517510387626), (13.608198976995313, 3.649835130977585), (13.598825923814227, 3.6652049794026182), (13.589400640987424, 3.680627055614085), (13.579923128555905, 3.6961013595632783), (13.570393386560733, 3.7116278912014233), (13.560811415043041, 3.727206650479678), (13.55117721404403, 3.7428376373491337), (13.541490783604965, 3.758520851760814), (13.53175212376718, 3.7742562936656765), (13.521961234572077, 3.79004396301461), (13.51211811606112, 3.805883859758438), (13.502222768275852, 3.821775983847915), (13.492275191257868, 3.8377203352337297), (13.48227538504884, 3.8537169138665037), (13.472223349690507, 3.8697657196967907), (13.46211908522467, 3.885866752675078), (13.4519625916932, 3.902020012751785), (13.441753869138033, 3.918225499877264), (13.431492917601178, 3.934483214001802), (13.421179737124707, 3.9507931550756163), (13.410814327750757, 3.9671553230488588)]",True
1784490060.3765779,0,13.888160974744125,3.29956867147741,0.8000020926968183,83.48453842259781,-0.36443371492283017,10.408869316168689,2.3716205575888387,1.1200000047693068,79.82069158760339,-0.37443776897341685,-3.479291658575436,-0.9279481138885712,0.3199979120724885,-3.663846834994416,-0.010004054050586686,"[(13.871239472140507, 3.312415390717538), (13.863135884947283, 3.3265665126659325), (13.854980061769497, 3.3407698689095557), (13.846772002646542, 3.3550254594012365), (13.838511707617878, 3.3693332840937353), (13.830199176723031, 3.383693342939746), (13.821834410001594, 3.3981056358918957), (13.81341740749323, 3.412570162902744), (13.804948169237663, 3.4270869239247825), (13.796426695274691, 3.441655918910437), (13.787852985644175, 3.4562771478120653), (13.779227040386045, 3.4709506105819585), (13.770548859540298, 3.48567630717234), (13.761818443146998, 3.500454237535366), (13.753035791246274, 3.515284401623126), (13.744200903878328, 3.5301667993876427), (13.735313781083422, 3.5451014307808704), (13.726374422901888, 3.560088295754697), (13.717382829374127, 3.575127394260943), (13.70833900054061, 3.5902187262513623), (13.699242936441864, 3.60536229167764), (13.690094637118495, 3.6205580904913965), (13.680894102611171, 3.635806122644183), (13.671641332960625, 3.651106388087484), (13.662336328207664, 3.6664588867727175), (13.652979088393154, 3.6818636186512337), (13.643569613558036, 3.6973205836743155), (13.634107903743311, 3.7128297817931792), (13.624593958990053, 3.728391212958974), (13.615027779339398, 3.7440048771227805), (13.605409364832553, 3.759670774235614), (13.595738715510794, 3.7753889042484214), (13.586015831415459, 3.791159267112083), (13.576240712587955, 3.8069818627774117), (13.566413359069758, 3.8228566911951534), (13.556533770902409, 3.8387837523159867), (13.546601948127517, 3.8547630460905227), (13.53661789078676, 3.8707945724693062), (13.526581598921878, 3.886878331402814), (13.516493072574683, 3.9030143228414556), (13.506352311787053, 3.9192025467355744), (13.496159316600934, 3.9354430030354455), (13.485914087058337, 3.9517356916912774), (13.475616623201342, 3.9680806126532113), (13.465266925072095, 3.9844777658713215)]",True
1784490060.4357636,0,13.903605991605568,3.303746090825723,0.8000013764439018,83.48453842259781,-0.36443371492283017,10.430445726679448,2.3776382054259515,1.1200000047689849,79.82069158760339,-0.37443776897341685,-3.47316026492612,-0.9261078853997713,0.3199986283250831,-3.663846834994416,-0.010004054050586686,"[(13.886679598741672, 3.316641489107722), (13.878587144135803, 3.330780155870444), (13.870442454905977, 3.3449710555681085), (13.862245531091569, 3.359214188153559), (13.853996372732027, 3.3735095535795727), (13.845694979866863, 3.387857151798859), (13.837341352535656, 3.4022569827640607), (13.828935490778052, 3.416709046427753), (13.820477394633768, 3.4312133427424443), (13.81196706414258, 3.445769871660575), (13.80340449934434, 3.4603786331345194), (13.794789700278962, 3.4750396271165838), (13.786122666986428, 3.4897528535590077), (13.777403399506788, 3.504518312413963), (13.76863189788016, 3.5193360036335553), (13.759808162146728, 3.5342059271698223), (13.750932192346742, 3.5491280829747347), (13.742003988520521, 3.564102471000196), (13.73302355070845, 3.5791290911980425), (13.723990878950982, 3.594207943520044), (13.714905973288637, 3.6093390279179016), (13.705768833762003, 3.6245223443432506), (13.696579460411735, 3.639757892747659), (13.687337853278553, 3.6550456730826264), (13.678044012403246, 3.6703856852995873), (13.66869793782667, 3.685777929349907), (13.659299629589746, 3.7012224051848848), (13.64984908773347, 3.7167191127557526), (13.640346312298893, 3.7322680520136746), (13.630791303327143, 3.7478692229097486), (13.621184060859413, 3.7635226253950047), (13.61152458493696, 3.7792282594204063), (13.60181287560111, 3.794986124936849), (13.592048932893256, 3.8107962218951617), (13.582232756854859, 3.826658550246106), (13.572364347527447, 3.8425731099403766), (13.562443704952615, 3.8585399009286), (13.552470829172027, 3.874558923161337), (13.542445720227407, 3.89063017658908), (13.532368378160557, 3.906753661162255), (13.522238803013337, 3.9229293768312203), (13.512056994827681, 3.939157323546268), (13.501822953645583, 3.955437501257621), (13.491536679509109, 3.9717699099154373), (13.481198172460394, 3.9881545494698067)]",True
1784490060.5007813,0,13.91906435902577,3.307873882780551,0.8000009067424005,83.48453842259781,-0.36443371492283017,10.452126782310657,2.3832661779794035,1.120000004768774,79.82069158760339,-0.37443776897341685,-3.4669375767151127,-0.9246077048011476,0.3199990980263734,-3.663846834994416,-0.010004054050586686,"[(13.902144753947155, 3.3207727008154295), (13.8940638977549, 3.334894406584116), (13.88593080567269, 3.3490683465548705), (13.877745477739895, 3.363294520680548), (13.869507913995955, 3.3775729289139345), (13.86121811448038, 3.391903571207751), (13.852876079232741, 3.40628644751465), (13.84448180829268, 3.4207215577872168), (13.836035301699907, 3.43520890197797), (13.827536559494195, 3.4497484800393603), (13.818985581715388, 3.4643402919237722), (13.810382368403399, 3.4789843375835225), (13.801726919598202, 3.4936806169708605), (13.793019235339845, 3.508429130037969), (13.784259315668436, 3.5232298767369623), (13.775447160624156, 3.5380828570198894), (13.766582770247249, 3.552988070838731), (13.757666144578032, 3.5679455181454003), (13.748697283656883, 3.5829551988917436), (13.73967618752425, 3.598017113029541), (13.730602856220647, 3.6131312605105035), (13.721477289786659, 3.628297641286277), (13.712299488262932, 3.6435162553084384), (13.703069451690185, 3.6587871025284984), (13.6937871801092, 3.6741101828979), (13.684452673560832, 3.68948549636802), (13.675065932085996, 3.7049130428901664), (13.665626955725676, 3.720392822415582), (13.656135744520927, 3.73592483489544), (13.64659229851287, 3.7515090802808486), (13.636996617742689, 3.7671455585228477), (13.62734870225164, 3.78283426957241), (13.617648552081043, 3.798575213380442), (13.607896167272287, 3.814368389897781), (13.598091547866828, 3.8302137990751994), (13.588234693906188, 3.846111440863401), (13.578325605431958, 3.862061315213023), (13.568364282485796, 3.878063422074635), (13.558350725109424, 3.894117761398739), (13.548284933344636, 3.910224333135772), (13.538166907233292, 3.9263831372361), (13.527996646817316, 3.942594173650026), (13.517774152138703, 3.958857442327783), (13.507499423239512, 3.9751729432195373), (13.497172460161872, 3.9915406762753887)]",True
1784490060.5349474,0,13.9345286397478,3.311979452556401,0.80000059872341,83.48453842259781,-0.36443371492283017,10.473880319813103,2.3886082836189884,1.1200000047686354,79.82069158760339,-0.37443776897341685,-3.4606483199346965,-0.9233711689374124,0.31999940604522537,-3.663846834994416,-0.010004054050586686,"[(13.909882321921947, 3.3228182589583373), (13.901807063188476, 3.3369309873781976), (13.893679567837143, 3.351095950728761), (13.885499835907321, 3.365313148962887), (13.877267867438446, 3.3795825820333674), (13.868983662470026, 3.3939042498929273), (13.860647221041628, 3.408278152494224), (13.852258543192898, 3.422704289789848), (13.843817628963539, 3.437182661732323), (13.835324478393327, 3.4517132682741045), (13.826779091522104, 3.4662961093675815), (13.818181468389776, 3.4809311849650757), (13.80953160903632, 3.4956184950188414), (13.80082951350178, 3.510358039481066), (13.792075181826265, 3.5251498183038694), (13.783268614049954, 3.5399938314393045), (13.77440981021309, 3.5548900788393567), (13.765498770355986, 3.5698385604559446), (13.756535494519019, 3.584839276240919), (13.747519982742638, 3.5998922261460646), (13.738452235067355, 3.614997410123098), (13.72933225153375, 3.6301548281236684), (13.720160032182472, 3.6453644800993583), (13.710935577054235, 3.660626366001683), (13.701658886189822, 3.6759404857820903), (13.692329959630085, 3.6913068393919612), (13.682948797415936, 3.7067254267826093), (13.673515399588362, 3.7221962479052806), (13.664029766188415, 3.7377193027111546), (13.654491897257213, 3.7532945911513433), (13.64490179283594, 3.7689221131768913), (13.63525945296585, 3.7846018687387764), (13.625564877688259, 3.8003338577879084), (13.615818067044557, 3.8161180802751313), (13.606019021076202, 3.8319545361512204), (13.596167739824713, 3.847843225366885), (13.586264223331678, 3.863784147872766), (13.576308471638752, 3.879777303619438), (13.56630048478766, 3.895822692557408), (13.556240262820193, 3.9119203146371166), (13.546127805778207, 3.9280701698089358), (13.535963113703628, 3.9442722580231715), (13.525746186638447, 3.960526579230062), (13.515477024624724, 3.9768331333797784), (13.505155627704585, 3.9931919204224244)]",True
1784490060.6004717,0,13.942260556977699,3.3140330898606147,0.8000004871135781,83.48453842259781,-0.36443371492283017,10.48476500863667,2.3912471097534946,1.1200000047685852,79.82069158760339,-0.37443776897341685,-3.4574955483410292,-0.9227859801071201,0.3199995176550071,-3.663846834994416,-0.010004054050586686,"[(13.92530585207347, 3.3268308087892327), (13.917787218231798, 3.3410149094495707), (13.910216482323742, 3.3552511103269085), (13.902593644387585, 3.369539411374469), (13.894918704461674, 3.3838798125454104), (13.887191662584423, 3.3982723137928232), (13.879412518794311, 3.4127169150697316), (13.871581273129886, 3.4272136163290945), (13.863697925629761, 3.441762417523803), (13.855762476332616, 3.456363318606683), (13.847774925277195, 3.471016319530493), (13.839735272502312, 3.4857214202479256), (13.831643518046844, 3.5004786207116076), (13.823499661949738, 3.5152879208740986), (13.815303704250002, 3.530149320687892), (13.807055644986718, 3.545062820105415), (13.79875548419903, 3.5600284190790283), (13.790403221926145, 3.575046117561026), (13.781998858207343, 3.5901159155036364), (13.773542393081966, 3.605237812859021), (13.765033826589423, 3.6204118095792746), (13.756473158769193, 3.6356379056164263), (13.747860389660817, 3.6509161009224385), (13.739195519303903, 3.666246395449207), (13.730478547738127, 3.6816287891485615), (13.72170947500323, 3.6970632819722655), (13.712888301139023, 3.7125498738720157), (13.704015026185377, 3.728088564799443), (13.695089650182235, 3.743679354706111), (13.686112173169603, 3.7593222435435174), (13.677082595187555, 3.7750172312630936), (13.668000916276233, 3.790764317816205), (13.658867136475841, 3.80656350315415), (13.649681255826652, 3.8224147872281606), (13.640443274369005, 3.8383181699894027), (13.631153192143307, 3.8542736513889757), (13.62181100919003, 3.8702812313779127), (13.61241672554971, 3.8863409099071804), (13.602970341262955, 3.902452686927679), (13.593471856370433, 3.918616562390243), (13.583921270912885, 3.934832536245639), (13.574318584931113, 3.951100608444569), (13.564663798465986, 3.967420778937667), (13.554956911558442, 3.983793047675502), (13.545197924249484, 4.000217414608576)]",True
1784490060.6323626,0,13.957730449585458,3.3181174622087077,0.8000003235408827,83.48453842259781,-0.36443371492283017,10.506516687047485,2.396597245690378,1.1200000047685117,79.82069158760339,-0.37443776897341685,-3.4512137625379733,-0.9215202165183296,0.319999681227629,-3.663846834994416,-0.010004054050586686,"[(13.92433365111939, 3.3445506999081123), (13.915124934548864, 3.3600114087831527), (13.905869217236374, 3.3755191166547527), (13.896566499219805, 3.3910738234769906), (13.887216780537104, 3.406675529203885), (13.877820061226277, 3.4223242337893933), (13.86837634132539, 3.4380199371874123), (13.858885620872572, 3.4537626393517793), (13.849347899906007, 3.469552340236271), (13.839763178463947, 3.485389039794603), (13.830131456584697, 3.501272737980431), (13.820452734306627, 3.517203434747351), (13.810727011668165, 3.533181130048897), (13.800954288707802, 3.5492058238385438), (13.791134565464086, 3.5652775160697057), (13.78126784197563, 3.5813962066957363), (13.771354118281103, 3.597561895669929), (13.761393394419235, 3.613774582945517), (13.751385670428819, 3.6300342684756726), (13.741330946348707, 3.6463409522135075)]",True
1784490060.6861894,0,13.965468348602524,3.3201484338599956,0.8000002642707675,83.48453842259781,-0.36443371492283017,10.517387971237865,2.399290767300729,1.120000004768485,79.82069158760339,-0.37443776897341685,-3.4480803773646596,-0.9208576665592667,0.3199997404977175,-3.663846834994416,-0.010004054050586686,"[(13.939308706279357, 3.332453290266783), (13.929371857617667, 3.3479285240944647), (13.919354782876354, 3.363483977097339), (13.909257482339866, 3.379119648942488), (13.899079956293345, 3.394835539296291), (13.888822205022644, 3.4106316478244256), (13.87848422881431, 3.426507974191869), (13.868066027955596, 3.442464518062896), (13.857567602734456, 3.45850127910108), (13.846988953439544, 3.4746182569692934), (13.836330080360218, 3.4908154513297065), (13.825590983786535, 3.5070928618437884), (13.814771664009257, 3.523450488172307), (13.803872121319845, 3.539888329975328), (13.792892356010464, 3.5564063869122156), (13.781832368373976, 3.5730046586416333), (13.770692158703952, 3.589683144821543), (13.759471727294658, 3.6064418451092046), (13.748171074441064, 3.623280759161177), (13.736790200438843, 3.6401998866333165), (13.725329105584368, 3.65719922718078), (13.713787790174715, 3.674278780458021), (13.70216625450766, 3.6914385461187926), (13.690464498881681, 3.7086785238161464), (13.678682523595958, 3.725998713202432), (13.666820328950374, 3.743399113929298), (13.654877915245512, 3.7608797256476922), (13.642855282782657, 3.77844054800786), (13.630752431863794, 3.7960815806593446), (13.618569362791613, 3.81380282325099), (13.606306075869503, 3.831604275430937), (13.593962571401555, 3.8494859368466265), (13.581538849692564, 3.8674478071447966), (13.569034911048021, 3.8854898859714844), (13.556450755774124, 3.903612172972026), (13.54378638417777, 3.9218146677910557), (13.531041796566559, 3.9400973700725066), (13.51821699324879, 3.9584602794596107), (13.505311974533468, 3.976903395594898), (13.492326740730297, 3.9954267181201972), (13.47926129214968, 4.014030246676636), (13.466115629102726, 4.032713980904642), (13.452889751901242, 4.051477920443938), (13.43958366085774, 4.070322064933549), (13.42619735628543, 4.0892464140117974)]",True
1784490060.7833493,0,13.973203589318176,3.322189505171362,0.8000002162738282,83.48453842259781,-0.36443371492283017,10.52826217516069,2.401972481178819,1.1200000047684635,79.82069158760339,-0.37443776897341685,-3.444941414157487,-0.9202170239925431,0.3199997884946353,-3.663846834994416,-0.010004054050586686,"[(13.94800068166696, 3.333402793952949), (13.939369428869053, 3.347842248717323), (13.930681092064402, 3.362338784902507), (13.921935671322728, 3.3768924024257823), (13.913133166713878, 3.391503101204303), (13.904273578307832, 3.4061708811550955), (13.895356906174692, 3.4208957421950585), (13.88638315038469, 3.435677684240963), (13.877352311008185, 3.4505167072094522), (13.868264388115664, 3.4654128110170417), (13.859119381777743, 3.480365995580119), (13.849917292065165, 3.495376260814945), (13.840658119048799, 3.5104436066376516), (13.831341862799642, 3.525568032964244), (13.821968523388822, 3.5407495397105992), (13.812538100887592, 3.555988126792467), (13.803050595367331, 3.5712837941254687), (13.79350600689955, 3.586636541625099), (13.783904335555885, 3.602046369206724), (13.7742455814081, 3.617513276785582), (13.764529744528087, 3.633037264276785), (13.754756824987863, 3.6486183315953165), (13.74492682285958, 3.664256478656031), (13.735039738215509, 3.679951705373658), (13.725095571128056, 3.695704011662797), (13.71509432166975, 3.711513397437921), (13.705035989913247, 3.727379862613375), (13.694920575931334, 3.7433034071033764), (13.684748079796927, 3.759284030822015), (13.674518501583062, 3.775321733683252), (13.664231841362911, 3.7914165156009223), (13.65388809920977, 3.807568376488733), (13.643487275197064, 3.8237773162602626), (13.633029369398345, 3.8400433348289624), (13.622514381887292, 3.856366432108156), (13.611942312737712, 3.8727466080110395), (13.60131316202354, 3.889183862450681), (13.59062692981884, 3.9056781953400215), (13.5798836161978, 3.9222296065918734), (13.569083221234738, 3.938838096118922), (13.558225745004101, 3.9555036638337255), (13.547311187580464, 3.972226309648713), (13.536339549038527, 3.989006033476187), (13.525310829453115, 4.005842835228322), (13.51422502889919, 4.0227367148171655)]",True
1784490060.938153,0,14.057886703077417,3.3460995457726064,0.8000000319904174,83.48453842259781,-0.36443371492283017,10.647206992799392,2.4340390514606143,1.1200000047683805,79.82069158760339,-0.37443776897341685,-3.410679710278025,-0.9120604943119921,0.3199999727779631,-3.663846834994416,-0.010004054050586686,"[(13.979315219209512, 3.341245908180602), (13.971078058030683, 3.355385758627315), (13.96278864026748, 3.3695778640048824), (13.954446965959594, 3.3838222242659954), (13.946053035146784, 3.3981188393632786), (13.937606847868876, 3.412467709249288), (13.929108404165762, 3.4268688338765125), (13.920557704077401, 3.441322213197374), (13.911954747643826, 3.455827847164227), (13.903299534905129, 3.470385735729358), (13.894592065901472, 3.4849958788449866), (13.885832340673089, 3.4996582764632644), (13.877020359260275, 3.5143729285362766), (13.868156121703395, 3.5291398350160397), (13.859239628042882, 3.5439589958545037), (13.850270878319236, 3.5588304110035507), (13.841249872573027, 3.573754080414996), (13.832176610844884, 3.588730004040587), (13.823051093175515, 3.6037581818320032), (13.813873319605687, 3.618838613740858), (13.804643290176237, 3.633971299718696), (13.79536100492807, 3.649156239716995), (13.786026463902159, 3.664393433687166), (13.776639667139541, 3.679682881580552), (13.767200614681325, 3.6950245833484274), (13.757709306568684, 3.7104185389420015), (13.74816574284286, 3.7258647483124143), (13.73856992354516, 3.7413632114107394), (13.728921848716965, 3.7569139281879824), (13.719221518399715, 3.7725168985950823), (13.709468932634923, 3.7881721225829095), (13.699664091464168, 3.803879600102268), (13.689806994929096, 3.819639331103894), (13.67989764307142, 3.835451315538456), (13.669936035932922, 3.8513155533565557), (13.659922173555449, 3.867232044508727), (13.649856055980917, 3.883200788945436), (13.639737683251312, 3.8992217866170824), (13.629567055408682, 3.9152950374739977), (13.619344172495145, 3.931420541466446), (13.609069034552888, 3.9475982985446243), (13.598741641624164, 3.963828308658662), (13.588361993751294, 3.980110571758621), (13.577930090976663, 3.996445087794496), (13.567445933342729, 4.012831856716215)]",True
1784490060.9789934,0,14.134801696076648,3.368076891700204,0.8000000143548922,83.48453842259781,-0.36443371492283017,10.754911652058931,2.46473459307401,1.1200000047683727,79.82069158760339,-0.37443776897341685,-3.379890044017717,-0.9033422986261943,0.3199999904134805,-3.663846834994416,-0.010004054050586686,"[(14.010232083830966, 3.349737186865188), (14.002061288917465, 3.3638495915825684), (13.993838239166278, 3.378014249473546), (13.985562934616999, 3.3922311604908595), (13.977235375309291, 3.4065003245871783), (13.968855561282886, 3.420821741715106), (13.960423492577583, 3.435195411827178), (13.951939169233246, 3.449621334875862), (13.943402591289805, 3.4640995108135595), (13.934813758787266, 3.4786299395926035), (13.926172671765693, 3.49321262116526), (13.917479330265223, 3.5078475554837274), (13.90873373432606, 3.5225347425001368), (13.899935883988471, 3.537274182166552), (13.891085779292796, 3.5520658744349696), (13.882183420279441, 3.566909819257318), (13.873228806988875, 3.581806016585459), (13.86422193946164, 3.596754466371187), (13.855162817738341, 3.611755168566228), (13.846051441859654, 3.626808123122242), (13.83688781186632, 3.641913329990821), (13.82767192779915, 3.6570707891234893), (13.818403789699019, 3.672280500471704), (13.809083397606871, 3.687542463986855), (13.79971075156372, 3.702856679620264), (13.790285851610644, 3.7182231473231866), (13.780808697788789, 3.73364186704681), (13.771279290139368, 3.7491128387422545), (13.761697628703663, 3.764636062360573), (13.752063713523022, 3.7802115378527503), (13.74237754463886, 3.795839265169705), (13.732639122092662, 3.811519244262287), (13.72284844592598, 3.8272514750812796), (13.71300551618043, 3.8430359575773987), (13.7031103328977, 3.8588726917012925), (13.69316289611954, 3.874761677403542), (13.683163205887773, 3.8907029146346606), (13.673111262244287, 3.9066964033450944), (13.663007065231033, 3.9227421434852223), (13.652850614890038, 3.9388401350053557), (13.642641911263391, 3.9549903778557383), (13.63238095439325, 3.971192871986547), (13.62206774432184, 3.9874476173478905), (13.61170228109145, 4.003754613889811), (13.601284564744443, 4.020113861562282)]",True
1784490061.0569847,0,14.165826364966014,3.375916805488293,0.8000000129676359,83.48453842259781,-0.36443371492283017,10.798211249990757,2.4762316097365846,1.120000004768372,79.82069158760339,-0.37443776897341685,-3.3676151149752567,-0.8996851957517085,0.3199999918007361,-3.663846834994416,-0.010004054050586686,"[(14.033308293080978, 3.3564364149470682), (14.02516274865322, 3.3705581062676173), (14.016964946843846, 3.384732053295667), (14.008714887692435, 3.3989582559839313), (14.000412571238625, 3.4132367142850564), (13.992057997522128, 3.4275674281516206), (13.983651166582716, 3.441950397536136), (13.975192078460234, 3.456385622391046), (13.966680733194591, 3.4708731026687274), (13.958117130825768, 3.4854128383214893), (13.94950127139381, 3.5000048293015733), (13.94083315493883, 3.514649075561154), (13.932112781501006, 3.529345577052338), (13.923340151120588, 3.544094333727165), (13.91451526383789, 3.5588953455376067), (13.905638119693295, 3.5737486124355677), (13.896708718727254, 3.5886541343728853), (13.887727060980284, 3.6036119113013294), (13.87869314649297, 3.618621943172602), (13.869606975305967, 3.6336842299383383), (13.860468547459991, 3.6487987715501053), (13.85127786299583, 3.6639655679594036), (13.842034921954342, 3.679184619117666), (13.832739724376443, 3.694455924976257), (13.823392270303128, 3.7097794854864747), (13.813992559775452, 3.7251553005995497), (13.804540592834538, 3.740583370266645), (13.795036369521581, 3.756063694438856), (13.785479889877838, 3.7715962730672103), (13.775871153944635, 3.7871811061026697), (13.76621016176337, 3.8028181934961265), (13.7564969133755, 3.818507535198407), (13.746731408822557, 3.8342491311602696), (13.736913648146135, 3.8500429813324053), (13.7270436313879, 3.8658890856654375), (13.717121358589582, 3.8817874441099227), (13.70714682979298, 3.8977380566163498), (13.697120045039961, 3.9137409231351397), (13.687041004372457, 3.9297960436166464), (13.67690970783247, 3.9459034180111567), (13.666726155462067, 3.9620630462688893), (13.656490347303386, 3.9782749283399963), (13.646202283398628, 3.9945390641745613), (13.635861963790065, 4.010855453722602), (13.625469388520035, 4.0272240969340665)]",True
1784490061.0866873,0,14.189126102918067,3.381671816306249,0.80000001247678,83.48453842259781,-0.36443371492283017,10.830708978278565,2.484767183701842,1.120000004768372,79.82069158760339,-0.37443776897341685,-3.3584171246395016,-0.8969046326044072,0.31999999229159204,-3.663846834994416,-0.010004054050586686,"[(14.056303030655908, 3.3633812365476863), (14.048169766023056, 3.3775277751279593), (14.039984242813729, 3.3917265705999426), (14.031746461067488, 3.4059776229163092), (14.023456420823967, 3.4202809320296654), (14.015114122122867, 3.4346364978925497), (14.006719565003953, 3.449044320457433), (13.99827274950706, 3.4635043996767187), (13.989773675672089, 3.4780167355027434), (13.981222343539008, 3.492581327887776), (13.972618753147856, 3.5071981767840175), (13.963962904538736, 3.5218672821436017), (13.955254797751822, 3.5365886439185954), (13.94649443282735, 3.5513622620609975), (13.937681809805628, 3.5661881365227392), (13.92881692872703, 3.581066267255685), (13.919899789631996, 3.595996654211632), (13.910930392561035, 3.610979297342309), (13.901908737554724, 3.6260141965993777), (13.892834824653706, 3.6411013519344326), (13.883708653898692, 3.656240763299001), (13.874530225330462, 3.671432430644542), (13.865299538989861, 3.686676353922448), (13.8560165949178, 3.701972533084044), (13.846681393155265, 3.7173209680805868), (13.8372939337433, 3.7327216588632663), (13.827854216723024, 3.748174605383205), (13.818362242135617, 3.7636798075914575), (13.80881801002233, 3.7792372654390114), (13.799221520424483, 3.794846978876787), (13.78957277338346, 3.8105089478556367), (13.779871768940716, 3.826223172326346), (13.77011850713777, 3.8419896522396324), (13.760312988016208, 3.8578083875461466), (13.750455211617687, 3.873679378196471), (13.740545177983932, 3.8896026241411215), (13.73058288715673, 3.9055781253305457), (13.72056833917794, 3.921605881715125), (13.710501534089484, 3.9376858932451717), (13.70038247193336, 3.953818159870932), (13.690211152751623, 3.970002681542584), (13.679987576586402, 3.986239458210239), (13.669711743479892, 4.0025284898239395), (13.659383653474356, 4.018869776333663), (13.649003306612121, 4.035263317689316)]",True
1784490061.142221,0,14.227947635777417,3.391308095286609,0.800000012114503,83.48453842259781,-0.36443371492283017,10.884899284472937,2.4988882665471586,1.120000004768372,79.82069158760339,-0.37443776897341685,-3.34304835130448,-0.8924198287394502,0.319999992653869,-3.663846834994416,-0.010004054050586686,"[(14.15211606100069, 3.3894782211869505), (14.147257221264173, 3.4041660814601222), (14.142346186320237, 3.4189061342010834), (14.137382956203998, 3.4336983793621147), (14.132367530950633, 3.44854281689543), (14.127299910595386, 3.4634394467531764), (14.122180095173576, 3.4783882688874335), (14.117008084720577, 3.493389283250214), (14.111783879271842, 3.508442489793464), (14.106507478862882, 3.523547888469063), (14.101178883529279, 3.538705479228823), (14.095798093306682, 3.5539152620244896), (14.090365108230806, 3.569177236807741), (14.084879928337433, 3.5844914035301882), (14.079342553662409, 3.5998577621433765), (14.073752984241654, 3.615276312598783), (14.068111220111149, 3.6307470548478182), (14.062417261306944, 3.6462699888418264), (14.056671107865155, 3.661845114532084), (14.050872759821965, 3.6774724318698007), (14.045022217213626, 3.69315194080612), (14.039119480076456, 3.708883641292118), (14.03316454844684, 3.7246675332788035), (14.027157422361226, 3.740503616717119), (14.021098101856134, 3.7563918915579397), (14.01498658696815, 3.772332357752074), (14.008822877733925, 3.7883250152502637), (14.00260697419018, 3.8043698640031827), (13.996338876373697, 3.8204669039614387), (13.990018584321334, 3.8366161350755728), (13.983646098070006, 3.8528175572960586), (13.977221417656702, 3.8690711705733025), (13.970744543118478, 3.885376974857645), (13.964215474492452, 3.9017349700993593), (13.957634211815812, 3.918145156248651), (13.951000755125813, 3.9346075332556594), (13.944315104459776, 3.9511221010704567), (13.93757725985509, 3.967688859643048), (13.93078722134921, 3.9843078089233726), (13.923944988979656, 4.0009789488613015), (13.91705056278402, 4.017702279406639), (13.910103942799958, 4.034477800509123), (13.903105129065192, 4.051305512118424), (13.896054121617512, 4.068185414184146), (13.888950920494777, 4.085117506655826)]",True
1784490061.3107648,0,14.34873873555934,3.4230069020858043,0.9880850948592196,83.48453842259781,-0.36443371492283017,11.047111023403907,2.542591483998853,1.120000004768372,79.82069158760339,-0.37443776897341685,-3.301627712155433,-0.8804154180869515,0.13191490990915244,-3.663846834994416,-0.010004054050586686,"[(14.198356676026542, 3.40095487410421), (14.192913578263298, 3.415552321061085), (14.187418108922529, 3.430202136998857), (14.181870268040855, 3.44490432186892), (14.17627005565496, 3.4596588756225994), (14.1706174718016, 3.474465798211152), (14.164912516517598, 3.489325089585767), (14.159155189839844, 3.5042367496975633), (14.153345491805299, 3.5192007784975927), (14.147483422450993, 3.534217175936838), (14.141568981814022, 3.549285941966213), (14.135602169931552, 3.5644070765365634), (14.129582986840818, 3.579580579598667), (14.123511432579123, 3.5948064511032314), (14.117387507183839, 3.610084691000897), (14.111211210692405, 3.6254152992422353), (14.104982543142333, 3.640798275777749), (14.098701504571197, 3.656233620557872), (14.092368095016644, 3.6717213335329704), (14.085982314516388, 3.687261414653341), (14.079544163108213, 3.7028538638692123), (14.073053640829972, 3.718498681130745), (14.066510747719581, 3.73419586638803), (14.059915483815033, 3.74994541959109), (14.053267849154382, 3.76574734068988), (14.046567843775758, 3.7816016296342854), (14.039815467717352, 3.797508286374123), (14.033010721017428, 3.813467310859142), (14.026153603714317, 3.8294787030390225), (14.019244115846421, 3.8455424628633756), (14.012282257452208, 3.8616585902817446), (14.005268028570216, 3.8778270852436036), (13.99820142923905, 3.8940479476983585), (13.991082459497385, 3.9103211775953466), (13.983911119383963, 3.926646774883837), (13.976687408937599, 3.9430247395130293), (13.96941132819717, 3.9594550714320556), (13.962082877201626, 3.9759377705899785), (13.954702055989983, 3.9924728369357925), (13.94726886460133, 4.0090602704184235), (13.939783303074819, 4.025700070986729), (13.932245371449675, 4.042392238589498), (13.924655069765185, 4.05913677317545), (13.917012398060715, 4.075933674693238), (13.909317356375691, 4.092782943091445)]",True
1784490061.324851,0,14.35851719754104,3.4252965353997227,1.020510146558039,83.48453842259781,-0.36443371492283017,11.057902314486041,2.5455894713299703,1.120000004768372,79.82069158760339,-0.37443776897341685,-3.3006148830549993,-0.8797070640697524,0.09948985821033296,-3.663846834994416,-0.010004054050586686,"[(14.205913935079005, 3.40282641649803), (14.200277364189379, 3.41738781163188), (14.194588428921314, 3.4320015686144205), (14.188847129311652, 3.4466676873971327), (14.1830534653973, 3.4613861679314306), (14.177207437215236, 3.476157010168659), (14.171309044802506, 3.490980214060094), (14.165358288196222, 3.5058557795569443), (14.159355167433567, 3.5207837066103487), (14.153299682551792, 3.5357639951713784), (14.147191833588217, 3.5507966451910358), (14.141031620580229, 3.5658816566202547), (14.134819043565285, 3.5810190294099007), (14.12855410258091, 3.596208763510771), (14.1222367976647, 3.6114508588735936), (14.115867128854314, 3.626745315449029), (14.109445096187482, 3.642092133187668), (14.102970699702004, 3.657491312040034), (14.096443939435748, 3.6729428519565817), (14.08986481542665, 3.688446752887697), (14.083233327712712, 3.704003014783697), (14.07654947633201, 3.719611637594831), (14.069813261322686, 3.73527262127128), (14.063024682722947, 3.7509859657631552), (14.056183740571074, 3.7667516710205002), (14.049290434905412, 3.7825697369932905), (14.04234476576438, 3.798440163631432), (14.035346733186458, 3.814362950884764), (14.0282963372102, 3.8303380987030544), (14.021193577874229, 3.846365607036005), (14.01403845521723, 3.8624454758332485), (14.006830969277967, 3.878577705044349), (13.999571120095263, 3.894762294618802), (13.992258907708015, 3.910999244506034), (13.984894332155184, 3.927288554655404), (13.977477393475803, 3.9436302250162028), (13.970008091708975, 3.960024255537651), (13.962486426893864, 3.976470646168902), (13.95491239906971, 3.9929693968590403), (13.947286008275823, 4.009520507557083), (13.939607254551573, 4.026123978211976), (13.931876137936404, 4.0427798087726), (13.924092658469828, 4.059487999187765), (13.916256816191424, 4.076248549406213), (13.908368611140844, 4.093061459376617)]",True
1784490061.3855777,0,14.40068602989315,3.434632036042036,1.1355081080662368,83.48453842259781,-0.36443371492283017,11.101043754236342,2.557666457646864,1.120000004768372,79.82069158760339,-0.37443776897341685,-3.299642275656808,-0.876965578395172,-0.015508103297864784,-3.663846834994416,-0.010004054050586686,"[(14.236226701493264, 3.4105875812567072), (14.229948843590863, 3.4250337456474944), (14.223618645057817, 3.4395322483590687), (14.2172361059317, 3.454083089343198), (14.210801226250153, 3.4686862685515822), (14.204314006050884, 3.483341785935853), (14.197774445371675, 3.498049641447574), (14.19118254425037, 3.5128098350382397), (14.184538302724889, 3.527622366659277), (14.177841720833209, 3.5424872362620445), (14.171092798613383, 3.5574044437978323), (14.164291536103535, 3.5723739892178625), (14.157437933341848, 3.5873958724732886), (14.15053199036658, 3.602470093515196), (14.143573707216056, 3.6175966522946017), (14.13656308392867, 3.6327755487624547), (14.12950012054288, 3.6480067828696354), (14.12238481709722, 3.663290354566956), (14.115217173630286, 3.6786262638051612), (14.107997190180743, 3.694014510534926), (14.100724866787324, 3.709455094706858), (14.093400203488834, 3.7249480162714965), (14.086023200324144, 3.7404932751793125), (14.078593857332194, 3.756090871380709), (14.07111217455199, 3.7717408048260195), (14.063578152022606, 3.787443075465511), (14.055991789783189, 3.8031976832493806), (14.04835308787295, 3.8190046281277583), (14.04066204633117, 3.8348639100507054), (14.032918665197196, 3.8507755289682146), (14.025122944510448, 3.866739484830211), (14.017274884310408, 3.882755777586551), (14.009374484636634, 3.8988244071870226), (14.001421745528747, 3.914945373581346), (13.993416667026436, 3.931118676719173), (13.98535924916946, 3.9473443165500863), (13.977249491997643, 3.963622293023602), (13.969087395550883, 3.979952606089166), (13.960872959869144, 3.9963352556961573), (13.952606184992456, 4.012770241793886), (13.944287070960922, 4.029257564331594), (13.935915617814707, 4.045797223258456), (13.92749182559405, 4.062389218523577), (13.919015694339253, 4.0790335500759936), (13.910487224090689, 4.095730217864675)]",True
1784490061.427913,0,14.44706158037825,3.4442891026547064,1.2301446552201154,83.48453842259781,-0.36443371492283017,11.144159019904723,2.569836556119636,1.120000004768372,79.82069158760339,-0.37443776897341685,-3.3029025604735267,-0.8744525465350703,-0.11014465045174338,-3.663846834994416,-0.010004054050586686,"[(14.251421349321017, 3.414615026896632), (14.244888865320982, 3.4290189009874323), (14.238304048367242, 3.4434751058078654), (14.231666898497663, 3.457983641309801), (14.224977415750185, 3.4725445074450407), (14.218235600162814, 3.4871577041653175), (14.211441451773622, 3.501823231422297), (14.204594970620752, 3.5165410891675752), (14.197696156742415, 3.5313112773526814), (14.190745010176888, 3.546133795929076), (14.18374153096252, 3.5610086448481515), (14.176685719137724, 3.575935824061231), (14.169577574740986, 3.5909153335195714), (14.162417097810854, 3.6059471731743598), (14.15520428838595, 3.621031342976716), (14.147939146504958, 3.6361678428776907), (14.14062167220664, 3.6513566728282676), (14.133251865529816, 3.6665978327793614), (14.12582972651338, 3.681891322681819), (14.118355255196292, 3.697237142486418), (14.11082845161758, 3.7126352921438697), (14.103249315816344, 3.7280857716048157), (14.095617847831745, 3.74358858081983), (14.08793404770302, 3.759143719739418), (14.08019791546947, 3.774751188314018), (14.072409451170463, 3.7904109864939985), (14.064568654845438, 3.8061231142296608), (14.056675526533901, 3.8218875714712377), (14.048730066275429, 3.837704358168894), (14.040732274109661, 3.853573474272727), (14.03268215007631, 3.8694949197327637), (14.024579694215154, 3.885468694498965), (14.016424906566042, 3.9014947985212225), (14.00821778716889, 3.91757323174936), (13.99995833606368, 3.9337039941331335), (13.991646553290462, 3.9498870856222297), (13.98328243888936, 3.966122506166268), (13.97486599290056, 3.9824102557147993), (13.966397215364319, 3.9987503342173065), (13.957876106320962, 4.015142741623204), (13.949302665810881, 4.031587477881838), (13.940676893874539, 4.048084542942487), (13.931998790552464, 4.064633936754361), (13.923268355885254, 4.081235659266602), (13.914485589913575, 4.097889710428282)]",True
1784490061.4762983,0,14.469659988068354,3.4488006475240143,1.082078562730882,83.93827509430375,-0.3848912233569809,11.165706815224317,2.575956361637553,1.120000004768372,79.82069158760339,-0.37443776897341685,-3.3039531728440377,-0.8728442858864613,0.03792144203749004,-4.117583506700356,0.010453454383564043,"[(14.25902227459645, 3.4166751411416025), (14.252375958091609, 3.4310618839377205), (14.245677312557474, 3.4455009535768943), (14.238926338032048, 3.459992350011038), (14.232123034553398, 3.4745360731919974), (14.225267402159663, 3.4891321230715495), (14.218359440889046, 3.503780499601404), (14.21139915077982, 3.518481202733202), (14.204386531870329, 3.5332342324185166), (14.197321584198981, 3.548039588608853), (14.190204307804253, 3.5628972712556473), (14.18303470272469, 3.5778072803102683), (14.175812768998908, 3.5927696157240163), (14.168538506665588, 3.6077842774481237), (14.16121191576348, 3.622851265433755), (14.153832996331404, 3.637970579632005), (14.146401748408245, 3.6531422199939025), (14.138918172032959, 3.6683661864704065), (14.131382267244568, 3.6836424790124087), (14.123794034082163, 3.698971097570732), (14.116153472584903, 3.7143520420961322), (14.108460582792018, 3.7297853125392955), (14.100715364742802, 3.745270908850841), (14.092917818476618, 3.7608088309813192), (14.085067944032899, 3.7763990788812127), (14.077165741451145, 3.792041652500936), (14.069211210770924, 3.807736551790835), (14.061204352031872, 3.8234837767011878), (14.053145165273696, 3.839283327182204), (14.045033650536167, 3.8551352031840254), (14.036869807859127, 3.871039404656725), (14.028653637282483, 3.8869959315503086), (14.020385138846216, 3.9030047838147137), (14.012064312590368, 3.919065961399809), (14.003691158555055, 3.9351794642553948), (13.995265676780457, 3.9513452923312045), (13.986787867306827, 3.967563445576902), (13.97825773017448, 3.983833923942085), (13.969675265423804, 4.000156727376281), (13.961040473095252, 4.016531855828949), (13.952353353229348, 4.032959309249482), (13.943613905866684, 4.049439087587204), (13.934822131047918, 4.06597119079137), (13.925978028813775, 4.082555618811167), (13.917081599205053, 4.099192371595715)]",True
1784490061.5242915,0,14.499326454755465,3.4549281335569355,0.9497971034153879,83.93827509430375,-0.3848912233569809,11.1988364153375,2.585272893759562,1.1669773090797655,79.82069158760339,-0.37443776897341685,-3.3004900394179657,-0.8696552397973734,0.21718020566437757,-4.117583506700356,0.010453454383564043,"[(14.266624906634648, 3.41876409580022), (14.25987282658811, 3.433136125164932), (14.253068420942457, 3.44756047797729), (14.24621168973581, 3.462037154189247), (14.239302633006364, 3.476566153752688), (14.232341250792375, 3.4911474766194286), (14.225327543132172, 3.5057811227412174), (14.218261510064147, 3.5204670920697345), (14.211143151626766, 3.535205384556592), (14.20397246785856, 3.549996000153333), (14.196749458798127, 3.564838938811434), (14.189474124484137, 3.5797342004823025), (14.182146464955327, 3.594681785117278), (14.174766480250497, 3.6096816926676314), (14.167334170408521, 3.624733923084566), (14.159849535468341, 3.6398384763192175), (14.152312575468963, 3.654995352322652), (14.144723290449466, 3.670204551045869), (14.137081680448993, 3.6854660724397985), (14.129387745506758, 3.7007799164553035), (14.12164148566204, 3.7161460830431783), (14.113842900954191, 3.7315645721541495), (14.105991991422627, 3.747035383738875), (14.098088757106833, 3.7625585177479444), (14.090133198046363, 3.7781339741318805), (14.08212531428084, 3.7937617528411365), (14.07406510584995, 3.8094418538260983), (14.065952572793455, 3.8251742770370836), (14.057787715151179, 3.8409590224243413), (14.049570532963015, 3.8567960899380527), (14.041301026268929, 3.872685479528331), (14.03297919510895, 3.8886271911452215), (14.024605039523175, 3.904621224738701), (14.016178559551774, 3.9206675802586783), (14.00769975523498, 3.9367662576549938), (13.999168626613095, 3.95291725687742), (13.990585173726492, 3.9691205778756613), (13.98194939661561, 3.985376220599354), (13.973261295320956, 4.001684184998067), (13.964520869883106, 4.018044471021298), (13.955728120342705, 4.034457078618481), (13.946883046740464, 4.05092200773898), (13.937985649117161, 4.067439258332089), (13.929035927513647, 4.084008830347036), (13.920033881970838, 4.100630723732981)]",True
1784490061.5777214,0,14.525915208231435,3.461298699325208,0.879549373457877,83.93827509430375,-0.3848912233569809,11.232424001000554,2.5937758689122634,1.1449471818291261,79.82069158760339,-0.37443776897341685,-3.293491207230881,-0.8675228304129448,0.26539780837124916,-4.117583506700356,0.010453454383564043,"[(14.471736762605278, 3.4652733993961267), (14.475394827688552, 3.4810289693967977), (14.479000680033858, 3.4968367466545796), (14.482554319665704, 3.512696731119737), (14.486055746608667, 3.5286089227424666), (14.48950496088739, 3.5445733214728983), (14.492901962526581, 3.560589927261093), (14.49624675155102, 3.5766587400570446), (14.499539327985556, 3.592779759810679), (14.502779691855103, 3.608952986471854), (14.505967843184642, 3.62517841999036), (14.509103781999226, 3.6414560603159187), (14.512187508323969, 3.657785907398185), (14.515219022184061, 3.674167961186746), (14.518198323604754, 3.69060222163112), (14.521125412611369, 3.7070886886807584), (14.524000289229297, 3.723627362285044), (14.526822953483995, 3.740218242393293), (14.529593405400988, 3.756861328954752), (14.532311645005867, 3.7735566219186016), (14.534977672324295, 3.7903041212339534), (14.537591487382002, 3.8071038268498514), (14.540153090204782, 3.823955738715272), (14.542662480818501, 3.8408598567791232), (14.54511965924909, 3.8578161809902465), (14.54752462552255, 3.8748247112974146), (14.549877379664949, 3.891885447649332), (14.552177921702421, 3.9089983899946366), (14.554426251661173, 3.926163538281897), (14.556622369567473, 3.9433808924596154), (14.558766275447661, 3.960650452476225), (14.560857969328147, 3.9779722182800925), (14.562897451235402, 3.9953461898195153), (14.564884721195972, 4.012772367042724), (14.566819779236466, 4.030250749897881), (14.568702625383564, 4.047781338333081), (14.57053325966401, 4.0653641322963505), (14.57231168210462, 4.082999131735649), (14.574037892732276, 4.1006863365988675), (14.575711891573928, 4.118425746833829), (14.577333678656592, 4.136217362388289), (14.578903254007354, 4.154061183209937), (14.580420617653369, 4.17195720924639), (14.581885769621856, 4.189905440445202), (14.583298709940106, 4.207905876753856)]",True
1784490061.6256177,0,14.542651674934286,3.4656879933440083,0.852166577214157,83.93827509430375,-0.3848912233569809,11.254578488229074,2.5991987496528073,1.136359765750452,79.82069158760339,-0.37443776897341685,-3.288073186705212,-0.8664892436912011,0.28419318853629505,-4.117583506700356,0.010453454383564043,"[(14.491853892960943, 3.4695235704685565), (14.494197619428366, 3.4851896095796593), (14.496488683579773, 3.500908305744216), (14.49872708544253, 3.5166796589104323), (14.500912825044072, 3.5325036690264424), (14.503045902411909, 3.5483803360403092), (14.505126317573621, 3.5643096599000246), (14.507154070556858, 3.580291640553508), (14.509129161389342, 3.5963262779486085), (14.511051590098866, 3.612413572033103), (14.512921356713296, 3.6285535227546983), (14.514738461260569, 3.6447461300610278), (14.516502903768691, 3.660991393899655), (14.518214684265745, 3.677289314218072), (14.51987380277988, 3.693639890963698), (14.521480259339318, 3.710043124083883), (14.523034053972355, 3.7264990135259035), (14.524535186707354, 3.743007559236966), (14.525983657572752, 3.7595687611642052), (14.527379466597056, 3.776182619254684), (14.528722613808846, 3.792849133455394), (14.530013099236774, 3.809568303713257), (14.531250922909562, 3.8263401299751205), (14.532436084856004, 3.843164612187763), (14.533568585104964, 3.8600417502978903), (14.534648423685379, 3.8769715442521373), (14.535675600626256, 3.8939539939970675), (14.536650115956675, 3.910989099479173), (14.53757196970579, 3.9280768606448744), (14.538441161902819, 3.9452172774405208), (14.539257692577058, 3.96241034981239), (14.540021561757872, 3.9796560777066885), (14.540732769474696, 3.996954461069551), (14.54139131575704, 4.014305499847041), (14.541997200634482, 4.031709193985152), (14.542550424136673, 4.049165543429803), (14.543050986293336, 4.066674548126844), (14.543498887134263, 4.0842362080220544), (14.54389412668932, 4.101850523061139), (14.544236704988446, 4.119517493189734), (14.544526622061646, 4.1372371183534025), (14.544763877939, 4.155009398497637), (14.544948472650658, 4.1728343335678595), (14.545080406226843, 4.190711923509419), (14.545159678697848, 4.208642168267593)]",True
1784490061.6742585,0,14.637235410347412,3.4923951472664148,0.8041488407039022,83.93827509430375,-0.3848912233569809,11.385649532088447,2.6319977952039406,1.1213011034100686,79.82069158760339,-0.37443776897341685,-3.2515858782589646,-0.8603973520624741,0.31715226270616637,-4.117583506700356,0.010453454383564043,"[(14.491853892960943, 3.4695235704685565), (14.494197619428366, 3.4851896095796593), (14.496488683579773, 3.500908305744216), (14.49872708544253, 3.5166796589104323), (14.500912825044072, 3.5325036690264424), (14.503045902411909, 3.5483803360403092), (14.505126317573621, 3.5643096599000246), (14.507154070556858, 3.580291640553508), (14.509129161389342, 3.5963262779486085), (14.511051590098866, 3.612413572033103), (14.512921356713296, 3.6285535227546983), (14.514738461260569, 3.6447461300610278), (14.516502903768691, 3.660991393899655), (14.518214684265745, 3.677289314218072), (14.51987380277988, 3.693639890963698), (14.521480259339318, 3.710043124083883), (14.523034053972355, 3.7264990135259035), (14.524535186707354, 3.743007559236966), (14.525983657572752, 3.7595687611642052), (14.527379466597056, 3.776182619254684), (14.528722613808846, 3.792849133455394), (14.530013099236774, 3.809568303713257), (14.531250922909562, 3.8263401299751205), (14.532436084856004, 3.843164612187763), (14.533568585104964, 3.8600417502978903), (14.534648423685379, 3.8769715442521373), (14.535675600626256, 3.8939539939970675), (14.536650115956675, 3.910989099479173), (14.53757196970579, 3.9280768606448744), (14.538441161902819, 3.9452172774405208), (14.539257692577058, 3.96241034981239), (14.540021561757872, 3.9796560777066885), (14.540732769474696, 3.996954461069551), (14.54139131575704, 4.014305499847041), (14.541997200634482, 4.031709193985152), (14.542550424136673, 4.049165543429803), (14.543050986293336, 4.066674548126844), (14.543498887134263, 4.0842362080220544), (14.54389412668932, 4.101850523061139), (14.544236704988446, 4.119517493189734), (14.544526622061646, 4.1372371183534025), (14.544763877939, 4.155009398497637), (14.544948472650658, 4.1728343335678595), (14.545080406226843, 4.190711923509419), (14.545159678697848, 4.208642168267593)]",True
1784490061.7244484,0,14.644926184202303,3.4947305085231206,0.8033597334693807,83.93827509430375,-0.3848912233569809,11.396459263451579,2.6349732412253775,1.1210536344484179,79.82069158760339,-0.37443776897341685,-3.248466920750724,-0.8597572672977432,0.31769390097903716,-4.117583506700356,0.010453454383564043,"[(14.500497348635339, 3.4884557214292435), (14.50047396950443, 3.5053465960798786), (14.50040319559355, 3.522284860577508), (14.500285026930246, 3.539270514871688), (14.500119463542129, 3.5563035589119116), (14.499906505456869, 3.5733839926476065), (14.499646152702203, 3.5905118160281364), (14.499338405305934, 3.6076870290028005), (14.49898326329593, 3.624909631520834), (14.49858072670012, 3.642179623531408), (14.498130795546498, 3.659497004983628), (14.497633469863127, 3.676861775826537), (14.497088749678127, 3.6942739360091124), (14.496496635019687, 3.7117334854802677), (14.495857125916059, 3.7292404241888524), (14.495170222395561, 3.746794752083651), (14.494435924486574, 3.7643964691133838), (14.493654232217539, 3.7820455752267077), (14.49282514561697, 3.799742070372214), (14.49194866471344, 3.817485954498431)]",True
1784490061.7817798,0,14.644926184202303,3.4947305085231206,0.8033597334693807,83.93827509430375,-0.3848912233569809,11.396459263451579,2.6349732412253775,1.1210536344484179,79.82069158760339,-0.37443776897341685,-3.248466920750724,-0.8597572672977432,0.31769390097903716,-4.117583506700356,0.010453454383564043,"[(14.566783810540166, 3.490200260995566), (14.568990757389201, 3.5076288110314184), (14.571117817992635, 3.5251372228343762), (14.573164992527843, 3.5427254960559584), (14.5751322811729, 3.5603936303469887), (14.577019684106576, 3.578141625357595), (14.578827201508336, 3.5959694807372107), (14.58055483355834, 3.6138771961345735), (14.582202580437446, 3.6318647711977254), (14.58377044232721, 3.649932205574014), (14.585258419409879, 3.668079498910091), (14.586666511868398, 3.6863066508519133), (14.587994719886408, 3.7046136610447418), (14.589243043648247, 3.723000529133143), (14.590411483338949, 3.7414672547609875), (14.59150003914424, 3.7600138375714507), (14.592508711250545, 3.778640277207013), (14.593437499844987, 3.79734657330946), (14.594286405115378, 3.816132725519881), (14.595055427250234, 3.8349987334786713), (14.595744566438762, 3.85394459682553), (14.596353822870867, 3.872970315199461), (14.596883196737148, 3.8920758882387743), (14.597332688228901, 3.9112613155810823), (14.597702297538119, 3.9305265968633045), (14.597992024857485, 3.949871731721664), (14.598201870380388, 3.969296719791689), (14.598331834300904, 3.9888015607082123), (14.598381916813809, 4.008386254105372), (14.598352118114574, 4.028050799616611), (14.598242438399366, 4.0477951968746755), (14.598052877865047, 4.067619445511619), (14.597783436709177, 4.087523545158798), (14.597434115130008, 4.107507495446875), (14.597004913326494, 4.127571296005816), (14.596495831498277, 4.147714946464894), (14.5959068698457, 4.167938446452684), (14.595238028569803, 4.188241795597068), (14.594489307872317, 4.208624993525232), (14.593660707955673, 4.229088039863668), (14.592752229022993, 4.24963093423817), (14.591763871278102, 4.270253676273841), (14.590695634925515, 4.290956265595085), (14.589547520170443, 4.311738701825614), (14.588319527218797, 4.332600984588442)]",True
1784490061.8412638,0,14.660257994266713,3.4994947723466447,0.8022032368134754,83.93827509430375,-0.3848912233569809,11.418034864791595,2.6410580888776165,1.1206909498675788,79.82069158760339,-0.37443776897341685,-3.242223129475118,-0.8584366834690282,0.3184877130541034,-4.117583506700356,0.010453454383564043,"[(14.584698301605691, 3.493875191092583), (14.586818999947845, 3.5100332210872573), (14.588886443034463, 3.5262445005632115), (14.59090063089579, 3.5425090294630994), (14.59286156356215, 3.5588268077294964), (14.594769241063947, 3.5751978353048988), (14.596623663431659, 3.591622112131724), (14.598424830695848, 3.60809963815231), (14.600172742887152, 3.624630413308916), (14.601867400036289, 3.6412144375437236), (14.603508802174057, 3.6578517107988335), (14.605096949331331, 3.6745422330162687), (14.606631841539068, 3.6912860041379725), (14.608113478828301, 3.70808302410581), (14.609541861230143, 3.724933292861567), (14.610916988775786, 3.741836810346951), (14.612238861496502, 3.7587935765035896), (14.613507479423639, 3.7758035912730317), (14.614722842588625, 3.7928668545967477), (14.615884951022968, 3.809983366416129), (14.616993804758257, 3.8271531266724876), (14.618049403826156, 3.8443761353070576), (14.619051748258409, 3.861652392260993), (14.62000083808684, 3.878981897475369), (14.620896673343351, 3.8963646508911833), (14.621739254059923, 3.913800652449353), (14.622528580268618, 3.931289902090717), (14.623264652001573, 3.948832399756035), (14.62394746929101, 3.9664281453859878), (14.624577032169224, 3.9840771389211778), (14.625153340668591, 4.0017793803021275), (14.625676394821566, 4.0195348694692825), (14.626146194660683, 4.037343606363007), (14.626562740218555, 4.055205590923587), (14.626926031527873, 4.073120823091231), (14.627236068621409, 4.091089302806067), (14.627492851532013, 4.109111030008144), (14.627696380292614, 4.127186004637433), (14.627846654936217, 4.145314226633825), (14.627943675495912, 4.163495695937135), (14.627987442004864, 4.181730412487095), (14.627977954496318, 4.200018376223361), (14.627915213003597, 4.218359587085509), (14.627799217560103, 4.2367540450130345), (14.627629968199317, 4.255201749945358)]",True
1784490061.8849077,0,14.660257994266713,3.4994947723466447,0.8022032368134754,83.93827509430375,-0.3848912233569809,11.418034864791595,2.6410580888776165,1.1206909498675788,79.82069158760339,-0.37443776897341685,-3.242223129475118,-0.8584366834690282,0.3184877130541034,-4.117583506700356,0.010453454383564043,"[(14.591764356441507, 3.49599700043916), (14.593146693610558, 3.512057278938659), (14.59447624518067, 3.5281703378340783), (14.595753011181179, 3.5443361770718758), (14.596976991641489, 3.5605547965984354), (14.59814818659108, 3.576826196360068), (14.59926659605951, 3.5931503763030106), (14.600332220076403, 3.6095273363734277), (14.601345058671463, 3.6259570765174107), (14.602305111874461, 3.642439596680977), (14.603212379715247, 3.6589748968100717), (14.604066862223739, 3.675562976850566), (14.604868559429931, 3.692203836748258), (14.605617471363892, 3.7088974764488722), (14.60631359805576, 3.725643895898061), (14.606956939535749, 3.7424430950414025), (14.607547495834146, 3.759295073824402), (14.60808526698131, 3.776199832192492), (14.608570253007677, 3.7931573700910306), (14.60900245394375, 3.8101676874653037), (14.609381869820112, 3.8272307842605233), (14.609708500667413, 3.8443466604218286), (14.60998234651638, 3.8615153158942856), (14.610203407397814, 3.878736750622887), (14.610371683342585, 3.896010964552552), (14.61048717438164, 3.913337957628127), (14.610549880546001, 3.930717729794385), (14.610559801866756, 3.9481502809960256), (14.610516938375074, 3.965635611177675), (14.610421290102193, 3.9831737202838866), (14.610272857079424, 4.000764608259141), (14.610071639338154, 4.018408275047845), (14.60981763690984, 4.036104720594331), (14.609510849826016, 4.05385394484286), (14.609151278118286, 4.07165594773762), (14.608738921818327, 4.089510729222724), (14.608273780957894, 4.107418289242212), (14.607755855568811, 4.125378627740053), (14.607185145682976, 4.143391744660141), (14.606561651332358, 4.161457639946296), (14.605885372549004, 4.179576313542267), (14.605156309365032, 4.1977477653917274), (14.604374461812633, 4.215971995438279), (14.60353982992407, 4.234249003625449), (14.602652413731683, 4.2525787898966945)]",True
1784490061.9423046,0,14.675545959050115,3.504335611193461,0.8014448340161925,83.93827509430375,-0.3848912233569809,11.43957905649469,2.647231736361633,1.120453110009387,79.82069158760339,-0.37443776897341685,-3.2359669025554254,-0.8571038748318278,0.3190082759931946,-4.117583506700356,0.010453454383564043,"[(14.598812345370783, 3.4981506323448683), (14.599483550776588, 3.514136227285243), (14.60010205352898, 3.5301745199843917), (14.600667853657782, 3.5462655103897522), (14.601180951192891, 3.56240919844869), (14.601641346164275, 3.5786055841085), (14.602049038601974, 3.5948546673164032), (14.602404028536098, 3.6111564480195506), (14.60270631599683, 3.62751092616502), (14.602955901014427, 3.6439181016998172), (14.603152783619215, 3.6603779745708773), (14.603296963841593, 3.676890544725063), (14.603388441712035, 3.6934558121091645), (14.603427217261082, 3.7100737766699003), (14.603413290519347, 3.726744438353917), (14.60334666151752, 3.74346779710779), (14.603227330286359, 3.7602438528780215), (14.603055296856693, 3.777072605611043), (14.602830561259427, 3.7939540552532134), (14.602553123525535, 3.81088820175082), (14.602222983686064, 3.8278750450500776), (14.601840141772131, 3.84491458509713), (14.601404597814927, 3.8620068218380483), (14.600916351845717, 3.879151755218832), (14.60037540389583, 3.896349385185409), (14.599781753996677, 3.913599711683635), (14.599135402179735, 3.9309027346592935), (14.598436348476554, 3.948258454058096), (14.597684592918757, 3.9656668698256827), (14.596880135538036, 3.983127981907622), (14.596022976366159, 4.00064179024941), (14.595113115434962, 4.0182082947964695), (14.594150552776357, 4.0358274954941535), (14.593135288422323, 4.053499392287743), (14.592067322404914, 4.071223985122446), (14.590946654756259, 4.089001273943398), (14.589773285508551, 4.106831258695666), (14.588547214694064, 4.124713939324241), (14.587268442345135, 4.142649315774045), (14.585936968494181, 4.160637387989925), (14.584552793173687, 4.178678155916659), (14.583115916416208, 4.196771619498952), (14.581626338254374, 4.214917778681437), (14.580084058720887, 4.233116633408676), (14.57848907784852, 4.251368183625157)]",True
1784490061.9931006,0,14.675545959050115,3.504335611193461,0.8014448340161925,83.93827509430375,-0.3848912233569809,11.43957905649469,2.647231736361633,1.120453110009387,79.82069158760339,-0.37443776897341685,-3.2359669025554254,-0.8571038748318278,0.3190082759931946,-4.117583506700356,0.010453454383564043,"[(14.611311114756969, 3.5027160643368775), (14.609123209974463, 3.5187676120761715), (14.60687786455398, 3.5348765941328804), (14.604575078552498, 3.5510430104180655), (14.602214852027128, 3.567266860842655), (14.59979718503511, 3.583548145317445), (14.597322077633818, 3.5998868637530994), (14.59478952988076, 3.61628301606015), (14.592199541833574, 3.632736602148995), (14.589552113550031, 3.6492476219299017), (14.586847245088036, 3.6658160753130047), (14.584084936505622, 3.6824419622083053), (14.58126518786096, 3.699125282525674), (14.578387999212351, 3.7158660361748472), (14.575453370618227, 3.7326642230654303), (14.572461302137155, 3.749519843106896), (14.569411793827832, 3.7664328962085847), (14.566304845749091, 3.7834033822797037), (14.563140457959893, 3.800431301229329), (14.559918630519332, 3.817516652966404), (14.556639363486637, 3.834659437399739), (14.553302656921169, 3.851859654438013), (14.54990851088242, 3.8691173039897713), (14.546456925430013, 3.8864323859634284), (14.542947900623709, 3.9038049002672657), (14.539381436523396, 3.921234846809432), (14.535757533189095, 3.9387222254979446), (14.53207619068096, 3.9562670362406873), (14.528337409059281, 3.9738692789454126), (14.524541188384474, 3.99152895351974), (14.520687528717092, 4.009246059871156), (14.516776430117817, 4.0270205979070175), (14.51280789264747, 4.044852567534545), (14.508781916366996, 4.062741968660831), (14.504698501337478, 4.0806888011928315), (14.500557647620127, 4.098693065037374), (14.496359355276292, 4.116754760101149), (14.49210362436745, 4.134873886290721), (14.487790454955213, 4.153050443512515), (14.483419847101324, 4.17128443167283), (14.478991800867655, 4.189575850677828), (14.47450631631622, 4.2079247004335425), (14.469963393509154, 4.226330980845871), (14.465363032508733, 4.244794691820581), (14.460705233377361, 4.263315833263307)]",True
1784490062.07587,0,14.698464146731238,3.511567653039934,0.800767280991817,83.93827509430375,-0.3848912233569809,11.450364065402276,2.650267396743999,1.120366929392546,79.82069158760339,-0.37443776897341685,-3.248100081328962,-0.8613002562959351,0.31959964840072896,-4.117583506700356,0.010453454383564043,"[(14.633390236315469, 3.5089358056870426), (14.63020303575034, 3.5245307572907496), (14.626963303973884, 3.540178236520291), (14.623671041020499, 3.555878243324665), (14.620326246924652, 3.5716307776528002), (14.61692892172088, 3.587435839453555), (14.613479065443794, 3.6032934286757166), (14.609976678128072, 3.6192035452680034), (14.606421759808462, 3.635166189179062), (14.602814310519786, 3.6511813603574703), (14.599154330296932, 3.6672490587517346), (14.59544181917486, 3.683369284310291), (14.591676777188601, 3.6995420369815064), (14.587859204373254, 3.7157673167136767), (14.583989100763992, 3.7320451234550274), (14.580066466396055, 3.748375457153714), (14.576091301304754, 3.7647583177578214), (14.57206360552547, 3.781193705215365), (14.567983379093656, 3.7976816194742886), (14.563850622044836, 3.8142220604824675), (14.5596653344146, 3.8308150281877054), (14.55542751623861, 3.847460522537736), (14.551137167552604, 3.8641585434802233), (14.546794288392379, 3.8809090909627604), (14.542398878793813, 3.8977121649328703), (14.537950938792848, 3.9145677653380058), (14.533450468425501, 3.9314758921255493), (14.528897467727854, 3.9484365452428127), (14.524291936736061, 3.9654497246370384), (14.519633875486349, 3.982515430255398), (14.514923284015014, 3.999633662044993), (14.510160162358419, 4.016804419952854), (14.505344510553, 4.034027703925943), (14.500476328635266, 4.05130351391115), (14.495555616641791, 4.0686318498552945), (14.490582374609223, 4.086012711705128), (14.48555660257428, 4.103446099407329), (14.480478300573747, 4.120932012908509), (14.475347468644483, 4.138470452155205), (14.470164106823415, 4.156061417093887), (14.464928215147541, 4.173704907670954), (14.459639793653931, 4.1914009238327345), (14.454298842379725, 4.209149465525487), (14.44890536136213, 4.226950532695398), (14.443459350638422, 4.244804125288587)]",True
1784490062.1483862,0,14.70611731192916,3.51392136558963,0.8006213464145341,83.93827509430375,-0.3848912233569809,11.461143013272528,2.6533216351415994,1.120297140329028,79.82069158760339,-0.37443776897341685,-3.244974298656633,-0.8605997304480306,0.31967579391449397,-4.117583506700356,0.010453454383564043,"[(14.633390236315469, 3.5089358056870426), (14.63020303575034, 3.5245307572907496), (14.626963303973884, 3.540178236520291), (14.623671041020499, 3.555878243324665), (14.620326246924652, 3.5716307776528002), (14.61692892172088, 3.587435839453555), (14.613479065443794, 3.6032934286757166), (14.609976678128072, 3.6192035452680034), (14.606421759808462, 3.635166189179062), (14.602814310519786, 3.6511813603574703), (14.599154330296932, 3.6672490587517346), (14.59544181917486, 3.683369284310291), (14.591676777188601, 3.6995420369815064), (14.587859204373254, 3.7157673167136767), (14.583989100763992, 3.7320451234550274), (14.580066466396055, 3.748375457153714), (14.576091301304754, 3.7647583177578214), (14.57206360552547, 3.781193705215365), (14.567983379093656, 3.7976816194742886), (14.563850622044836, 3.8142220604824675), (14.5596653344146, 3.8308150281877054), (14.55542751623861, 3.847460522537736), (14.551137167552604, 3.8641585434802233), (14.546794288392379, 3.8809090909627604), (14.542398878793813, 3.8977121649328703), (14.537950938792848, 3.9145677653380058), (14.533450468425501, 3.9314758921255493), (14.528897467727854, 3.9484365452428127), (14.524291936736061, 3.9654497246370384), (14.519633875486349, 3.982515430255398), (14.514923284015014, 3.999633662044993), (14.510160162358419, 4.016804419952854), (14.505344510553, 4.034027703925943), (14.500476328635266, 4.05130351391115), (14.495555616641791, 4.0686318498552945), (14.490582374609223, 4.086012711705128), (14.48555660257428, 4.103446099407329), (14.480478300573747, 4.120932012908509), (14.475347468644483, 4.138470452155205), (14.470164106823415, 4.156061417093887), (14.464928215147541, 4.173704907670954), (14.459639793653931, 4.1914009238327345), (14.454298842379725, 4.209149465525487), (14.44890536136213, 4.226950532695398), (14.443459350638422, 4.244804125288587)]",True
1784490062.2200174,0,14.713769160537998,3.5162748980835152,0.8005031685938504,83.93827509430375,-0.3848912233569809,11.47190500327055,2.656432828503913,1.1202406251453911,79.82069158760339,-0.37443776897341685,-3.2418641572674485,-0.8598420695796021,0.31973745655154073,-4.117583506700356,0.010453454383564043,"[(14.640682602914879, 3.5111948686674617), (14.637128356714042, 3.5267241143632), (14.633521605996775, 3.542305861130785), (14.629862350797788, 3.5579401089195617), (14.626150591151868, 3.5736268576788053), (14.622386327093862, 3.5893661073577214), (14.618569558658693, 3.605157857905446), (14.614700285881353, 3.621002109271044), (14.610778508796901, 3.6368988614035116), (14.606804227440469, 3.652848114251775), (14.602777441847255, 3.6688498677646897), (14.598698152052535, 3.684904121891042), (14.594566358091647, 3.7010108765795486), (14.590382060000003, 3.7171701317788557), (14.586145257813083, 3.7333818874375395), (14.581855951566435, 3.749646143504107), (14.577514141295682, 3.765962899926995), (14.57311982703651, 3.7823321566545705), (14.568673008824684, 3.7987539136351303), (14.56417368669603, 3.815228170816902), (14.55962186068645, 3.831754928148042), (14.555017530831915, 3.848334185576639), (14.550360697168463, 3.8649659430507093), (14.545651359732203, 3.881650200518201), (14.540889518559315, 3.8983869579269923), (14.536075173686049, 3.9151762152248906), (14.531208325148722, 3.9320179723596342), (14.526288972983723, 3.948912229278891), (14.521317117227513, 3.9658589859302595), (14.51629275791662, 3.982858242261268), (14.511215895087643, 3.9999099982193753), (14.50608652877725, 4.017014253751969), (14.500904659022178, 4.03417100880637), (14.495670285859237, 4.051380263329825), (14.490383409325307, 4.0686420172695135), (14.485044029457333, 4.085956270572546), (14.479652146292334, 4.10332302318596), (14.4742077598674, 4.120742275056727), (14.468710870219686, 4.138214026131744), (14.463161477386423, 4.155738276357843), (14.457559581404904, 4.173315025681783), (14.4519051823125, 4.190944274050253), (14.446198280146646, 4.208626021409874), (14.440438874944851, 4.226360267707196), (14.434626966744693, 4.244147012888698)]",True
1784490062.2489374,0,14.72142473154073,3.518612625412536,0.8004074681946607,83.93827509430375,-0.3848912233569809,11.504142908903157,2.665921343192619,1.1201277856029241,79.82069158760339,-0.37443776897341685,-3.217281822637572,-0.8526912822199169,0.31972031740826345,-4.117583506700356,0.010453454383564043,"[(14.635324612021005, 3.528061421020553), (14.63007083536706, 3.544871165239985), (14.624769805239433, 3.561728159609051), (14.619421521672098, 3.578632404078389), (14.614025984699097, 3.595583898598574), (14.60858319435453, 3.61258264312012), (14.603093150672564, 3.6296286375934756), (14.597555853687425, 3.646721881969028), (14.591971303433406, 3.663862376197101), (14.586339499944858, 3.6810501202279555), (14.5806604432562, 3.69828511401179), (14.57493413340191, 3.7155673574987396), (14.569160570416534, 3.7328968506388764), (14.563339754334674, 3.75027359338221), (14.557471685190997, 3.7676975856786874), (14.551556363020238, 3.785168827478192), (14.54559378785719, 3.8026873187305443), (14.539583959736706, 3.820253059385503), (14.533526878693712, 3.8378660493927623), (14.527422544763187, 3.8555262887019546)]",True
1784490062.2784986,0,14.729074602763562,3.5209659987898005,0.8003299700113969,83.93827509430375,-0.3848912233569809,11.51487189108767,2.669139213398731,1.1201034816881923,79.82069158760339,-0.37443776897341685,-3.2142027116758918,-0.8518267853910695,0.31977351167679535,-4.117583506700356,0.010453454383564043,"[(14.645615121138215, 3.5148161832438336), (14.639053235461711, 3.531524798585705), (14.632410736087646, 3.548314014838221), (14.625687623274906, 3.565183831652302), (14.618883897283096, 3.582134248678152), (14.611999558372533, 3.59916526556526), (14.605034606804255, 3.6162768819623983), (14.59798904284001, 3.633469097517623), (14.590862866742272, 3.6507419118782756), (14.583656078774224, 3.668095324690981), (14.576368679199762, 3.685529335601648), (14.569000668283508, 3.703043944255471), (14.561552046290789, 3.7206391502969267), (14.554022813487657, 3.7383149533697777), (14.546412970140878, 3.7560713531170697), (14.538722516517932, 3.7739083491811334), (14.530951452887017, 3.791825941203583), (14.523099779517045, 3.8098241288253174), (14.515167496677645, 3.8279029116865195), (14.507154604639164, 3.8460622894266567), (14.49906110367266, 3.8643022616844807), (14.490886994049916, 3.882622828098027), (14.482632276043422, 3.901023988304616), (14.47429694992639, 3.919505741940851), (14.465881015972746, 3.9380680886426216), (14.457384474457132, 3.9567110280451), (14.448807325654906, 3.975434559782743), (14.44014956984214, 3.994238683489293), (14.431411207295627, 4.013123398797775), (14.422592238292873, 4.032088705340499), (14.4136926631121, 4.051134602749059), (14.404712482032247, 4.070261090654334), (14.395651695332967, 4.089468168686486), (14.386510303294632, 4.1087558364749635), (14.377288306198329, 4.128124093648497), (14.36798570432586, 4.1475729398351024), (14.358602497959744, 4.16710237466208), (14.349138687383215, 4.186712397756014), (14.339594272880225, 4.2064030087427735), (14.32996925473544, 4.226174207247511), (14.320263633234243, 4.246025992894665), (14.310477408662734, 4.265958365307956), (14.300610581307728, 4.285971324110391), (14.290663151456753, 4.306064868924261), (14.28063511939806, 4.32623899937114)]",True
1784490062.3299692,0,14.752112592936346,3.5277161411333178,0.8001752353192527,83.93827509430375,-0.3848912233569809,11.5471445926644,2.6784948687697905,1.120054955921451,79.82069158760339,-0.37443776897341685,-3.204968000271945,-0.8492212723635273,0.31987972060219827,-4.117583506700356,0.010453454383564043,"[(14.661569554451988, 3.5181905854657614), (14.656089792812109, 3.53355876923107), (14.650557087215512, 3.548979893910502), (14.644971437702399, 3.564453959449656), (14.639332844313051, 3.5799809657940544), (14.633641307087823, 3.5955609128891437), (14.627896826067143, 3.6111938006802946), (14.62209940129152, 3.626879629112802), (14.616249032801536, 3.642618398131885), (14.610345720637849, 3.6584101076826854), (14.604389464841196, 3.6742547577102704), (14.598380265452388, 3.690152348159631), (14.59231812251231, 3.706102878975681), (14.586203036061924, 3.7221063501032603), (14.58003500614227, 3.7381627614871307), (14.573814032794463, 3.754272113071979), (14.567540116059694, 3.7704344048024168), (14.56121325597923, 3.7866496366229776), (14.554833452594412, 3.802917808478121), (14.54840070594666, 3.81923892031223), (14.54191501607747, 3.8356129720696104), (14.53537638302841, 3.8520399636944935), (14.52878480684113, 3.8685198951310342), (14.522140287557352, 3.885052766323311), (14.515442825218875, 3.9016385772153273), (14.508692419867572, 3.9182773277510092), (14.501889071545394, 3.934969017874208), (14.495032780294368, 3.9517136475286985), (14.488123546156599, 3.9685112166581793), (14.481161369174265, 3.9853617252062734), (14.47414624938962, 4.002265173116528), (14.467078186844994, 4.019221560332412), (14.459957181582794, 4.036230886797323), (14.452783233645507, 4.053293152454579), (14.445556343075689, 4.070408357247422), (14.438276509915974, 4.08757650111902), (14.430943734209073, 4.104797584012464), (14.423558015997774, 4.122071605870768), (14.41611935532494, 4.139398566636871), (14.408627752233508, 4.156778466253637), (14.401083206766497, 4.174211304663852), (14.393485718966994, 4.1916970818102275), (14.385835288878168, 4.209235797635398), (14.37813191654326, 4.226827452081923), (14.370375602005591, 4.2444720450922855)]",True
1784490062.3813999,0,14.767501517880588,3.532105965511608,0.800114919227197,83.93827509430375,-0.3848912233569809,11.568791564743309,2.684257076780519,1.1200360404179313,79.82069158760339,-0.37443776897341685,-3.1987099531372785,-0.8478488887310891,0.31992112119073424,-4.117583506700356,0.010453454383564043,"[(14.684067380252394, 3.5252072195579935), (14.678793646196784, 3.540538121268216), (14.673467623454131, 3.5559213088115404), (14.66808931206079, 3.5713567821384573), (14.662658712053183, 3.586844541199388), (14.6571758234678, 3.602384585944687), (14.6516406463412, 3.617976916324638), (14.64605318071001, 3.6336215322894585), (14.640413426610928, 3.649318433789297), (14.634721384080716, 3.6650676207742334), (14.628977053156209, 3.6808690931942794), (14.623180433874307, 3.6967228509993775), (14.617331526271979, 3.7126288941394034), (14.611430330386263, 3.728587222564163), (14.605476846254266, 3.744597836223395), (14.599471073913161, 3.760660735066769), (14.593413013400193, 3.7767759190438857), (14.587302664752672, 3.7929433881042787), (14.581140028007978, 3.8091631421974124), (14.574925103203558, 3.8254351812726832), (14.568657890376931, 3.841759505279419), (14.562338389565681, 3.8581361141668786), (14.555966600807462, 3.874565007884254), (14.549542524139994, 3.8910461863806676), (14.543066159601068, 3.907579649605174), (14.536537507228545, 3.9241653975067585), (14.529956567060347, 3.9408034300343395), (14.523323339134473, 3.9574937471367657), (14.516637823488983, 3.9742363487628185), (14.509900020162013, 3.99103123486121), (14.50310992919176, 4.007878405380584), (14.496267550616496, 4.024777860269517), (14.489372884474557, 4.0417295994765166), (14.482425930804348, 4.058733622950021), (14.475426689644342, 4.0757899306384004), (14.468375161033082, 4.092898522489958), (14.46127134500918, 4.110059398452927), (14.454115241611314, 4.127272558475474), (14.44690685087823, 4.144538002505696), (14.439646172848747, 4.161855730491621), (14.432333207561745, 4.17922574238121), (14.42496795505618, 4.196648038122354), (14.417550415371075, 4.214122617662878), (14.410080588545513, 4.231649480950536), (14.402558474618656, 4.249228627933016)]",True
1784490062.4598935,0,14.790613935219913,3.5385814198646925,0.8000610331514373,83.93827509430375,-0.3848912233569809,11.60135709217329,2.692532989909967,1.1200191414077179,79.82069158760339,-0.37443776897341685,-3.189256843046623,-0.8460484299547257,0.31995810825628057,-4.117583506700356,0.010453454383564043,"[(14.747507110120269, 3.5441424170728375), (14.744364478431546, 3.5598428569486305), (14.74116961522142, 3.575595524807481), (14.737922520523181, 3.591400420599803), (14.734623194370192, 3.6072575442759445), (14.73127163679588, 3.623166895786184), (14.727867847833739, 3.6391284750807324), (14.724411827517335, 3.655142282109734), (14.720903575880296, 3.6712083168232645), (14.717343092956325, 3.6873265791713323), (14.713730378779186, 3.7034970691038778), (14.710065433382713, 3.7197197865707734), (14.70634825680081, 3.7359947315218243), (14.702578849067446, 3.752321903906768), (14.69875721021666, 3.7687013036752735), (14.694883340282557, 3.7851329307769426), (14.690957239299308, 3.8016167851613094), (14.686978907301157, 3.81815286677784), (14.68294834432241, 3.834741175575933), (14.678865550397447, 3.8513817115049194), (14.67473052556071, 3.868074474514062), (14.67054326984671, 3.884819464552556), (14.666303783290031, 3.9016166815695286), (14.662012065925317, 3.91846612551404), (14.657668117787285, 3.9353677963350826), (14.653271938910716, 3.95232169398158), (14.648823529330462, 3.9693278184023897), (14.644322889081442, 3.9863861695462997), (14.639770018198641, 4.003496747362031), (14.635164916717116, 4.0206595517982375), (14.630507584671985, 4.0378745828035045), (14.625798022098442, 4.05514184032635), (14.62103622903174, 4.072461324315224), (14.616222205507205, 4.0898330347185095), (14.611355951560231, 4.10725697148452), (14.60643746722628, 4.124733134561503), (14.60146675254088, 4.142261523897639), (14.596443807539623, 4.159842139441037), (14.59136863225818, 4.177474981139742), (14.586241226732277, 4.19516004894173), (14.581061590997713, 4.21289734279491), (14.575829725090358, 4.23068686264712), (14.570545629046146, 4.248528608446136), (14.56520930290108, 4.26642258013966), (14.559820746691228, 4.284368777675331)]",True
1784490062.7964258,0,14.92155344160527,3.5753307116866595,0.8000017019847011,83.93827509430375,-0.3848912233569809,11.785688683184214,2.7401720701547427,1.1200005347829354,79.82069158760339,-0.37443776897341685,-3.1358647584210573,-0.8351586415319168,0.31999883279823427,-4.117583506700356,0.010453454383564043,"[(14.807667709162518, 3.561064455808707), (14.803036619766921, 3.5763541849551714), (14.798353254984374, 3.59169618647147), (14.793617614850291, 3.607090460308282), (14.788829699400157, 3.6225370064162186), (14.783989508669526, 3.6380358247458227), (14.77909704269402, 3.653586915247569), (14.774152301509323, 3.6691902778718646), (14.769155285151196, 3.6848459125690476), (14.764105993655464, 3.7005538192893885), (14.759004427058018, 3.716313997983089), (14.753850585394822, 3.7321264486002836), (14.748644468701906, 3.747991171091038), (14.743386077015368, 3.7639081654053497), (14.738075410371373, 3.7798774314931483), (14.732712468806156, 3.795898969304295), (14.727297252356019, 3.8119727787885824), (14.721829761057332, 3.828098859895736), (14.716309994946537, 3.844277212575413), (14.71073795406014, 3.8605078367772014), (14.705113638434714, 3.8767907324506217), (14.699437048106905, 3.8931258995451263), (14.693708183113422, 3.9095133380100995), (14.68792704349105, 3.9259530477948568), (14.682093629276633, 3.942445028848646), (14.676207940507087, 3.958989281120647), (14.670269977219398, 3.9755858045599712), (14.664279739450617, 3.992234599115662), (14.658237227237866, 4.008935664736693), (14.652142440618332, 4.0256890013719735), (14.645995379629275, 4.04249460897034), (14.639796044308019, 4.059352487480566), (14.633544434691956, 4.076262636851351), (14.62724055081855, 4.09322505703133), (14.62088439272533, 4.11023974796907), (14.614475960449894, 4.127306709613068), (14.60801525402991, 4.144425941911754), (14.601502273503108, 4.16159744481349), (14.594937018907293, 4.1788212182665685), (14.588319490280337, 4.196097262219216), (14.581649687660176, 4.2134255766195885), (14.57492761108482, 4.230806161415775), (14.568153260592343, 4.2482390165557975), (14.561326636220889, 4.265724141987607), (14.554447738008669, 4.283261537659088)]",True
1784490062.8334274,0,14.936986599506346,3.5795518046231165,0.8000011202242567,83.93827509430375,-0.3848912233569809,11.807466863656934,2.745413266138924,1.1200003523392235,79.82069158760339,-0.37443776897341685,-3.129519735849412,-0.8341385384841926,0.3199992321149667,-4.117583506700356,0.010453454383564043,"[(14.838717923555755, 3.569469744893103), (14.835516554493964, 3.584965038371496), (14.83226319616434, 3.6005123176939247), (14.828957848599709, 3.616111582811865), (14.82560051183297, 3.6317628336767287), (14.822191185897085, 3.6474660702398594), (14.81872987082508, 3.6632212924525356), (14.815216566650056, 3.6790285002659693), (14.81165127340517, 3.6948876936313058), (14.808033991123649, 3.710798872499624), (14.804364719838789, 3.7267620368219374), (14.800643459583954, 3.742777186549192), (14.796870210392568, 3.7588443216322673), (14.793044972298123, 3.7749634420219778), (14.78916774533418, 3.7911345476690705), (14.785238529534364, 3.807357638524227), (14.781257324932369, 3.8236327145380615), (14.777224131561953, 3.839959775661123), (14.773138949456943, 3.8563388218438925), (14.769001778651226, 3.8727698530367864), (14.764812619178763, 3.889252869190154), (14.760571471073577, 3.9057878702542785), (14.75627833436976, 3.9223748561793768), (14.751933209101468, 3.9390138269155988), (14.747536095302923, 3.9557047824130285), (14.743086993008417, 3.9724477226216837), (14.738585902252304, 3.989242647491516), (14.734032823069008, 4.00608955697241), (14.729427755493015, 4.022988451014184), (14.724770699558881, 4.039939329566591), (14.720061655301228, 4.056942192579318), (14.715300622754743, 4.073997040001983), (14.71048760195418, 4.09110387178414), (14.70562259293436, 4.108262687875276), (14.700705595730168, 4.125473488224811), (14.69573661037656, 4.1427362727821), (14.690715636908553, 4.160051041496431), (14.685642675361233, 4.177417794317026), (14.680517725769754, 4.1948365311930385), (14.675340788169331, 4.212307252073559), (14.670111862595252, 4.2298299569076105), (14.664830949082868, 4.247404645644148), (14.659498047667594, 4.2650313182320625), (14.654113158384916, 4.282709974620176), (14.648676281270385, 4.300440614757248)]",True
1784490063.0100443,0,14.944703684301961,3.5816605126786754,0.8000009094249638,83.93827509430375,-0.3848912233569809,11.818367258099894,2.747986454680008,1.1200002862312475,79.82069158760339,-0.37443776897341685,-3.1263364262020676,-0.8336740579986675,0.31999937680628365,-4.117583506700356,0.010453454383564043,"[(14.886061081516763, 3.5828899351960906), (14.88269185168411, 3.598366333138555), (14.87927028896606, 3.613895060521487), (14.875796393396596, 3.629476117295011), (14.87227016500977, 3.645109503409184), (14.8686916038397, 3.660795218813993), (14.865060709920575, 3.6765332634593566), (14.861377483286653, 3.6923236372951256), (14.857641923972254, 3.708166340271081), (14.853854032011776, 3.7240613723369353), (14.850013807439684, 3.740008733442333), (14.846121250290505, 3.756008423536849), (14.84217636059884, 3.7720604425699906), (14.838179138399362, 3.7881647904911957), (14.834129583726805, 3.8043214672498338), (14.830027696615975, 3.8205304727952054), (14.825873477101748, 3.8367918070765428), (14.821666925219066, 3.853105470043009), (14.817408041002944, 3.8694714616436996), (14.813096824488461, 3.8858897818276397), (14.808733275710768, 3.902360430543787), (14.804317394705082, 3.9188834077410304), (14.799849181506692, 3.9354587133681895), (14.795328636150954, 3.952086347374016), (14.79075575867329, 3.968766309707193), (14.786130549109195, 3.9854986003163333), (14.78145300749423, 4.002283219149984), (14.776723133864024, 4.01912016615662), (14.771940928254278, 4.036009441284651), (14.767106390700759, 4.052951044482414), (14.762219521239304, 4.069944975698182), (14.757280319905819, 4.086991234880156), (14.752288786736276, 4.104089821976468), (14.74724492176672, 4.121240736935185), (14.74214872503326, 4.138443979704302), (14.737000196572078, 4.155699550231747), (14.73179933641942, 4.173007448465377), (14.726546144611607, 4.190367674352983), (14.721240621185022, 4.207780227842287), (14.715882766176119, 4.22524510888094), (14.710472579621426, 4.242762317416527), (14.70501006155753, 4.260331853396563), (14.699495212021095, 4.2779537167684945), (14.693928031048848, 4.2956279074797), (14.688308518677589, 4.313354425477488)]",True
1784490063.0310504,0,15.029413084549658,3.6054916538467854,0.8000001000647569,83.93827509430375,-0.3848912233569809,11.941716786959496,2.7791454236612583,1.254336866019887,81.0419600588161,-0.373460013349247,-3.0876962975901616,-0.8263462301855271,0.4543367659551302,-2.896315035487646,0.011431210007733894,"[(14.946026829976697, 3.5996593105111), (14.940500987220835, 3.6146576321671064), (14.93492274343908, 3.6297083521497013), (14.929292098668348, 3.6448114704094983), (14.923609052945626, 3.659966986897043), (14.917873606307966, 3.6751749015628117), (14.912085758792493, 3.690435214357212), (14.9062455104364, 3.705747925230582), (14.900352861276945, 3.7211130341331913), (14.89440781135146, 3.7365305410152403), (14.888410360697344, 3.752000445826861), (14.882360509352067, 3.7675227485181155), (14.876258257353161, 3.7830974490389977), (14.870103604738235, 3.798724547339432), (14.863896551544965, 3.8144040433692745), (14.857637097811093, 3.830135937078312), (14.851325243574433, 3.8459202284162624), (14.844960988872867, 3.861756917332774), (14.838544333744345, 3.877646003777427), (14.832075278226887, 3.8935874876997327), (14.82555382235858, 3.909581369049133), (14.818979966177583, 3.9256276477750003), (14.812353709722123, 3.9417263238266393), (14.805675053030496, 3.957877397153285), (14.798943996141066, 3.9740808677041035), (14.792160539092265, 3.9903367354281922), (14.785324681922598, 4.006645000274579), (14.778436424670634, 4.023005662192224), (14.771495767375017, 4.0394187211300165), (14.764502710074455, 4.055884177036779), (14.757457252807725, 4.072402029861263), (14.750359395613675, 4.088972279552153), (14.74320913853122, 4.105594926058062), (14.736006481599349, 4.1222699693275375), (14.728751424857112, 4.138997409309055), (14.721443968343634, 4.155777245951022), (14.714084112098107, 4.172609479201777), (14.706671856159794, 4.189494109009591), (14.699207200568022, 4.206431135322665), (14.691690145362193, 4.2234205580891295), (14.684120690581771, 4.240462377257048), (14.676498836266298, 4.257556592774415), (14.668824582455375, 4.274703204589154), (14.661097929188681, 4.291902212649123), (14.65331887650596, 4.309153616902107)]",True
1784490063.0769958,0,15.044778916635638,3.609951530372025,0.8000000697235393,83.93827509430375,-0.3848912233569809,11.965447637494428,2.78562669020858,1.2080948996659198,81.0419600588161,-0.373460013349247,-3.0793312791412095,-0.8243248401634453,0.40809482994238044,-2.896315035487646,0.011431210007733894,"[(14.961075106892872, 3.603731943103956), (14.955188081224634, 3.6186257854252744), (14.949248668530512, 3.633572012209314), (14.943256868847834, 3.6485706234069055), (14.937212682214007, 3.6636216189688113), (14.931116108666496, 3.6787249988457242), (14.924967148242839, 3.6938807629882686), (14.918765800980646, 3.7090889113469996), (14.912512066917591, 3.7243494438724043), (14.90620594609142, 3.7396623605149006), (14.899847438539945, 3.755027661224837), (14.893436544301048, 3.7704453459524943), (14.886973263412683, 3.785915414648083), (14.880457595912869, 3.8014378672617464), (14.873889541839693, 3.8170127037435577), (14.867269101231315, 3.832639924043522), (14.860596274125962, 3.8483195281115754), (14.853871060561929, 3.864051515897585), (14.847093460577579, 3.879835887351349), (14.840263474211346, 3.8956726424225976), (14.833381101501733, 3.911561781060991), (14.826446342487307, 3.927503303216121), (14.819459197206712, 3.9434972088375106), (14.812419665698654, 3.9595434978746145), (14.805327748001911, 3.9756421702768177), (14.798183444155331, 3.9917932259934368), (14.790986754197828, 4.00799666497372), (14.783737678168384, 4.024252487166845), (14.776436216106054, 4.0405606925219235), (14.76908236804996, 4.056921280987996), (14.76167613403929, 4.0733342525140355), (14.754217514113304, 4.089799607048945), (14.746706508311329, 4.1063173445415595), (14.739143116672762, 4.122887464940645), (14.731527339237072, 4.139509968194898), (14.72385917604379, 4.156184854252948), (14.716138627132521, 4.172912123063354), (14.708365692542936, 4.189691774574607), (14.700540372314777, 4.206523808735128), (14.692662666487854, 4.223408225493272), (14.684732575102046, 4.240345024797321), (14.676750098197301, 4.257334206595491), (14.668715235813634, 4.274375770835929), (14.66062798799113, 4.291469717466713), (14.652488354769943, 4.308616046435851)]",True
1784490063.132882,0,15.090715911464317,3.6238679330251107,0.8000000282219228,83.93827509430375,-0.3848912233569809,12.022286637981049,2.8004138897369684,1.1506788920606725,81.0419600588161,-0.373460013349247,-3.068429273483268,-0.8234540432881423,0.3506788638387497,-2.896315035487646,0.011431210007733894,"[(14.98369719041948, 3.610058269358282), (14.977360103752313, 3.624827380396329), (14.97097064385107, 3.639648862272238), (14.96452881075361, 3.6545227149370847), (14.958034604497863, 3.6694489383418776), (14.951488025121826, 3.684427532437555), (14.944889072663566, 3.699458497174987), (14.938237747161216, 3.714541832504975), (14.931534048652981, 3.729677538378252), (14.924777977177135, 3.744865614745482), (14.917969532772016, 3.7601060615572606), (14.911108715476036, 3.7753988787641144), (14.904195525327673, 3.7907440663165013), (14.897229962365472, 3.8061416241648103), (14.890212026628053, 3.8215915522593624), (14.883141718154098, 3.8370938505504095), (14.876019036982361, 3.8526485189881345), (14.868843983151663, 3.8682555575226525), (14.861616556700897, 3.8839149661040087), (14.85433675766902, 3.8996267446821804), (14.847004586095062, 3.9153908932070762), (14.839620042018119, 3.931207411628536), (14.832183125477355, 3.94707629989633), (14.824693836512008, 3.9629975579601617), (14.817152175161377, 3.978971185769664), (14.809558141464837, 3.994997183274402), (14.801911735461827, 4.011075550423872), (14.794212957191853, 4.027206287167502), (14.786461806694497, 4.04338939345465), (14.778658284009405, 4.059624869234606), (14.770802389176291, 4.075912714456593), (14.762894122234938, 4.092252929069764), (14.7549334832252, 4.108645513023201), (14.746920472186998, 4.12509046626592), (14.738855089160323, 4.141587788746869), (14.730737334185232, 4.158137480414926), (14.722567207301852, 4.174739541218898), (14.71434470855038, 4.191393971107527), (14.706069837971082, 4.208100770029486), (14.69774259560429, 4.2248599379333776), (14.689362981490406, 4.241671474767736), (14.680930995669902, 4.258535380481028), (14.672446638183317, 4.27545165502165), (14.66390990907126, 4.292420298337929), (14.655320808374405, 4.309441310378128)]",True
1784490063.1917634,0,15.105985676474047,3.628646306146082,0.8000000226107302,83.93827509430375,-0.3848912233569809,12.055335165235896,2.8095306232682566,1.1362919492408503,81.0419600588161,-0.373460013349247,-3.0506505112381515,-0.8191156828778254,0.3362919266301201,-2.896315035487646,0.011431210007733894,"[(15.029164005309232, 3.623108816871789), (15.022818312599773, 3.637819160178011), (15.016420397383303, 3.6525817236349405), (15.009970259697258, 3.6673965071942956), (15.003467899579139, 3.6822635108077266), (14.996913317066515, 3.697182734426816), (14.99030651219702, 3.7121541780030793), (14.98364748500836, 3.7271778414879635), (14.976936235538309, 3.7422537248328487), (14.970172763824705, 3.7573818279890463), (14.963357069905456, 3.7725621509078007), (14.956489153818538, 3.7877946935402886), (14.949569015601993, 3.8030794558376186), (14.942596655293931, 3.818416437750832), (14.935572072932532, 3.833805639230902), (14.928495268556041, 3.849247060228734), (14.921366242202772, 3.8647407006951666), (14.914184993911107, 3.8802865605809695), (14.906951523719494, 3.895884639836846), (14.899665831666452, 3.91153493841343), (14.892327917790563, 3.9272374562612895), (14.884937782130482, 3.9429921933309235), (14.877495424724927, 3.958799149572764), (14.870000845612687, 3.9746583249371743), (14.862454044832617, 3.990569719374452), (14.854855022423642, 4.006533332834825), (14.847203778424753, 4.022549165268454), (14.839500312875005, 4.038617216625433), (14.831744625813526, 4.054737486855786), (14.823936717279512, 4.070909975909473), (14.816076587312224, 4.087134683736382), (14.808164235950992, 4.1034116102863365), (14.80019966323521, 4.119740755509091), (14.792182869204346, 4.136122119354333), (14.784113853897932, 4.152555701771681), (14.775992617355568, 4.169041502710687), (14.767819159616922, 4.185579522120835), (14.759593480721731, 4.202169759951541), (14.751315580709798, 4.218812216152154), (14.742985459620993, 4.235506890671953), (14.734603117495256, 4.252253783460153), (14.726168554372595, 4.269052894465899), (14.717681770293083, 4.285904223638268), (14.709142765296862, 4.302807770926271), (14.700551539424142, 4.319763536278849)]",True
1784490063.2424288,0,15.128954513910937,3.635605469557749,0.8000000175977205,83.93827509430375,-0.3848912233569809,12.0879675999882,2.81894493320926,1.1286518001273558,81.0419600588161,-0.373460013349247,-3.040986913922737,-0.8166605363484889,0.32865178252963523,-2.896315035487646,0.011431210007733894,"[(15.068178927924425, 3.63471497152977), (15.061859200115578, 3.649451920948908), (15.055487086777092, 3.664241253502911), (15.049062587946855, 3.679082969142831), (15.042585703662828, 3.6939770678196493), (15.036056433963036, 3.7089235494842785), (15.029474778885579, 3.7239224140875633), (15.022840738468618, 3.7389736615802787), (15.016154312750391, 3.754077291913131), (15.009415501769197, 3.7692333050367584), (15.002624305563412, 3.7844417009017297), (14.995780724171473, 3.799702479458545), (14.988884757631888, 3.815015640657635), (14.98193640598324, 3.8303811844493634), (14.974935669264172, 3.845799110784023), (14.967882547513401, 3.8612694196118387), (14.960777040769711, 3.876792110882967), (14.953619149071958, 3.8923671845474948), (14.946408872459061, 3.9079946405554407), (14.939146210970012, 3.9236744788567544), (14.93183116464387, 3.939406699401317), (14.924463733519767, 3.9551913021389398), (14.917043917636896, 3.9710282870193665), (14.909571717034526, 3.9869176539922715), (14.90204713175199, 4.00285940300726), (14.894470161828695, 4.0188535340138705), (14.88684080730411, 4.034900046961569), (14.87915906821778, 4.050998941799756), (14.871424944609313, 4.067150218477761), (14.86363843651839, 4.083353876944846), (14.855799543984757, 4.099609917150205), (14.847908267048231, 4.11591833904296), (14.8399646057487, 4.132279142572166), (14.831968560126114, 4.1486923276868115), (14.8239201302205, 4.165157894335813), (14.815819316071948, 4.181675842468019), (14.807666117720622, 4.19824617203221), (14.799460535206746, 4.214868882977097), (14.791202568570624, 4.231543975251322), (14.782892217852622, 4.248271448803458), (14.774529483093174, 4.265051303582012), (14.766114364332786, 4.281883539535418), (14.75764686161203, 4.298768156612043), (14.749126974971553, 4.315705154760186), (14.740554704452062, 4.332694533928077)]",True
1784490063.2773254,0,15.151964928207589,3.642424916295198,0.8000000149355746,83.93827509430375,-0.3848912233569809,12.120497065653028,2.8280991998581353,1.12459451852087,81.0419600588161,-0.373460013349247,-3.0314678625545604,-0.8143257164370628,0.3245945035852953,-2.896315035487646,0.011431210007733894,"[(15.090677653832431, 3.641806565617573), (15.083980220696704, 3.6564912271264327), (15.077230414162084, 3.671228259763976), (15.070428234266915, 3.6860176634813806), (15.063573681049602, 3.700859438229757), (15.056666754548624, 3.7157535839601454), (15.049707454802528, 3.7307001006235185), (15.042695781849925, 3.74569898817078), (15.035631735729503, 3.760750246552764), (15.02851531648001, 3.775853875720237), (15.02134652414027, 3.791009875623896), (15.014125358749173, 3.80621824621437), (15.006851820345673, 3.821478987442219), (14.999525908968801, 3.836792099257934), (14.992147624657651, 3.8521575816119373), (14.984716967451387, 3.8675754344545834), (14.977233937389244, 3.8830456577361567), (14.96969853451052, 3.898568251406874), (14.962110758854589, 3.914143215416883), (14.95447061046089, 3.9297705497162627), (14.94677808936893, 3.9454502542550234), (14.939033195618288, 3.9611823289831065), (14.931235929248606, 3.976966773850385), (14.9233862902996, 3.9928035888066633), (14.915484278811054, 4.008692773801676), (14.907529894822817, 4.0246343287850905), (14.899523138374812, 4.040628253706505), (14.891464009507027, 4.056674548515448), (14.883352508259518, 4.072773213161382), (14.875188634672416, 4.088924247593696), (14.86697238878591, 4.105127651761716), (14.85870377064027, 4.121383425614695), (14.850382780275824, 4.137691569101819), (14.842009417732974, 4.154052082172206), (14.833583683052193, 4.1704649647749035), (14.825105576274018, 4.186930216858891), (14.816575097439054, 4.20344783837308), (14.807992246587979, 4.220017829266313), (14.79935702376154, 4.236640189487363), (14.79066942900055, 4.253314918984936), (14.78192946234589, 4.270042017707667), (14.77313712383851, 4.286821485604123), (14.76429241351943, 4.303653322622804), (14.755395331429739, 4.320537528712139), (14.746445877610595, 4.33747410382049)]",True
1784490063.329395,0,15.17504267851035,3.6490139185494255,0.8000000135218488,83.93827509430375,-0.3848912233569809,12.153049031114765,2.8368264103326744,1.1224399095217792,81.0419600588161,-0.373460013349247,-3.0219936473955844,-0.8121875082167511,0.3224398959999304,-2.896315035487646,0.011431210007733894,"[(15.12844887384786, 3.653359849932234), (15.121301102277735, 3.6679475577093545), (15.114100976601284, 3.6825876174817447), (15.106848496857356, 3.69728002920081), (15.099543663084873, 3.712024792817888), (15.09218647532282, 3.726821908284248), (15.084776933610254, 3.74167137555109), (15.077315037986299, 3.7565731945695453), (15.06980078849015, 3.7715273652906776), (15.062234185161067, 3.7865338876654815), (15.054615228038381, 3.801592761644883), (15.046943917161494, 3.81670398717974), (15.039220252569871, 3.8318675642208415), (15.031444234303049, 3.8470834927189075), (15.02361586240063, 3.8623517726245904), (15.01573513690229, 3.8776724038884733), (15.007802057847769, 3.8930453864610715), (14.999816625276877, 3.908470720292831), (14.991778839229495, 3.9239484053341296), (14.983688699745569, 3.9394784415352766), (14.975546206865115, 3.9550608288465128), (14.967351360628218, 3.9706955672180104), (14.95910416107503, 3.986382656599873), (14.950804608245774, 4.002122096942136), (14.942452702180738, 4.017913888194765), (14.93404844292028, 4.033758030307658), (14.925591830504832, 4.049654523230646), (14.917082864974887, 4.065603366913488), (14.908521546371007, 4.081604561305879), (14.89990787473383, 4.09765810635744), (14.891241850104052, 4.113764002017728), (14.882523472522447, 4.129922248236229), (14.87375274202985, 4.146132844962362), (14.86492965866717, 4.162395792145476), (14.856054222475384, 4.178711089734853), (14.847126433495536, 4.1950787376797045), (14.838146291768735, 4.211498735929175), (14.829113797336166, 4.22797108443234), (14.820028950239076, 4.244495783138207), (14.810891750518785, 4.2610728319957145), (14.80170219821668, 4.277702230953731), (14.792460293374214, 4.29438397996106), (14.783166036032915, 4.311118078966432), (14.773819426234374, 4.3279045279185135), (14.764420464020251, 4.344743326765899)]",True
1784490063.3781319,0,15.198141914956567,3.6555272696015257,0.8000000127710933,83.93827509430375,-0.3848912233569809,12.185734804601614,2.844838986849029,1.1212957099346614,81.0419600588161,-0.373460013349247,-3.0124071103549532,-0.8106882827524968,0.3212956971635681,-2.896315035487646,0.011431210007733894,"[(15.143656430645303, 3.6578233597625727), (15.136377770041722, 3.672366577317426), (15.129046761796355, 3.6869621404537827), (15.121663405948196, 3.7016100491231367), (15.114227702536315, 3.7163103032769134), (15.106739651599845, 3.7310629028664692), (15.099199253177991, 3.745867847843093), (15.091606507310024, 3.7607251381580045), (15.083961414035286, 3.775634773762355), (15.076263973393186, 3.7905967546072272), (15.0685141854232, 3.8056110806436356), (15.060712050164877, 3.8206777518225263), (15.05285756765783, 3.835796768094777), (15.044950737941742, 3.850968129411196), (15.036991561056363, 3.866191835722524), (15.028980037041515, 3.8814678869794323), (15.020916165937088, 3.8967962831325256), (15.012799947783035, 3.912177024132338), (15.004631382619388, 3.9276101099293363), (14.996410470486238, 3.9430955404739185), (14.988137211423746, 3.9586333157164137), (14.979811605472143, 3.974223435607083), (14.971433652671731, 3.9898659000961194), (14.963003353062877, 4.005560709133646), (14.954520706686017, 4.021307862669719), (14.945985713581656, 4.037107360654325), (14.93739837379037, 4.052959203037383), (14.928758687352797, 4.068863389768743), (14.920066654309652, 4.084819920798187), (14.911322274701712, 4.100828796075427), (14.902525548569823, 4.116890015550108), (14.893676475954905, 4.133003579171806), (14.884775056897938, 4.149169486890029), (14.87582129143998, 4.165387738654217), (14.866815179622149, 4.181658334413739), (14.857756721485636, 4.197981274117898), (14.8486459170717, 4.214356557715926), (14.839482766421668, 4.230784185156991), (14.830267269576936, 4.247264156390187), (14.820999426578968, 4.263796471364545), (14.811679237469296, 4.280381130029022), (14.802306702289522, 4.297018132332512), (14.792881821081316, 4.313707478223835), (14.783404593886415, 4.330449167651746), (14.773875020746624, 4.347243200564931)]",True
1784490063.443621,0,15.213545272664769,3.6598557588972698,0.8000000124784463,83.93827509430375,-0.3848912233569809,12.207567627726268,2.8499417598563945,1.1208496971713287,81.0419600588161,-0.373460013349247,-3.0059776449385005,-0.8099139990408752,0.32084968469288233,-2.896315035487646,0.011431210007733894,"[(15.174213532472615, 3.6664868721331323), (15.166734323653992, 3.680936851127798), (15.159202773480338, 3.6954391695014346), (15.151618881990888, 3.709993827205685), (15.14398264922495, 3.7246008241921253), (15.1362940752219, 3.739260160412262), (15.12855316002118, 3.753971835817533), (15.120759903662302, 3.7687358503593082), (15.112914306184846, 3.7835522039888896), (15.105016367628462, 3.7984208966575097), (15.097066088032866, 3.8133419283163335), (15.089063467437844, 3.828315298916457), (15.081008505883252, 3.8433410084089075), (15.072901203409012, 3.8584190567446446), (15.064741560055113, 3.8735494438745586), (15.056529575861617, 3.8887321697494723), (15.048265250868651, 3.9039672343201395), (15.03994858511641, 3.9192546375372452), (15.03157957864516, 3.934594379351407), (15.023158231495234, 3.949986459713173), (15.014684543707034, 3.9654308785730232), (15.006158515321031, 3.98092763588137), (14.997580146377762, 3.9964767315885563), (14.988949436917835, 4.012078165644857), (14.980266386981924, 4.0277319380004775), (14.971530996610776, 4.043438048605556), (14.962743265845202, 4.059196497410163), (14.953903194726083, 4.075007284364299), (14.945010783294366, 4.090870409417896), (14.936066031591073, 4.106785872520819), (14.927068939657289, 4.122753673622863), (14.918019507534167, 4.1387738126737545), (14.90891773526293, 4.154846289623154), (14.899763622884873, 4.170971104420651), (14.890557170441353, 4.187148257015768), (14.8812983779738, 4.203377747357958), (14.87198724552371, 4.219659575396606), (14.862623773132649, 4.235993741081028), (14.853207960842251, 4.252380244360474), (14.843739808694218, 4.268819085184122), (14.834219316730321, 4.285310263501083), (14.824646484992398, 4.3018537792604015), (14.815021313522358, 4.318449632411051), (14.805343802362177, 4.335097822901937), (14.795613951553898, 4.351798350681897)]",True
1784490063.4743965,0,15.228952110137286,3.6641718465731348,0.8000000122865355,83.93827509430375,-0.3848912233569809,12.229392725729975,2.8550454031317187,1.120557212687601,81.0419600588161,-0.373460013349247,-2.999559384407311,-0.809126443441416,0.3205572004010654,-2.896315035487646,0.011431210007733894,"[(15.19718923404571, 3.6729356321829782), (15.189597221037328, 3.687325123453051), (15.181952868224588, 3.7017669526006602), (15.174256175646871, 3.716261119577534), (15.166507143343628, 3.73080762433533), (15.158705771354377, 3.745406466825639), (15.150852059718707, 3.7600576469999822), (15.142946008476274, 3.7747611648098136), (15.134987617666802, 3.7895170202065174), (15.126976887330084, 3.8043252131414103), (15.118913817505982, 3.8191857435657406), (15.110798408234423, 3.8340986114306874), (15.102630659555407, 3.8490638166873623), (15.094410571509002, 3.864081359286808), (15.08613814413534, 3.8791512391799983), (15.077813377474627, 3.894273456317839), (15.069436271567131, 3.909448010651168), (15.061006826453196, 3.9246749021307545), (15.05252504217323, 3.9399541307072985), (15.04399091876771, 3.955285696331432), (15.035404456277181, 3.970669598953719), (15.02676565474226, 3.9861058385246544), (15.018074514203626, 4.001594414994665), (15.009331034702031, 4.01713532831411), (15.000535216278296, 4.032728578433278), (14.991687058973307, 4.048374165302391), (14.98278656282802, 4.064072088871603), (14.973833727883463, 4.079822349090997), (14.964828554180727, 4.09562494591059), (14.955771041760974, 4.1114798792803295), (14.946661190665433, 4.1273871491500955), (14.937499000935402, 4.143346755469698), (14.928284472612251, 4.159358698188879), (14.919017605737412, 4.175422977257314), (14.909698400352394, 4.191539592624609), (14.900326856498765, 4.207708544240298), (14.890902974218166, 4.223929832053853), (14.881426753552308, 4.240203456014673), (14.871898194542965, 4.25652941607209), (14.862317297231987, 4.272907712175367), (14.852684061661286, 4.289338344273699), (14.842998487872848, 4.305821312316213), (14.83326057590872, 4.322356616251967), (14.823470325811027, 4.33894425602995), (14.813627737621953, 4.355584231599084)]",True
1784490063.5381045,0,15.25206683873795,3.6706300079724885,0.8000000121150833,83.93827509430375,-0.3848912233569809,12.262003732544294,2.8631870230666303,1.1202959086058615,81.0419600588161,-0.373460013349247,-2.990063106193656,-0.8074429849058582,0.32029589649077816,-2.896315035487646,0.011431210007733894,"[(15.235560729226052, 3.6836225651287102), (15.227832383634954, 3.6979279647328354), (15.220051699282534, 3.712285701233779), (15.212218676208355, 3.726695774583375), (15.204333314452047, 3.7411581847333886), (15.19639561405331, 3.7556729316355164), (15.188405575051913, 3.770240015241387), (15.180363197487694, 3.7848594355025607), (15.172268481400558, 3.7995311923705284), (15.164121426830478, 3.8142552857967136), (15.155922033817497, 3.8290317157324707), (15.147670302401727, 3.8438604821290863), (15.139366232623344, 3.8587415849377775), (15.131009824522597, 3.873675024109694), (15.122601078139803, 3.8886607995959173), (15.114139993515348, 3.9036989113474587), (15.105626570689683, 3.918789359315263), (15.097060809703327, 3.933932143450206), (15.088442710596874, 3.949127263703094), (15.079772273410981, 3.964374720024666), (15.071049498186374, 3.9796745123655923), (15.062274384963851, 3.9950266406764747), (15.053446933784272, 4.0104311049078465), (15.044567144688571, 4.025887905010173), (15.035635017717748, 4.04139704093385), (15.026650552912871, 4.0569585126292065), (15.01761375031508, 4.072572320046501), (15.00852460996558, 4.088238463135926), (14.999383131905644, 4.103956941847603), (14.990189316176616, 4.119727756131587), (14.980943162819907, 4.135550905937864), (14.971644671876996, 4.151426391216351), (14.962293843389432, 4.167354211916897), (14.95289067739883, 4.183334367989283), (14.94343517394688, 4.199366859383221), (14.93392733307533, 4.215451686048354), (14.924367154826003, 4.231588847934258), (14.91475463924079, 4.24777834499044), (14.90508978636165, 4.264020177166337), (14.895372596230612, 4.2803143444113205), (14.885603068889768, 4.296660846674691), (14.875781204381285, 4.313059683905682), (14.865907002747395, 4.329510856053458), (14.855980464030399, 4.346014363067116), (14.846001588272665, 4.3625702048956825)]",True
1784490063.5968645,0,15.267475761322594,3.6749385011741116,0.8000000120482508,83.93827509430375,-0.3848912233569809,12.29442002760628,2.8720464959015097,1.1201571437429259,81.0419600588161,-0.373460013349247,-2.973055733716313,-0.8028920052726018,0.3201571316946751,-2.896315035487646,0.011431210007733894,"[(15.25860949068207, 3.6900403291855604), (15.250821356041243, 3.7043065329812914), (15.242980881439749, 3.718625074900891), (15.235088066917239, 3.7329959548962344), (15.227142912513433, 3.747419172919127), (15.219145418268115, 3.7618947289213063), (15.211095584221141, 3.7764226228544424), (15.202993410412436, 3.7910028546701358), (15.194838896881992, 3.8056354243199184), (15.186632043669869, 3.8203203317552545), (15.178372850816197, 3.8350575769275395), (15.170061318361174, 3.8498471597881), (15.161697446345064, 3.864689080288195), (15.153281234808203, 3.8795833383790144), (15.144812683790995, 3.89452993401168), (15.13629179333391, 3.9095288671372446), (15.127718563477488, 3.9245801377066933), (15.119092994262338, 3.939683745670942), (15.110415085729137, 3.9548396909808385), (15.10168483791863, 3.9700479735871625), (15.09290225087163, 3.9853085934406245), (15.08406732462902, 4.000621550491867), (15.075180059231752, 4.015986844691463), (15.066240454720843, 4.03140447598992), (15.05724851113738, 4.046874444337673), (15.048204228522524, 4.062396749685092), (15.039107606917495, 4.077971391982477), (15.029958646363589, 4.09359837118006), (15.020757346902165, 4.109277687228004), (15.011503708574654, 4.125009340076403), (15.002197731422555, 4.140793329675284), (14.992839415487433, 4.156629655974605), (14.983428760810925, 4.172518318924255), (14.973965767434734, 4.188459318474055), (14.964450435400634, 4.204452654573758), (14.954882764750463, 4.220498327173048), (14.945262755526132, 4.23659633622154), (14.935590407769618, 4.252746681668782), (14.925865721522968, 4.268949363464252), (14.916088696828297, 4.28520438155736), (14.906259333727787, 4.301511735897449), (14.89637763226369, 4.317871426433792), (14.886443592478322, 4.334283453115592), (14.876457214414076, 4.350747815891988), (14.86641849811341, 4.367264514712047)]",True
1784490063.6384993,0,15.321098480569372,3.691069695356987,0.8000000119500058,83.93827509430375,-0.3848912233569809,12.358951518677145,2.890814348973613,1.1200443197475236,81.0419600588161,-0.373460013349247,-2.962146961892227,-0.8002553463833739,0.3200443077975178,-2.896315035487646,0.011431210007733894,"[(15.289249018128839, 3.6989937299012343), (15.28139050769375, 3.7132428575610223), (15.273479653980544, 3.72754432668625), (15.265516457028982, 3.741898137228793), (15.257500916878891, 3.7563042891404597), (15.249433033570169, 3.7707627823729886), (15.241312807142778, 3.78527361687805), (15.233140237636754, 3.7998367926072465), (15.224915325092194, 3.8144523095121112), (15.216638069549273, 3.8291201675441093), (15.208308471048229, 3.8438403666546375), (15.199926529629368, 3.858612906795024), (15.191492245333066, 3.8734377879165276), (15.18300561819977, 3.8883150099703405), (15.174466648269991, 3.903244572907585), (15.16587533558431, 3.9182264766793145), (15.157231680183376, 3.933260721236515), (15.148535682107907, 3.9483473065301045), (15.139787341398693, 3.9634862325109306), (15.130986658096585, 3.9786774991297738), (15.12213363224251, 3.993921106337346), (15.11322826387746, 4.00921705408429), (15.104270553042495, 4.024565342321181), (15.095260499778744, 4.039965970998525), (15.086198104127405, 4.055418940066759), (15.077083366129745, 4.070924249476253), (15.067916285827097, 4.086481899177307), (15.058696863260867, 4.102091889120154), (15.049425098472524, 4.117754219254958), (15.040100991503609, 4.133468889531814), (15.030724542395731, 4.149235899900749), (15.021295751190568, 4.16505525031172), (15.011814617929865, 4.180926940714619), (15.002281142655436, 4.196850971059265), (14.992695325409164, 4.212827341295413), (14.983057166233, 4.2288560513727464), (14.973366665168962, 4.244937101240881), (14.963623822259143, 4.261070490849364), (14.953828637545696, 4.277256220147675), (14.943981111070846, 4.293494289085223), (14.93408124287689, 4.309784697611351), (14.924129033006185, 4.326127445675333), (14.914124481501167, 4.342522533226372), (14.904067588404331, 4.3589699602136065), (14.893958353758247, 4.375469726586103)]",True
1784490063.6881886,0,15.374365031105924,3.7083515155041558,0.8000000119275693,83.93827509430375,-0.3848912233569809,12.43463082078226,2.911288490659241,1.1200101251049501,81.0419600588161,-0.373460013349247,-2.939734210323664,-0.7970630248449146,0.3200101131773808,-2.896315035487646,0.011431210007733894,"[(15.32725908528958, 3.7110068839160633), (15.319871006887231, 3.7253954959203055), (15.312430705551371, 3.7398363288847194), (15.30493818132081, 3.7543293827614077), (15.29739343423443, 3.7688746575024057), (15.289796464331173, 3.7834721530596807), (15.282147271650059, 3.798121869385133), (15.274445856230168, 3.812823806430594), (15.26669221811065, 3.827577964147829), (15.258886357330725, 3.8423843424885336), (15.251028273929679, 3.857242941404337), (15.243117967946864, 3.8721537608468), (15.235155439421701, 3.887116800767416), (15.227140688393682, 3.902132061117611), (15.219073714902363, 3.917199541848742), (15.210954518987368, 3.932319242912099), (15.202783100688391, 3.947491164258905), (15.19455946004519, 3.9627153058403137), (15.186283597097596, 3.9779916676074123), (15.1779555118855, 3.99332024951122), (15.16957520444887, 4.008701051502688), (15.161142674827737, 4.024134073532698), (15.152657923062199, 4.039619315552068), (15.144120949192423, 4.055156777511546), (15.135531753258645, 4.0707464593618115), (15.126890335301164, 4.086388361053476), (15.118196695360352, 4.102082482537086), (15.109450833476647, 4.1178288237631175), (15.100652749690553, 4.13362738468198), (15.091802444042647, 4.149478165244016), (15.08289991657357, 4.165381165399498), (15.073945167324029, 4.181336385098631), (15.0649381963348, 4.197343824291556), (15.055879003646728, 4.213403482928341), (15.046767589300726, 4.22951536095899), (15.037603953337774, 4.245679458333438), (15.028388095798919, 4.261895775001552), (15.019120016725276, 4.278164310913131), (15.00979971615803, 4.2944850660179075), (15.00042719413843, 4.310858040265544), (14.991002450707796, 4.327283233605639), (14.981525485907515, 4.34376064598772), (14.97199629977904, 4.360290277361247), (14.962414892363892, 4.376872127675613), (14.952781263703663, 4.393506196880144)]",True
1784490063.7282014,0,15.404868710715565,3.71802155684318,0.8000000119237847,83.93827509430375,-0.3848912233569809,12.478010806794064,2.922477738685956,1.1200043569403266,81.0419600588161,-0.373460013349247,-2.9268579039215012,-0.7955438181572236,0.32000434501654196,-2.896315035487646,0.011431210007733894,"[(15.350594674568217, 3.7186386475591644), (15.343082530542423, 3.7330589789672897), (15.335518020006129, 3.747531674922153), (15.327901142998744, 3.7620567353752796), (15.320231899559746, 3.776634160278126), (15.31251028972868, 3.7912639495820795), (15.304736313545162, 3.8059461032384596), (15.296909971048876, 3.8206806211985165), (15.289031262279575, 3.835467503413432), (15.281100187277081, 3.850306749834319), (15.273116746081284, 3.8651983604122213), (15.265080938732142, 3.8801423350981152), (15.25699276526968, 3.895138673842907), (15.248852225733998, 3.910187376597435), (15.240659320165259, 3.925288443312469), (15.232414048603696, 3.9404418739387097), (15.224116411089613, 3.955647668426789), (15.215766407663379, 3.97090582672727), (15.207364038365434, 3.9862163487906477), (15.198909303236286, 4.001579234567348), (15.190402202316513, 4.0169944840077285), (15.181842735646761, 4.032462097062077), (15.173230903267743, 4.047982073680614), (15.164566705220244, 4.06355441381349), (15.155850141545114, 4.079179117410788), (15.147081212283277, 4.094856184422522), (15.13825991747572, 4.110585614798636), (15.129386257163501, 4.126367408489008), (15.120460231387746, 4.142201565443445), (15.11148184018965, 4.158088085611685), (15.10245108361048, 4.1740269689434), (15.093367961691566, 4.19001821538819), (15.08423247447431, 4.206061824895589), (15.075044622000185, 4.22215779741506), (15.065804404310725, 4.238306132896), (15.056511821447543, 4.254506831287735), (15.047166873452312, 4.270759892539522), (15.037769560366776, 4.287065316600553), (15.028319882232752, 4.303423103419947), (15.01881783909212, 4.319833252946756), (15.009263430986834, 4.336295765129964), (14.999656657958912, 4.352810639918484), (14.989997520050443, 4.369377877261164), (14.980286017303582, 4.3859974771067805), (14.970522149760557, 4.4026694394040415)]",True
1784490063.7801847,0,15.43546754653002,3.727385189460396,0.8000000119221571,83.93827509430375,-0.3848912233569809,12.521513478243786,2.9331804276951257,1.1200018763860375,81.0419600588161,-0.373460013349247,-2.913954068286234,-0.7942047617652706,0.32000186446388046,-2.896315035487646,0.011431210007733894,"[(15.38086529059669, 3.728479088899503), (15.373187393306054, 3.742905122927663), (15.365457135964652, 3.75738351508888), (15.357674518612093, 3.771914265334691), (15.349839541288057, 3.786497373616565), (15.34195220403229, 3.8011328398859026), (15.33401250688461, 3.815820664094035), (15.326020449884899, 3.8305608461922254), (15.317976033073114, 3.8453533861316678), (15.309879256489275, 3.860198283863488), (15.301730120173472, 3.875095539338743), (15.29352862416587, 3.8900451525084208), (15.28527476850669, 3.905047123323441), (15.276968553236236, 3.920101451734655), (15.268609978394869, 3.9352081376928445), (15.260199044023024, 3.9503671811487235), (15.251735750161204, 3.965578582052937), (15.243220096849983, 3.9808423403560607), (15.23465208413, 3.9961584560086028), (15.226031712041962, 4.011526928961002), (15.217358980626651, 4.026947759163629), (15.20863388992491, 4.042420946566784), (15.199856439977653, 4.057946491120702), (15.191026630825867, 4.073524392775546), (15.182144462510603, 4.0891546514814126), (15.173209935072983, 4.104837267188328), (15.164223048554195, 4.1205722398462505), (15.155183802995497, 4.13635956940507), (15.146092198438218, 4.152199255814608), (15.136948234923754, 4.168091299024616), (15.127751912493569, 4.184035698984778), (15.118503231189194, 4.20003245564471), (15.109202191052232, 4.216081568953956), (15.099848792124353, 4.232183038861995), (15.090443034447297, 4.248336865318238), (15.080984918062871, 4.264543048272022), (15.071474443012951, 4.28080158767262), (15.061911609339482, 4.2971124834692365), (15.052296417084479, 4.3134757356110045), (15.042628866290025, 4.32989134404699), (15.03290895699827, 4.34635930872619), (15.023136689251434, 4.362879629597533), (15.013312063091805, 4.3794523066098785), (15.003435078561738, 4.396077339712018), (14.993505735703662, 4.412754728852673)]",True
1784490063.8375518,0,15.473836910899252,3.7386894421167884,0.8000000119213566,83.93827509430375,-0.3848912233569809,12.575552949403372,2.9478544709959067,1.1200006565558276,81.0419600588161,-0.373460013349247,-2.8982839614958795,-0.7908349711208817,0.320000644634471,-2.896315035487646,0.011431210007733894,"[(15.403665229374322, 3.7356617345474463), (15.395899480083843, 3.7500757956771436), (15.388081373657014, 3.7645422120542014), (15.380210910133549, 3.779060983630185), (15.372288089553235, 3.793632110356591), (15.364312911955924, 3.8082555921848464), (15.356285377381539, 3.822931429066311), (15.34820548587007, 3.8376596209522744), (15.340073237461576, 3.852440167793959), (15.331888632196184, 3.8672730695425175), (15.323651670114094, 3.882158326149035), (15.315362351255567, 3.8970959375645267), (15.30702067566094, 3.9120859037399396), (15.298626643370614, 3.927128224626153), (15.29018025442506, 3.9422229001739764), (15.281681508864816, 3.957369930334151), (15.273130406730493, 3.972569315057349), (15.264526948062768, 3.987821054294175), (15.255871132902385, 4.003125147995164), (15.247162961290158, 4.018481596110783), (15.238402433266973, 4.0338903985914305), (15.22958954887378, 4.049351555387434), (15.220724308151599, 4.064865066449056), (15.211806711141518, 4.080430931726489), (15.202836757884699, 4.096049151169854), (15.193814448422362, 4.111719724729209), (15.184739782795805, 4.127442652354538), (15.175612761046393, 4.143217933995759), (15.166433383215555, 4.159045569602721), (15.157201649344794, 4.174925559125205), (15.147917559475678, 4.190857902512922), (15.138581113649847, 4.2068425997155146), (15.129192311909007, 4.222879650682557), (15.119751154294933, 4.238969055363556), (15.110257640849472, 4.255110813707948), (15.100711771614534, 4.271304925665102), (15.0911135466321, 4.287551391184317), (15.08146296594422, 4.303850210214824), (15.071760029593014, 4.320201382705786), (15.062004737620668, 4.336604908606297), (15.05219709006944, 4.353060787865382), (15.042337086981652, 4.369569020431998), (15.032424728399699, 4.386129606255032), (15.022460014366041, 4.402742545283305), (15.01244294492321, 4.419407837465566)]",True
1784490063.9172466,0,15.512264029477295,3.749793997232138,0.800000011921078,83.93827509430375,-0.3848912233569809,12.62907654008495,2.964320249591774,1.1200002317521704,81.0419600588161,-0.373460013349247,-2.883187489392345,-0.7854737476403639,0.3200002198310925,-2.896315035487646,0.011431210007733894,"[(15.410723313254067, 3.737907070236732), (15.402373148319418, 3.752195474961931), (15.393970613409133, 3.7665362479736726), (15.385515708563746, 3.7809293892236204), (15.377008433823868, 3.795374898663371), (15.368448789230168, 3.8098727762444518), (15.35983677482339, 3.824423021918321), (15.35117239064435, 3.839025635636368), (15.342455636733925, 3.853680617349914), (15.333686513133065, 3.8683879670102113), (15.324865019882791, 3.883147684568443), (15.315991157024188, 3.897959769975724), (15.30706492459841, 3.9128242231831), (15.298086322646684, 3.927741044141549), (15.289055351210305, 3.942710232801978), (15.279972010330631, 3.957731789115228), (15.270836300049094, 3.9728057130320695), (15.261648220407194, 3.9879320045032043), (15.2524077714465, 4.003110663479267), (15.243114953208648, 4.0183416899108195), (15.233769765735346, 4.03362508374836), (15.224372209068367, 4.048960844942315), (15.214922283249555, 4.064348973443044), (15.205419988320822, 4.079789469200835), (15.195865324324147, 4.095282332165911), (15.186258291301582, 4.1108275622884225), (15.176598889295244, 4.126425159518453), (15.16688711834732, 4.142075123806017), (15.157122978500068, 4.157777455101062), (15.14730646979581, 4.173532153353463), (15.13743759227694, 4.18933921851303), (15.127516345985923, 4.2051986505295025), (15.117542730965287, 4.22111044935255), (15.107516747257634, 4.237074614931776), (15.09743839490563, 4.253091147216714), (15.087307673952015, 4.269160046156828), (15.077124584439593, 4.285281311701514), (15.066889126411237, 4.301454943800099), (15.056601299909893, 4.317680942401842), (15.046261104978573, 4.333959307455933), (15.035868541660358, 4.350290038911491), (15.025423609998398, 4.36667313671757), (15.01492631003591, 4.383108600823153), (15.004376641816185, 4.399596431177154), (14.993774605382574, 4.41613662772842)]",True
1784490063.9464777,0,15.535406780903381,3.7561508610934085,0.8000000119210081,83.93827509430375,-0.3848912233569809,12.661236630382692,2.9740501173784755,1.1200001253075362,81.0419600588161,-0.373460013349247,-2.8741701505206887,-0.782100743714933,0.3200001133865281,-2.896315035487646,0.011431210007733894,"[(15.433731736397768, 3.744747041891476), (15.425445481977983, 3.7590136967896663), (15.417106892325004, 3.7733326852250433), (15.408715967479138, 3.7877040071494763), (15.400272707480758, 3.8021276625147657), (15.391777112370306, 3.816603651272644), (15.383229182188296, 3.831131973374775), (15.374628916975308, 3.845712628772754), (15.365976316771986, 3.860345617418108), (15.35727138161905, 3.8750309392622952), (15.348514111557284, 3.8897685942567057), (15.33970450662754, 3.9045585823526614), (15.33084256687074, 3.919400903501415), (15.321928292327875, 3.934295557654151), (15.312961683040005, 3.9492425447619857), (15.303942739048257, 3.964241864775967), (15.294871460393825, 3.9792935176470743), (15.285747847117973, 3.994397503326218), (15.276571899262036, 4.00955382176424), (15.267343616867413, 4.024762472911915), (15.258062999975575, 4.040023456719949), (15.24873004862806, 4.055336773138977), (15.239344762866473, 4.070702422119569), (15.229907142732491, 4.086120403612226), (15.220417188267856, 4.101590717567377), (15.21087489951438, 4.1171133639353865), (15.201280276513945, 4.132688342666549), (15.191633319308497, 4.148315653711092), (15.181934027940054, 4.163995297019171), (15.172182402450701, 4.179727272540877), (15.162378442882595, 4.19551158022623), (15.152522149277958, 4.211348220025184), (15.142613521679081, 4.227237191887621), (15.132652560128323, 4.243178495763357), (15.122639264668111, 4.259172131602139), (15.112573635340944, 4.275218099353647), (15.102455672189384, 4.291316398967489), (15.092285375256067, 4.307467030393209), (15.082062744583693, 4.323669993580278), (15.071787780215034, 4.339925288478103), (15.061460482192928, 4.356232915036018), (15.051080850560282, 4.372592873203293), (15.040648885360072, 4.389005162929125), (15.030164586635344, 4.405469784162648), (15.019627954429208, 4.421986736852922)]",True
1784490063.996678,0,15.550807309077749,3.7604894162854183,0.8000000119209808,83.93827509430375,-0.3848912233569809,12.682761129466073,2.9802502615558644,1.1200000838150677,81.0419600588161,-0.373460013349247,-2.8680461796116763,-0.780239154729554,0.32000007189408686,-2.896315035487646,0.011431210007733894,"[(15.449117660005134, 3.7492608541504935), (15.440868269075752, 3.763513999503035), (15.432566539827874, 3.7778194814708255), (15.424212472301775, 3.792177300005731), (15.4158060665378, 3.8065874550595504), (15.407347322576355, 3.821049946584013), (15.398836240457925, 3.8355647745307797), (15.390272820223057, 3.8501319388514434), (15.381657061912367, 3.864751439497528), (15.372988965566542, 3.87942327642049), (15.364268531226335, 3.894147449571716), (15.355495758932568, 3.9089239589025246), (15.346670648726132, 3.9237528043641663), (15.337793200647987, 3.9386339859078228), (15.32886341473916, 3.9535675034846074), (15.31988129104075, 3.9685533570455647), (15.310846829593919, 3.983591546541671), (15.3017600304399, 3.9986820719238345), (15.292620893619995, 4.013824933142894), (15.283429419175576, 4.029020130149621), (15.27418560714808, 4.0442676628947165), (15.264889457579017, 4.059567531328816), (15.25554097050996, 4.074919735402483), (15.246140145982555, 4.090324275066216), (15.236686984038514, 4.105781150270443), (15.227181484719617, 4.1212903609655225), (15.217623648067717, 4.1368519071017475), (15.20801347412473, 4.152465788629341), (15.198350962932643, 4.168132005498456), (15.188636114533512, 4.183850557659179), (15.17886892896946, 4.199621445061528), (15.16904940628268, 4.215444667655452), (15.159177546515433, 4.231320225390831), (15.149253349710047, 4.247248118217477), (15.13927681590892, 4.263228346085133), (15.12924794515452, 4.279260908943474), (15.11916673748938, 4.295345806742108), (15.109033192956103, 4.311483039430572), (15.098847311597362, 4.327672606958335), (15.088609093455895, 4.343914509274799), (15.078318538574514, 4.360208746329296), (15.067975646996095, 4.376555318071091), (15.057580418763582, 4.392954224449379), (15.04713285391999, 4.409405465413286), (15.036632952508404, 4.425909040911872)]",True
1784490064.0852633,0,15.573892411747359,3.7670526959030344,0.8000000119209565,83.93827509430375,-0.3848912233569809,12.71522505968144,2.9889121460821677,1.120000046745917,81.0419600588161,-0.373460013349247,-2.8586673520659183,-0.7781405498208667,0.32000003482496053,-2.896315035487646,0.011431210007733894,"[(15.46450372699141, 3.753756265973929), (15.456286037079085, 3.7679969068952843), (15.448016005572303, 3.7822898877017073), (15.439693632511313, 3.7966352083450583), (15.431318917936439, 3.8110328687771293), (15.422891861888068, 3.825482868949644), (15.41441246440666, 3.8399852088142565), (15.405880725532734, 3.8545398883225537), (15.397296645306891, 3.869146907426053), (15.388660223769794, 3.883806266076204), (15.37997146096217, 3.898517964224387), (15.371230356924823, 3.9132820018219143), (15.36243691169862, 3.92809837882003), (15.353591125324497, 3.9429670951699083), (15.344692997843463, 3.9578881508226567), (15.33574252929659, 3.972861545729313), (15.326739719725023, 3.9878872798408462), (15.317684569169968, 4.002965353108158), (15.308577077672709, 4.018095765482081), (15.299417245274594, 4.033278516913379), (15.290205072017038, 4.0485136073527475), (15.280940557941529, 4.063801036750813), (15.271623703089618, 4.079140805058134), (15.26225450750293, 4.0945329122252), (15.252832971223155, 4.109977358202434), (15.243359094292051, 4.125474142940187), (15.23383287675145, 4.1410232663887445), (15.224254318643245, 4.156624728498322), (15.214623420009403, 4.172278529219066), (15.204940180891956, 4.187984668501056), (15.195204601333007, 4.203743146294302), (15.185416681374727, 4.219553962548746), (15.175576421059354, 4.2354171172142605), (15.165683820429198, 4.251332610240651), (15.155738879526634, 4.267300441577652), (15.145741598394107, 4.283320611174933), (15.135691977074131, 4.299393118982092), (15.125590015609285, 4.3155179649486595), (15.115435714042222, 4.331695149024098), (15.105229072415662, 4.3479246711578), (15.09497009077239, 4.364206531299092), (15.084658769155263, 4.38054072939723), (15.074295107607206, 4.396927265401401), (15.063879106171212, 4.4133661392607255), (15.053410764890343, 4.429857350924254)]",True
1784490064.1642497,0,15.627681770650481,3.7826277147403617,0.8000000119209353,83.93827509430375,-0.3848912233569809,12.790900472313405,3.009393915560495,1.1200000143549016,81.0419600588161,-0.373460013349247,-2.836781298337076,-0.7732337991798666,0.3200000024339663,-2.896315035487646,0.011431210007733894,"[(15.495805524374322, 3.7627922363684445), (15.488169911631338, 3.7771191247524953), (15.480481967527384, 3.7914983425996094), (15.472741692101916, 3.805929889861573), (15.464949085394458, 3.820413766490105), (15.457104147444609, 3.834949972436854), (15.449206878292028, 3.8495385076534014), (15.44125727797645, 3.86417937209126), (15.433255346537672, 3.8788725657018737), (15.425201084015564, 3.893618088436618), (15.417094490450063, 3.9084159402468006), (15.408935565881173, 3.92326612108366), (15.400724310348968, 3.938168630898366), (15.392460723893592, 3.9531234696420214), (15.384144806555254, 3.9681306372656593), (15.375776558374232, 3.983190133720244), (15.367355979390876, 3.9983019589566733), (15.3588830696456, 4.013466112925774), (15.35035782917889, 4.028682595578306), (15.3417802580313, 4.04395140686496), (15.33315035624345, 4.05927254673636), (15.32446812385603, 4.07464601514306), (15.3157335609098, 4.090071812035545), (15.306946667445585, 4.1055499373642315), (15.29810744350428, 4.12108039107947), (15.28921588912685, 4.136663173131541), (15.280272004354329, 4.152298283470655), (15.271275789227813, 4.167985722046956), (15.262227243788475, 4.18372548881052), (15.25312636807755, 4.199517583711352), (15.243973162136347, 4.215362006699391), (15.234767626006239, 4.231258757724507), (15.225509759728668, 4.2472078367365), (15.216199563345148, 4.263209243685104), (15.206837036897257, 4.2792629785199825), (15.197422180426646, 4.295369041190732), (15.187954993975028, 4.311527431646879), (15.178435477584191, 4.327738149837883), (15.168863631295988, 4.344001195713134), (15.159239455152342, 4.360316569221955), (15.149562949195243, 4.376684270313598), (15.139834113466751, 4.39310429893725), (15.130052948008993, 4.409576655042026), (15.120219452864166, 4.426101338576975), (15.110333628074534, 4.442678349491077)]",True
1784490064.2101007,0,15.673534428011733,3.7968148628413445,0.8000000119209306,83.93827509430375,-0.3848912233569809,12.855742183370158,3.027037681021815,1.120000007471882,81.0419600588161,-0.373460013349247,-2.8177922446415753,-0.7697771818195296,0.3199999955509515,-2.896315035487646,0.011431210007733894,"[(15.503530269750913, 3.764948252144446), (15.495868107245649, 3.7792625919803333), (15.488153583850233, 3.793629290815109), (15.480386699604274, 3.8080483486004355), (15.472567454547448, 3.8225197652879066), (15.4646958487195, 3.8370435408290473), (15.456771882160245, 3.851619675175314), (15.448795554909564, 3.866248168278094), (15.440766867007408, 3.880929020088706), (15.432685818493797, 3.8956622305584006), (15.424552409408816, 3.910447799638359), (15.416366639792626, 3.9252857272796944), (15.408128509685453, 3.9401760134334505), (15.39983801912759, 3.9551186580506026), (15.391495168159398, 3.9701136610820575), (15.383099956821313, 3.9851610224786533), (15.374652385153835, 4.000260742191159), (15.366152453197532, 4.015412820170276), (15.357600160993043, 4.030617256366636), (15.348995508581073, 4.045874050730801), (15.3403384960024, 4.061183203213267), (15.331629123297864, 4.07654471376446), (15.322867390508383, 4.091958582334736), (15.314053297674935, 4.107424808874384), (15.305186844838572, 4.122943393333624), (15.29626803204041, 4.138514335662606), (15.287296859321641, 4.154137635811414), (15.278273326723518, 4.16981329373006), (15.269197434287367, 4.185541309368491), (15.26006918205458, 4.201321682676581), (15.250888570066623, 4.217154413604139), (15.241655598365025, 4.233039502100904), (15.232370266991385, 4.248976948116545), (15.223032575987373, 4.264966751600665), (15.213642525394727, 4.281008912502796), (15.20420011525525, 4.2971034307724025), (15.19470534561082, 4.31325030635888), (15.18515821650338, 4.329449539211554), (15.17555872797494, 4.345701129279684), (15.16590688006758, 4.3620050765124585), (15.15620267282345, 4.3783613808589985), (15.146446106284772, 4.394770042268356), (15.136637180493828, 4.411231060689515), (15.126775895492976, 4.4277444360713885), (15.11686225132464, 4.444310168362824)]",True
1784490064.2383435,0,15.688689213871319,3.8019460931149713,0.8000000119209301,83.93827509430375,-0.3848912233569809,12.877441627422987,3.0325957130956076,1.120000006541269,81.0419600588161,-0.373460013349247,-2.8112475864483315,-0.7693503800193637,0.3199999946203389,-2.896315035487646,0.011431210007733894,"[(15.518910097607888, 3.76915338294598), (15.511199656594652, 3.7834349358255968), (15.503436849725052, 3.7977688526914086), (15.495621677038804, 3.8121551334950663), (15.48775413857569, 3.8265937781881507), (15.479834234375568, 3.8410847867221753), (15.471861964478359, 3.8556281590485835), (15.463837328924052, 3.870223895118751), (15.45576032775271, 3.8848719948839836), (15.44763096100446, 3.8995724582955194), (15.4394492287195, 3.9143252853045274), (15.431215130938098, 3.9291304758621073), (15.422928667700587, 3.9439880299192906), (15.41458983904737, 3.95889794742704), (15.406198645018922, 3.9738602283362483), (15.397755085655785, 3.988874872597741), (15.389259160998567, 4.003941880162275), (15.380710871087947, 4.019061250980537), (15.372110215964677, 4.034232985003145), (15.363457195669568, 4.04945708218065), (15.354751810243508, 4.064733542463533), (15.345994059727452, 4.080062365802205), (15.337183944162422, 4.095443552147011), (15.32832146358951, 4.110877101448225), (15.319406618049877, 4.126363013656054), (15.310439407584752, 4.141901288720633), (15.301419832235434, 4.157491926592032), (15.292347892043287, 4.17313492722025), (15.28322358704975, 4.188830290555218), (15.274046917296326, 4.204578016546798), (15.26481788282459, 4.220378105144784), (15.255536483676183, 4.236230556298899), (15.246202719892814, 4.2521353699588), (15.236816591516266, 4.268092546074072), (15.227378098588385, 4.284102084594236), (15.21788724115109, 4.30016398546874), (15.208344019246367, 4.316278248646964), (15.198748432916268, 4.332444874078221), (15.18910048220292, 4.348663861711754), (15.179400167148511, 4.364935211496736), (15.169647487795308, 4.381258923382273), (15.159842444185637, 4.397634997317402), (15.149985036361898, 4.4140634332510915), (15.140075264366558, 4.43054423113224), (15.130113128242154, 4.447077390909677)]",True
1784490064.3348894,0,15.741526810168427,3.820496929450377,0.8000000119209292,83.93827509430375,-0.3848912233569809,12.953421778214828,3.0519225744786627,1.120000005173253,81.0419600588161,-0.373460013349247,-2.7881050319535987,-0.7685743549717143,0.31999999325232387,-2.896315035487646,0.011431210007733894,"[(15.681798937571557, 3.8167914062487807), (15.680652471002352, 3.8323529874843216), (15.679454579850697, 3.8479659894072253), (15.67820526414558, 3.8636304119708393), (15.676904523916061, 3.879346255128447), (15.675552359191256, 3.8951135188332704), (15.674148770000345, 3.910932203038467), (15.672693756372572, 3.9268023076971317), (15.671187318337244, 3.9427238327622973), (15.669629455923733, 3.958696778186933), (15.668020169161471, 3.9747211439239445), (15.666359458079953, 3.990796929926175), (15.664647322708737, 4.006924136146405), (15.662883763077446, 4.023102762537352), (15.661068779215764, 4.03933280905167), (15.659202371153441, 4.05561427564195), (15.657284538920287, 4.071947162260721), (15.655315282546175, 4.0883314688604475), (15.653294602061042, 4.104767195393532), (15.651222497494887, 4.121254341812315), (15.649098968877775, 4.137792908069072), (15.646924016239831, 4.154382894116016), (15.644697639611243, 4.171024299905298), (15.642419839022265, 4.187717125389005), (15.64009061450321, 4.204461370519162), (15.637709966084454, 4.2212570352477305), (15.635277893796442, 4.238104119526609), (15.632794397669674, 4.255002623307632), (15.630259477734718, 4.271952546542574), (15.627673134022206, 4.2889538891831425), (15.625035366562829, 4.306006651180986), (15.62234617538734, 4.323110832487686), (15.619605560526564, 4.340266433054764), (15.616813522011377, 4.357473452833679), (15.613970059872727, 4.3747318917758236), (15.611075174141622, 4.392041749832531), (15.60812886484913, 4.4094030269550695), (15.605131132026388, 4.426815723094645), (15.602081975704591, 4.4442798382024), (15.598981395914999, 4.461795372229414), (15.595829392688934, 4.479362325126704), (15.592625966057781, 4.496980696845224), (15.589371116052991, 4.514650487335865), (15.586064842706074, 4.532371696549454), (15.582707146048605, 4.550144324436757)]",True
1784490064.5287158,0,15.771750776920982,3.831009249793956,0.8000000119209292,85.35743863230722,-0.3840328983031119,12.996926836672928,3.0626135713707963,1.1200000049424879,81.0419600588161,-0.373460013349247,-2.7748239402480532,-0.7683956784231598,0.3199999930215587,-4.31547857349112,0.01057288495386488,"[(15.700333628802095, 3.82356519110446), (15.697468773611838, 3.8390523890028434), (15.694551319163665, 3.8545921824861775), (15.69158126549182, 3.8701845715031844), (15.688558612630622, 3.8858295560025153), (15.685483360614462, 3.901527135932751), (15.6823555094778, 3.917277311242401), (15.679175059255167, 3.933080081879904), (15.675942009981163, 3.9489354477936276), (15.672656361690464, 3.964843408931868), (15.669318114417813, 3.9808039652428513), (15.665927268198024, 3.996817116674732), (15.662483823065983, 4.012882863175594), (15.658987779056647, 4.029001204693452), (15.655439136205043, 4.045172141176245), (15.65183789454627, 4.061395672571845), (15.648184054115498, 4.077671798828054), (15.64447761494797, 4.094000519892599), (15.640718577078994, 4.110381835713138), (15.636906940543955, 4.12681574623726), (15.633042705378307, 4.14330225141248), (15.629125871617571, 4.159841351186245), (15.625156439297346, 4.176433045505927), (15.621134408453296, 4.193077334318832), (15.617059779121158, 4.209774217572191), (15.612932551336742, 4.2265236952131655), (15.608752725135929, 4.243325767188847), (15.604520300554666, 4.260180433446255), (15.600235277628975, 4.277087693932338), (15.59589765639495, 4.294047548593975), (15.591507436888753, 4.3110599973779715), (15.587064619146615, 4.328125040231064), (15.582569203204844, 4.345242677099917), (15.578021189099816, 4.362412907931126), (15.573420576867978, 4.379635732671213), (15.568767366545847, 4.396911151266631), (15.564061558170012, 4.41423916366376), (15.559303151777133, 4.431619769808912), (15.55449214740394, 4.449052969648326), (15.549628545087236, 4.466538763128169), (15.544712344863893, 4.484077150194541), (15.539743546770852, 4.501668130793467), (15.534722150845132, 4.519311704870903), (15.529648157123816, 4.537007872372733), (15.524521565644061, 4.5547566332447715)]",True
1784490064.6753533,0,15.938351901208573,3.8876563943017324,0.8000000119209292,85.35743863230722,-0.3840328983031119,13.232933552596307,3.132614198498008,1.120000004770051,81.0419600588161,-0.373460013349247,-2.705418348612266,-0.7550421958037243,0.31999999284912173,-4.31547857349112,0.01057288495386488,"[(15.868473329640217, 3.8841849276497133), (15.860136227453523, 3.898833181561675), (15.851746610724538, 3.9135339482025753), (15.843304479494302, 3.928287227522978), (15.834809833803927, 3.943093019473376), (15.826262673694595, 3.9579513240041924), (15.817662999207558, 3.972862141065781), (15.809010810384137, 3.987825470608425), (15.800306107265726, 4.002841312582338), (15.791548889893784, 4.017909666937665), (15.782739158309841, 4.033030533624478), (15.773876912555501, 4.048203912592784), (15.764962152672432, 4.0634298037925145), (15.755994878702376, 4.078708207173536), (15.746975090687144, 4.094039122685643), (15.737902788668615, 4.109422550278561), (15.72877797268874, 4.124858489901944), (15.719600642789537, 4.140346941505377), (15.710370799013097, 4.155887905038377), (15.70108844140158, 4.1714813804503885), (15.691753569997218, 4.187127367690787), (15.682366184842305, 4.2028258667088805), (15.672926285979214, 4.218576877453903), (15.663433873450384, 4.234380399875022), (15.65388894729832, 4.250236433921333), (15.644291507565605, 4.266144979541863), (15.634641554294884, 4.28210603668557), (15.624939087528876, 4.2981196053013395), (15.61518410731037, 4.314185685337989), (15.605376613682225, 4.3303042767442665), (15.595516606687369, 4.346475379468848), (15.585604086368797, 4.362698993460343), (15.575639052769578, 4.378975118667289), (15.56562150593285, 4.395303755038153), (15.55555144590182, 4.411684902521333), (15.545428872719762, 4.428118561065159), (15.535253786430026, 4.444604730617889), (15.525026187076028, 4.461143411127711), (15.514746074701254, 4.4777346025427445), (15.50441344934926, 4.494378304811038), (15.494028311063673, 4.511074517880571), (15.48359065988819, 4.527823241699253), (15.473100495866575, 4.544624476214924), (15.462557819042663, 4.561478221375354), (15.451962629460363, 4.578384477128242)]",True
1784490064.7270513,0,15.961327772430536,3.894592338351494,0.8000000119209292,85.35743863230722,-0.3840328983031119,13.263738131002828,3.1460196584067197,1.1200000047692635,81.0419600588161,-0.373460013349247,-2.697589641427708,-0.7485726799447745,0.31999999284833436,-4.31547857349112,0.01057288495386488,"[(15.890686025065627, 3.891312607556299), (15.882371712530013, 3.905887052311787), (15.874005034148098, 3.9205138611299346), (15.865585989960437, 3.9351930339619536), (15.857114580007652, 3.949924570758986), (15.848590804330437, 3.964708471472106), (15.840014662969551, 3.979544736052318), (15.831386155965827, 3.9944333644505576), (15.822705283360163, 4.009374356617692), (15.813972045193527, 4.024367712504519), (15.805186441506953, 4.039413432061769), (15.796348472341549, 4.054511515240102), (15.78745813773849, 4.069661961990109), (15.778515437739015, 4.084864772262312), (15.769520372384441, 4.100119946007167), (15.760472941716147, 4.115427483175058), (15.751373145775581, 4.1307873837163), (15.742220984604263, 4.146199647581143), (15.733016458243782, 4.1616642747197625), (15.723759566735792, 4.17718126508227), (15.71445031012202, 4.192750618618705), (15.705088688444258, 4.20837233527904), (15.69567470174437, 4.224046415013178), (15.686208350064287, 4.239772857770953), (15.676689633446012, 4.255551663502131), (15.667118551931612, 4.271382832156408), (15.657495105563227, 4.287266363683411), (15.647819294383064, 4.3032022580327), (15.638091118433397, 4.319190515153764), (15.628310577756574, 4.3352311349960235), (15.618477672395008, 4.351324117508832), (15.608592402391182, 4.367469462641472), (15.598654767787647, 4.383667170343158), (15.588664768627023, 4.3999172405630365), (15.578622404951998, 4.4162196732501835), (15.568527676805335, 4.432574468353606), (15.558380584229855, 4.4489816258222445), (15.548181127268457, 4.465441145604969), (15.537929305964104, 4.48195302765058), (15.527625120359833, 4.4985172719078115), (15.517268570498743, 4.515133878325326), (15.506859656424007, 4.531802846851718), (15.496398378178865, 4.548524177435515), (15.485884735806627, 4.565297870025172), (15.475318729350668, 4.582123924569078)]",True
1784490064.9288218,0,15.976659870539638,3.8991668608988497,0.8000000119209292,85.35743863230722,-0.3840328983031119,13.283765331547754,3.1560491589964,1.1200000047689564,81.0419600588161,-0.373460013349247,-2.692894538991885,-0.7431177019024497,0.31999999284802727,-4.31547857349112,0.01057288495386488,"[(15.89834618792179, 3.8936691107005155), (15.890052892426013, 3.9082216127397023), (15.881707230769466, 3.922826479156341), (15.87330920299268, 3.9374837099016733), (15.864858809136244, 3.9521933049268716), (15.856356049240825, 3.96695526418304), (15.847800923347155, 3.981769587621213), (15.839193431496033, 3.996636275192357), (15.830533573728331, 4.011555326847369), (15.821821350084988, 4.0265267425370785), (15.813056760607012, 4.041550522212244), (15.80423980533548, 4.056626665823556), (15.795370484311533, 4.071755173321637), (15.78644879757639, 4.0869360446570395), (15.777474745171336, 4.102169279780248), (15.768448327137717, 4.117454878641677), (15.759369543516959, 4.132792841191674), (15.75023839435055, 4.148183167380516), (15.741054879680048, 4.163625857158412), (15.73181899954708, 4.179120910475502), (15.722530753993343, 4.194668327281857), (15.713190143060604, 4.210268107527478), (15.703797166790695, 4.225920251162299), (15.694351825225521, 4.241624758136185), (15.684854118407053, 4.257381628398931), (15.67530404637733, 4.273190861900264), (15.665701609178463, 4.2890524585898415), (15.65604680685263, 4.304966418417253), (15.646339639442079, 4.320932741332019), (15.636580106989125, 4.33695142728359), (15.626768209536154, 4.353022476221348), (15.616903947125621, 4.369145888094607), (15.606987319800048, 4.385321662852613), (15.597018327602024, 4.401549800444541), (15.58699697057421, 4.417830300819498), (15.576923248759337, 4.434163163926522), (15.566797162200205, 4.450548389714583), (15.556618710939677, 4.4669859781325805), (15.546387895020692, 4.483475929129347), (15.536104714486253, 4.5000182426536455), (15.525769169379434, 4.51661291865417), (15.515381259743377, 4.533259957079545), (15.504940985621293, 4.549959357878326), (15.494448347056464, 4.566711120999003), (15.483903344092237, 4.583515246389991)]",True
1784490065.1079736,0,16.16538061010295,3.965269056111471,0.8000000119209292,85.35743863230722,-0.3840328983031119,13.506352622867478,3.3304112218385686,1.261937557127693,81.0419600588161,-0.373460013349247,-2.659027987235472,-0.6348578342729025,0.4619375452067638,-4.31547857349112,0.01057288495386488,"[(16.05121327920069, 3.9422675356680905), (16.043349319356533, 3.956790446515736), (16.035432944410847, 3.9713657705578136), (16.027464154403837, 3.985993507745304), (16.01944294937578, 4.00067365802912), (16.011369329367017, 4.015406221360103), (16.003243294417967, 4.030191197689027), (15.99506484456911, 4.0450285869665965), (15.986833979861006, 4.059918389143445), (15.97855070033427, 4.074860604170139), (15.970215006029598, 4.0898552319971735), (15.961826896987748, 4.104902272574975), (15.953386373249552, 4.120001725853902), (15.944893434855912, 4.135153591784241), (15.936348081847795, 4.150357870316211), (15.92775031426624, 4.165614561399961), (15.919100132152355, 4.1809236649855706), (15.910397535547318, 4.196285181023051), (15.901642524492376, 4.2116991094623435), (15.892835099028842, 4.227165450253319), (15.883975259198106, 4.242684203345782), (15.87506300504162, 4.258255368689463), (15.866098336600906, 4.273878946234027), (15.857081253917562, 4.289554935929068), (15.848011757033248, 4.305283337724113), (15.838889845989696, 4.321064151568615), (15.829715520828708, 4.336897377411963), (15.820488781592156, 4.352783015203472), (15.811209628321977, 4.368721064892391), (15.801878061060185, 4.384711526427898), (15.792494079848854, 4.400754399759102), (15.783057684730135, 4.416849684835044), (15.773568875746246, 4.432997381604692), (15.764027652939472, 4.449197490016949), (15.75443401635217, 4.465450010020645), (15.744787966026765, 4.481754941564545), (15.735089502005755, 4.49811228459734), (15.725338624331702, 4.514522039067654), (15.715535333047239, 4.530984204924042), (15.70567962819507, 4.547498782114989), (15.695771509817966, 4.564065770588909), (15.68581097795877, 4.580685170294151), (15.675798032660392, 4.59735698117899), (15.665732673965813, 4.614081203191635), (15.655614901918083, 4.6308578362802235)]",True
1784490065.1429946,0,16.17287561896652,3.968066326660152,0.8000000119209292,85.35743863230722,-0.3840328983031119,13.514820266226348,3.3399014395778432,1.2818164237921743,82.97286032953559,-0.3727535699553292,-2.6580553527401705,-0.6281648870823089,0.48181641187124513,-2.3845783027716294,0.011279328347782669,"[(16.073688852700815, 3.9501658953510144), (16.06686371253425, 3.9649490535390384), (16.059986396364078, 3.9797843854803583), (16.053056904228466, 3.9946718911264565), (16.046075236165645, 4.0096115704287465), (16.03904139221392, 4.024603423338576), (16.031955372411662, 4.039647449807221), (16.024817176797306, 4.054743649785895), (16.017626805409364, 4.069892023225738), (16.0103842582864, 4.085092570077827), (16.003089535467065, 4.100345290293169), (15.995742636990066, 4.115650183822702), (15.98834356289418, 4.131007250617299), (15.980892313218252, 4.146416490627762), (15.973388888001196, 4.161877903804827), (15.965833287281994, 4.177391490099163), (15.958225511099693, 4.192957249461369), (15.950565559493409, 4.208575181841977), (15.94285343250233, 4.224245287191452), (15.935089130165707, 4.239967565460191), (15.927272652522857, 4.255742016598521), (15.919403999613174, 4.271568640556705), (15.911483171476108, 4.287447437284934), (15.903510168151188, 4.303378406733334), (15.895484989678003, 4.319361548851962), (15.887407636096214, 4.335396863590808), (15.879278107445547, 4.351484350899793), (15.871096403765797, 4.367624010728771), (15.86286252509683, 4.383815843027528), (15.854576471478573, 4.400059847745783), (15.84623824295103, 4.416356024833184), (15.83784783955426, 4.432704374239315), (15.829405261328406, 4.449104895913691), (15.820910508313665, 4.465557589805758), (15.812363580550308, 4.482062455864893), (15.803764478078673, 4.49861949404041), (15.795113200939168, 4.515228704281551), (15.786409749172265, 4.531890086537491), (15.777654122818506, 4.548603640757338), (15.7688463219185, 4.565369366890131), (15.759986346512928, 4.582187264884843), (15.75107419664253, 4.599057334690378), (15.742109872348122, 4.615979576255571), (15.733093373670583, 4.63295398952919), (15.724024700650862, 4.649980574459937)]",True
1784490065.1781132,0,16.187808345349975,3.9738115221707546,0.8000000119209292,85.35743863230722,-0.3840328983031119,13.531787051177693,3.3596156854497456,1.3187833829586746,82.97286032953559,-0.3727535699553292,-2.656021294172282,-0.614195836721009,0.5187833710377454,-2.3845783027716294,0.011279328347782669,"[(16.082339292280633, 3.953323038763128), (16.07548407283586, 3.968137184640358), (16.068576463985572, 3.9830037176483573), (16.061616465768545, 3.997922637737847), (16.05460407822362, 4.012893944859479), (16.04753930138971, 4.027917638963836), (16.04042213530579, 4.042993720001432), (16.033252580010913, 4.058122187922711), (16.0260306355442, 4.07330304267805), (16.018756301944833, 4.088536284217754), (16.011429579252074, 4.10382191249206), (16.004050467505245, 4.119159927451136), (15.996618966743746, 4.134550329045083), (15.989135077007036, 4.149993117223929), (15.981598798334652, 4.165488291937635), (15.974010130766196, 4.181035853136093), (15.966369074341339, 4.1966358007691245), (15.958675629099822, 4.212288134786483), (15.950929795081457, 4.227992855137854), (15.943131572326122, 4.243749961772852), (15.935280960873765, 4.259559454641022), (15.927377960764403, 4.275421333691841), (15.919422572038123, 4.291335598874717), (15.911414794735078, 4.307302250138989), (15.903354628895498, 4.323321287433925), (15.895242074559674, 4.339392710708726), (15.88707713176797, 4.355516519912523), (15.87885980056082, 4.37169271499438), (15.870590080978722, 4.387921295903286), (15.862267973062247, 4.404202262588168), (15.853893476852035, 4.420535614997879), (15.845466592388796, 4.436921353081205), (15.836987319713309, 4.453359476786862), (15.82845565886642, 4.4698499860634975), (15.819871609889043, 4.48639288085969), (15.811235172822167, 4.502988161123947), (15.802546347706844, 4.51963582680471), (15.793805134584199, 4.536335877850349), (15.785011533495425, 4.553088314209165), (15.776165544481781, 4.569893135829392), (15.767267167584603, 4.586750342659191), (15.758316402845288, 4.603659934646658), (15.749313250305306, 4.620621911739818), (15.740257710006196, 4.637636273886626), (15.731149781989565, 4.65470302103497)]",True
1784490065.6281314,0,16.39597808182465,4.056480676644505,0.8000000119209292,85.35743863230722,-0.3840328983031119,13.838307932966769,3.705107980924002,1.7337462508070633,82.97286032953559,-0.3727535699553292,-2.5576701488578824,-0.35137269572050345,0.9337462388861342,-2.3845783027716294,0.011279328347782669,"[(16.307550443936535, 4.039238535195104), (16.30495630704009, 4.05566952281059), (16.302310307719246, 4.072152368990532), (16.299612446006034, 4.08868707368525), (16.296862721932552, 4.1052736368449985), (16.29406113553096, 4.121912058419966), (16.291207686833488, 4.138602338360274), (16.28830237587243, 4.155344476615978), (16.28534520268015, 4.172138473137069), (16.282336167289074, 4.188984327873471), (16.279275269731695, 4.205882040775041), (16.27616251004057, 4.2228316117915705), (16.272997888248327, 4.239833040872785), (16.269781404387654, 4.256886327968344), (16.266513058491316, 4.27399147302784), (16.263192850592134, 4.291148476000799), (16.259820780722997, 4.308357336836684), (16.25639684891686, 4.325618055484888), (16.25292105520675, 4.342930631894741), (16.24939339962575, 4.360295066015505), (16.245813882207017, 4.377711357796376), (16.242182502983773, 4.3951795071864845), (16.238499261989308, 4.412699514134895), (16.23476415925697, 4.430271378590604), (16.230977194820177, 4.447895100502544), (16.22713836871242, 4.465570679819582), (16.223247680967248, 4.4832981164905155), (16.219305131618277, 4.50107741046408), (16.215310720699193, 4.518908561688942), (16.211264448243746, 4.536791570113703), (16.20716631428575, 4.554726435686897), (16.20301631885909, 4.5727131583569935), (16.19881446199771, 4.590751738072396), (16.194560743735632, 4.608842174781441), (16.190255164106933, 4.626984468432399), (16.185897723145757, 4.645178618973474), (16.18148842088632, 4.663424626352805), (16.1770272573629, 4.681722490518464), (16.172514232609842, 4.7000722114184565), (16.16794934666156, 4.718473789000724), (16.16333259955253, 4.736927223213139), (16.15866399131729, 4.75543251400351), (16.15394352199046, 4.773989661319578), (16.14917119160671, 4.792598665109018), (16.144347000200785, 4.811259525319441)]",True
1784490065.6830862,0,16.403450605118184,4.059337472593375,0.8000000119209292,85.35743863230722,-0.3840328983031119,13.85152911376857,3.7162440920788007,1.723523703927173,82.97286032953559,-0.3727535699553292,-2.5519214913496135,-0.3430933805145746,0.9235236920062437,-2.3845783027716294,0.011279328347782669,"[(16.31812961038281, 4.0437194340250455), (16.31532130524142, 4.060189749054401), (16.312460559762954, 4.076712500493519), (16.309547373981072, 4.09328768829059), (16.306581747929503, 4.109915312393731), (16.303563681642036, 4.126595372750994), (16.30049317515254, 4.143327869310356), (16.297370228494948, 4.16011280201973), (16.294194841703266, 4.176950170826957), (16.290967014811567, 4.193839975679806), (16.287686747853993, 4.210782216525979), (16.28435404086476, 4.227776893313108), (16.280968893878146, 4.244824005988756), (16.27753130692851, 4.261923554500413), (16.274041280050266, 4.279075538795503), (16.27049881327791, 4.29627995882138), (16.266903906646007, 4.3135368145253254), (16.263256560189184, 4.330846105854555), (16.259556773942144, 4.348207832756211), (16.255804547939654, 4.365621995177369), (16.251999882216555, 4.383088593065033), (16.24814277680776, 4.400607626366139), (16.244233231748247, 4.418179095027552), (16.240271247073064, 4.435802998996069), (16.23625682281733, 4.453479338218414), (16.23218995901624, 4.471208112641245), (16.228070655705043, 4.488989322211148), (16.223898912919072, 4.50682296687464), (16.219674730693722, 4.5247090465781685), (16.215398109064463, 4.5426475612681125), (16.21106904806683, 4.560638510890779), (16.20668754773643, 4.578681895392408), (16.20225360810894, 4.596777714719166), (16.197767229220105, 4.614925968817153), (16.193228411105743, 4.6331266576324), (16.188637153801736, 4.651379781110865), (16.18399345734404, 4.669685339198439), (16.17929732176868, 4.688043331840944), (16.174548747111746, 4.706453758984129), (16.169747733409412, 4.7249166205736755), (16.164894280697904, 4.7434319165551955), (16.159988389013527, 4.761999646874231), (16.155030058392658, 4.780619811476254), (16.150019288871732, 4.799292410306667), (16.144956080487265, 4.818017443310803)]",True
1784490065.7373853,0,16.456826525650754,4.078809557479704,0.8807699346549845,85.35743863230722,-0.3840328983031119,13.965357231423715,3.8003285325827796,1.8136627990535266,82.97286032953559,-0.3727535699553292,-2.4914692942270396,-0.2784810248969243,0.932892864398542,-2.3845783027716294,0.011279328347782669,"[(16.331968421296533, 4.049959232858138), (16.327478837686357, 4.066096293081203), (16.32293655515424, 4.082286048813801), (16.318341573736934, 4.098528500003323), (16.31369389347127, 4.114823646597089), (16.308993514394153, 4.131171488542346), (16.304240436542553, 4.14757202578627), (16.299434659953512, 4.164025258275965), (16.294576184664148, 4.180531185958462), (16.289665010711648, 4.197089808780723), (16.28470113813327, 4.213701126689638), (16.279684566966342, 4.230365139632022), (16.274615297248275, 4.247081847554622), (16.269493329016537, 4.263851250404111), (16.264318662308675, 4.280673348127091), (16.259091297162307, 4.297548140670093), (16.25381123361512, 4.314475627979577), (16.24847847170488, 4.331455810001928), (16.243093011469416, 4.348488686683463), (16.237654852946637, 4.365574257970424), (16.23216399617451, 4.382712523808984), (16.22662044119109, 4.399903484145244), (16.221024188034498, 4.417147138925231), (16.215375236742922, 4.434443488094903), (16.209673587354626, 4.451792531600145), (16.203919239907943, 4.4691942693867714), (16.198112194441283, 4.486648701400522), (16.19225245099312, 4.504155827587069), (16.186340009602006, 4.521715647892009), (16.18037487030656, 4.53932816226087), (16.174357033145483, 4.556993370639106), (16.16828649815753, 4.574711272972102), (16.162163265381547, 4.592481869205168), (16.155987334856434, 4.610305159283545), (16.149758706621174, 4.628181143152401), (16.14347738071482, 4.646109820756832), (16.137143357176495, 4.664091192041864), (16.130756636045398, 4.68212525695245), (16.12431721736079, 4.70021201543347), (16.11782510116201, 4.718351467429736), (16.111280287488473, 4.736543612885985), (16.104682776379654, 4.754788451746883), (16.098032567875116, 4.773085983957026), (16.091329662014477, 4.791436209460936), (16.084574058837436, 4.809839128203064)]",True
1784490065.7808075,0,16.496826513354744,4.093181547026225,0.8281279909490862,85.35743863230722,-0.3840328983031119,14.02606547094703,3.8405122543834627,1.863265387939198,82.97286032953559,-0.3727535699553292,-2.470761042407714,-0.25266929264276206,1.0351373969901119,-2.3845783027716294,0.011279328347782669,"[(16.338122711120604, 4.052769034614256), (16.33251659669421, 4.068624311809939), (16.32685782282673, 4.084532245453695), (16.321146389556297, 4.100492835493505), (16.315382296921104, 4.116506081877279), (16.30956554495942, 4.132571984552858), (16.30369613370958, 4.148690543468009), (16.297774063209992, 4.164861758570427), (16.291799333499142, 4.181085629807738), (16.285771944615583, 4.197362157127496), (16.279691896597935, 4.213691340477183), (16.2735591894849, 4.23007317980421), (16.26737382331524, 4.246507675055916), (16.261135798127793, 4.262994826179571), (16.254845113961476, 4.27953463312237), (16.248501770855263, 4.296127095831439), (16.242105768848205, 4.312772214253832), (16.23565710797943, 4.329469988336533), (16.229155788288136, 4.346220418026452), (16.22260180981358, 4.363023503270431), (16.215995172595107, 4.379879244015236), (16.209335876672124, 4.396787640207567), (16.202623922084115, 4.413748691794048), (16.19585930887063, 4.430762398721234), (16.189042037071292, 4.44782876093561), (16.182172106725794, 4.4649477783835865), (16.1752495178739, 4.4821194510115046), (16.168274270555457, 4.499343778765633), (16.161246364810367, 4.516620761592169), (16.154165800678612, 4.533950399437241), (16.147032578200243, 4.551332692246904), (16.13984669741538, 4.56876763996714), (16.13260815836422, 4.586255242543863), (16.12531696108703, 4.603795499922913), (16.11797310562415, 4.62138841205006), (16.110576592015978, 4.639033978871003), (16.103127420303, 4.656732200331369), (16.09562559052577, 4.674483076376713), (16.088071102724907, 4.69228660695252), (16.080463956941106, 4.710142792004204), (16.07280415321513, 4.728051631477104), (16.06509169158782, 4.746013125316492), (16.057326572100084, 4.764027273467566), (16.0495087947929, 4.782094075875455), (16.041638359707317, 4.800213532485214)]",True
1784490065.8991,0,16.512333563199604,4.0987025178491665,0.8184456666212169,85.35743863230722,-0.3840328983031119,14.057889261827276,3.8607492774203025,1.9075249434280392,82.97286032953559,-0.3727535699553292,-2.4544443013723285,-0.237953240428864,1.0890792768068223,-2.3845783027716294,0.011279328347782669,"[(16.34468004449259, 4.055519496898691), (16.338831737339397, 4.0713107282974486), (16.332930888808324, 4.087154498189686), (16.32697749893748, 4.10305080652393), (16.32097156776506, 4.118999653248635), (16.31491309532931, 4.135001038312188), (16.30880208166856, 4.151054961662902), (16.3026385268212, 4.167161423249022), (16.296422430825707, 4.18332042301872), (16.290153793720613, 4.199531960920099), (16.283832615544526, 4.215796036901192), (16.277458896336128, 4.2321126509099605), (16.271032636134166, 4.248481802894295), (16.26455383497746, 4.2649034928020155), (16.2580224929049, 4.281377720580873), (16.25143860995545, 4.297904486178546), (16.244802186168137, 4.314483789542644), (16.238113221582065, 4.331115630620705), (16.23137171623641, 4.347800009360196), (16.22457767017041, 4.364536925708514), (16.217731083423384, 4.381326379612986), (16.210831956034713, 4.398168371020867), (16.203880288043855, 4.415062899879344), (16.196876079490337, 4.4320099661355306), (16.18981933041375, 4.4490095697364715), (16.182710040853763, 4.466061710629139), (16.175548210850117, 4.483166388760439), (16.168333840442614, 4.500323604077201), (16.161066929671136, 4.5175333565261875), (16.153747478575635, 4.534795646054091), (16.146375487196128, 4.552110472607532), (16.138950955572707, 4.56947783613306), (16.13147388374553, 4.586897736577154), (16.12394427175483, 4.604370173886226), (16.11636211964091, 4.621895148006612), (16.108727427444144, 4.63947265888458), (16.10104019520497, 4.657102706466328), (16.093300422963907, 4.674785290697983), (16.085508110761538, 4.6925204115256), (16.077663258638516, 4.710308068895166), (16.06976586663557, 4.728148262752596), (16.061815934793493, 4.746040993043733), (16.053813463153155, 4.763986259714353), (16.04575845175549, 4.781984062710158), (16.03765090064151, 4.800034401976782)]",True
1784490065.9289923,0,16.588186056881877,4.126450882480798,0.8022370418718742,85.35743863230722,-0.3840328983031119,14.229222305251552,3.963407962776651,2.074305245960539,82.97286032953559,-0.3727535699553292,-2.3589637516303252,-0.16304291970414697,1.2720682040886646,-2.3845783027716294,0.011279328347782669,"[(16.351143349633393, 4.05823824709748), (16.344420545525107, 4.073775582612695), (16.33764523635797, 4.089365420638533), (16.330817422171116, 4.105007761124071), (16.32393710300373, 4.120702604018319), (16.317004278895087, 4.136449949270213), (16.310018949884522, 4.152249796828623), (16.302981116011445, 4.168102146642345), (16.295890777315332, 4.184006998660107), (16.28874793383573, 4.199964352830565), (16.28155258561226, 4.215974209102308), (16.274304732684612, 4.232036567423851), (16.26700437509254, 4.2481514277436405), (16.25965151287588, 4.264318790010053), (16.252246146074526, 4.280538654171395), (16.24478827472845, 4.296811020175902), (16.237277898877693, 4.313135887971739), (16.22971501856236, 4.329513257507001), (16.222099633822637, 4.345943128729713), (16.21443174469877, 4.362425501587831), (16.20671135123109, 4.378960376029239), (16.198938453459977, 4.395547752001751), (16.191113051425898, 4.412187629453111), (16.183235145169384, 4.428880008330994), (16.175304734731036, 4.445624888583002), (16.16732182015153, 4.46242227015667), (16.1592864014716, 4.479272152999459), (16.151198478732063, 4.4961745370587645), (16.143058051973803, 4.513129422281908), (16.134865121237773, 4.530136808616143), (16.126619686564993, 4.547196696008649), (16.11832174799656, 4.564309084406541), (16.10997130557364, 4.58147397375686), (16.101568359337463, 4.5986913640065765), (16.093112909329335, 4.615961255102593), (16.08460495559063, 4.63328364699174), (16.076044498162794, 4.650658539620779), (16.067431537087337, 4.668085932936401), (16.058766072405852, 4.685565826885225), (16.05004810415999, 4.703098221413802), (16.041277632391477, 4.720683116468612), (16.032454657142107, 4.738320511996064), (16.02357917845375, 4.756010407942498), (16.014651196368344, 4.773752804254184), (16.00567071092789, 4.791547700877321)]",True
1784490065.9920177,0,16.610543536754104,4.135312951600491,0.8011879809433001,86.66070217031064,-0.3639429721470661,14.283813089001072,3.9944161367410764,2.1104329464648455,82.97286032953559,-0.3727535699553292,-2.3267304477530324,-0.1408968148594143,1.3092449655215455,-3.68784184077505,-0.008810597808263099,"[(16.412350091931202, 4.081763723684721), (16.407084125799187, 4.097705961814893), (16.401765648740483, 4.113700707785187), (16.396394660792275, 4.1297479615441315), (16.390971161991814, 4.145847723040188), (16.38549515237643, 4.161999992221743), (16.379966631983507, 4.178204769037116), (16.374385600850513, 4.194462053434555), (16.36875205901498, 4.210771845362239), (16.363066006514515, 4.227134144768276), (16.357327443386794, 4.243548951600703), (16.35153636966956, 4.260016265807487), (16.345692785400626, 4.2765360873365275), (16.33979669061788, 4.293108416135649), (16.333848085359275, 4.309733252152609), (16.32784696966284, 4.326410595335093), (16.321793343566668, 4.343140445630719), (16.31568720710893, 4.359922802987032), (16.30952856032786, 4.376757667351507), (16.30331740326176, 4.393645038671551), (16.297053735949017, 4.410584916894498), (16.290737558428074, 4.427577301967614), (16.284368870737442, 4.444622193838092), (16.277947672915715, 4.461719592453059), (16.271473965001555, 4.478869497759566), (16.264947747033684, 4.4960719097046), (16.258369019050903, 4.513326828235073), (16.251737781092082, 4.530634253297828), (16.245054033196162, 4.54799418483964), (16.238317775402145, 4.5654066228072105), (16.23152900774912, 4.582871567147173), (16.22468773027623, 4.600389017806089), (16.217793943022695, 4.617958974730452), (16.210847646027812, 4.635581437866683), (16.203848839330934, 4.653256407161134), (16.1967975229715, 4.670983882560087), (16.18969369698901, 4.688763864009752), (16.182537361423034, 4.706596351456272), (16.175328516313208, 4.724481344845716), (16.168067161699252, 4.742418844124086), (16.160753297620943, 4.760408849237311), (16.153386924118138, 4.778451360131251), (16.145968041230756, 4.796546376751696), (16.138496648998792, 4.814693899044366), (16.13097274746231, 4.8328939269549105)]",True
1784490066.0382397,0,16.64765115369732,4.150345030677731,0.8004137199772977,86.66070217031064,-0.3639429721470661,14.377310817494998,4.046053621700716,2.1600629750601184,82.97286032953559,-0.3727535699553292,-2.270340336202324,-0.10429140897701483,1.3596492550828208,-3.68784184077505,-0.008810597808263099,"[(16.43427832778281, 4.089661651142075), (16.42840576852404, 4.105387467833121), (16.422480707710186, 4.121165783229819), (16.416503145379245, 4.136996597280984), (16.410473081569293, 4.152879909935358), (16.40439051631846, 4.168815721141614), (16.398255449664962, 4.1848040308483565), (16.392067881647076, 4.200844839004116), (16.385827812303155, 4.216938145557356), (16.37953524167162, 4.233083950456469), (16.373190169790952, 4.249282253649775), (16.36679259669972, 4.265533055085527), (16.360342522436554, 4.281836354711906), (16.35383994704015, 4.298192152477023), (16.347284870549284, 4.314600448328919), (16.3406772930028, 4.331061242215565), (16.3340172144396, 4.347574534084861), (16.327304634898677, 4.364140323884636), (16.320539554419078, 4.380758611562652), (16.31372197303993, 4.397429397066598), (16.30685189080042, 4.414152680344093), (16.299929307739816, 4.430928461342686), (16.292954223897446, 4.447756740009855), (16.28592663931272, 4.464637516293011), (16.278846554025108, 4.48157079013949), (16.271713968074152, 4.498556561496562), (16.264528881499473, 4.515594830311424), (16.257291294340753, 4.532685596531205), (16.250001206637744, 4.54982886010296), (16.242658618430276, 4.567024620973679), (16.235263529758242, 4.5842728790902765), (16.227815940661607, 4.6015736343996005), (16.22031585118041, 4.618926886848428), (16.212763261354752, 4.636332636383464), (16.205158171224816, 4.653790882951345), (16.197500580830848, 4.671301626498637), (16.18979049021316, 4.6888648669718345), (16.18202789941214, 4.706480604317364), (16.17421280846825, 4.72414883848158), (16.166345217422016, 4.741869569410767), (16.158425126314036, 4.75964279705114), (16.150452535184975, 4.777468521348844), (16.142427444075576, 4.795346742249952), (16.13434985302664, 4.813277459700467), (16.126219762079057, 4.831260673646325)]",True
1784490066.0785306,0,16.677256386510408,4.162520531806554,0.8001779238497034,86.66070217031064,-0.3639429721470661,14.493247957605446,4.107114914245263,2.2056697809990973,82.97286032953559,-0.3727535699553292,-2.1840084289049617,-0.055405617561291365,1.4054918571493937,-3.68784184077505,-0.008810597808263099,"[(16.527742098626923, 4.122572663660163), (16.52780424300306, 4.1397138240131595), (16.527815116680245, 4.156906250426595), (16.527774719685848, 4.174149942852131), (16.5276830520473, 4.191444901241366), (16.5275401137921, 4.208791125545833), (16.5273459049478, 4.226188615717007), (16.527100425542027, 4.2436373717062965), (16.526803675602462, 4.261137393465051), (16.526455655156845, 4.278688680944557), (16.52605636423299, 4.296291234096034), (16.525605802858763, 4.313945052870646), (16.5251039710621, 4.33165013721949), (16.524550868871, 4.349406487093601), (16.52394649631351, 4.367214102443953), (16.52329085341776, 4.3850729832214554), (16.522583940211927, 4.402983129376958), (16.521825756724258, 4.420944540861245), (16.52101630298306, 4.438957217625041), (16.520155579016706, 4.457021159619006), (16.51924358485363, 4.475136366793739), (16.518280320522322, 4.493302839099776), (16.517265786051343, 4.51152057648759), (16.516199981469313, 4.529789578907591), (16.515082906804913, 4.548109846310129), (16.51391456208689, 4.566481378645489), (16.512694947344045, 4.584904175863895), (16.511424062605258, 4.603378237915508), (16.510101907899458, 4.6219035647504265), (16.508728483255638, 4.640480156318686), (16.507303788702856, 4.659108012570261), (16.505827824270234, 4.6777871334550625), (16.504300589986954, 4.696517518922939), (16.502722085882258, 4.715299168923678), (16.501092311985456, 4.734132083407001), (16.499411268325918, 4.753016262322571), (16.497678954933075, 4.771951705619987), (16.495895371836426, 4.790938413248784), (16.494060519065524, 4.809976385158437), (16.49217439664999, 4.829065621298358), (16.490237004619505, 4.848206121617895), (16.48824834300382, 4.8673978860663345), (16.48620841183274, 4.886640914592901), (16.484117211136134, 4.905935207146755), (16.481974740943933, 4.925280763676997)]",True
1784490066.1269584,0,16.706798901683953,4.174830818125953,0.8000765215607897,86.66070217031064,-0.3639429721470661,14.532699958434225,4.12713180460675,2.2181408558966615,82.97286032953559,-0.3727535699553292,-2.174098943249728,-0.04769901351920236,1.4180643343358719,-3.68784184077505,-0.008810597808263099,"[(16.662902676548423, 4.176158582299415), (16.668417643297953, 4.196772368740758), (16.67385411617963, 4.217464617678222), (16.679212095334055, 4.238235328755669), (16.684491580902485, 4.259084501616316), (16.689692573026814, 4.280012135902733), (16.694815071849593, 4.301018231256843), (16.699859077514017, 4.322102787319923), (16.704824590163927, 4.343265803732603), (16.70971160994381, 4.364507280134867), (16.714520136998804, 4.385827216166052), (16.71925017147469, 4.407225611464848), (16.723901713517908, 4.428702465669299), (16.728474763275532, 4.450257778416803), (16.732969320895286, 4.471891549344109), (16.737385386525542, 4.493603778087323), (16.741722960315325, 4.5153944642819015), (16.745982042414298, 4.5372636075626565), (16.75016263297278, 4.559211207563752), (16.754264732141735, 4.581237263918707), (16.75828834007277, 4.603341776260392), (16.762233456918143, 4.625524744221033), (16.766100082830757, 4.647786167432207), (16.769888217964166, 4.670126045524846), (16.773597862472567, 4.692544378129236), (16.77722901651081, 4.715041164875016), (16.780781680234387, 4.7376164053911785), (16.784255853799436, 4.760270099306069), (16.787651537362752, 4.783002246247388), (16.79096873108177, 4.805812845842187), (16.79420743511457, 4.828701897716873), (16.79736764961988, 4.851669401497206), (16.80044937475708, 4.8747153568082995), (16.803452610686197, 4.897839763274621), (16.806377357567904, 4.92104262051999), (16.809223615563518, 4.944323928167581), (16.811991384835004, 4.967683685839922), (16.81468066554498, 4.991121893158893), (16.817291457856705, 5.01463854974573), (16.81982376193409, 5.038233655221021), (16.82227757794169, 5.061907209204708), (16.824652906044705, 5.085659211316087), (16.82694974640899, 5.109489661173805), (16.829168099201038, 5.133398558395866), (16.831307964588, 5.157385902599626)]",True
1784490066.1821833,0,16.743645694731985,4.190403075219506,0.800026656264177,86.66070217031064,-0.3639429721470661,14.63290257308003,4.176240295641752,2.2444855369591847,82.97286032953559,-0.3727535699553292,-2.1107431216519554,-0.014162779577754137,1.4444588806950076,-3.68784184077505,-0.008810597808263099,"[(16.734906657216104, 4.2047791767298275), (16.741938160092104, 4.224712808388996), (16.748916899917283, 4.2446991949585104), (16.75584287671339, 4.2647383363787705), (16.76271609050224, 4.284830232590101), (16.76953654130573, 4.304974883532753), (16.776304229145815, 4.325172289146904), (16.783019154044542, 4.345422449372657), (16.789681316024023, 4.365725364150041), (16.796290715106444, 4.386081033419011), (16.802847351314064, 4.406489457119447), (16.80935122466922, 4.426950635191156), (16.815802335194327, 4.447464567573872), (16.822200682911866, 4.468031254207254), (16.82854626784439, 4.488650695030886), (16.83483909001454, 4.509322889984278), (16.84107914944502, 4.530047839006868), (16.847266446158603, 4.550825542038018), (16.853400980178147, 4.571655999017016), (16.85948275152658, 4.592539209883077), (16.86551176022691, 4.613475174575342), (16.871488006302204, 4.634463893032877), (16.87741148977562, 4.655505365194675), (16.88328221067038, 4.676599590999654), (16.889100169009783, 4.697746570386658), (16.894865364817196, 4.718946303294459), (16.900577798116075, 4.7401987896617515), (16.906237468929934, 4.761504029427159), (16.911844377282367, 4.782862022529229), (16.91739852319705, 4.8042727689064355), (16.922899906697722, 4.825736268497179), (16.9283485278082, 4.847252521239786), (16.933744386552377, 4.868821527072508), (16.939087482954214, 4.890443285933523), (16.944377817037754, 4.912117797760937), (16.94961538882711, 4.933845062492777), (16.954800198346465, 4.9556250800670005), (16.959932245620085, 4.977457850421489), (16.965011530672307, 4.999343373494051), (16.97003805352754, 5.021281649222421), (16.975011814210262, 5.043272677544257), (16.97993281274504, 5.065316458397145), (16.9848010491565, 5.087412991718598), (16.989616523469348, 5.109562277446053), (16.994379235708365, 5.1317643155168735)]",True
1784490066.2269063,0,16.787737056757003,4.209377435554057,0.8000075259289521,86.66070217031064,-0.3639429721470661,14.755791200390682,4.233149645125399,2.2686946053548698,82.97286032953559,-0.3727535699553292,-2.0319458563663204,0.02377220957134263,1.4686870794259177,-3.68784184077505,-0.008810597808263099,"[(16.734906657216104, 4.2047791767298275), (16.741938160092104, 4.224712808388996), (16.748916899917283, 4.2446991949585104), (16.75584287671339, 4.2647383363787705), (16.76271609050224, 4.284830232590101), (16.76953654130573, 4.304974883532753), (16.776304229145815, 4.325172289146904), (16.783019154044542, 4.345422449372657), (16.789681316024023, 4.365725364150041), (16.796290715106444, 4.386081033419011), (16.802847351314064, 4.406489457119447), (16.80935122466922, 4.426950635191156), (16.815802335194327, 4.447464567573872), (16.822200682911866, 4.468031254207254), (16.82854626784439, 4.488650695030886), (16.83483909001454, 4.509322889984278), (16.84107914944502, 4.530047839006868), (16.847266446158603, 4.550825542038018), (16.853400980178147, 4.571655999017016), (16.85948275152658, 4.592539209883077), (16.86551176022691, 4.613475174575342), (16.871488006302204, 4.634463893032877), (16.87741148977562, 4.655505365194675), (16.88328221067038, 4.676599590999654), (16.889100169009783, 4.697746570386658), (16.894865364817196, 4.718946303294459), (16.900577798116075, 4.7401987896617515), (16.906237468929934, 4.761504029427159), (16.911844377282367, 4.782862022529229), (16.91739852319705, 4.8042727689064355), (16.922899906697722, 4.825736268497179), (16.9283485278082, 4.847252521239786), (16.933744386552377, 4.868821527072508), (16.939087482954214, 4.890443285933523), (16.944377817037754, 4.912117797760937), (16.94961538882711, 4.933845062492777), (16.954800198346465, 4.9556250800670005), (16.959932245620085, 4.977457850421489), (16.965011530672307, 4.999343373494051), (16.97003805352754, 5.021281649222421), (16.975011814210262, 5.043272677544257), (16.97993281274504, 5.065316458397145), (16.9848010491565, 5.087412991718598), (16.989616523469348, 5.109562277446053), (16.994379235708365, 5.1317643155168735)]",True
1784490066.3935902,0,16.867552622745084,4.246431904955607,0.8000007498712928,86.66070217031064,-0.3639429721470661,14.983531794097553,4.339334521991186,2.2982759164854727,82.97286032953559,-0.3727535699553292,-1.8840208286475306,0.09290261703557956,1.4982751666141798,-3.68784184077505,-0.008810597808263099,"[(16.74963092434989, 4.211233082632554), (16.75609046883157, 4.231112764672655), (16.762497185192142, 4.251045266922865), (16.768851073454062, 4.271030589323887), (16.775152133639864, 4.291068731816354), (16.781400365772157, 4.311159694340823), (16.787595769873622, 4.331303476837777), (16.79373834596701, 4.351500079247628), (16.799828094075153, 4.371749501510709), (16.805865014220952, 4.392051743567284), (16.811849106427378, 4.4124068053575405), (16.817780370717486, 4.432814686821594), (16.8236588071144, 4.453275387899485), (16.82948441564131, 4.473788908531179), (16.835257196321496, 4.4943552486565705), (16.840977149178304, 4.514974408215478), (16.846644274235146, 4.535646387147646), (16.852258571515517, 4.556371185392747), (16.857820041042988, 4.5771488028903775), (16.863328682841196, 4.597979239580062), (16.86878449693386, 4.618862495401251), (16.874187483344766, 4.639798570293319), (16.879537642097777, 4.660787464195569), (16.884834973216826, 4.68182917704723), (16.890079476725926, 4.702923708787455), (16.895271152649162, 4.7240710593553255), (16.90041000101069, 4.745271228689848), (16.905496021834743, 4.766524216729956), (16.910529215145626, 4.787830023414509), (16.915509580967715, 4.809188648682292), (16.92043711932547, 4.830600092472015), (16.925311830243416, 4.852064354722318), (16.930133713746155, 4.873581435371763), (16.93490276985836, 4.895151334358841), (16.939618998604782, 4.916774051621968), (16.944282400010245, 4.938449587099486), (16.94889297409964, 4.960177940729663), (16.953450720897937, 4.981959112450694), (16.95795564043019, 5.003793102200699), (16.96240773272151, 5.025679909917727), (16.96680699779709, 5.0476195355397495), (16.971153435682197, 5.069611979004666), (16.97544704640217, 5.091657240250301), (16.979687829982424, 5.113755319214407), (16.983875786448447, 5.135906215834662)]",True
1784490066.428809,0,16.88207843650158,4.2531401349432185,0.8000004958510962,86.66070217031064,-0.3639429721470661,15.024178403439223,4.3608804735834745,2.3021495306021325,82.97286032953559,-0.3727535699553292,-1.8579000330623572,0.107740338640256,1.5021490347510362,-3.68784184077505,-0.008810597808263099,"[(16.829816981424205, 4.247054814189884), (16.837151304870115, 4.26761763589983), (16.844433027070775, 4.28823305059797), (16.851662148047023, 4.308901058225183), (16.858838667819768, 4.329621658722277), (16.865962586409996, 4.350394852029985), (16.873033903838756, 4.371220638088969), (16.880052620127174, 4.392099016839821), (16.88701873529645, 4.413029988223058), (16.893932249367854, 4.434013552179126), (16.900793162362728, 4.455049708648398), (16.90760147430249, 4.476138457571178), (16.914357185208623, 4.497279798887694), (16.921060295102688, 4.518473732538103), (16.927710804006317, 4.539720258462491), (16.934308711941213, 4.561019376600871), (16.94085401892915, 4.582371086893184), (16.947346724991977, 4.603775389279299), (16.953786830151614, 4.625232283699012), (16.960174334430054, 4.646741770092048), (16.966509237849362, 4.668303848398059), (16.972791540431672, 4.689918518556626), (16.979021242199195, 4.711585780507256), (16.98519834317421, 4.733305634189385), (16.99132284337907, 4.755078079542377), (16.997394742836203, 4.776903116505524), (17.003414041568103, 4.798780745018045), (17.00938073959734, 4.820710965019089), (17.01529483694656, 4.842693776447729), (17.021156333638473, 4.8647291792429685), (17.026965229695865, 4.886817173343739), (17.032721525141596, 4.908957758688899), (17.038425219998597, 4.931150935217235), (17.044076314289867, 4.953396702867462), (17.049674808038485, 4.975695061578221), (17.055220701267597, 4.998046011288083), (17.06071399400042, 5.020449551935546), (17.066154686260248, 5.042905683459036), (17.071542778070445, 5.065414405796907), (17.076878269454443, 5.08797571888744), (17.082161160435756, 5.110589622668845), (17.087391451037963, 5.133256117079259), (17.092569141284713, 5.155975202056747), (17.097694231199732, 5.178746877539302), (17.102766720806816, 5.201571143464845)]",True
1784490066.4749968,0,16.90385025276776,4.263238981891127,0.8000002689108041,86.66070217031064,-0.3639429721470661,15.082877311400607,4.393607266437421,2.1137493163407517,82.97286032953559,-0.3727535699553292,-1.8209729413671543,0.1303682845462939,1.3137490474299476,-3.68784184077505,-0.008810597808263099,"[(16.843829568715144, 4.2542319609282035), (16.848966194956457, 4.274327516817914), (16.854049876719394, 4.294476009584698), (16.859080614028386, 4.314677439168649), (16.864058406907947, 4.334931805509784), (16.86898325538266, 4.355239108548049), (16.87385515947718, 4.375599348223313), (16.878674119216246, 4.3960125244753705), (16.88344013462466, 4.4164786372439435), (16.888153205727306, 4.436997686468678), (16.892813332549146, 4.457569672089147), (16.897420515115204, 4.478194594044848), (16.901974753450588, 4.498872452275204), (16.90647604758048, 4.519603246719565), (16.910924397530128, 4.540386977317204), (16.915319803324866, 4.561223644007322), (16.919662264990098, 4.582113246729045), (16.9239517825513, 4.603055785421424), (16.92818835603402, 4.624051260023437), (16.932371985463888, 4.645099670473987), (16.936502670866606, 4.6662010167119), (16.940580412267945, 4.687355298675932), (16.94460520969376, 4.708562516304762), (16.948577063169967, 4.729822669536995), (16.952495972722573, 4.751135758311161), (16.956361938377647, 4.772501782565717), (16.960174960161336, 4.793920742239045), (16.963935038099862, 4.815392637269453), (16.96764217221952, 4.836917467595174), (16.97129636254668, 4.858495233154366), (16.974897609107792, 4.880125933885113), (16.978445911929374, 4.901809569725426), (16.981941271038018, 4.923546140613241), (16.98538368646039, 4.945335646486418), (16.98877315822324, 4.967178087282745), (16.992109686353377, 4.989073462939934), (16.9953932708777, 5.011021773395623), (16.998623911823163, 5.033023018587375), (17.001801609216816, 5.055077198452681), (17.004926363085772, 5.077184312928954), (17.007998173457224, 5.099344361953535), (17.01101704035843, 5.121557345463691), (17.013982963816726, 5.143823263396612), (17.016895943859534, 5.166142115689418), (17.019755980514333, 5.1885139022791495)]",True
1784490066.5274148,0,16.940284071657217,4.279744454148091,0.8000001014171867,86.66070217031064,-0.3639429721470661,15.149091979120584,4.432791698231174,1.7333493163407518,82.97286032953559,-0.3727535699553292,-1.7911920925366331,0.15304724408308346,0.9333492149235652,-3.68784184077505,-0.008810597808263099,"[(16.877431748914393, 4.270430347639746), (16.88068528058952, 4.290141265553085), (16.883886071284323, 4.309904917619272), (16.88703412102543, 4.32972130377994), (16.89012942983954, 4.349590423976652), (16.893171997753424, 4.369512278150895), (16.896161824793925, 4.389486866244084), (16.899098910987963, 4.409514188197563), (16.901983256362527, 4.429594243952601), (16.904814860944683, 4.449727033450395), (16.907593724761565, 4.469912556632068), (16.910319847840388, 4.490150813438673), (16.91299323020843, 4.510441803811187), (16.915613871893044, 4.530785527690515), (16.91818177292166, 4.55118198501749), (16.920696933321782, 4.571631175732873), (16.923159353120983, 4.592133099777349), (16.92556903234691, 4.612687757091532), (16.92792597102728, 4.633295147615964), (16.930230169189883, 4.653955271291114), (16.93248162686259, 4.674668128057376), (16.934680344073335, 4.695433717855073), (16.936826320850134, 4.716252040624454), (16.938919557221066, 4.737123096305697), (16.94096005321429, 4.7580468848389055), (16.942947808858037, 4.779023406164111), (16.94488282418061, 4.8000526602212705), (16.946765099210385, 4.821134646950271), (16.94859463397581, 4.842269366290924), (16.950371428505402, 4.86345681818297), (16.952095482827758, 4.8846970025660745), (16.953766796971546, 4.905989919379833), (16.95538537096551, 4.927335568563765), (16.956951204838454, 4.948733950057321), (16.958464298619273, 4.970185063799875), (16.95992465233692, 4.991688909730729), (16.961332266020424, 5.0132454877891135), (16.962687139698897, 5.0348547979141856), (16.963989273401513, 5.056516840045028), (16.96523866715752, 5.078231614120654), (16.966435320996247, 5.09999912008), (16.967579234947085, 5.1218193578619315), (16.968670409039504, 5.143692327405242), (16.969708843303046, 5.165618028648651), (16.970694537767322, 5.187596461530805)]",True
1784490066.5850577,0,16.954891246414526,4.286273610986595,0.8000000706104304,86.66070217031064,-0.3639429721470661,15.189911812193099,4.457651462092189,1.4626663172796852,82.97286032953559,-0.3727535699553292,-1.7649794342214271,0.17137785110559367,0.6626662466692548,-3.68784184077505,-0.008810597808263099,"[(16.912671022007817, 4.2871656972815435), (16.91454752890269, 4.306578039158127), (16.916371309230794, 4.326043101304325), (16.918142363020497, 4.345560883662493), (16.91986069030025, 4.365131386174915), (16.92152629109858, 4.384754608783802), (16.923139165444077, 4.404430551431292), (16.92469931336541, 4.4241592140594515), (16.926206734891316, 4.4439405966102745), (16.927661430050613, 4.463774699025682), (16.929063398872177, 4.483661521247522), (16.930412641384972, 4.503601063217572), (16.931709157618027, 4.523593324877536), (16.932952947600445, 4.543638306169045), (16.934144011361397, 4.563736007033659), (16.93528234893013, 4.583886427412862), (16.93636796033596, 4.604089567248071), (16.937400845608288, 4.624345426480626), (16.938381004776573, 4.644654005051796), (16.939308437870356, 4.66501530290278), (16.94018314491924, 4.685429319974699), (16.94100512595291, 4.705896056208608), (16.94177438100112, 4.7264155115454844), (16.942490910093696, 4.746987685926236), (16.94315471326054, 4.767612579291696), (16.94376579053162, 4.788290191582628), (16.944324141936985, 4.809020522739721), (16.944829767506743, 4.829803572703593), (16.945282667271094, 4.850639341414787), (16.945682841260293, 4.871527828813777), (16.946030289504673, 4.892469034840961), (16.946325012034645, 4.913462959436669), (16.946567008880685, 4.934509602541153), (16.946756280073345, 4.955608964094598), (16.946892825643253, 4.9767610440371115), (16.9469766456211, 4.997965842308733), (16.947007740037655, 5.019223358849426), (16.946986108923763, 5.0405335935990845), (16.946911752310335, 5.061896546497528), (16.946784670228357, 5.083312217484505), (16.94660486270889, 5.104780606499691), (16.94637232978307, 5.126301713482688), (16.946087071482093, 5.147875538373026), (16.945749087837243, 5.169502081110164), (16.94535837887986, 5.191181341633488)]",True
1784490066.624201,0,16.991349590538412,4.302729133065772,0.8000000323594414,86.66070217031064,-0.3639429721470661,15.23648880903596,4.48515503613902,1.2673609846826017,82.97286032953559,-0.3727535699553292,-1.7548607815024528,0.18242590307324758,0.46736095232316033,-3.68784184077505,-0.008810597808263099,"[(16.946801030758845, 4.302839743681348), (16.946429305550918, 4.321552596429754), (16.946004894622035, 4.340318129497336), (16.94552779800351, 4.3591363428277), (16.944998015726718, 4.378007236364378), (16.944415547823116, 4.396930810050832), (16.943780394324225, 4.41590706383045), (16.943092555261643, 4.4349359976465506), (16.94235203066704, 4.454017611442378), (16.941558820572148, 4.473151905161105), (16.94071292500879, 4.492338878745833), (16.93981434400885, 4.511578532139591), (16.938863077604278, 4.530870865285336), (16.93785912582711, 4.550215878125953), (16.93680248870944, 4.569613570604254), (16.935693166283443, 4.589063942662981), (16.934531158581365, 4.608566994244802), (16.933316465635528, 4.628122725292314), (16.932049087478315, 4.6477311357480415), (16.930729024142188, 4.667392225554438), (16.929356275659682, 4.687105994653884), (16.9279308420634, 4.706872442988687), (16.926452723386017, 4.726691570501085), (16.924921919660285, 4.746563377133243), (16.923338430919028, 4.766487862827252), (16.921702257195136, 4.786465027525133), (16.920013398521576, 4.806494871168835), (16.918271854931387, 4.826577393700234), (16.916477626457674, 4.846712595061135), (16.914630713133622, 4.86690047519327), (16.912731114992486, 4.8871410340383), (16.91077883206759, 4.907434271537813), (16.90877386439233, 4.927780187633325), (16.906716212000177, 4.948178782266281), (16.904605874924673, 4.9686300553780525), (16.902442853199435, 4.98913400690994), (16.900227146858143, 5.009690636803172), (16.897958755934557, 5.030299944998904), (16.89563768046251, 5.050961931438222), (16.8932639204759, 5.071676596062137), (16.890837476008702, 5.092443938811589), (16.888358347094968, 5.113263959627446), (16.88582653376881, 5.134136658450505), (16.88324203606442, 5.155062035221489), (16.880604854016063, 5.176040089881051)]",True
1784490066.677233,0,17.013254981924778,4.312534852538814,0.8000000227747486,86.66070217031064,-0.3639429721470661,15.268798605662058,4.502947516645908,1.1982556754939253,82.97286032953559,-0.3727535699553292,-1.74445637626272,0.190412664107094,0.39825565271917673,-3.68784184077505,-0.008810597808263099,"[(16.960185228611106, 4.30898323535732), (16.95865462995194, 4.327303153204837), (16.957071358437233, 4.345675738971135), (16.955435414099817, 4.36410099260046), (16.9537467969726, 4.382578914036986), (16.95200550708855, 4.401109503224815), (16.950211544480727, 4.419692760107977), (16.948364909182242, 4.438328684630431), (16.94646560122629, 4.457017276736063), (16.944513620646134, 4.475758536368688), (16.942508967475113, 4.494552463472049), (16.940451641746634, 4.513399057989815), (16.938341643494173, 4.532298319865587), (16.936178972751282, 4.5512502490428925), (16.933963629551588, 4.570254845465185), (16.93169561392878, 4.589312109075849), (16.929374925916633, 4.608422039818196), (16.92700156554898, 4.627584637635464), (16.924575532859738, 4.646799902470823), (16.922096827882886, 4.666067834267367), (16.919565450652478, 4.6853884329681215), (16.91698140120264, 4.704761698516037), (16.914344679567577, 4.724187630853995), (16.911655285781556, 4.743666229924803), (16.908913219878915, 4.763197495671197), (16.906118481894076, 4.782781428035843), (16.90327107186152, 4.802418026961333), (16.90037098981581, 4.8221072923901875), (16.897418235791566, 4.841849224264855), (16.8944128098235, 4.861643822527714), (16.89135471194638, 4.881491087121069), (16.888243942195057, 4.901391017987153), (16.885080500604445, 4.921343615068128), (16.881864387209536, 4.941348878306083), (16.878595602045387, 4.961406807643035), (16.875274145147134, 4.9815174030209315), (16.871900016549983, 5.001680664381645), (16.86847321628921, 5.0218965916669775), (16.864993744400167, 5.04216518481866), (16.86146160091827, 5.06248644377835), (16.85787678587901, 5.082860368487634), (16.85423929931796, 5.103286958888027), (16.850549141270754, 5.123766214920972), (16.846806311773097, 5.144298136527839), (16.843010810860772, 5.164882723649927)]",True
1784490066.7832587,0,17.020569309198535,4.315775294033525,0.800000020710352,86.66070217031064,-0.3639429721470661,15.279401052664381,4.508368729487514,1.183371446921925,82.97286032953559,-0.3727535699553292,-1.741168256534154,0.19259343545398888,0.38337142621157294,-3.68784184077505,-0.008810597808263099,"[(16.96691959973426, 4.312065094010922), (16.964873754820438, 4.330202808567111), (16.96277525591284, 4.348393172393279), (16.96062410304494, 4.366636185434034), (16.95842029625027, 4.3849318476339105), (16.95616383556245, 4.403280158937371), (16.95385472101516, 4.421681119288808), (16.951492952642152, 4.4401347286325406), (16.94907853047726, 4.458640986912817), (16.946611454554372, 4.477199894073814), (16.944091724907466, 4.495811450059636), (16.941519341570586, 4.514475654814316), (16.938894304577843, 4.5331925082818145), (16.936216613963424, 4.551962010406022), (16.93348626976158, 4.570784161130757), (16.93070327200665, 4.589658960399765), (16.92786762073303, 4.60858640815672), (16.92497931597519, 4.627566504345224), (16.922038357767676, 4.646599248908809), (16.919044746145104, 4.665684641790935), (16.91599848114216, 4.684822682934988), (16.91289956279361, 4.704013372284285), (16.909747991134278, 4.72325670978207), (16.90654376619907, 4.742552695371515), (16.90328688802296, 4.761901328995721), (16.899977356640996, 4.781302610597717), (16.896615172088293, 4.800756540120461), (16.893200334400042, 4.820263117506838), (16.889732843611505, 4.839822342699661), (16.886212699758016, 4.859434215641674), (16.88263990287498, 4.879098736275545), (16.879014452997875, 4.898815904543876), (16.875336350162243, 4.918585720389192), (16.87160559440371, 4.938408183753949), (16.867822185757966, 4.95828329458053), (16.863986124260773, 4.978211052811248), (16.86009740994797, 4.998191458388342), (16.85615604285546, 5.018224511253981), (16.852162023019226, 5.038310211350263), (16.848115350475315, 5.058448558619212), (16.84401602525985, 5.078639553002781), (16.839864047409026, 5.098883194442853), (16.835659416959107, 5.119179482881237), (16.831402133946433, 5.139528418259672), (16.827092198407414, 5.159930000519824)]",True
1784490066.8247406,0,17.093980726898824,4.347567209793083,0.8000000129868821,86.66070217031064,-0.3639429721470661,15.394877226221002,4.558455543497314,1.1262237110314177,82.97286032953559,-0.3727535699553292,-1.699103500677822,0.2108883337042311,0.32622369804453566,-3.68784184077505,-0.008810597808263099,"[(17.010197877317292, 4.331482862525466), (17.008354271658916, 4.349657071021944), (17.006458191574104, 4.367883749207706), (17.00450963709555, 4.386162897028147), (17.002508608256004, 4.404494514428598), (17.000455105088303, 4.422878601354315), (16.998349127625346, 4.441315157750484), (16.996190675900106, 4.459804183562223), (16.993979749945616, 4.478345678734578), (16.991716349794995, 4.4969396432125235), (16.989400475481425, 4.5155860769409655), (16.98703212703815, 4.534284979864739), (16.984611304498504, 4.553036351928609), (16.982138007895877, 4.571840193077268), (16.979612237263726, 4.590696503255341), (16.97703399263559, 4.609605282407381), (16.974403274045073, 4.6285665304778725), (16.971720081525852, 4.647580247411227), (16.96898441511167, 4.6666464331517865), (16.966196274836342, 4.685765087643824), (16.96335566073375, 4.70493621083154), (16.960462572837855, 4.724159802659066), (16.957517011182684, 4.743435863070462), (16.954518975802333, 4.76276439200972), (16.951468466730972, 4.782145389420759), (16.948365484002835, 4.801578855247428), (16.94521002765223, 4.821064789433507), (16.94200209771354, 4.840603191922705), (16.93874169422121, 4.86019406265866), (16.93542881720976, 4.8798374015849415), (16.932063466713785, 4.899533208645045), (16.92864564276794, 4.9192814837824), (16.925175345406956, 4.939082226940362), (16.921652574665636, 4.958935438062217), (16.918077330578853, 4.978841117091183), (16.914449613181546, 4.9987992639704055), (16.91076942250873, 5.018809878642959), (16.90703675859548, 5.038872961051849), (16.903251621476958, 5.058988511140011), (16.899414011188387, 5.079156528850308), (16.89552392776506, 5.099377014125534), (16.891581371242335, 5.119649966908414), (16.887586341655652, 5.139975387141599), (16.883538839040515, 5.160353274767674), (16.8794388634325, 5.18078362972915)]",True
1784490066.8785033,0,17.130745450969208,4.363326351867641,0.8000000122921451,86.66070217031064,-0.3639429721470661,15.447296867855613,4.5786871263908315,1.1221673991810266,82.97286032953559,-0.3727535699553292,-1.683448583113595,0.2153607745231909,0.32216738688888147,-3.68784184077505,-0.008810597808263099,"[(17.01767494067218, 4.334850853371598), (17.015381153436063, 4.352872842365859), (17.013034762402718, 4.370947430564013), (17.01063576760574, 4.3890746179111595), (17.008184169078802, 4.407254404352327), (17.00567996685565, 4.425486789832472), (17.003123160970095, 4.44377177429648), (17.000513751456026, 4.462109357689167), (16.997851738347396, 4.480499539955276), (16.995137121678237, 4.498942321039479), (16.992369901482647, 4.5174377008863775), (16.989550077794796, 4.535985679440501), (16.98667765064893, 4.554586256646309), (16.983752620079358, 4.573239432448188), (16.980774986120466, 4.591945206790455), (16.97774474880671, 4.610703579617354), (16.974661908172617, 4.62951455087306), (16.97152646425278, 4.648378120501676), (16.96833841708187, 4.667294288447232), (16.965097766694633, 4.68626305465369), (16.96180451312588, 4.705284419064937), (16.95845865641049, 4.724358381624793), (16.955060196583418, 4.743484942277003), (16.951609133679693, 4.762664100965242), (16.948105467734408, 4.781895857633116), (16.94454919878273, 4.801180212224157), (16.940940326859902, 4.820517164681827), (16.937278852001228, 4.8399067149495165), (16.933564774242097, 4.8593488629705455), (16.929798093617954, 4.878843608688161), (16.92597881016433, 4.898390952045541), (16.922106923916818, 4.917990892985791), (16.918182434911085, 4.937643431451945), (16.914205343182864, 4.957348567386967), (16.91017564876797, 4.97710630073375), (16.906093351702282, 4.996916631435113), (16.901958452021745, 5.0167795594338065), (16.897770949762393, 5.03669508467251), (16.89353084496031, 5.0566632070938295), (16.889238137651663, 5.076683926640302), (16.884892827872694, 5.096757243254393), (16.880494915659703, 5.116883156878495), (16.87604440104907, 5.1370616674549305), (16.87154128407725, 5.157292774925951), (16.86698556478076, 5.177576479233737)]",True
1784490066.924366,0,17.182067811055724,4.385729224133725,0.8000000120057046,86.66070217031064,-0.3639429721470661,15.521231114478294,4.60500558823449,1.1204949787337026,84.729860539245,0.16229548246878053,-1.6608366965774302,0.21927636410076445,0.32049496672799804,-1.9308416310656469,0.5262384546158466,"[(17.090149644482988, 4.36568525833521), (17.09202271171218, 4.384993146706726), (17.09384405369626, 4.404352754422903), (17.095613670461457, 4.423764081430609), (17.097331562034064, 4.443227127676645), (17.098997728440438, 4.462741893107744), (17.100612169707002, 4.482308377670576), (17.102174885860247, 4.5019265813117455), (17.103685876926722, 4.52159650397779), (17.10514514293305, 4.541318145615181), (17.106552683905917, 4.561091506170325), (17.107908499872078, 4.580916585589564), (17.109212590858345, 4.6007933838191715), (17.110464956891605, 4.620721900805359), (17.111665597998805, 4.640702136494268), (17.112814514206956, 4.660734090831979), (17.113911705543146, 4.680817763764503), (17.11495717203451, 4.700953155237787), (17.11595091370827, 4.721140265197713), (17.116892930591703, 4.741379093590095), (17.117783222712145, 4.761669640360683), (17.11862179009701, 4.782011905455161), (17.11940863277377, 4.802405888819148), (17.120143750769966, 4.822851590398197), (17.1208271441132, 4.8433490101377945), (17.121458812831147, 4.863898147983361), (17.122038756951547, 4.884499003880253), (17.1225669765022, 4.905151577773761), (17.123043471510975, 4.925855869609109), (17.123468242005806, 4.946611879331454), (17.12384128801469, 4.9674196068858905), (17.1241626095657, 4.988279052217446), (17.12443220668696, 5.009190215271081), (17.12465007940667, 5.030153095991692), (17.124816227753094, 5.05116769432411), (17.124930651754557, 5.072234010213098), (17.124993351439457, 5.093352043603355), (17.125004326836255, 5.114521794439515), (17.124963577973475, 5.1357432626661454), (17.124871104879706, 5.157016448227748), (17.124726907583607, 5.178341351068759), (17.1245309861139, 5.199717971133548), (17.124283340499375, 5.221146308366421), (17.123983970768887, 5.242626362711617), (17.12363287695135, 5.264158134113308)]",True
1784490066.9850934,0,17.189370087716465,4.388996735548153,0.8000000119895803,86.66070217031064,-0.3639429721470661,15.531821781704684,4.60866316444019,1.1204008346854966,84.729860539245,0.16229548246878053,-1.6575483060117815,0.21966642889203758,0.3204008226959163,-1.9308416310656469,0.5262384546158466,"[(17.138594152743607, 4.386261926479458), (17.14260416206804, 4.40629172494814), (17.146562175597765, 4.426373512427101), (17.150468193356723, 4.446507288861299), (17.154322215368925, 4.466693054195627), (17.158124241658445, 4.486930808374908), (17.16187427224943, 4.507220551343901), (17.16557230716609, 4.527562283047296), (17.169218346432704, 4.547956003429715), (17.172812390073616, 4.568401712435715), (17.176354438113243, 4.588899410009782), (17.179844490576063, 4.60944909609634), (17.18328254748662, 4.630050770639742), (17.186668608869535, 4.650704433584274), (17.190002674749483, 4.671410084874157), (17.19328474515122, 4.692167724453542), (17.19651482009956, 4.712977352266515), (17.199692899619382, 4.733838968257093), (17.202818983735643, 4.7547525723692265), (17.205893072473362, 4.7757181645468), (17.20891516585762, 4.7967357447336285), (17.21188526391357, 4.817805312873462), (17.214803366666434, 4.838926868909982), (17.2176694741415, 4.860100412786802), (17.22048358636412, 4.88132594444747), (17.22324570335972, 4.902603463835466), (17.225955825153786, 4.923932970894203), (17.228613951771877, 4.945314465567026), (17.23122008323961, 4.966747947797213), (17.23377421958268, 4.988233417527976), (17.23627636082685, 5.009770874702458), (17.23872650699794, 5.031360319263736), (17.24112465812184, 5.053001751154819), (17.243470814224512, 5.07469517031865), (17.245764975331987, 5.096440576698104), (17.248007141470357, 5.118237970235987), (17.250197312665783, 5.140087350875041), (17.252335488944492, 5.161988718557939), (17.254421670332786, 5.183942073227287), (17.256455856857023, 5.205947414825625), (17.258438048543635, 5.228004743295422), (17.26036824541912, 5.250114058579084), (17.26224644751004, 5.272275360618948), (17.264072654843037, 5.294488649357283), (17.2658468674448, 5.316753924736292)]",True
1784490067.0879385,0,17.20397476112421,4.395531469072993,0.8000000119659488,86.66070217031064,-0.3639429721470661,15.553048013275605,4.615839452346652,1.1202628594241373,84.729860539245,0.16229548246878053,-1.6509267478486063,0.22030798327365897,0.32026284745818845,-1.9308416310656469,0.5262384546158466,"[(17.15569822721119, 4.393685430477579), (17.159492529393514, 4.413710838179319), (17.163234284138742, 4.433788786373807), (17.16692349147215, 4.453919275003594), (17.170560151419103, 4.474102304011158), (17.174144264005022, 4.494337873338907), (17.177675829255406, 4.514625982929177), (17.181154847195824, 4.534966632724235), (17.184581317851915, 4.555359822666275), (17.187955241249387, 4.575805552697421), (17.191276617414026, 4.596303822759726), (17.19454544637168, 4.616854632795173), (17.197761728148272, 4.637457982745672), (17.200925462769796, 4.658113872553064), (17.204036650262317, 4.6788223021591175), (17.207095290651974, 4.6995832715055315), (17.21010138396497, 4.7203967805339335), (17.21305493022759, 4.74126282918588), (17.215955929466173, 4.762181417402856), (17.21880438170714, 4.783152545126278), (17.221600286976987, 4.804176212297487), (17.224343645302273, 4.825252418857758), (17.227034456709628, 4.846381164748292), (17.229672721225764, 4.8675624499102215), (17.232258438877448, 4.888796274284605), (17.234791609691527, 4.910082637812431), (17.237272233694917, 4.93142154043462), (17.239700310914607, 4.952812982092018), (17.242075841377652, 4.974256962725401), (17.244398825111187, 4.995753482275475), (17.246669262142408, 5.017302540682875), (17.248887152498586, 5.0389041378881645), (17.251052496207066, 5.060558273831835), (17.25316529329526, 5.082264948454309), (17.255225543790647, 5.104024161695938), (17.25723324772079, 5.125835913497002), (17.259188405113314, 5.147700203797709), (17.26109101599591, 5.169617032538197), (17.262941080396345, 5.191586399658534), (17.26473859834246, 5.213608305098716), (17.26648356986217, 5.235682748798668), (17.268175994983455, 5.257809730698245), (17.26981587373436, 5.27998925073723), (17.271403206143013, 5.302221308855335), (17.272937992237605, 5.324505904992203)]",True
1784490067.1551278,0,17.284212092235062,4.4316692717663315,0.8000000119253503,86.66070217031064,-0.3639429721470661,15.67067918336496,4.652479584268782,1.1200258197113768,84.729860539245,0.16229548246878053,-1.613532908870102,0.22081031250245076,0.3200258077860265,-1.9308416310656469,0.5262384546158466,"[(17.25854241010472, 4.439200454178125), (17.266720665133086, 4.460789586055813), (17.274846955611533, 4.482430674017443), (17.282921281558746, 4.504123718005549), (17.290943642993472, 4.5258687179626005), (17.298914039934527, 4.547665673830997), (17.3068324724008, 4.56951458555307), (17.31469894041124, 4.591415453071085), (17.32251344398487, 4.61336827632724), (17.33027598314078, 4.635373055263663), (17.337986557898123, 4.657429789822418), (17.345645168276125, 4.6795384799454975), (17.353251814294076, 4.701699125574828), (17.360806495971335, 4.72391172665227), (17.36830921332733, 4.746176283119613), (17.375759966381555, 4.768492794918581), (17.38315875515357, 4.7908612619908295), (17.39050557966301, 4.813281684277947), (17.397800439929565, 4.835754061721454), (17.40504333597301, 4.858278394262804), (17.41223426781317, 4.880854681843382), (17.419373235469948, 4.903482924404504), (17.426460238963312, 4.926163121887423), (17.433495278313302, 4.948895274233318), (17.44047835354002, 4.971679381383305), (17.447409464663632, 4.994515443278431), (17.454288611704385, 5.017403459859674), (17.461115794682584, 5.040343431067947), (17.4678910136186, 5.063335356844093), (17.47461426853288, 5.086379237128889), (17.48128555944593, 5.109475071863042), (17.487904886378328, 5.132622860987195), (17.49447224935072, 5.15582260444192), (17.500987648383823, 5.179074302167723), (17.507451083498413, 5.2023779541050414), (17.51386255471534, 5.225733560194246), (17.520222062055524, 5.249141120375638), (17.526529605539945, 5.2726006345894545), (17.532785185189653, 5.2961121027758615), (17.53898880102577, 5.319675524874959), (17.545140453069482, 5.343290900826778), (17.551240141342042, 5.366958230571283), (17.557287865864776, 5.390677514048372), (17.56328362665907, 5.414448751197872), (17.569227423746387, 5.438271941959545)]",True
1784490067.1845076,0,17.31343818743159,4.444701316362205,0.8000000119228303,86.66070217031064,-0.3639429721470661,15.735117002342184,4.671549029999888,1.1200072848760874,84.729860539245,0.16229548246878053,-1.5783211850894059,0.22684771363768252,0.32000727295325704,-1.9308416310656469,0.5262384546158466,"[(17.276706418448008, 4.4475808361078615), (17.28444203891968, 4.469148572629034), (17.29212501251744, 4.49076894738351), (17.29975533926153, 4.5124419603109684), (17.307333019172244, 4.534167611351011), (17.31485805226995, 4.55594590044317), (17.322330438575097, 4.577776827526905), (17.329750178108196, 4.599660392541604), (17.337117270889838, 4.621596595426582), (17.344431716940683, 4.643585436121083), (17.35169351628146, 4.665626914564279), (17.358902668932974, 4.687721030695269), (17.366059174916103, 4.709867784453082), (17.37316303425179, 4.732067175776672), (17.38021424696106, 4.754319204604924), (17.387212813065002, 4.776623870876649), (17.39415873258478, 4.798981174530587), (17.401052005541633, 4.8213911155054054), (17.407892631956866, 4.8438536937397005), (17.41468061185186, 4.866368909171996), (17.421415945248068, 4.888936761740743), (17.428098632167014, 4.911557251384321), (17.434728672630296, 4.934230378041038), (17.44130606665958, 4.956956141649131), (17.447830814276603, 4.979734542146762), (17.45430291550318, 5.002565579472023), (17.460722370361196, 5.025449253562934), (17.46708917887261, 5.048385564357443), (17.47340334105944, 5.071374511793425), (17.4796648569438, 5.094416095808684), (17.485873726547855, 5.117510316340953), (17.49202994989385, 5.140657173327889), (17.498133527004104, 5.1638566667070815), (17.504184457901005, 5.187108796416046), (17.51018274260701, 5.210413562392227), (17.516128381144657, 5.2337709645729955), (17.52202137353655, 5.257181002895651), (17.52786171980536, 5.280643677297421), (17.533649419973845, 5.3041589877154625), (17.539384474064818, 5.327726934086858), (17.54506688210117, 5.3513475163486195), (17.550696644105876, 5.375020734437688), (17.556273760101963, 5.398746588290929), (17.561798230112544, 5.42252507784514), (17.5672700541608, 5.446356203037045)]",True
1784490067.2409098,0,17.335295099597463,4.454614404832352,0.8000000119219387,86.66070217031064,-0.3639429721470661,15.745827144124865,4.674825343519927,1.1200059001996,84.729860539245,0.16229548246878053,-1.589467955472598,0.22021093868757546,0.3200058882776612,-1.9308416310656469,0.5262384546158466,"[(17.31991420450282, 4.466838521515037), (17.329032137044816, 4.488932523430208), (17.338097683763824, 4.511078902047086), (17.347110844677925, 4.53327765730547), (17.356071619805274, 4.555528789145086), (17.364980009164096, 4.577832297505591), (17.373836012772685, 4.600188182326571), (17.382639630649404, 4.6225964435475415), (17.391390862812692, 4.6450570811079475), (17.40008970928106, 4.667570094947163), (17.408736170073077, 4.6901354850044905), (17.417330245207395, 4.712753251219164), (17.425871934702734, 4.735423393530345), (17.434361238577885, 4.758145911877126), (17.44279815685171, 4.780920806198526), (17.45118268954313, 4.803748076433496), (17.45951483667116, 4.826627722520915), (17.46779459825487, 4.849559744399594), (17.476021974313397, 4.872544142008269), (17.48419696486596, 4.895580915285608), (17.49231956993184, 4.918670064170208), (17.500389789530395, 4.941811588600595), (17.508407623681048, 4.965005488515225), (17.5163730724033, 4.9882517638524835), (17.524286135716718, 5.011550414550683), (17.532146813640935, 5.034901440548069), (17.539955106195666, 5.058304841782813), (17.54771101340069, 5.081760618193019), (17.555414535275855, 5.105268769716717), (17.56306567184108, 5.128829296291869), (17.570664423116355, 5.152442197856365), (17.578210789121748, 5.176107474348025), (17.585704769877392, 5.1998251257045975), (17.593146365403488, 5.223595151863762), (17.600535575720308, 5.2474175527631255), (17.607872400848198, 5.271292328340225), (17.615156840807575, 5.295219478532528), (17.62238889561893, 5.319199003277429), (17.62956856530281, 5.343230902512254), (17.636695849879853, 5.367315176174258), (17.643770749370752, 5.391451824200623), (17.650793263796277, 5.415640846528464), (17.657763393177266, 5.439882243094823), (17.664681137534632, 5.464176013836672), (17.671546496889356, 5.4885221586909125)]",True
1784490067.3034527,0,17.399761134157586,4.48667112680476,0.8000000119210802,86.66070217031064,-0.3639429721470661,15.851436163520425,4.712024124269788,1.1200007197473978,84.729860539245,0.16229548246878053,-1.548324970637161,0.2253529974650279,0.3200007078263176,-1.9308416310656469,0.5262384546158466,"[(17.34281545095781, 4.477620064456352), (17.350072079244597, 4.499257354055098), (17.357275749962074, 4.520947592505997), (17.36442646313173, 4.542690779746867), (17.37152421877513, 4.564486915715456), (17.378569016913914, 4.586336000349434), (17.385560857569807, 4.608238033586397), (17.39249974076459, 4.630193015363869), (17.39938566652013, 4.652200945619295), (17.406218634858362, 4.674261824290051), (17.412998645801306, 4.696375651313433), (17.419725699371046, 4.718542426626667), (17.426399795589745, 4.740762150166901), (17.433020934479647, 4.763034821871211), (17.439589116063054, 4.785360441676597), (17.446104340362357, 4.8077390095199855), (17.45256660740002, 4.830170525338226), (17.458975917198575, 4.852654989068097), (17.465332269780635, 4.8751924006463), (17.471635665168883, 4.897782760009464), (17.477886103386076, 4.92042606709414), (17.48408358445505, 4.943122321836808), (17.49022810839871, 4.965871524173871), (17.496319675240045, 4.988673674041661), (17.50235828500211, 5.011528771376431), (17.508343937708037, 5.034436816114363), (17.514276633381034, 5.057397808191562), (17.52015637204438, 5.080411747544059), (17.52598315372143, 5.103478634107812), (17.53175697843562, 5.126598467818703), (17.537477846210454, 5.149771248612541), (17.543145757069507, 5.172996976425057), (17.548760711036437, 5.196275651191911), (17.554322708134972, 5.219607272848688), (17.559831748388916, 5.242991841330897), (17.565287831822143, 5.266429356573974), (17.57069095845861, 5.28991981851328), (17.57604112832234, 5.313463227084099), (17.581338341437437, 5.337059582221644), (17.586582597828077, 5.360708883861053), (17.59177389751851, 5.384411131937386), (17.59691224053306, 5.4081663263856345), (17.601997626896132, 5.4319744671407095), (17.607030056632198, 5.455835554137451), (17.612009529765807, 5.479749587310623)]",True
1784490067.3362727,0,17.4501787318648,4.511042844622925,0.8000000119209635,86.66070217031064,-0.3639429721470661,15.91380614549931,4.737392862258565,1.1466282391982057,84.729860539245,0.16229548246878053,-1.5363725863654896,0.22635001763563967,0.3466282272772422,-1.9308416310656469,0.5262384546158466,"[(17.34281545095781, 4.477620064456352), (17.350072079244597, 4.499257354055098), (17.357275749962074, 4.520947592505997), (17.36442646313173, 4.542690779746867), (17.37152421877513, 4.564486915715456), (17.378569016913914, 4.586336000349434), (17.385560857569807, 4.608238033586397), (17.39249974076459, 4.630193015363869), (17.39938566652013, 4.652200945619295), (17.406218634858362, 4.674261824290051), (17.412998645801306, 4.696375651313433), (17.419725699371046, 4.718542426626667), (17.426399795589745, 4.740762150166901), (17.433020934479647, 4.763034821871211), (17.439589116063054, 4.785360441676597), (17.446104340362357, 4.8077390095199855), (17.45256660740002, 4.830170525338226), (17.458975917198575, 4.852654989068097), (17.465332269780635, 4.8751924006463), (17.471635665168883, 4.897782760009464), (17.477886103386076, 4.92042606709414), (17.48408358445505, 4.943122321836808), (17.49022810839871, 4.965871524173871), (17.496319675240045, 4.988673674041661), (17.50235828500211, 5.011528771376431), (17.508343937708037, 5.034436816114363), (17.514276633381034, 5.057397808191562), (17.52015637204438, 5.080411747544059), (17.52598315372143, 5.103478634107812), (17.53175697843562, 5.126598467818703), (17.537477846210454, 5.149771248612541), (17.543145757069507, 5.172996976425057), (17.548760711036437, 5.196275651191911), (17.554322708134972, 5.219607272848688), (17.559831748388916, 5.242991841330897), (17.565287831822143, 5.266429356573974), (17.57069095845861, 5.28991981851328), (17.57604112832234, 5.313463227084099), (17.581338341437437, 5.337059582221644), (17.586582597828077, 5.360708883861053), (17.59177389751851, 5.384411131937386), (17.59691224053306, 5.4081663263856345), (17.601997626896132, 5.4319744671407095), (17.607030056632198, 5.455835554137451), (17.612009529765807, 5.479749587310623)]",True
1784490067.3870509,0,17.471819413048898,4.521419716407669,0.8000000119209473,86.66070217031064,-0.3639429721470661,15.946311277422298,4.7512166539715155,1.1816629781761316,84.729860539245,0.16229548246878053,-1.5255081356266,0.22979693756384645,0.38166296625518437,-1.9308416310656469,0.5262384546158466,"[(17.398523398353305, 4.505060048644895), (17.40807387935447, 4.527679340559201), (17.417572061124453, 4.550350922308291), (17.42701794368072, 4.573074793831384), (17.436411527040804, 4.595850955067629), (17.445752811222302, 4.618679405956107), (17.45504179624289, 4.641560146435826), (17.464278482120314, 4.664493176445726), (17.473462868872385, 4.687478495924674), (17.482594956516987, 4.71051610481147), (17.491674745072075, 4.73360600304484), (17.50070223455567, 4.7567481905634414), (17.509677424985874, 4.779942667305861), (17.518600316380848, 4.803189433210616), (17.52747090875883, 4.826488488216152), (17.536289202138125, 4.8498398322608445), (17.54505519653711, 4.873243465282999), (17.553768891974237, 4.896699387220851), (17.56243028846802, 4.920207598012564), (17.571039386037047, 4.943768097596234), (17.57959618469998, 4.967380885909883), (17.588100684475545, 4.991045962891464), (17.59655288538254, 5.014763328478861), (17.60495278743984, 5.038532982609888), (17.613300390666378, 5.062354925222285), (17.621595695081172, 5.086229156253725), (17.629838700703303, 5.110155675641809), (17.638029407551915, 5.134134483324068), (17.64616781564624, 5.158165579237965), (17.654253925005566, 5.182248963320887), (17.662287735649254, 5.2063846355101555), (17.67026924759674, 5.230572595743021), (17.678198460867524, 5.254812843956661), (17.686075375481185, 5.279105380088186), (17.693899991457364, 5.303450204074633), (17.70167230881578, 5.3278473158529716), (17.709392327576214, 5.352296715360097), (17.717060047758523, 5.376798402532839), (17.724675469382635, 5.401352377307954), (17.732238592468544, 5.425958639622127), (17.739749417036318, 5.450617189411976), (17.747207943106094, 5.475328026614046), (17.754614170698083, 5.500091151164813), (17.761968099832565, 5.524906563000681), (17.769269730529885, 5.549774262057986)]",True
1784490067.4272113,0,17.479026653917774,4.524891828381038,0.8000000119209438,86.66070217031064,-0.3639429721470661,15.95705409366033,4.755995786816622,1.1699346806339757,84.729860539245,0.16229548246878053,-1.5219725602574439,0.2311039584355843,0.3699346687130318,-1.9308416310656469,0.5262384546158466,"[(17.458319327537854, 4.534043129225588), (17.470260902520806, 4.557695034442285), (17.48215028931855, 4.581399117535763), (17.493987487945173, 4.605155378444506), (17.505772498414842, 4.628963817106932), (17.51750532074178, 4.652824433461388), (17.529185954940292, 4.676737227446154), (17.540814401024747, 4.700702198999435), (17.552390659009582, 4.724719348059372), (17.563914728909303, 4.748788674564033), (17.57538661073849, 4.77291017845142), (17.586806304511793, 4.7970838596594625), (17.598173810243928, 4.82130971812602), (17.609489127949683, 4.845587753788886), (17.62075225764391, 4.86991796658578), (17.631963199341538, 4.894300356454357), (17.64312195305756, 4.918734923332199), (17.65422851880704, 4.943221667156819), (17.66528289660512, 4.967760587865661), (17.676285086466997, 4.9923516853961), (17.687235088407945, 5.016994959685441), (17.69813290244331, 5.041690410670919), (17.708978528588496, 5.0664380382897), (17.719771966858993, 5.091237842478881), (17.730513217270353, 5.116089823175489), (17.741202279838195, 5.140993980316481), (17.751839154578207, 5.165950313838746), (17.76242384150615, 5.190958823679101), (17.77295634063785, 5.216019509774297), (17.783436651989216, 5.241132372061013), (17.79386477557621, 5.2662974104758575), (17.804240711414874, 5.291514624955373), (17.81456445952131, 5.31678401543603), (17.8248360199117, 5.342105581854231), (17.83505539260229, 5.367479324146307), (17.84522257760939, 5.392905242248521), (17.855337574949395, 5.418383336097065), (17.865400384638754, 5.443913605628065), (17.875411006693998, 5.469496050777574), (17.885369441131715, 5.495130671481576), (17.895275687968574, 5.520817467675987), (17.90512974722131, 5.546556439296653), (17.914931618906717, 5.57234758627935), (17.924681303041673, 5.598190908559785), (17.93437879964312, 5.624086406073595)]",True
1784490067.476069,0,17.5150607712909,4.542256675051131,0.8000000119209341,86.66070217031064,-0.3639429721470661,16.015886295741666,4.783784506842768,1.422890807464258,84.729860539245,0.16229548246878053,-1.4991744755492356,0.24152783179163695,0.6228907955433238,-1.9308416310656469,0.5262384546158466,"[(17.489795812287, 4.549323566235485), (17.50196980397258, 4.573214623378078), (17.51409120207771, 4.597158263432121), (17.526160006616575, 4.621154486333969), (17.538176217603432, 4.645203292019907), (17.550139835052608, 4.669304680426147), (17.562050858978512, 4.693458651488827), (17.573909289395612, 4.717665205144016), (17.585715126318455, 4.741924341327708), (17.597468369761664, 4.766236059975828), (17.609169019739923, 4.790600361024225), (17.620817076268, 4.81501724440868), (17.63241253936073, 4.839486710064899), (17.643955409033016, 4.864008757928518), (17.655445685299842, 4.8885833879351), (17.666883368176258, 4.913210600020134), (17.678268457677387, 4.937890394119041), (17.689600953818424, 4.962622770167166), (17.700880856614635, 4.987407728099784), (17.712108166081364, 5.012245267852098), (17.72328288223402, 5.037135389359238), (17.73440500508809, 5.062078092556263), (17.745474534659124, 5.087073377378158), (17.756491470962754, 5.112121243759838), (17.767455814014685, 5.137221691636146), (17.77836756383068, 5.16237472094185), (17.78922672042659, 5.18758033161165), (17.80003328381833, 5.21283852358017), (17.81078725402189, 5.238149296781965), (17.82148863105333, 5.263512651151516), (17.832137414928788, 5.288928586623234), (17.842733605664463, 5.314397103131455), (17.853277203276633, 5.339918200610445), (17.863768207781654, 5.365491878994397), (17.87420661919594, 5.391118138217434), (17.88459243753599, 5.416796978213603), (17.894925662818363, 5.442528398916883), (17.905206295059703, 5.468312400261178), (17.915434334276718, 5.494148982180321), (17.92560978048619, 5.5200381446080735), (17.935732633704976, 5.545979887478124), (17.94580289395, 5.571974210724089), (17.955820561238262, 5.598021114279513), (17.965785635586833, 5.62412059807787), (17.975698117012854, 5.65027266205256)]",True
1784490067.551377,0,17.572265102935823,4.570954045279094,0.8000000119209298,86.66070217031064,-0.3639429721470661,16.112925231888617,4.834264824639854,1.6878967479372669,84.729860539245,0.16229548246878053,-1.4593398710472059,0.2633107793607605,0.887896736016337,-1.9308416310656469,0.5262384546158466,"[(17.52604934530789, 4.56685399158316), (17.5387931859265, 4.59107641289404), (17.55148442873974, 4.6153514210365), (17.564123073761063, 4.639679015946214), (17.57670912100399, 4.664059197558783), (17.589242570482117, 4.6884919658097335), (17.601723422209115, 4.712977320634522), (17.614151676198727, 4.737515261968532), (17.626527332464768, 4.762105789747075), (17.63885039102112, 4.786748903905389), (17.651120851881746, 4.811444604378641), (17.663338715060675, 4.836192891101925), (17.675503980572014, 4.860993764010263), (17.687616648429934, 4.885847223038604), (17.69967671864869, 4.910753268121825), (17.711684191242597, 4.9357118991947315), (17.723639066226053, 4.960723116192055), (17.73554134361352, 4.985786919048456), (17.747391023419535, 5.0109033076985225), (17.759188105658712, 5.036072282076769), (17.770932590345733, 5.061293842117639), (17.78262447749535, 5.086567987755503), (17.794263767122395, 5.11189471892466), (17.805850459241764, 5.137274035559335), (17.817384553868433, 5.162705937593682), (17.828866051017446, 5.188190424961783), (17.840294950703917, 5.213727497597646), (17.85167125294304, 5.2393171554352085), (17.862994957750068, 5.264959398408334), (17.874266065140343, 5.2906542264508145), (17.885484575129272, 5.3164016394963705), (17.896650487732334, 5.342201637478649), (17.90776380296508, 5.368054220331223), (17.918824520843128, 5.393959387987598), (17.92983264138218, 5.4199171403812025), (17.940788164598004, 5.4459274774453945), (17.951691090506444, 5.47199039911346), (17.962541419123408, 5.498105905318613), (17.97333915046488, 5.524273995993992), (17.984084284546924, 5.550494671072668), (17.994776821385667, 5.576767930487636), (18.005416760997313, 5.603093774171819), (18.016004103398142, 5.629472202058071), (18.026538848604496, 5.65590321407917), (18.037020996632794, 5.682386810167822)]",True
1784490067.5810714,0,17.586544881681,4.578170984050964,0.8000000119209295,86.66070217031064,-0.3639429721470661,16.158447340202564,4.85938965394222,1.7765661519805194,84.729860539245,0.16229548246878053,-1.4280975414784365,0.2812186698912553,0.9765661400595899,-1.9308416310656469,0.5262384546158466,"[(17.562399686249634, 4.585065569998376), (17.57567721338544, 4.6096459247868085), (17.58890212099815, 4.634278887828444), (17.602074409100524, 4.658964459058255), (17.615194077705397, 4.683702638411141), (17.628261126825667, 4.70849342582193), (17.641275556474312, 4.733336821225378), (17.654237366664383, 4.758232824556165), (17.667146557409, 4.783181435748903), (17.68000312872136, 4.808182654738127), (17.692807080614728, 4.833236481458304), (17.70555841310244, 4.858342915843824), (17.718257126197916, 4.883501957829008), (17.730903219914634, 4.908713607348101), (17.74349669426616, 4.9339778643352785), (17.756037549266118, 4.959294728724641), (17.768525784928208, 4.984664200450219), (17.78096140126621, 5.010086279445966), (17.79334439829397, 5.035560965645768), (17.805674776025413, 5.061088258983435), (17.81795253447453, 5.086668159392707), (17.830177673655385, 5.112300666807248), (17.84235019358212, 5.137985781160653), (17.854470094268944, 5.163723502386442), (17.866537375730143, 5.189513830418062), (17.878552037980075, 5.21535676518889), (17.890514081033167, 5.241252306632228), (17.902423504903922, 5.267200454681308), (17.914280309606912, 5.293201209269285), (17.92608449515679, 5.319254570329247), (17.93783606156827, 5.345360537794204), (17.94953500885615, 5.371519111597097), (17.96118133703529, 5.397730291670793), (17.97277504612063, 5.4239940779480875), (17.98431613612718, 5.450310470361702), (17.995804607070028, 5.476679468844285), (18.007240458964326, 5.5031010733284145), (18.0186236918253, 5.529575283746595), (18.02995430566826, 5.556102100031257), (18.041232300508568, 5.582681522114761), (18.052457676361676, 5.609313549929393), (18.0636304332431, 5.6359981834073665), (18.07475057116844, 5.662735422480823), (18.085818090153357, 5.689525267081832), (18.096832990213585, 5.716367717142388)]",True
1784490067.6335626,0,17.650748750067578,4.610751665858649,0.8000000119209292,86.66070217031064,-0.3639429721470661,16.276379653430855,4.92734305630477,1.2590760103445766,84.729860539245,0.16229548246878053,-1.3743690966367232,0.3165913904461215,0.45907599842364744,-1.9308416310656469,0.5262384546158466,"[(17.62344218606042, 4.6174349791552824), (17.631530041783837, 4.640553668359297), (17.63956490614026, 4.663725339475048), (17.64754677915011, 4.686949992437953), (17.655475660833886, 4.710227627183356), (17.663351551212155, 4.733558243646523), (17.671174450305564, 4.756941841762649), (17.67894435813483, 4.780378421466853), (17.68666127472076, 4.803867982694178), (17.69432520008421, 4.827410525379591), (17.70193613424614, 4.851006049457987), (17.70949407722756, 4.874654554864184), (17.716999029049575, 4.898356041532926), (17.724450989733352, 4.922110509398882), (17.731849959300135, 4.945917958396645), (17.739195937771246, 4.9697783884607345), (17.746488925168084, 4.993691799525593), (17.753728921512117, 5.017658191525591), (17.760915926824893, 5.041677564395021), (17.76804994112803, 5.065749918068104), (17.77513096444323, 5.089875252478982), (17.782158996792255, 5.114053567561725), (17.789134038196956, 5.138284863250328), (17.796056088679254, 5.162569139478709), (17.802925148261146, 5.186906396180713), (17.8097412169647, 5.211296633290108), (17.81650429481206, 5.235739850740591), (17.823214381825448, 5.260236048465779), (17.82987147802716, 5.284785226399218), (17.836475583439572, 5.309387384474377), (17.843026698085126, 5.334042522624651), (17.84952482198634, 5.358750640783359), (17.855969955165815, 5.3835117388837475), (17.862362097646216, 5.4083258168589845), (17.86870124945029, 5.433192874642165), (17.87498741060086, 5.4581129121663094), (17.88122058112082, 5.483085929364363), (17.887400761033142, 5.508111926169196), (17.89352795036087, 5.533190902513603), (17.899602149127126, 5.558322858330303), (17.905623357355108, 5.583507793551943), (17.91159157506808, 5.608745708111093), (17.91750680228939, 5.634036601940249), (17.92336903904246, 5.6593804749718295), (17.929178285350783, 5.684777327138181)]",True
1784490067.678788,0,17.679338063564884,4.625126682026263,0.8000000119209292,86.66070217031064,-0.3639429721470661,16.318829927610178,4.950944512380326,1.1798085582093811,84.729860539245,0.16229548246878053,-1.3605081359547064,0.32581783035406353,0.37980854628845195,-1.9308416310656469,0.5262384546158466,"[(17.670168583939116, 4.641374047671145), (17.67515073363897, 4.663420858151307), (17.680079988251084, 4.685520555604769), (17.684956347800007, 4.707673139969156), (17.689779812310356, 4.729878611182019), (17.694550381806824, 4.752136969180833), (17.699268056314178, 4.774448213903), (17.70393283585726, 4.796812345285849), (17.708544720460985, 4.819229363266634), (17.71310371015034, 4.841699267782533), (17.717609804950385, 4.864222058770655), (17.722063004886266, 4.88679773616803), (17.72646330998319, 4.909426299911618), (17.730810720266437, 4.932107749938302), (17.73510523576137, 4.954842086184892), (17.739346856493423, 4.977629308588125), (17.743535582488104, 5.000469417084663), (17.74767141377099, 5.023362411611092), (17.75175435036774, 5.046308292103929), (17.755784392304083, 5.069307058499613), (17.75976153960582, 5.09235871073451), (17.763685792298826, 5.115463248744913), (17.76755715040906, 5.138620672467039), (17.771375613962544, 5.161830981837033), (17.775141182985376, 5.185094176790965), (17.778853857503726, 5.208410257264831), (17.782513637543847, 5.231779223194554), (17.78612052313206, 5.255201074515981), (17.789674514294756, 5.278675811164888), (17.79317561105841, 5.302203433076973), (17.796623813449564, 5.325783940187863), (17.800019121494834, 5.349417332433111), (17.803361535220912, 5.3731036097481955), (17.806651054654566, 5.39684277206852), (17.809887679822634, 5.420634819329414), (17.813071410752027, 5.444479751466135), (17.816202247469736, 5.468377568413865), (17.819280190002825, 5.492328270107712), (17.822305238378426, 5.516331856482711), (17.82527739262375, 5.5403883274738215), (17.828196652766078, 5.56449768301593), (17.83106301883277, 5.58865992304385), (17.833876490851253, 5.612875047492318), (17.83663706884904, 5.637143056296), (17.839344752853712, 5.661463949389486)]",True
1784490067.7290063,0,17.700615325905417,4.636229478311839,0.8000000119209292,86.66070217031064,-0.3639429721470661,16.36003126750656,4.9723304052618476,1.1457202075444435,84.729860539245,0.16229548246878053,-1.340584058398857,0.33610092695000837,0.3457201956235143,-1.9308416310656469,0.5262384546158466,"[(17.693405305898246, 4.653874049367526), (17.693566259449835, 4.674010983746946), (17.693674473232175, 4.694200651883441), (17.693729947276047, 4.714443053718275), (17.69373268161231, 4.734738189192642), (17.693682676271894, 4.755086058247661), (17.693579931285804, 4.775486660824381), (17.693424446685114, 4.795939996863775), (17.693216222500972, 4.816446066306747), (17.692955258764595, 4.837004869094125), (17.692641555507286, 4.8576164051666675), (17.692275112760406, 4.878280674465059), (17.691855930555395, 4.898997676929912), (17.69138400892376, 4.9197674125017645), (17.690859347897085, 4.940589881121084), (17.69028194750703, 4.961465082728265), (17.689651807785328, 4.982393017263628), (17.688968928763774, 5.003373684667423), (17.688233310474246, 5.024407084879827), (17.68744495294869, 5.045493217840942), (17.68660385621913, 5.066632083490801), (17.685710020317654, 5.087823681769363), (17.684763445276424, 5.109068012616513), (17.68376413112768, 5.1303650759720645), (17.682712077903737, 5.151714871775759), (17.681607285636968, 5.173117399967265), (17.680449754359834, 5.194572660486178), (17.679239484104862, 5.21608065327202), (17.677976474904654, 5.237641378264244), (17.676660726791884, 5.259254835402226), (17.675292239799294, 5.280921024625273), (17.673871013959705, 5.302639945872617), (17.672397049306007, 5.324411599083418), (17.670870345871162, 5.346235984196764), (17.66929090368821, 5.368113101151671), (17.667658722790257, 5.39004294988708), (17.665973803210488, 5.412025530341863), (17.664236144982155, 5.434060842454815), (17.662445748138584, 5.456148886164662), (17.660602612713173, 5.478289661410057), (17.658706738739397, 5.500483168129578), (17.656758126250796, 5.522729406261733), (17.65475677528099, 5.545028375744955), (17.652702685863666, 5.567380076517608), (17.65059585803259, 5.5897845085179805)]",True
1784490067.7799633,0,17.778839236415255,4.676535779156717,0.8000000119209292,86.66070217031064,-0.3639429721470661,16.463771199490683,5.017115125279609,1.1231192686215303,84.729860539245,0.16229548246878053,-1.315068036924572,0.3405793461228921,0.32311925670060115,-1.9308416310656469,0.5262384546158466,"[(17.718207832778358, 4.6672899086986), (17.71516489329109, 4.686041588250213), (17.71206932829081, 4.704845888713502), (17.708921137812244, 4.723702810032387), (17.705720321890205, 4.74261235215072), (17.702466880559562, 4.7615745150122795), (17.699160813855265, 4.780589298560772), (17.695802121812335, 4.799656702739833), (17.69239080446586, 4.818776727493028), (17.688926861850998, 4.837949372763849), (17.685410294002992, 4.857174638495717), (17.68184110095714, 4.876452524631983), (17.678219282748824, 4.895783031115924), (17.674544839413485, 4.915166157890747), (17.670817770986645, 4.934601904899588), (17.6670380775039, 4.9540902720855104), (17.663205759000906, 4.973631259391507), (17.6593208155134, 4.993224866760498), (17.655383247077186, 5.012871094135333), (17.651393053728142, 5.0325699414587906), (17.647350235502216, 5.052321408673577), (17.643254792435428, 5.072125495722327), (17.63910672456387, 5.091982202547605), (17.634906031923702, 5.111891529091903), (17.63065271455116, 5.13185347529764), (17.626346772482552, 5.151868041107167), (17.621988205754253, 5.171935226462761), (17.617577014402713, 5.192055031306627), (17.61311319846445, 5.212227455580901), (17.60859675797606, 5.232452499227647), (17.604027692974203, 5.252730162188855), (17.599406003495616, 5.273060444406446), (17.594731689577106, 5.2934433458222685), (17.590004751255545, 5.313878866378101), (17.58522518856789, 5.334367006015648), (17.580393001551155, 5.354907764676544), (17.575508190242438, 5.375501142302353), (17.5705707546789, 5.396147138834565), (17.56558069489778, 5.4168457542146005), (17.56053801093638, 5.437596988383808), (17.555442702832078, 5.458400841283464), (17.55029477062233, 5.4792573128547755), (17.54509421434465, 5.500166403038875), (17.539841034036638, 5.521128111776826), (17.53453522973595, 5.542142439009619)]",True
1784490067.8245533,0,17.807788309563964,4.691993151773354,0.8807699346549845,86.66070217031064,-0.3639429721470661,16.495603325629205,5.028083006989226,1.1216564818435173,84.729860539245,0.16229548246878053,-1.3121849839347597,0.33608985521587176,0.24088654718853275,-1.9308416310656469,0.5262384546158466,"[(17.739239178530283, 4.677927763023085), (17.735904790236333, 4.696495261197107), (17.732517817303677, 4.715115339563498), (17.729078259767288, 4.733787998066669), (17.72558611766222, 4.752513236650958), (17.722041391023595, 4.771291055260634), (17.718444079886602, 4.7901214538398955), (17.714794184286507, 4.809004432332868), (17.711091704258642, 4.827939990683607), (17.707336639838417, 4.846928128836096), (17.7035289910613, 4.865968846734248), (17.699668757962847, 4.885062144321904), (17.695755940578675, 4.9042080215428365), (17.69179053894447, 4.923406478340745), (17.687772553096, 4.942657514659256), (17.683701983069092, 4.961961130441929), (17.67957882889965, 4.981317325632249), (17.67540309062365, 5.0007261001736305), (17.671174768277137, 5.0201874540094185), (17.666893861896227, 5.039701387082886), (17.66256037151711, 5.059267899337234), (17.658174297176043, 5.078886990715594), (17.653735638909357, 5.098558661161024), (17.649244396753456, 5.118282910616514), (17.64470057074481, 5.138059739024982), (17.640104160919964, 5.157889146329271), (17.635455167315534, 5.177771132472159), (17.6307535899682, 5.19770569739635), (17.625999428914724, 5.2176928410444745), (17.621192684191936, 5.237732563359096), (17.61633335583673, 5.2578248642827035), (17.61142144388608, 5.277969743757718), (17.606456948377026, 5.298167201726487), (17.60143986934668, 5.318417238131289), (17.59637020683223, 5.338719852914329), (17.591247960870927, 5.359075046017741), (17.586073131500093, 5.379482817383591), (17.580845718757132, 5.3999431669538716), (17.575565722679514, 5.420456094670503), (17.570233143304772, 5.441021600475337), (17.56484798067052, 5.4616396843101525), (17.559410234814443, 5.482310346116658), (17.55391990577429, 5.503033585836491), (17.548376993587887, 5.523809403411216), (17.542781498293127, 5.54463779878233)]",True
1784490067.928306,0,17.807788309563964,4.691993151773354,0.8807699346549845,86.66070217031064,-0.3639429721470661,16.50626791894403,5.031553114963922,1.1213414199038245,84.729860539245,0.16229548246878053,-1.3015203906199346,0.3395599631905677,0.24057148524883998,-1.9308416310656469,0.5262384546158466,"[(17.739239178530283, 4.677927763023085), (17.735904790236333, 4.696495261197107), (17.732517817303677, 4.715115339563498), (17.729078259767288, 4.733787998066669), (17.72558611766222, 4.752513236650958), (17.722041391023595, 4.771291055260634), (17.718444079886602, 4.7901214538398955), (17.714794184286507, 4.809004432332868), (17.711091704258642, 4.827939990683607), (17.707336639838417, 4.846928128836096), (17.7035289910613, 4.865968846734248), (17.699668757962847, 4.885062144321904), (17.695755940578675, 4.9042080215428365), (17.69179053894447, 4.923406478340745), (17.687772553096, 4.942657514659256), (17.683701983069092, 4.961961130441929), (17.67957882889965, 4.981317325632249), (17.67540309062365, 5.0007261001736305), (17.671174768277137, 5.0201874540094185), (17.666893861896227, 5.039701387082886), (17.66256037151711, 5.059267899337234), (17.658174297176043, 5.078886990715594), (17.653735638909357, 5.098558661161024), (17.649244396753456, 5.118282910616514), (17.64470057074481, 5.138059739024982), (17.640104160919964, 5.157889146329271), (17.635455167315534, 5.177771132472159), (17.6307535899682, 5.19770569739635), (17.625999428914724, 5.2176928410444745), (17.621192684191936, 5.237732563359096), (17.61633335583673, 5.2578248642827035), (17.61142144388608, 5.277969743757718), (17.606456948377026, 5.298167201726487), (17.60143986934668, 5.318417238131289), (17.59637020683223, 5.338719852914329), (17.591247960870927, 5.359075046017741), (17.586073131500093, 5.379482817383591), (17.580845718757132, 5.3999431669538716), (17.575565722679514, 5.420456094670503), (17.570233143304772, 5.441021600475337), (17.56484798067052, 5.4616396843101525), (17.559410234814443, 5.482310346116658), (17.55391990577429, 5.503033585836491), (17.548376993587887, 5.523809403411216), (17.542781498293127, 5.54463779878233)]",True
1784490068.1459756,0,17.81570004820423,4.69627338743754,0.9182978222215155,86.66070217031064,-0.3639429721470661,16.51694518047488,5.034974817368571,1.1210862827450614,84.729860539245,0.16229548246878053,-1.2987548677293503,0.3387014299310307,0.20278846052354593,-1.9308416310656469,0.5262384546158466,"[(17.74599461595326, 4.681377968445032), (17.742274990484454, 4.699761018582026), (17.738502768709644, 4.718196660742523), (17.734677950664366, 4.736684894871138), (17.730800536384216, 4.755225720912418), (17.726870525904868, 4.773819138810836), (17.72288791926206, 4.792465148510795), (17.718852716491607, 4.811163749956626), (17.71476491762939, 4.829914943092591), (17.71062452271137, 4.848718727862879), (17.70643153177357, 4.867575104211608), (17.702185944852086, 4.886484072082824), (17.69788776198309, 4.905445631420505), (17.69353698320282, 4.924459782168553), (17.689133608547586, 4.943526524270802), (17.684677638053778, 4.962645857671016), (17.68016907175784, 4.981817782312884), (17.675607909696303, 5.001042298140027), (17.670994151905763, 5.020319405095993), (17.666327798422884, 5.039649103124259), (17.661608849284406, 5.059031392168232), (17.656837304527137, 5.078466272171247), (17.652013164187963, 5.097953743076568), (17.647136428303835, 5.1174938048273875), (17.642207096911772, 5.137086457366827), (17.637225170048872, 5.156731700637937), (17.6321906477523, 5.176429534583695), (17.62710353005929, 5.1961799591470115), (17.621963817007156, 5.215982974270721), (17.616771508633274, 5.235838579897591), (17.611526604975097, 5.255746775970314), (17.606229106070145, 5.275707562431514), (17.60087901195601, 5.295720939223743), (17.595476322670358, 5.315786906289483), (17.590021038250928, 5.335905463571142), (17.584513158735522, 5.3560766110110585), (17.578952684162015, 5.3763003485515), (17.57333961456836, 5.396576676134663), (17.567673949992578, 5.416905593702673), (17.561955690472757, 5.437287101197581), (17.556184836047063, 5.457721198561372), (17.55036138675373, 5.478207885735956), (17.54448534263106, 5.498747162663173), (17.538556703717433, 5.519339029284794), (17.53257547005129, 5.539983485542514)]",True
1784490068.199629,0,17.876746530086887,4.7275293793421636,0.821877572009676,87.61616576932411,-0.37228402354497564,16.602850367400134,5.060559639969658,1.1202008970050725,84.729860539245,0.16229548246878053,-1.2738961626867535,0.33303026062749463,0.2983233249953965,-2.8863052300791168,0.5345795060137561,"[(17.759490722997956, 4.688293158036736), (17.755080359250673, 4.706336419956564), (17.750617414942642, 4.724432258460331), (17.74610189011027, 4.742580673493194), (17.741533784790043, 4.76078166500024), (17.73691309901851, 4.7790352329264865), (17.732239832832292, 4.797341377216876), (17.72751398626809, 4.815700097816282), (17.722735559362658, 4.834111394669508), (17.717904552152838, 4.852575267721284), (17.71302096467554, 4.871091716916271), (17.708084796967736, 4.889660742199059), (17.70309604906648, 4.9082823435141645), (17.69805472100889, 4.926956520806035), (17.69296081283216, 4.945683274019048), (17.687814324573548, 4.964462603097507), (17.682615256270388, 4.983294507985646), (17.67736360796009, 5.002178988627628), (17.67205937968012, 5.021116044967545), (17.666702571468036, 5.040105676949418), (17.66129318336145, 5.059147884517196), (17.655831215398052, 5.078242667614757), (17.650316667615602, 5.097390026185909), (17.64474954005193, 5.116589960174389), (17.63912983274494, 5.135842469523862), (17.6334575457326, 5.155147554177922), (17.62773267905296, 5.174505214080092), (17.621955232744135, 5.193915449173826), (17.61612520684431, 5.213378259402503), (17.61024260139174, 5.232893644709433), (17.604307416424756, 5.2524616050378565), (17.59831965198176, 5.272082140330941), (17.592279308101222, 5.291755250531783), (17.58618638482168, 5.3114809355834085), (17.580040882181752, 5.331259195428773), (17.573842800220117, 5.351090030010759), (17.567592138975535, 5.37097343927218), (17.56128889848683, 5.390909423155777), (17.5549330787929, 5.41089798160422), (17.54852467993271, 5.43093911456011), (17.542063701945303, 5.451032821965974), (17.535550144869788, 5.471179103764269), (17.52898400874535, 5.491377959897383), (17.522365293611237, 5.51162939030763), (17.515693999506773, 5.531933394937255)]",True
1784490068.2365289,0,17.884020788958043,4.73130981681435,0.8177164600807963,87.61616576932411,-0.37228402354497564,16.613667315651867,5.063470625436269,1.120162687301652,84.729860539245,0.16229548246878053,-1.2703534733061765,0.33216080862191877,0.30244622722085557,-2.8863052300791168,0.5345795060137561,"[(17.76627545026508, 4.691771758490556), (17.761557777012264, 4.709660303140463), (17.756787532476146, 4.7276014152348615), (17.75196471669351, 4.745595094719172), (17.747089329701218, 4.7636413415387455), (17.7421613715362, 4.781740155638863), (17.73718084223545, 4.799891536964733), (17.732147741836048, 4.818095485461494), (17.727062070375133, 4.836352001074213), (17.72192382788992, 4.854661083747887), (17.716733014417695, 4.87302273342744), (17.711489629995814, 4.891436950057727), (17.7061936746617, 4.909903733583532), (17.700845148452856, 4.928423083949566), (17.695444051406845, 4.946995001100471), (17.68999038356131, 4.9656194849808175), (17.684484144953956, 4.984296535535104), (17.678925335622573, 5.0030261527077595), (17.67331395560501, 5.021808336443142), (17.66765000493919, 5.040643086685536), (17.661933483663113, 5.059530403379159), (17.656164391814837, 5.078470286468154), (17.650342729432506, 5.097462735896596), (17.64446849655432, 5.116507751608487), (17.638541693218563, 5.135605333547757), (17.63256231946358, 5.154755481658269), (17.626530375327796, 5.17395819588381), (17.620445860849703, 5.193213476168101), (17.61430877606786, 5.212521322454788), (17.608119121020906, 5.231881734687448), (17.60187689574754, 5.251294712809587), (17.595582100286542, 5.27076025676464), (17.589234734676758, 5.29027836649597), (17.5828347989571, 5.309849041946871), (17.576382293166564, 5.3294722830605625), (17.569877217344203, 5.349148089780197), (17.563319571529153, 5.368876462048854), (17.556709355760614, 5.388657399809541), (17.550046570077857, 5.408490903005198), (17.54333121452023, 5.4283769715786905), (17.536563289127145, 5.448315605472814), (17.529742793938084, 5.468306804630295), (17.522869728992607, 5.488350568993786), (17.51594409433034, 5.508446898505871), (17.508965889990986, 5.528595793109061)]",True
1784490068.398062,0,17.89126300575956,4.735070261467158,0.8143467916407896,87.61616576932411,-0.37228402354497564,16.624505746862106,5.06629920020374,1.120131745083822,84.729860539245,0.16229548246878053,-1.266757258897453,0.3312289387365821,0.30578495344303236,-2.8863052300791168,0.5345795060137561,"[(17.77306608892709, 4.695296886390179), (17.768062394200648, 4.713042633383979), (17.763006135610958, 4.7308409405299106), (17.757897313195166, 4.7486918077736355), (17.752735926990482, 4.766595235060746), (17.747521977034197, 4.784551222336761), (17.74225546336366, 4.802559769547131), (17.736936386016293, 4.820620876637236), (17.731564745029598, 4.8387345435523805), (17.726140540441143, 4.856900770237804), (17.720663772288564, 4.875119556638671), (17.715134440609567, 4.893390902700077), (17.709552545441937, 4.911714808367045), (17.703918086823524, 4.93009127358453), (17.69823106479225, 4.948520298297414), (17.692491479386106, 4.967001882450507), (17.686699330643158, 4.985536025988551), (17.68085461860154, 5.004122728856214), (17.674957343299457, 5.022761990998096), (17.669007504775184, 5.041453812358724), (17.66300510306707, 5.060198192882555), (17.65695013821354, 5.078995132513975), (17.650842610253072, 5.097844631197298), (17.644682519224233, 5.11674668887677), (17.638469865165654, 5.135701305496562), (17.632204648116033, 5.154708481000778), (17.625886868114147, 5.173768215333449), (17.61951652519884, 5.1928805084385345), (17.613093619409025, 5.212045360259925), (17.60661815078369, 5.231262770741439), (17.600090119361887, 5.250532739826824), (17.593509525182746, 5.269855267459756), (17.586876368285466, 5.289230353583843), (17.58019064870932, 5.3086579981426185), (17.57345236649364, 5.328138201079548), (17.566661521677847, 5.3476709623380225), (17.559818114301418, 5.367256281861366), (17.552922144403908, 5.3868941595928295), (17.545973612024937, 5.406584595475593), (17.538972517204204, 5.426327589452767), (17.531918859981477, 5.44612314146739), (17.52481264039659, 5.465971251462429), (17.51765385848945, 5.485871919380782), (17.51044251430004, 5.505825145165273), (17.503178607868403, 5.525830928758659)]",True
1784490068.5097687,0,18.125119437905735,4.859032063229855,0.8000136019667328,87.61616576932411,-0.37228402354497564,17.020829794694464,5.1919926017778115,1.4882628964592457,84.729860539245,0.16229548246878053,-1.1042896432112705,0.3329605385479564,0.6882492944925129,-2.8863052300791168,0.5345795060137561,"[(17.840390225458844, 4.730290773059077), (17.83934117596858, 4.749649237290082), (17.83824029305785, 4.769059529820234), (17.837087576756776, 4.78852165059601), (17.835883027095544, 4.808035599563816), (17.834626644104407, 4.827601376669992), (17.83331842781369, 4.847218981860813), (17.831958378253784, 4.866888415082488), (17.830546495455142, 4.886609676281159), (17.82908277944828, 4.906382765402903), (17.827567230263792, 4.926207682393728), (17.825999847932327, 4.946084427199579), (17.824380632484605, 4.966012999766333), (17.82270958395141, 4.985993400039801), (17.820986702363598, 5.0060256279657285), (17.819211987752084, 5.026109683489794), (17.817385440147852, 5.046245566557609), (17.815507059581954, 5.0664332771147205), (17.81357684608551, 5.086672815106609), (17.8115947996897, 5.106964180478688), (17.80956092042577, 5.127307373176304), (17.807475208325037, 5.14770239314474), (17.805337663418886, 5.1681492403292095), (17.803148285738764, 5.188647914674863), (17.800907075316186, 5.209198416126783), (17.79861403218273, 5.229800744629984), (17.796269156370045, 5.250454900129419), (17.79387244790984, 5.271160882569971), (17.791423906833902, 5.2919186918964565), (17.788923533174074, 5.312728328053629), (17.786371326962264, 5.333589790986172), (17.78376728823045, 5.354503080638705), (17.78111141701068, 5.375468196955782), (17.778403713335067, 5.396485139881889), (17.77564417723578, 5.417553909361446), (17.772832808745065, 5.438674505338809), (17.769969607895234, 5.459846927758264), (17.76705457471866, 5.481071176564033), (17.764087709247786, 5.502347251700272), (17.76106901151512, 5.52367515311107), (17.75799848155323, 5.545054880740452), (17.754876119394762, 5.566486434532372), (17.751701925072425, 5.587969814430722), (17.74847589861899, 5.609505020379327), (17.745198040067297, 5.631092052321945)]",True
1784490068.635884,0,18.188462067958046,4.893263220253483,0.8000020471854986,87.61616576932411,-0.37228402354497564,17.14016383732177,5.259594622416306,1.5563238654487643,84.729860539245,0.16229548246878053,-1.0482982306362771,0.3663314021628228,0.7563218182632657,-2.8863052300791168,0.5345795060137561,"[(17.867132115990096, 4.743807445618587), (17.866897505395137, 4.763525318718761), (17.86661062456728, 4.783295456479314), (17.866271473536507, 4.80311785884458), (17.86588005233288, 4.822992525758828), (17.865436360986518, 4.842919457166255), (17.864940399527615, 4.862898653010992), (17.86439216798643, 4.882930113237099), (17.863791666393297, 4.903013837788568), (17.863138894778615, 4.923149826609322), (17.86243385317285, 4.9433380796432145), (17.86167654160654, 4.963578596834031), (17.86086696011029, 4.983871378125489), (17.860005108714777, 5.0042164234612345), (17.859090987450745, 5.0246137327848475), (17.85812459634901, 5.045063306039837), (17.85710593544045, 5.0655651431696445), (17.856035004756016, 5.086119244117642), (17.854911804326726, 5.106725608827132), (17.85373633418367, 5.127384237241349), (17.852508594358003, 5.14809512930346), (17.85122858488095, 5.168858284956561), (17.849896305783812, 5.189673704143679), (17.848511757097945, 5.210541386807774), (17.847074938854792, 5.231461332891737), (17.845585851085843, 5.2524335423383866), (17.84404449382268, 5.273458015090477), (17.84245086709693, 5.2945347510906915), (17.840804970940308, 5.315663750281645), (17.839106805384596, 5.336845012605883), (17.83735637046163, 5.358078538005882), (17.83555366620333, 5.379364326424052), (17.833698692641683, 5.40070237780273), (17.83179144980873, 5.422092692084188), (17.829831937736603, 5.443535269210628), (17.827820156457488, 5.46503010912418), (17.82575610600365, 5.486577211766911), (17.82363978640741, 5.508176577080814), (17.821471197701165, 5.529828205007816), (17.819250339917385, 5.551532095489774), (17.816977213088606, 5.573288248468477), (17.814651817247427, 5.595096663885644), (17.81227415242652, 5.616957341682926), (17.809844218658633, 5.638870281801904), (17.80736201597657, 5.660835484184093)]",True
1784490068.6877532,0,18.223764888342718,4.912068952662082,0.8000007206981221,87.61616576932411,-0.37228402354497564,17.204991546516904,5.303861443567994,1.583061368463719,87.36031206287956,0.46514890272966425,-1.0187733418258134,0.39179249090591206,0.7830606477655968,-0.2558537064445545,0.8374329262746398,"[(17.904126237808352, 4.76285113983378), (17.90537965745252, 4.783205438954761), (17.90658083750135, 4.803611971480698), (17.9077297779829, 4.824070737355026), (17.908826478925285, 4.844581736521114), (17.909870940356704, 4.865144968922262), (17.910863162305418, 4.885760434501701), (17.911803144799755, 4.906428133202591), (17.912690887868116, 4.927148064968026), (17.91352639153897, 4.9479202297410305), (17.914309655840853, 4.968744627464559), (17.915040680802377, 4.989621258081496), (17.91571946645221, 5.010550121534662), (17.916346012819098, 5.031531217766803), (17.916920319931855, 5.0525645467206), (17.917442387819364, 5.073650108338662), (17.917912216510572, 5.094787902563532), (17.9183298060345, 5.1159779293376815), (17.918695156420238, 5.137220188603516), (17.91900826769694, 5.1585146803033695), (17.91926913989384, 5.179861404379508), (17.91947777304022, 5.20126036077413), (17.91963416716546, 5.222711549429364), (17.919738322298983, 5.244214970287268), (17.91979023847029, 5.265770623289833), (17.91978991570896, 5.287378508378981), (17.91973735404463, 5.309038625496566), (17.919632553507004, 5.33075097458437), (17.919475514125864, 5.352515555584109), (17.919266235931055, 5.374332368437429), (17.919004718952493, 5.396201413085908), (17.918690963220165, 5.418122689471054), (17.91832496876412, 5.440096197534306), (17.917906735614487, 5.462121937217035), (17.91743626380145, 5.4841999084605435), (17.91691355335527, 5.506330111206063), (17.91633860430628, 5.528512545394758), (17.915711416684875, 5.550747210967724), (17.915031990521523, 5.573034107865986), (17.91430032584676, 5.595373236030503), (17.913516422691192, 5.617764595402162), (17.91268028108549, 5.640208185921784), (17.911791901060393, 5.6627040075301185), (17.910851282646718, 5.685252060167848), (17.909858425875342, 5.707852343775585)]",True
1784490068.796938,0,18.309311458019028,4.955622723918151,0.8000000682902759,87.61616576932411,-0.37228402354497564,17.3650223247582,5.430481053340662,1.8602543610641071,87.36031206287956,0.46514890272966425,-0.9442891332608276,0.4748583294225108,1.0602542927738312,-0.2558537064445545,0.8374329262746398,"[(17.920109960407522, 4.771268173952464), (17.921277484775455, 4.7916407946033885), (17.92239246599663, 4.812065952116536), (17.923454904099895, 4.8325436464339475), (17.92446479911417, 4.853073877497592), (17.925422151068453, 4.873656645249369), (17.926326959991805, 4.894291949631105), (17.927179225913367, 4.914979790584558), (17.92797894886234, 4.935720168051413), (17.928726128868007, 4.956513081973284), (17.929420765959712, 4.977358532291716), (17.930062860166874, 4.998256518948182), (17.930652411518988, 5.019207041884082), (17.931189420045612, 5.040210101040748), (17.93167388577638, 5.06126569635944), (17.932105808740996, 5.082373827781347), (17.932485188969235, 5.103534495247587), (17.93281202649094, 5.124747698699206), (17.933086321336027, 5.146013438077181), (17.933308073534487, 5.167331713322416), (17.933477283116375, 5.1887025243757465), (17.933593950111824, 5.210125871177935), (17.933658074551033, 5.231601753669674), (17.933669656464275, 5.253130171791583), (17.93362869588189, 5.274711125484215), (17.933535192834295, 5.296344614688047), (17.93338914735197, 5.318030639343488), (17.933190559465473, 5.339769199390875), (17.93293942920543, 5.361560294770475), (17.93263575660254, 5.383403925422483), (17.93227954168757, 5.405300091287024), (17.93187078449136, 5.42724879230415), (17.931409485044817, 5.449250028413845), (17.930895643378925, 5.471303799556019), (17.93032925952474, 5.493410105670514), (17.92971033351338, 5.5155689466970985), (17.929038865376043, 5.537780322575472), (17.928314855143995, 5.560044233245262), (17.927538302848568, 5.582360678646024), (17.92670920852117, 5.604729658717245), (17.92582757219328, 5.62715117339834), (17.924893393896454, 5.649625222628651), (17.923906673662305, 5.672151806347452), (17.922867411522525, 5.694730924493945), (17.92177560750888, 5.717362577007261)]",True
1784490068.83205,0,18.33087443235833,4.966160093483244,0.8000000418557262,87.61616576932411,-0.37228402354497564,17.41918234823174,5.4762785224212225,1.5977662621142596,87.36031206287956,0.46514890272966425,-0.9116920841265888,0.5101184289379788,0.7977662202585335,-0.2558537064445545,0.8374329262746398,"[(18.128103310121315, 4.882784320362241), (18.138317319393227, 4.909136412777163), (18.148452766019368, 4.93556702360749), (18.15850965010242, 4.962076152446434), (18.16848797174572, 4.988663798886555), (18.178387731053256, 5.01532996251976), (18.188208928129676, 5.042074642937306), (18.19795156308027, 5.068897839729793), (18.207615636010992, 5.095799552487174), (18.217201147028447, 5.122779780798747), (18.22670809623989, 5.149838524253159), (18.236136483753228, 5.1769757824384035), (18.245486309677027, 5.204191554941822), (18.254757574120504, 5.231485841350105), (18.263950277193526, 5.25885864124929), (18.27306441900662, 5.286309954224762), (18.282099999670958, 5.313839779861253), (18.29105701929837, 5.3414481177428454), (18.299935478001345, 5.369134967452967), (18.308735375893015, 5.396900328574396), (18.31745671308717, 5.424744200689254), (18.326099489698258, 5.452666583379015), (18.33466370584137, 5.4806674762244985), (18.343149361632257, 5.508746878805873), (18.35155645718732, 5.536904790702653), (18.35988499262362, 5.565141211493703), (18.36813496805886, 5.593456140757234), (18.37630638361141, 5.621849578070805), (18.38439923940028, 5.650321523011323), (18.392413535545145, 5.678871975155043), (18.400349272166327, 5.707500934077568), (18.408206449384803, 5.736208399353849), (18.415985067322197, 5.764994370558184), (18.423685126100793, 5.79385884726422), (18.431306625843533, 5.822801829044951), (18.438849566674, 5.8518233154727195), (18.44631394871644, 5.8809233061192145), (18.453699772095746, 5.910101800555475), (18.461007036937467, 5.939358798351887), (18.46823574336781, 5.968694299078185), (18.475385891513625, 5.998108302303449), (18.482457481502422, 6.0276008075961105), (18.489450513462366, 6.057171814523946), (18.49636498752227, 6.086821322654083), (18.503200903811603, 6.116549331552992)]",True
1784490068.8762696,0,18.359678576806772,4.980099816303048,0.8000000247941554,87.61616576932411,-0.37228402354497564,17.452671548895157,5.505215750871468,1.373716551308719,87.36031206287956,0.46514890272966425,-0.9070070279116145,0.5251159345684195,0.5737165265145636,-0.2558537064445545,0.8374329262746398,"[(18.1770729493192, 4.907932656314478), (18.186350829775307, 4.9324690782141385), (18.1955756367756, 4.957058563161412), (18.204747370339152, 4.981701111088549), (18.213866030485097, 5.006396721927725), (18.22293161723265, 5.031145395611039), (18.23194413060111, 5.055947132070511), (18.240903570609845, 5.0808019312380885), (18.2498099372783, 5.10570979304564), (18.258663230626, 5.130670717424959), (18.267463450672537, 5.155684704307761), (18.276210597437593, 5.180751753625688), (18.284904670940914, 5.205871865310303), (18.293545671202335, 5.231045039293093), (18.302133598241756, 5.25627127550547), (18.310668452079156, 5.281550573878768), (18.3191502327346, 5.306882934344245), (18.327578940228218, 5.332268356833085), (18.335954574580217, 5.357706841276391), (18.344277135810884, 5.383198387605194), (18.352546623940583, 5.408742995750447), (18.360763038989756, 5.434340665643026), (18.368926380978916, 5.459991397213731), (18.377036649928655, 5.485695190393286), (18.385093845859647, 5.511452045112339), (18.39309796879263, 5.537261961301461), (18.401049018748427, 5.5631249388911455), (18.40894699574794, 5.589040977811813), (18.416791899812136, 5.615010077993803), (18.42458373096207, 5.641032239367384), (18.43232248921887, 5.667107461862743), (18.440008174603737, 5.693235745409995), (18.447640787137953, 5.719417089939174), (18.455220326842873, 5.745651495380242), (18.46274679373993, 5.771938961663082), (18.470220187850636, 5.798279488717502), (18.477640509196572, 5.824673076473233), (18.4850077577994, 5.851119724859929), (18.492321933680863, 5.87761943380717), (18.49958303686277, 5.904172203244456), (18.50679106736702, 5.930778033101214), (18.51394602521557, 5.957436923306793), (18.521047910430475, 5.984148873790466), (18.528096723033848, 6.01091388448143), (18.535092463047885, 6.0377319553088045)]",True
1784490068.9852796,0,18.388547007529535,4.993905912951555,0.8000000174569597,87.61616576932411,-0.37228402354497564,17.492542729054374,5.538090026081308,1.2291088303329085,87.36031206287956,0.46514890272966425,-0.8960042784751607,0.5441841131297531,0.4291088128759488,-0.2558537064445545,0.8374329262746398,"[(18.18972612779939, 4.914946386718383), (18.198157312427345, 4.939168617750364), (18.20653555923095, 4.9634437767001325), (18.214860868230147, 4.987771863501525), (18.223133239444955, 5.012152878088304), (18.23135267289546, 5.036586820394156), (18.239519168601834, 5.061073690352693), (18.247632726584314, 5.085613487897453), (18.255693346863215, 5.110206212961897), (18.26370102945893, 5.134851865479414), (18.27165577439192, 5.159550445383315), (18.27955758168273, 5.184301952606839), (18.287406451351977, 5.209106387083149), (18.29520238342035, 5.233963748745332), (18.302945377908614, 5.258874037526401), (18.310635434837607, 5.2838372533592946), (18.318272554228248, 5.308853396176876), (18.325856736101528, 5.333922465911934), (18.33338798047851, 5.359044462497182), (18.340866287380333, 5.384219385865257), (18.348291656828216, 5.409447235948725), (18.355664088843447, 5.434728012680073), (18.362983583447388, 5.460061715991715), (18.37025014066148, 5.485448345815992), (18.37746376050724, 5.510887902085166), (18.384624443006256, 5.5363803847314275), (18.391732188180196, 5.56192579368689), (18.398786996050795, 5.587524128883594), (18.40578886663987, 5.613175390253502), (18.41273779996931, 5.638879577728507), (18.41963379606108, 5.664636691240421), (18.42647685493722, 5.690446730720986), (18.433266976619844, 5.716309696101865), (18.44000416113114, 5.742225587314649), (18.44668840849337, 5.7681944042908535), (18.453319718728878, 5.794216146961919), (18.459898091860076, 5.82029081525921), (18.46642352790945, 5.846418409114019), (18.472896026899566, 5.872598928457561), (18.479315588853066, 5.8988323732209755), (18.48568221379266, 5.92511874333533), (18.491995901741138, 5.951458038731614), (18.49825665272136, 5.977850259340745), (18.504464466756268, 6.004295405093565), (18.51061934386888, 6.030793475920839)]",True
1784490069.0267622,0,18.417479013314992,5.007578280223307,0.8000000143016558,87.61616576932411,-0.37228402354497564,17.530297783965718,5.567336716731162,1.1669214057507054,87.36031206287956,0.46514890272966425,-0.8871812293492738,0.5597584365078543,0.36692139144904956,-0.2558537064445545,0.8374329262746398,"[(18.194769752980456, 4.918118101538141), (18.200291870918342, 4.9411700774968965), (18.205760932078665, 4.964275101555537), (18.21117693648557, 4.987433173649346), (18.216539884163257, 5.010644293713531), (18.221849775136025, 5.033908461683225), (18.227106609428237, 5.057225677493486), (18.232310387064327, 5.080595941079296), (18.237461108068814, 5.104019252375561), (18.242558772466285, 5.127495611317115), (18.2476033802814, 5.151025017838712), (18.25259493153891, 5.174607471875032), (18.25753342626362, 5.198242973360683), (18.262418864480427, 5.221931522230195), (18.267251246214293, 5.245673118418022), (18.272030571490262, 5.269467761858544), (18.27675684033345, 5.293315452486065), (18.281430052769053, 5.317216190234816), (18.286050208822335, 5.341169975038948), (18.29061730851864, 5.365176806832542), (18.295131351883388, 5.3892366855496), (18.299592338942066, 5.413349611124049), (18.304000269720248, 5.437515583489744), (18.308355144243578, 5.46173460258046), (18.312656962537776, 5.4860066683299005), (18.316905724628636, 5.510331780671692), (18.32110143054203, 5.534709939539384), (18.3252440803039, 5.559141144866455), (18.32933367394027, 5.583625396586305), (18.333370211477234, 5.6081626946322585), (18.33735369294097, 5.632753038937566), (18.341284118357716, 5.657396429435403), (18.3451614877538, 5.682092866058869), (18.348985801155617, 5.706842348740988), (18.352757058589642, 5.731644877414709), (18.356475260082423, 5.756500452012905), (18.36014040566058, 5.781409072468375), (18.363752495350816, 5.806370738713842), (18.367311529179904, 5.831385450681955), (18.370817507174696, 5.856453208305284), (18.374270429362113, 5.881574011516328), (18.37767029576916, 5.906747860247508), (18.38101710642291, 5.93197475443117), (18.384310861350517, 5.9572546939995865), (18.387551560579205, 5.982587678884952)]",True
1784490069.0813854,0,18.43921649724989,5.017750783115164,0.8000000131852079,87.61616576932411,-0.37228402354497564,17.55794959579033,5.588211914228404,1.1449174945094982,87.36031206287956,0.46514890272966425,-0.8812669014595613,0.5704611311132401,0.34491748132429034,-0.2558537064445545,0.8374329262746398,"[(18.316570550458966, 4.980763132077364), (18.32408848675227, 5.00462731639912), (18.331553578725696, 5.028544335626596), (18.338965826400198, 5.052514189694984), (18.34632522979681, 5.076536878539401), (18.35363178893664, 5.100612402094893), (18.36088550384087, 5.124740760296431), (18.36808637453075, 5.148921953078912), (18.375234401027615, 5.17315598037716), (18.38232958335286, 5.197442842125924), (18.389371921527964, 5.2217825382598795), (18.396361415574482, 5.246175068713629), (18.403298065514033, 5.2706204334216995), (18.410181871368316, 5.295118632318547), (18.4170128331591, 5.319669665338552), (18.42379095090823, 5.34427353241602), (18.43051622463763, 5.368930233485185), (18.437188654369287, 5.393639768480206), (18.44380824012527, 5.4184021373351685), (18.450374981927723, 5.443217339984084), (18.45688887979886, 5.468085376360891), (18.46334993376097, 5.493006246399453), (18.469758143836412, 5.517979950033561), (18.47611351004762, 5.54300648719693), (18.48241603241711, 5.568085857823204), (18.48866571096746, 5.593218061845953), (18.49486254572133, 5.6184030991986695), (18.50100653670145, 5.6436409698147765), (18.507097683930628, 5.668931673627621), (18.513135987431742, 5.694275210570477), (18.51912144722774, 5.719671580576544), (18.525054063341653, 5.745120783578948), (18.53093383579658, 5.770622819510742), (18.5367607646157, 5.796177688304905), (18.542534849822253, 5.821785389894341), (18.54825609143957, 5.847445924211882), (18.55392448949104, 5.873159291190284), (18.559540044000133, 5.89892549076223), (18.5651027549904, 5.9247445228603315), (18.570612622485445, 5.950616387417123), (18.57606964650897, 5.976541084365068), (18.581473827084736, 6.0025186136365525), (18.586825164236583, 6.0285489751638925), (18.592123657988424, 6.054632168879329), (18.59736930836424, 6.080768194715028)]",True
1784490069.158029,0,18.453719823905274,5.024507409266924,0.8000000127500128,87.61616576932411,-0.37228402354497564,17.57502008138598,5.600928300978433,0.991766228572691,87.36031206287956,0.46514890272966425,-0.8786997425192951,0.5764208917115088,0.19176621582267828,-0.2558537064445545,0.8374329262746398,"[(18.359858334369314, 5.001778803219329), (18.367111882378612, 5.025451273608366), (18.37431256287287, 5.049176602229724), (18.381460375873434, 5.072954789018799), (18.38855532140173, 5.096785833910911), (18.39559739947925, 5.1206697368413066), (18.402586610127575, 5.144606497745158), (18.40952295336835, 5.168596116557566), (18.416406429223287, 5.192638593213554), (18.42323703771419, 5.216733927648074), (18.430014778862922, 5.240882119796003), (18.436739652691426, 5.265083169592145), (18.44341165922172, 5.289337076971229), (18.45003079847589, 5.31364384186791), (18.4565970704761, 5.33800346421677), (18.46311047524459, 5.362415943952317), (18.469571012803673, 5.386881281008984), (18.475978683175732, 5.411399475321132), (18.482333486383226, 5.435970526823047), (18.488635422448688, 5.4605944354489395), (18.49488449139473, 5.485271201132949), (18.501080693244027, 5.510000823809141), (18.50722402801934, 5.534783303411504), (18.513314495743497, 5.559618639873956), (18.5193520964394, 5.584506833130339), (18.525336830130023, 5.609447883114422), (18.53126869683842, 5.634441789759899), (18.53714769658772, 5.659488553000392), (18.542973829401117, 5.684588172769447), (18.548747095301884, 5.709740649000539), (18.55446749431337, 5.734945981627065), (18.560135026458997, 5.760204170582352), (18.565749691762257, 5.78551521579965), (18.571311490246718, 5.810879117212139), (18.57682042193602, 5.83629587475292), (18.582276486853885, 5.861765488355024), (18.587679685024103, 5.887287957951407), (18.593030016470536, 5.912863283474951), (18.598327481217122, 5.938491464858464), (18.603572079287876, 5.964172502034679), (18.608763810706883, 5.989906394936258), (18.613902675498302, 6.015693143495787), (18.61898867368637, 6.041532747645778), (18.624021805295392, 6.06742520731867), (18.629002070349753, 6.093370522446827)]",True
1784490069.1750855,0,18.48244022536314,5.038617490075628,0.80000001227747,87.61616576932411,-0.37228402354497564,17.606206629687527,5.622824498786004,0.9612545744149879,87.36031206287956,0.46514890272966425,-0.8762335956756111,0.5842070087103757,0.16125456213751788,-0.2558537064445545,0.8374329262746398,"[(18.359858334369314, 5.001778803219329), (18.367111882378612, 5.025451273608366), (18.37431256287287, 5.049176602229724), (18.381460375873434, 5.072954789018799), (18.38855532140173, 5.096785833910911), (18.39559739947925, 5.1206697368413066), (18.402586610127575, 5.144606497745158), (18.40952295336835, 5.168596116557566), (18.416406429223287, 5.192638593213554), (18.42323703771419, 5.216733927648074), (18.430014778862922, 5.240882119796003), (18.436739652691426, 5.265083169592145), (18.44341165922172, 5.289337076971229), (18.45003079847589, 5.31364384186791), (18.4565970704761, 5.33800346421677), (18.46311047524459, 5.362415943952317), (18.469571012803673, 5.386881281008984), (18.475978683175732, 5.411399475321132), (18.482333486383226, 5.435970526823047), (18.488635422448688, 5.4605944354489395), (18.49488449139473, 5.485271201132949), (18.501080693244027, 5.510000823809141), (18.50722402801934, 5.534783303411504), (18.513314495743497, 5.559618639873956), (18.5193520964394, 5.584506833130339), (18.525336830130023, 5.609447883114422), (18.53126869683842, 5.634441789759899), (18.53714769658772, 5.659488553000392), (18.542973829401117, 5.684588172769447), (18.548747095301884, 5.709740649000539), (18.55446749431337, 5.734945981627065), (18.560135026458997, 5.760204170582352), (18.565749691762257, 5.78551521579965), (18.571311490246718, 5.810879117212139), (18.57682042193602, 5.83629587475292), (18.582276486853885, 5.861765488355024), (18.587679685024103, 5.887287957951407), (18.593030016470536, 5.912863283474951), (18.598327481217122, 5.938491464858464), (18.603572079287876, 5.964172502034679), (18.608763810706883, 5.989906394936258), (18.613902675498302, 6.015693143495787), (18.61898867368637, 6.041532747645778), (18.624021805295392, 6.06742520731867), (18.629002070349753, 6.093370522446827)]",True
1784490069.2392795,0,18.51103578534702,5.052980288816251,0.8000000120742566,87.61616576932411,-0.37228402354497564,17.636340423959254,5.640769069167913,0.8123504889713247,87.36031206287956,0.46514890272966425,-0.874695361387765,0.5877887803516622,0.01235047689706803,-0.2558537064445545,0.8374329262746398,"[(18.359858334369314, 5.001778803219329), (18.367111882378612, 5.025451273608366), (18.37431256287287, 5.049176602229724), (18.381460375873434, 5.072954789018799), (18.38855532140173, 5.096785833910911), (18.39559739947925, 5.1206697368413066), (18.402586610127575, 5.144606497745158), (18.40952295336835, 5.168596116557566), (18.416406429223287, 5.192638593213554), (18.42323703771419, 5.216733927648074), (18.430014778862922, 5.240882119796003), (18.436739652691426, 5.265083169592145), (18.44341165922172, 5.289337076971229), (18.45003079847589, 5.31364384186791), (18.4565970704761, 5.33800346421677), (18.46311047524459, 5.362415943952317), (18.469571012803673, 5.386881281008984), (18.475978683175732, 5.411399475321132), (18.482333486383226, 5.435970526823047), (18.488635422448688, 5.4605944354489395), (18.49488449139473, 5.485271201132949), (18.501080693244027, 5.510000823809141), (18.50722402801934, 5.534783303411504), (18.513314495743497, 5.559618639873956), (18.5193520964394, 5.584506833130339), (18.525336830130023, 5.609447883114422), (18.53126869683842, 5.634441789759899), (18.53714769658772, 5.659488553000392), (18.542973829401117, 5.684588172769447), (18.548747095301884, 5.709740649000539), (18.55446749431337, 5.734945981627065), (18.560135026458997, 5.760204170582352), (18.565749691762257, 5.78551521579965), (18.571311490246718, 5.810879117212139), (18.57682042193602, 5.83629587475292), (18.582276486853885, 5.861765488355024), (18.587679685024103, 5.887287957951407), (18.593030016470536, 5.912863283474951), (18.598327481217122, 5.938491464858464), (18.603572079287876, 5.964172502034679), (18.608763810706883, 5.989906394936258), (18.613902675498302, 6.015693143495787), (18.61898867368637, 6.041532747645778), (18.624021805295392, 6.06742520731867), (18.629002070349753, 6.093370522446827)]",True
1784490069.3443754,0,18.51818248320419,5.05657536809694,0.8000000120450937,87.61616576932411,-0.37228402354497564,17.643464259070278,5.644445272031416,0.7909814237016181,87.36031206287956,0.46514890272966425,-0.8747182241339111,0.5878699039344761,-0.009018588343475686,-0.2558537064445545,0.8374329262746398,"[(18.359858334369314, 5.001778803219329), (18.367111882378612, 5.025451273608366), (18.37431256287287, 5.049176602229724), (18.381460375873434, 5.072954789018799), (18.38855532140173, 5.096785833910911), (18.39559739947925, 5.1206697368413066), (18.402586610127575, 5.144606497745158), (18.40952295336835, 5.168596116557566), (18.416406429223287, 5.192638593213554), (18.42323703771419, 5.216733927648074), (18.430014778862922, 5.240882119796003), (18.436739652691426, 5.265083169592145), (18.44341165922172, 5.289337076971229), (18.45003079847589, 5.31364384186791), (18.4565970704761, 5.33800346421677), (18.46311047524459, 5.362415943952317), (18.469571012803673, 5.386881281008984), (18.475978683175732, 5.411399475321132), (18.482333486383226, 5.435970526823047), (18.488635422448688, 5.4605944354489395), (18.49488449139473, 5.485271201132949), (18.501080693244027, 5.510000823809141), (18.50722402801934, 5.534783303411504), (18.513314495743497, 5.559618639873956), (18.5193520964394, 5.584506833130339), (18.525336830130023, 5.609447883114422), (18.53126869683842, 5.634441789759899), (18.53714769658772, 5.659488553000392), (18.542973829401117, 5.684588172769447), (18.548747095301884, 5.709740649000539), (18.55446749431337, 5.734945981627065), (18.560135026458997, 5.760204170582352), (18.565749691762257, 5.78551521579965), (18.571311490246718, 5.810879117212139), (18.57682042193602, 5.83629587475292), (18.582276486853885, 5.861765488355024), (18.587679685024103, 5.887287957951407), (18.593030016470536, 5.912863283474951), (18.598327481217122, 5.938491464858464), (18.603572079287876, 5.964172502034679), (18.608763810706883, 5.989906394936258), (18.613902675498302, 6.015693143495787), (18.61898867368637, 6.041532747645778), (18.624021805295392, 6.06742520731867), (18.629002070349753, 6.093370522446827)]",True
1784490069.3774755,0,18.539601341752835,5.067402695283468,0.8000000119868663,87.61616576932411,-0.37228402354497564,17.66437671383547,5.654084254943591,0.7483154462984736,87.36031206287956,0.46514890272966425,-0.8752246279173654,0.5866815596601231,-0.05168456568839275,-0.2558537064445545,0.8374329262746398,"[(18.459072432383007, 5.0503762232593346), (18.466828187891682, 5.076013069822479), (18.474503997121573, 5.101729821014641), (18.48209986020186, 5.1275264764153246), (18.48961577726241, 5.153403035603338), (18.497051748433798, 5.179359498156793), (18.50440777384729, 5.205395863653104), (18.511683853634853, 5.231512131668989), (18.518879987929147, 5.257708301780472), (18.525996176863533, 5.283984373562878), (18.53303242057207, 5.310340346590838), (18.53998871918951, 5.336776220438285), (18.546865072851304, 5.363291994678456), (18.553661481693602, 5.389887668883894), (18.560377945853254, 5.416563242626442), (18.5670144654678, 5.443318715477249), (18.573571040675482, 5.470154087006768), (18.58004767161524, 5.497069356784755), (18.58644435842671, 5.52406452438027), (18.592761101250225, 5.551139589361677), (18.598997900226816, 5.578294551296643), (18.605154755498212, 5.605529409752139), (18.611231667206837, 5.632844164294441), (18.617228635495813, 5.6602388144891265), (18.623145660508964, 5.68771335990108), (18.628982742390804, 5.7152678000944865), (18.63473988128655, 5.742902134632837), (18.64041707734211, 5.7706163630789264), (18.646014330704094, 5.798410484994851), (18.651531641519814, 5.826284499942013), (18.656969009937267, 5.85423840748112), (18.66232643610516, 5.8822722071721785), (18.66760392017289, 5.9103858985745035), (18.672801462290554, 5.938579481246712), (18.677919062608943, 5.966852954746725), (18.682956721279545, 5.995206318631767), (18.687914438454555, 6.023639572458367), (18.692792214286854, 6.052152715782358), (18.697590048930024, 6.0807457481588765), (18.702307942538344, 6.109418669142363), (18.70694589526679, 6.13817147828656), (18.71150390727104, 6.167004175144518), (18.715981978707465, 6.195916759268588), (18.720380109733128, 6.224909230210426), (18.724698300505803, 6.253981587520992)]",True
1784490069.485755,0,18.553864962618825,5.074651595402216,0.8000000119641691,87.61616576932411,-0.37228402354497564,17.68584726019873,5.662933856158096,0.7988550694719606,87.36031206287956,0.46514890272966425,-0.8680177024200937,0.5882822607558804,-0.0011449424922085338,-0.2558537064445545,0.8374329262746398,"[(18.52111402755067, 5.079181332567192), (18.530929697461133, 5.103886398485228), (18.540691962652502, 5.1286448580101185), (18.55040082314402, 5.153456711070319), (18.560056278955013, 5.178321957594208), (18.56965833010489, 5.203240597510081), (18.57920697661314, 5.228212630746151), (18.58870221849933, 5.253238057230554), (18.59814405578311, 5.278316876891342), (18.60753248848421, 5.303449089656488), (18.616867516622445, 5.328634695453883), (18.626149140217706, 5.353873694211338), (18.63537735928997, 5.379166085856583), (18.644552173859285, 5.404511870317266), (18.653673583945793, 5.429911047520955), (18.66274158956971, 5.455363617395138), (18.671756190751328, 5.480869579867221), (18.68071738751103, 5.5064289348645294), (18.689625179869275, 5.532041682314309), (18.6984795678466, 5.557707822143722), (18.70728055146363, 5.583427354279851), (18.716028130741066, 5.609200278649699), (18.724722305699686, 5.635026595180188), (18.73336307636036, 5.660906303798157), (18.741950442744027, 5.6868394044303665), (18.750484404871717, 5.712825897003495), (18.758964962764534, 5.73886578144414), (18.76739211644367, 5.764959057678818), (18.775765865930385, 5.791105725633966), (18.784086211246034, 5.8173057852359396), (18.792353152412044, 5.8435592364110125), (18.800566689449926, 5.869866079085378), (18.808726822381278, 5.896226313185149), (18.816833551227766, 5.922639938636358), (18.824886876011146, 5.9491069553649565), (18.83288679675325, 5.975627363296813), (18.840833313475997, 6.002201162357719), (18.848726426201377, 6.02882835247338), (18.856566134951475, 6.055508933569426), (18.864352439748448, 6.082242905571404), (18.87208534061453, 6.109030268404778), (18.879764837572043, 6.135871021994935), (18.887390930643388, 6.162765166267178), (18.894963619851048, 6.189712701146731), (18.902482905217582, 6.216713626558737)]",True
1784490069.5634453,0,18.610817837094274,5.10384473570693,0.8000000119289257,87.61616576932411,-0.37228402354497564,17.738969665563793,5.681211017482024,0.8359542911625515,87.36031206287956,0.46514890272966425,-0.8718481715304804,0.5773662817750944,0.03595427923362582,-0.2558537064445545,0.8374329262746398,"[(18.544695387448748, 5.091553961173201), (18.549650553884046, 5.11423439459723), (18.554552783436527, 5.1369677565570075), (18.559402076130944, 5.159754046988835), (18.56419843199212, 5.182593265828942), (18.568941851044965, 5.20548541301348), (18.573632333314446, 5.228430488478528), (18.578269878825616, 5.251428492160091), (18.5828544876036, 5.274479423994099), (18.5873861596736, 5.297583283916405), (18.59186489506088, 5.320740071862792), (18.596290693790795, 5.343949787768965), (18.600663555888765, 5.367212431570556), (18.60498348138029, 5.39052800320312), (18.60925047029094, 5.4138965026021415), (18.613464522646368, 5.437317929703028), (18.617625638472287, 5.460792284441111), (18.6217338177945, 5.484319566751651), (18.625789060638873, 5.507899776569831), (18.629791367031352, 5.531532913830761), (18.633740736997957, 5.555218978469475), (18.637637170564783, 5.578957970420935), (18.641480667757996, 5.602749889620026), (18.645271228603843, 5.626594736001559), (18.649008853128638, 5.650492509500271), (18.652693541358776, 5.674443210050824), (18.656325293320727, 5.698446837587806), (18.65990410904103, 5.72250339204573), (18.663429988546298, 5.746612873359034), (18.66690293186323, 5.770775281462082), (18.670322939018586, 5.794990616289163), (18.67369001003921, 5.819258877774494), (18.67700414495201, 5.843580065852212), (18.680265343783983, 5.867954180456385), (18.683473606562192, 5.892381221521004), (18.68662893331377, 5.916861188979984), (18.689731324065935, 5.941394082767168), (18.69278077884597, 5.965979902816324), (18.695777297681246, 5.990618649061144), (18.698720880599193, 6.015310321435247), (18.70161152762733, 6.040054919872176), (18.70444923879323, 6.0648524443054015), (18.707234014124563, 6.089702894668317), (18.709965853649063, 6.114606270894243), (18.712644757394543, 6.139562572916425)]",True
1784490069.5930808,0,18.617972087208233,5.107424751033698,0.8000000119274047,87.61616576932411,-0.37228402354497564,17.747032688224124,5.683660914084183,0.8494606648445082,87.36031206287956,0.46514890272966425,-0.8709393989841097,0.5762361630504849,0.049460652917103554,-0.2558537064445545,0.8374329262746398,"[(18.550740056934558, 5.094686060026791), (18.554691293008734, 5.116930847568369), (18.55858963056113, 5.139228525746876), (18.562435069617802, 5.161579094499492), (18.566227610204884, 5.183982553763322), (18.569967252348583, 5.206438903475397), (18.573653996075176, 5.228948143572675), (18.57728784141102, 5.251510273992038), (18.580868788382542, 5.274125294670294), (18.584396837016243, 5.296793205544179), (18.587871987338698, 5.319514006550352), (18.59129423937656, 5.3422876976254), (18.594663593156554, 5.365114278705835), (18.597980048705484, 5.387993749728093), (18.601243606050218, 5.410926110628538), (18.604454265217704, 5.433911361343461), (18.607612026234968, 5.456949501809076), (18.610716889129105, 5.480040531961523), (18.613768853927283, 5.503184451736869), (18.61676792065675, 5.526381261071108), (18.61971408934482, 5.549630959900156), (18.622607360018897, 5.572933548159859), (18.625447732706434, 5.596289025785985), (18.628235207434983, 5.619697392714231), (18.630969784232157, 5.643158648880219), (18.63365146312565, 5.666672794219495), (18.63628024414322, 5.690239828667532), (18.638856127312707, 5.71385975215973), (18.641379112662026, 5.7375325646314135), (18.643849200219165, 5.761258266017832), (18.646266390012183, 5.785036856254163), (18.648630682069218, 5.808868335275509), (18.650942076418477, 5.832752703016896), (18.653200573088245, 5.85668995941328), (18.65540617210688, 5.880680104399539), (18.657558873502815, 5.904723137910478), (18.65965867730456, 5.92881905988083), (18.66170558354069, 5.95296787024525), (18.663699592239865, 5.977169568938322), (18.665640703430814, 6.001424155894554), (18.667528917142338, 6.025731631048381), (18.669364233403314, 6.050091994334162), (18.671146652242697, 6.074505245686184), (18.67287617368951, 6.098971385038658), (18.674552797772858, 6.123490412325723)]",True
1784490069.624303,0,18.6463721317822,5.122169752278457,0.8000000119237138,87.61616576932411,-0.37228402354497564,17.78078617361046,5.692775628130668,0.8973620669831993,87.36031206287956,0.46514890272966425,-0.8655859581717422,0.5706058758522108,0.09736205505948548,-0.2558537064445545,0.8374329262746398,"[(18.575539058289777, 5.107750403504534), (18.57616308703607, 5.128508994269737), (18.576734337112562, 5.149320357340168), (18.577252808549577, 5.170184492655899), (18.577718501377504, 5.191101400156932), (18.578131415626803, 5.212071079783193), (18.578491551328014, 5.2330935314745375), (18.578798908511747, 5.254168755170745), (18.579053487208682, 5.275296750811525), (18.57925528744958, 5.296477518336511), (18.579404309265268, 5.317711057685265), (18.579500552686646, 5.338997368797276), (18.579544017744695, 5.3603364516119605), (18.579534704470458, 5.38172830606866), (18.579472612895056, 5.403172932106646), (18.579357743049687, 5.424670329665113), (18.579190094965615, 5.446220498683186), (18.578969668674183, 5.467823439099915), (18.578696464206807, 5.489479150854278), (18.578370481594973, 5.511187633885179), (18.57799172087024, 5.532948888131449), (18.57756018206424, 5.554762913531847), (18.577075865208677, 5.576629710025058), (18.576538770335336, 5.598549277549695), (18.575948897476067, 5.620521616044296), (18.575306246662795, 5.642546725447327), (18.574610817927514, 5.664624605697184), (18.573862611302303, 5.686755256732184), (18.573061626819303, 5.708938678490575), (18.57220786451073, 5.731174870910531), (18.57130132440888, 5.7534638339301525), (18.570342006546106, 5.775805567487469), (18.569329910954853, 5.798200071520433), (18.56826503766763, 5.820647345966927), (18.56714738671702, 5.843147390764761), (18.565976958135682, 5.86570020585167), (18.56475375195634, 5.888305791165317), (18.563477768211797, 5.910964146643291), (18.56214900693493, 5.933675272223109), (18.56076746815869, 5.956439167842214), (18.559333151916096, 5.9792558334379775), (18.557846058240237, 6.002125268947696), (18.55630618716429, 6.025047474308593), (18.554713538721487, 6.048022449457822), (18.553068112945144, 6.07105019433246)]",True
1784490069.6826646,0,18.66768604901399,5.133202223711045,0.8000000119224078,87.61616576932411,-0.37228402354497564,17.807479408383998,5.6988859669949345,0.927635149960081,87.36031206287956,0.46514890272966425,-0.8602066406299933,0.5656837432838895,0.12763513803767323,-0.2558537064445545,0.8374329262746398,"[(18.588344789430376, 5.114373660340556), (18.58765815870616, 5.134509792337378), (18.58691879574854, 5.1546986508033745), (18.586126700589492, 5.174940235679785), (18.585281873261053, 5.195234546907778), (18.58438431379533, 5.215581584428448), (18.583434022224512, 5.2359813481828175), (18.582430998580854, 5.256433838111837), (18.581375242896687, 5.276939054156384), (18.580266755204413, 5.297496996257263), (18.579105535536506, 5.318107664355207), (18.577891583925513, 5.338771058390874), (18.576624900404056, 5.359487178304851), (18.575305485004826, 5.380256024037655), (18.573933337760586, 5.401077595529724), (18.57250845870418, 5.42195189272143), (18.571030847868517, 5.442878915553068), (18.569500505286577, 5.463858663964863), (18.567917430991418, 5.484891137896965), (18.56628162501617, 5.505976337289455), (18.56459308739403, 5.527114262082336), (18.56285181815828, 5.548304912215544), (18.56105781734226, 5.569548287628939), (18.55921108497939, 5.590844388262308), (18.55731162110316, 5.612193214055369), (18.555359425747138, 5.633594764947764), (18.55335449894496, 5.655049040879064), (18.551296840730334, 5.676556041788765), (18.549186451137043, 5.698115767616295), (18.547023330198943, 5.719728218301004), (18.54480747794996, 5.7413933937821735), (18.542538894424094, 5.763111293999011), (18.54021757965542, 5.784881918890651), (18.537843533678082, 5.806705268396156), (18.5354167565263, 5.828581342454515), (18.532937248234358, 5.850510141004645), (18.530405008836627, 5.872491663985391), (18.52782003836754, 5.894525911335525), (18.525182336861608, 5.916612882993745), (18.52249190435341, 5.938752578898679), (18.519748740877596, 5.9609449989888805), (18.516952846468897, 5.9831901432028305), (18.51410422116211, 6.0054880114789375), (18.51120286499211, 6.027838603755538), (18.508248777993842, 6.0502419199708966)]",True
1784490069.739545,0,18.689003765592645,5.144227355019931,0.8000000119217143,87.61616576932411,-0.37228402354497564,17.83515228432294,5.704462695534241,0.9537918655197911,87.36031206287956,0.46514890272966425,-0.8538514812697038,0.5602353405143106,0.1537918535980768,-0.2558537064445545,0.8374329262746398,"[(18.615633064200264, 5.128113012629981), (18.613826109949585, 5.147639551704412), (18.611966490044555, 5.167218751212822), (18.610054204518445, 5.186850611097707), (18.6080892534046, 5.206535131301491), (18.60607163673643, 5.226272311766525), (18.604001354547425, 5.246062152435089), (18.601878406871137, 5.26590465324939), (18.599702793741198, 5.285799814151563), (18.597474515191312, 5.305747635083672), (18.595193571255248, 5.325748115987708), (18.592859961966855, 5.345801256805591), (18.59047368736005, 5.365907057479168), (18.58803474746882, 5.386065517950215), (18.585543142327232, 5.406276638160435), (18.582998871969416, 5.426540418051459), (18.580401936429578, 5.446856857564848), (18.577752335741998, 5.467225956642088), (18.57505006994102, 5.487647715224595), (18.572295139061072, 5.508122133253712), (18.569487543136646, 5.528649210670711), (18.566627282202308, 5.5492289474167915), (18.5637143562927, 5.569861343433081), (18.560748765442522, 5.590546398660634), (18.557730509686564, 5.611284113040435), (18.55465958905968, 5.632074486513395), (18.551536003596787, 5.652917519020354), (18.548359753332893, 5.67381321050208), (18.545130838303063, 5.694761560899266), (18.54184925854244, 5.715762570152538), (18.538515014086244, 5.736816238202447), (18.53512810496975, 5.757922564989472), (18.531688531228323, 5.779081550454021), (18.52819629289739, 5.800293194536429), (18.524651390012455, 5.8215574971769595), (18.521053822609094, 5.842874458315804), (18.517403590722946, 5.864244077893083), (18.513700694389737, 5.885666355848843), (18.509945133645253, 5.90714129212306), (18.50613690852536, 5.928668886655638), (18.502276019065988, 5.950249139386408), (18.498362465303142, 5.971882050255129), (18.494396247272906, 5.993567619201489), (18.490377365011426, 6.015305846165104), (18.486305818554925, 6.037096731085517)]",True
1784490069.7827222,0,18.717405385031643,5.15896999913149,0.8000000119212667,87.61616576932411,-0.37228402354497564,17.873238462799183,5.711646571437935,0.9832204984095971,87.36031206287956,0.46514890272966425,-0.8441669222324606,0.5526765723064448,0.18322048648833045,-0.2558537064445545,0.8374329262746398,"[(18.621273867098513, 5.131055312876464), (18.618014401257998, 5.149900130631437), (18.614702260117017, 5.168797619093846), (18.61133744371084, 5.18774777820709), (18.60791995207482, 5.206750607914496), (18.604449785244366, 5.22580610815932), (18.600926943254976, 5.244914278884746), (18.597351426142204, 5.264075120033884), (18.59372323394169, 5.283288631549774), (18.590042366689143, 5.302554813375383), (18.586308824420335, 5.321873665453606), (18.582522607171118, 5.341245187727266), (18.578683714977416, 5.360669380139115), (18.574792147875222, 5.380146242631832), (18.570847905900603, 5.399675775148022), (18.566850989089698, 5.419257977630222), (18.56280139747872, 5.438892850020894), (18.558699131103946, 5.458580392262427), (18.554544190001735, 5.478320604297143), (18.550336574208515, 5.498113486067287), (18.54607628376078, 5.517959037515033), (18.541763318695104, 5.537857258582485), (18.537397679048127, 5.557808149211673), (18.532979364856565, 5.577811709344555), (18.528508376157212, 5.597867938923018), (18.52398471298692, 5.617976837888877), (18.51940837538262, 5.638138406183874), (18.514779363381322, 5.658352643749678), (18.510097677020095, 5.678619550527889), (18.50536331633609, 5.698939126460033), (18.500576281366527, 5.719311371487563), (18.495736572148694, 5.739736285551862), (18.490844188719958, 5.7602138685942395), (18.485899131117755, 5.7807441205559345), (18.48090139937959, 5.801327041378112), (18.475850993543045, 5.821962631001867), (18.47074791364577, 5.842650889368221), (18.46559215972549, 5.863391816418123), (18.460383731820002, 5.884185412092452), (18.455122629967175, 5.905031676332014), (18.449808854204946, 5.925930609077541), (18.44444240457133, 5.946882210269696), (18.439023281104408, 5.967886479849069), (18.43355148384234, 5.988943417756176), (18.428027012823357, 6.010053023931464)]",True
1784490069.8272607,0,18.75959072672188,5.18186607547753,0.8000000119210242,87.61616576932411,-0.37228402354497564,17.93228495474882,5.72275458432714,1.0178886239974645,87.36031206287956,0.46514890272966425,-0.8273057719730588,0.5408885088496094,0.21788861207644028,-0.2558537064445545,0.8374329262746398,"[(18.662462190333596, 5.1523911979891395), (18.65796584238789, 5.170530764167999), (18.653416885106527, 5.188722935686526), (18.648815318526207, 5.206967712489493), (18.644161142683696, 5.225265094521603), (18.63945435761583, 5.243615081727489), (18.634694963359514, 5.262017674051709), (18.629882959951733, 5.280472871438753), (18.625018347429535, 5.298980673833038), (18.620101125830043, 5.317541081178908), (18.61513129519045, 5.336154093420641), (18.610108855548027, 5.354819710502436), (18.605033806940103, 5.373537932368428), (18.59990614940409, 5.392308758962674), (18.594725882977475, 5.411132190229164), (18.5894930076978, 5.430008226111815), (18.58420752360269, 5.448936866554474), (18.57886943072984, 5.467918111500914), (18.573478729117014, 5.486951960894838), (18.56803541880205, 5.506038414679877), (18.56253949982286, 5.525177472799593), (18.55699097221742, 5.544369135197472), (18.55138983602378, 5.563613401816934), (18.545736091280066, 5.582910272601322), (18.540029738024472, 5.602259747493911), (18.534270776295266, 5.621661826437905), (18.528459206130783, 5.6411165093764355), (18.52259502756943, 5.660623796252562), (18.516678240649686, 5.680183687009272), (18.510708845410104, 5.699796181589485), (18.50468684188931, 5.719461279936045), (18.498612230125996, 5.739178981991727), (18.49248501015893, 5.758949287699234), (18.486305182026946, 5.778772197001197), (18.480072745768958, 5.798647709840176), (18.47378770142394, 5.81857582615866), (18.467450049030948, 5.838556545899066), (18.4610597886291, 5.85858986900374), (18.454616920257596, 5.878675795414956), (18.448121443955703, 5.898814325074918), (18.441573359762756, 5.919005457925755), (18.43497266771816, 5.9392491939095295), (18.428319367861402, 5.959545532968229), (18.421613460232027, 5.979894475043771), (18.414854944869663, 6.000296020078002)]",True
1784490069.8798573,0,18.780826616743184,5.193047097350666,0.8000000119209796,87.61616576932411,-0.37228402354497564,17.962396168076708,5.7289823497550625,1.0317731682656763,87.36031206287956,0.46514890272966425,-0.8184304486664757,0.5359352524043963,0.23177315634469675,-0.2558537064445545,0.8374329262746398,"[(18.682871908270492, 5.162923646282865), (18.677540078750603, 5.180609254925808), (18.672155659334763, 5.198347449851633), (18.666718650060727, 5.21613823100583), (18.66122905096633, 5.233981598333818), (18.655686862089475, 5.251877551780944), (18.650092083468135, 5.269826091292484), (18.64444471514036, 5.287827216813643), (18.638744757144263, 5.305880928289553), (18.63299220951803, 5.323987225665278), (18.62718707229992, 5.342146108885808), (18.621329345528274, 5.360357577896064), (18.61541902924148, 5.378621632640893), (18.60945612347802, 5.396938273065073), (18.603440628276434, 5.415307499113309), (18.59737254367534, 5.433729310730237), (18.591251869713428, 5.452203707860418), (18.585078606429448, 5.470730690448346), (18.578852753862236, 5.489310258438441), (18.57257431205069, 5.507942411775052), (18.566243281033785, 5.526627150402459), (18.559859660850567, 5.545364474264867), (18.55342345154014, 5.564154383306412), (18.546934653141705, 5.5829968774711585), (18.540393265694508, 5.6018919567031), (18.53379928923788, 5.620839620946159), (18.527152723811223, 5.6398398701441845), (18.52045356945401, 5.658892704240957), (18.51370182620578, 5.677998123180184), (18.506897494106145, 5.697156126905502), (18.500040573194795, 5.7163667153604765), (18.493131063511484, 5.735629888488602), (18.486168965096038, 5.754945646233302), (18.479154277988357, 5.774313988537926), (18.47208700222841, 5.793734915345757), (18.464967137856245, 5.813208426600003), (18.457794684911967, 5.832734522243801), (18.450569643435763, 5.852313202220219), (18.44329201346789, 5.871944466472251), (18.435961795048673, 5.891628314942822), (18.42857898821851, 5.911364747574784), (18.421143593017874, 5.931153764310919), (18.4136556094873, 5.950995365093936), (18.406115037667405, 5.970889549866476), (18.398521877598867, 5.990836318571104)]",True
1784490069.9244008,0,18.78792879438204,5.196729337254451,0.8000000119209699,87.61616576932411,-0.37228402354497564,17.97247595490026,5.731281383994624,1.0359683543413796,87.36031206287956,0.46514890272966425,-0.8154528394817788,0.5345520467401723,0.23596834242040965,-0.2558537064445545,0.8374329262746398,"[(18.726838427535515, 5.185706031618563), (18.72300355745175, 5.203977525384057), (18.71911614359098, 5.222301558720528), (18.715176185988767, 5.240678131572931), (18.711183684680744, 5.2591072438861515), (18.707138639702613, 5.277588895605003), (18.70304105109015, 5.29612308667423), (18.698890918879204, 5.314709817038504), (18.69468824310569, 5.333349086642428), (18.690433023805593, 5.35204089543053), (18.686125261014976, 5.370785243347273), (18.681764954769964, 5.389582130337044), (18.67735210510676, 5.408431556344162), (18.672886712061633, 5.427333521312875), (18.66836877567093, 5.446288025187357), (18.663798295971063, 5.465295067911716), (18.65917527299851, 5.484354649429984), (18.65449970678983, 5.503466769686128), (18.64977159738165, 5.522631428624038), (18.644990944810665, 5.541848626187537), (18.64015774911364, 5.561118362320377), (18.63527201032742, 5.580440636966237), (18.630333728488903, 5.599815450068728), (18.625342903635083, 5.619242801571386), (18.620299535803, 5.63872269141768), (18.61520362502978, 5.658255119551007), (18.610055171352617, 5.677840085914693), (18.604854174808775, 5.697477590451992), (18.599600635435586, 5.717167633106089), (18.594294553270455, 5.736910213820097), (18.588935928350864, 5.756705332537058), (18.583524760714354, 5.776552989199944), (18.578061050398546, 5.796453183751655), (18.57254479744113, 5.816405916135022), (18.566976001879862, 5.8364111862928025), (18.561354663752578, 5.856468994167685), (18.555680783097177, 5.876579339702286), (18.549954359951634, 5.896742222839153), (18.54417539435399, 5.916957643520761), (18.538343886342357, 5.937225601689514), (18.532459835954924, 5.9575460972877465), (18.52652324322995, 5.97791913025772), (18.520534108205755, 5.998344700541628), (18.51449243092074, 6.018822808081589), (18.508398211413375, 6.039353452819656)]",True
1784490069.9857836,0,18.809159913081118,5.207920264488701,0.8000000119209507,87.61616576932411,-0.37228402354497564,18.00285152209448,5.73863911924928,1.0473945162586504,87.36031206287956,0.46514890272966425,-0.8063083909866364,0.530718854760579,0.24739450433769972,-0.2558537064445545,0.8374329262746398,"[(18.754500381849297, 5.200957470792174), (18.750121522999844, 5.219017026171565), (18.745690035495333, 5.237129206191121), (18.741205919372387, 5.255294010795596), (18.736669174667693, 5.273511439929671), (18.732079801418017, 5.291781493537958), (18.727437799660194, 5.310104171564996), (18.72274316943113, 5.328479473955252), (18.7179959107678, 5.346907400653122), (18.71319602370726, 5.36538795160293), (18.70834350828662, 5.383921126748929), (18.703438364543086, 5.402506926035299), (18.698480592513917, 5.42114534940615), (18.69347019223645, 5.439836396805521), (18.688407163748096, 5.458580068177375), (18.68329150708633, 5.477376363465609), (18.678123222288708, 5.496225282614046), (18.672902309392846, 5.515126825566435), (18.667628768436444, 5.534080992266458), (18.662302599457266, 5.553087782657721), (18.656923802493154, 5.572147196683762), (18.651492377582013, 5.591259234288044), (18.646008324761826, 5.610423895413962), (18.640471644070644, 5.629641180004835), (18.634882335546592, 5.648911088003915), (18.629240399227868, 5.668233619354379), (18.623545835152736, 5.687608773999335), (18.61779864335954, 5.707036551881816), (18.611998823886687, 5.726516952944787), (18.60614637677266, 5.746049977131139), (18.600241302056013, 5.765635624383692), (18.594283599775377, 5.7852738946451945), (18.58827326996944, 5.804964787858324), (18.58221031267698, 5.824708303965686), (18.576094727936837, 5.8445044429098125), (18.56992651578792, 5.864353204633167), (18.563705676269212, 5.8842545890781395), (18.557432209419773, 5.904208596187049), (18.551106115278728, 5.924215225902142), (18.54472739388527, 5.944274478165593), (18.53829604527868, 5.964386352919509), (18.531812069498294, 5.9845508501059195), (18.52527546658353, 6.004767969666786), (18.51868623657387, 6.025037711543998), (18.512044379508872, 6.0453600756793735)]",True
1784490070.032936,0,18.83742228437652,5.222928092905289,0.8000000119209383,88.8754903656511,-0.37518041676635405,18.043706996943303,5.749043018246691,1.0602499653166657,87.36031206287956,0.46514890272966425,-0.7937152874332156,0.5261149253414015,0.26024995339572743,-1.5151783027715453,0.8403293194960183,"[(18.7808867458549, 5.214897629173081), (18.77467483693417, 5.2320764662443455), (18.768410328409594, 5.249307899708642), (18.76209322032017, 5.266591929512081), (18.75572351270497, 5.283928555600702), (18.749301205603143, 5.301317777920472), (18.7428262990539, 5.318759596417289), (18.736298793096527, 5.336254011036977), (18.729718687770387, 5.35380102172529), (18.723085983114906, 5.37140062842791), (18.716400679169585, 5.389052831090448), (18.709662775974003, 5.406757629658445), (18.7028722735678, 5.424515024077367), (18.696029171990688, 5.442325014292613), (18.68913347128246, 5.4601876002495064), (18.682185171482974, 5.478102781893302), (18.675184272632155, 5.4960705591691825), (18.668130774770006, 5.51409093202226), (18.6610246779366, 5.532163900397573), (18.653865982172082, 5.550289464240092), (18.646654687516666, 5.568467623494713), (18.639390794010637, 5.586698378106261), (18.632074301694352, 5.604981728019492), (18.624705210608248, 5.623317673179089), (18.617283520792817, 5.641706213529662), (18.609809232288637, 5.660147349015752), (18.60228234513635, 5.678641079581828), (18.594702859376667, 5.697187405172288), (18.587070775050382, 5.715786325731458), (18.579386092198344, 5.734437841203594), (18.57164881086149, 5.753141951532878), (18.563858931080816, 5.771898656663422), (18.556016452897396, 5.790707956539267), (18.548121376352373, 5.809569851104381), (18.54017370148696, 5.828484340302665), (18.532173428342446, 5.847451424077943), (18.524120556960185, 5.866471102373971), (18.516015087381607, 5.885543375134433), (18.507857019648213, 5.904668242302941), (18.499646353801573, 5.923845703823036), (18.491383089883332, 5.943075759638188), (18.483067227935198, 5.962358409691795), (18.474698767998966, 5.981693653927184), (18.46627771011649, 6.001081492287612), (18.457804054329696, 6.0205219247162605)]",True
1784490070.0774183,0,18.873038849592916,5.241131200620011,0.8000000119209322,88.8754903656511,-0.37518041676635405,18.095130244952596,5.763242708530313,1.0731673122512404,87.36031206287956,0.46514890272966425,-0.7779086046403201,0.522111507910302,0.2731673003303082,-1.5151783027715453,0.8403293194960183,"[(18.82292815811154, 5.237034876811462), (18.81644522840521, 5.253993523434779), (18.80990975213223, 5.27100471357191), (18.803321729331753, 5.288068447169564), (18.796681160042993, 5.305184724174381), (18.789988044305247, 5.322353544532929), (18.78324238215787, 5.339574908191706), (18.7764441736403, 5.3568488150971385), (18.769593418792038, 5.374175265195583), (18.762690117652657, 5.391554258433323), (18.7557342702618, 5.408985794756573), (18.74872587665919, 5.4264698741114765), (18.74166493688461, 5.444006496444104), (18.734551450977918, 5.461595661700459), (18.72738541897904, 5.47923736982647), (18.720166840927977, 5.496931620767997), (18.712895716864796, 5.514678414470828), (18.705572046829644, 5.532477750880681), (18.698195830862733, 5.550329629943203), (18.690767069004348, 5.5682340516039694), (18.683285761294837, 5.586191015808485), (18.67575190777463, 5.604200522502183), (18.66816550848422, 5.622262571630428), (18.66052656346417, 5.640377163138512), (18.652835072755128, 5.658544296971654), (18.645091036397798, 5.676763973075007), (18.637294454432958, 5.6950361913936485), (18.629445326901457, 5.713360951872588), (18.621543653844224, 5.731738254456762), (18.613589435302245, 5.75016809909104), (18.605582671316586, 5.768650485720215), (18.597523361928378, 5.787185414289013), (18.58941150717883, 5.805772884742088), (18.581247107109213, 5.824412897024023), (18.573030161760883, 5.84310545107933), (18.56476067117525, 5.86185054685245), (18.556438635393803, 5.880648184287754), (18.548064054458106, 5.899498363329541), (18.539636928409788, 5.91840108392204), (18.53115725729055, 5.937356346009409), (18.522625041142163, 5.956364149535734), (18.514040280006473, 5.975424494445031), (18.505402973925396, 5.994537380681245), (18.49671312294091, 6.013702808188251), (18.487970727095078, 6.032920776909851)]",True
1784490070.1321878,0,18.922625766693333,5.267151702793445,0.8000000119209296,88.8754903656511,-0.37518041676635405,18.166932972257893,5.786848933767834,1.086699989698938,87.36031206287956,0.46514890272966425,-0.7556927944354399,0.5196972309743888,0.2866999777780084,-1.5151783027715453,0.8403293194960183,"[(18.857804236750813, 5.254981748259227), (18.85066591074057, 5.27154976519989), (18.843475033158267, 5.288170330962767), (18.836231604043963, 5.304843445495053), (18.828935623437797, 5.321569108743876), (18.82158709137997, 5.33834732065629), (18.81418600791077, 5.355178081179279), (18.80673237307053, 5.372061390259756), (18.79922618689968, 5.3889972478445625), (18.79166744943871, 5.405985653880471), (18.784056160728174, 5.4230266083141805), (18.776392320808707, 5.440120111092321), (18.768675929721013, 5.457266162161451), (18.760906987505866, 5.474464761468057), (18.75308549420411, 5.491715908958555), (18.74521144985666, 5.50901960457929), (18.737284854504505, 5.526375848276537), (18.7293057081887, 5.543784639996499), (18.721274010950378, 5.561245979685309), (18.713189762830734, 5.578759867289028), (18.705052963871044, 5.5963263027536465), (18.696863614112644, 5.613945286025084), (18.688621713596948, 5.6316168170491885), (18.680327262365445, 5.649340895771739), (18.671980260459687, 5.667117522138441), (18.663580707921295, 5.68494669609493), (18.65512860479197, 5.702828417586772), (18.646623951113476, 5.720762686559459), (18.63806674692766, 5.738749502958414), (18.629456992276424, 5.756788866728989), (18.620794687201748, 5.774880777816465), (18.612079831745685, 5.793025236166052), (18.603312425950364, 5.811222241722889), (18.594492469857972, 5.829471794432043), (18.585619963510773, 5.847773894238511), (18.576694906951104, 5.866128541087219), (18.56771730022137, 5.884535734923023), (18.55868714336405, 5.902995475690707), (18.549604436421692, 5.921507763334983), (18.540469179436915, 5.940072597800493), (18.53128137245241, 5.95868997903181), (18.522041015510936, 5.977359906973432), (18.512748108655327, 5.9960823815697895), (18.503402651928486, 6.014857402765241), (18.494004645373387, 6.033684970504073)]",True
1784490070.1780958,0,18.96598597241712,5.287734636683675,0.8000000119209292,88.8754903656511,-0.37518041676635405,18.22620713746358,5.814575673128393,1.0951402095479323,87.36031206287956,0.46514890272966425,-0.7397788349535404,0.5268410364447176,0.29514019762700316,-1.5151783027715453,0.8403293194960183,"[(18.9138514053786, 5.284052873794067), (18.90772819406703, 5.300951608185961), (18.90155270649333, 5.31790261574334), (18.895324942695435, 5.334905896414003), (18.889044902711348, 5.3519614501456765), (18.88271258657913, 5.369069276886019), (18.876327994336933, 5.3862293765826195), (18.869891126022956, 5.403441749182998), (18.863401981675484, 5.420706394634607), (18.85686056133286, 5.438023312884826), (18.8502668650335, 5.455392503880968), (18.843620892815892, 5.472813967570276), (18.836922644718594, 5.490287703899924), (18.830172120780226, 5.507813712817016), (18.823369321039486, 5.525391994268588), (18.81651424553513, 5.543022548201607), (18.809606894305997, 5.56070537456297), (18.802647267390984, 5.578440473299505), (18.795635364829064, 5.596227844357969), (18.788571186659272, 5.614067487685054), (18.78145473292072, 5.631959403227378), (18.774286003652588, 5.649903590931493), (18.767064998894124, 5.6679000507438815), (18.75979171868464, 5.685948782610955), (18.752466163063524, 5.704049786479058), (18.745088332070228, 5.722203062294464), (18.737658225744283, 5.740408610003378), (18.730175844125277, 5.758666429551936), (18.722641187252876, 5.776976520886205), (18.71505425516681, 5.795338883952181), (18.707415047906878, 5.813753518695794), (18.699723565512954, 5.832220425062902), (18.691979808024975, 5.850739602999295), (18.684183775482953, 5.869311052450693), (18.67633546792696, 5.8879347733627485), (18.66843488539715, 5.906610765681044), (18.66048202793374, 5.925339029351091), (18.652476895577003, 5.944119564318333), (18.644419488367305, 5.962952370528146), (18.63630980634507, 5.981837447925836), (18.628147849550793, 6.0007747964566365), (18.619933618025026, 6.019764416065716), (18.61166711180841, 6.038806306698173), (18.603348330941643, 6.057900468299034), (18.594977275465492, 6.07704690081326)]",True
1784490070.2242384,0,19.016256525916383,5.312395181855699,0.8000000119209292,88.8754903656511,-0.37518041676635405,18.293218029533627,5.852333019529328,1.1023236442823534,87.36031206287956,0.46514890272966425,-0.7230384963827561,0.5399378376736292,0.30232363236142423,-1.5151783027715453,0.8403293194960183,"[(18.96726956060439, 5.309215943226225), (18.962708113103428, 5.326626982502342), (18.9580941810375, 5.344090502603522), (18.95342776444307, 5.361606503475997), (18.94870886335668, 5.3791749850659265), (18.94393747781493, 5.396795947319401), (18.939113607854505, 5.41446939018244), (18.934237253512148, 5.4321953136009915), (18.92930841482468, 5.449973717520933), (18.924327091828985, 5.467804601888074), (18.919293284562027, 5.485687966648149), (18.91420699306084, 5.503623811746824), (18.90906821736252, 5.521612137129695), (18.90387695750424, 5.539652942742287), (18.898633213523247, 5.557746228530054), (18.893336985456852, 5.575891994438379), (18.887988273342437, 5.594090240412575), (18.882587077217458, 5.612340966397884), (18.877133397119444, 5.630644172339478), (18.871627233085984, 5.648999858182457), (18.86606858515475, 5.667408023871852), (18.860457453363477, 5.6858686693526215), (18.854793837749973, 5.704381794569655), (18.84907773835212, 5.72294739946777), (18.843309155207862, 5.741565483991716), (18.837488088355226, 5.760236048086168), (18.831614537832294, 5.778959091695733), (18.825688503677235, 5.797734614764947), (18.819709985928277, 5.816562617238274), (18.813678984623724, 5.835443099060109), (18.80759549980195, 5.8543760601747765), (18.801459531501397, 5.873361500526529), (18.79527107976058, 5.892399420059548), (18.78903014461809, 5.911489818717946), (18.782736726112574, 5.930632696445764), (18.776390824282764, 5.949828053186973), (18.769992439167453, 5.969075888885473), (18.763541570805515, 5.988376203485092), (18.757038219235888, 6.007728996929589), (18.750482384497577, 6.027134269162652), (18.743874066629665, 6.046592020127899), (18.7372132656713, 6.066102249768876), (18.730499981661705, 6.085664958029058), (18.723734214640174, 6.105280144851852), (18.716915964646066, 6.124947810180592)]",True
1784490070.2758029,0,19.030388680480574,5.3198971684569685,0.8000000119209292,88.8754903656511,-0.37518041676635405,18.31207540069549,5.863786155854839,1.103964699869324,87.36031206287956,0.46514890272966425,-0.7183132797850824,0.543888987397871,0.3039646879483948,-1.5151783027715453,0.8403293194960183,"[(18.974841532725254, 5.312803961121226), (18.970029391737043, 5.330110708325985), (18.965164643863854, 5.347470058752015), (18.960247289142853, 5.364882012345164), (18.955277327611274, 5.382346569051206), (18.950254759306418, 5.399863728815847), (18.94517958426567, 5.417433491584717), (18.940051802526476, 5.435055857303378), (18.934871414126352, 5.452730825917318), (18.929638419102897, 5.470458397371957), (18.924352817493773, 5.488238571612641), (18.919014609336717, 5.506071348584642), (18.913623794669537, 5.523956728233167), (18.908180373530104, 5.541894710503346), (18.902684345956377, 5.559885295340239), (18.897135711986373, 5.577928482688836), (18.891534471658183, 5.596024272494052), (18.885880625009975, 5.614172664700735), (18.880174172079982, 5.632373659253659), (18.87441511290651, 5.650627256097526), (18.868603447527946, 5.668933455176968), (18.862739175982735, 5.687292256436544), (18.8568222983094, 5.705703659820743), (18.850852814546535, 5.724167665273981), (18.844830724732805, 5.742684272740604), (18.838756028906946, 5.761253482164886), (18.832628727107764, 5.779875293491028), (18.826448819374143, 5.798549706663161), (18.82021630574503, 5.817276721625345), (18.813931186259452, 5.836056338321567), (18.8075934609565, 5.8548885566957445), (18.801203129875343, 5.87377337669172), (18.794760193055218, 5.892710798253269), (18.78826465053543, 5.911700821324092), (18.781716502355366, 5.93074344584782), (18.77511574855447, 5.949838671768011), (18.76846238917227, 5.968986499028151), (18.76175642424836, 5.988186927571658), (18.754997853822406, 6.007439957341876), (18.748186677934147, 6.026745588282076), (18.741322896623387, 6.046103820335461), (18.734406509930015, 6.06551465344516), (18.72743751789398, 6.08497808755423), (18.7204159205553, 6.10449412260566), (18.71334171795408, 6.1240627585423635)]",True
1784490070.347309,0,19.037453579320022,5.323650433447851,0.8000000119209292,88.8754903656511,-0.37518041676635405,18.321498480283044,5.8695449337824455,1.1047271786172737,87.36031206287956,0.46514890272966425,-0.7159550990369787,0.5458945003345947,0.3047271666963445,-1.5151783027715453,0.8403293194960183,"[(19.011583293700923, 5.33102843190388), (19.00772633561884, 5.348726026473008), (19.00381677156649, 5.366476222951957), (18.999854601579763, 5.384279021286016), (18.995839825694603, 5.402134421420403), (18.99177244394704, 5.420042423300263), (18.98765245637317, 5.438003026870671), (18.98347986300916, 5.45601623207663), (18.979254663891247, 5.47408203886307), (18.974976859055747, 5.492200447174853), (18.97064644853904, 5.510371456956766), (18.96626343237758, 5.528595068153526), (18.961827810607893, 5.5468712807097775), (18.957339583266574, 5.565200094570095), (18.952798750390297, 5.58358150967898), (18.948205312015798, 5.602015525980863), (18.94355926817989, 5.6205021434201035), (18.938860618919456, 5.639041361940989), (18.93410936427145, 5.657633181487735), (18.9293055042729, 5.676277602004486), (18.924449038960905, 5.694974623435315), (18.919539968372636, 5.713724245724224), (18.914578292545333, 5.732526468815142), (18.909564011516306, 5.751381292651928), (18.904497125322937, 5.770288717178368), (18.89937763400269, 5.789248742338177), (18.894205537593084, 5.808261368075), (18.888980836131726, 5.8273265943324075), (18.883703529656284, 5.846444421053901), (18.878373618204495, 5.86561484818291), (18.87299110181418, 5.88483787566279), (18.86755598052322, 5.90411350343683), (18.862068254369575, 5.923441731448242), (18.856527923391265, 5.942822559640169), (18.8509349876264, 5.962255987955684), (18.845289447113142, 5.981742016337786), (18.83959130188974, 6.001280644729403), (18.83384055199451, 6.020871873073392), (18.828037197465836, 6.040515701312538), (18.82218123834217, 6.060212129389555), (18.816272674662052, 6.0799611572470855), (18.810311506464075, 6.0997627848277), (18.80429773378691, 6.119617012073897), (18.798231356669305, 6.139523838928105), (18.792112375150076, 6.159483265332679)]",True
1784490070.4145226,0,19.044539807284433,5.3273632691748185,0.8000000119209292,88.8754903656511,-0.37518041676635405,18.330933068556423,5.8752991306525875,1.1054534015007584,87.36031206287956,0.46514890272966425,-0.7136067387280107,0.547935861477769,0.30545338957982926,-1.5151783027715453,0.8403293194960183,"[(19.011399070730537, 5.33106406759423), (19.006700758478974, 5.348449204121343), (19.001949683425863, 5.3658870996937305), (18.997145845608685, 5.3833777542564425), (18.99228924506499, 5.400921167754459), (18.9873798818324, 5.418517340132685), (18.98241775594861, 5.4361662713359555), (18.977402867451392, 5.45386796130903), (18.972335216378585, 5.4716224099965975), (18.96721480276811, 5.489429617343274), (18.962041626657943, 5.507289583293601), (18.956815688086152, 5.525202307792051), (18.951536987090865, 5.54316779078302), (18.946205523710287, 5.561186032210834), (18.940821297982698, 5.579257032019746), (18.935384309946446, 5.5973807901539345), (18.929894559639955, 5.615557306557508), (18.924352047101717, 5.633786581174501), (18.918756772370305, 5.652068613948875), (18.913108735484354, 5.670403404824519), (18.90740793648258, 5.688790953745251), (18.90165437540377, 5.7072312606548135), (18.89584805228678, 5.72572432549688), (18.889988967170545, 5.7442701482150476), (18.884077120094066, 5.762868728752843), (18.878112511096422, 5.78152006705372), (18.872095140216757, 5.800224163061061), (18.866025007494297, 5.818981016718172), (18.859902112968335, 5.83779062796829), (18.85372645667824, 5.856652996754578), (18.847498038663446, 5.875568123020126), (18.84121685896347, 5.894536006707952), (18.834882917617897, 5.913556647761002), (18.828496214666384, 5.9326300461221475), (18.82205675014866, 5.95175620173419), (18.81556452410453, 5.970935114539856), (18.80901953657387, 5.9901667844818), (18.80242178759663, 6.009451211502604), (18.795771277212822, 6.028788395544778), (18.789068005462543, 6.048178336550759), (18.782311972385962, 6.067621034462911), (18.775503178023317, 6.087116489223525), (18.76864162241492, 6.106664700774821), (18.761727305601156, 6.126265669058944), (18.75476022762248, 6.14591939401797)]",True
1784490070.7420144,0,19.24392115088313,5.429444807783049,0.8000000119209292,88.8754903656511,-0.37518041676635405,18.602681964112374,6.026696631213295,1.1162817186411327,87.36031206287956,0.46514890272966425,-0.6412391867707541,0.5972518234302466,0.3162817067202035,-1.5151783027715453,0.8403293194960183,"[(19.024302627318278, 5.338021721700111), (19.019004952151004, 5.3551892373853685), (19.01365462845519, 5.372409398103099), (19.008251656268854, 5.3896822037990555), (19.002796035630098, 5.407007654418917), (18.997287766577085, 5.424385749908294), (18.991726849148055, 5.44181649021272), (18.98611328338131, 5.459299875277663), (18.980447069315243, 5.476835905048515), (18.974728206988306, 5.494424579470595), (18.96895669643902, 5.512065898489153), (18.963132537705985, 5.529759862049366), (18.95725573082787, 5.547506470096339), (18.951326275843424, 5.565305722575105), (18.945344172791454, 5.583157619430625), (18.939309421710846, 5.601062160607788), (18.933222022640557, 5.619019346051411), (18.92708197561962, 5.63702917570624), (18.92088928068713, 5.655091649516947), (18.91464393788227, 5.673206767428136), (18.908345947244282, 5.691374529384333), (18.90199530881248, 5.709594935329999), (18.895592022626257, 5.727867985209517), (18.889136088725074, 5.746193678967202), (18.882627507148463, 5.764572016547295), (18.876066277936033, 5.783002997893967), (18.869452401127457, 5.801486622951315), (18.862785876762484, 5.820022891663364), (18.856066704880938, 5.83861180397407), (18.849294885522713, 5.857253359827313), (18.842470418727775, 5.875947559166904), (18.835593304536154, 5.894694401936581), (18.82866354298796, 5.91349388808001), (18.82168113412338, 5.9323460175407865), (18.814646077982665, 5.951250790262431), (18.80755837460614, 5.970208206188396), (18.800418024034194, 5.989218265262058), (18.793225026307308, 6.008280967426725), (18.785979381466017, 6.027396312625631), (18.77868108955093, 6.046564300801938), (18.771330150602733, 6.0657849318987385), (18.763926564662185, 6.08505820585905), (18.756470331770117, 6.104384122625819), (18.74896145196743, 6.123762682141922), (18.741399925295084, 6.14319388435016)]",True
1784490070.7891445,0,19.258094926215957,5.436867376039841,0.8000000119209292,88.8754903656511,-0.37518041676635405,18.612893076085292,6.0312088833942195,1.116458523146483,89.23728074380159,0.4477058552286758,-0.6452018501306647,0.5943415073543781,0.3164585112255538,0.36179037815048787,0.8228862719950298,"[(19.044115384230533, 5.348628574838293), (19.037517623753853, 5.365270506269425), (19.030867263791563, 5.3819650342416505), (19.02416430438324, 5.398712158701739), (19.017408745568535, 5.415511879596387), (19.010600587387167, 5.432364196872224), (19.003739829878924, 5.449269110475804), (18.996826473083672, 5.466226620353611), (18.98986051704135, 5.483236726452057), (18.98284196179196, 5.500299428717485), (18.975770807375575, 5.5174147270961615), (18.96864705383235, 5.534582621534287), (18.961470701202504, 5.551803111977986), (18.954241749526332, 5.569076198373315), (18.946960198844195, 5.586401880666257), (18.939626049196526, 5.603780158802724), (18.932239300623834, 5.621211032728557), (18.924799953166698, 5.638694502389526), (18.917308006865763, 5.656230567731327), (18.909763461761756, 5.673819228699587), (18.90216631789546, 5.691460485239862), (18.894516575307748, 5.709154337297633), (18.88681423403955, 5.726900784818314), (18.879059294131878, 5.744699827747244), (18.871251755625806, 5.762551466029692), (18.86339161856249, 5.780455699610856), (18.855478882983142, 5.798412528435862), (18.84751354892906, 5.816421952449764), (18.83949561644161, 5.834483971597544), (18.831425085562223, 5.852598585824116), (18.82330195633241, 5.870765795074318), (18.815126228793748, 5.88898559929292), (18.806897902987888, 5.907257998424618), (18.79861697895655, 5.925582992414038), (18.790283456741527, 5.943960581205736), (18.781897336384684, 5.962390764744192), (18.77345861792796, 5.980873542973818), (18.76496730141336, 5.999408915838954), (18.756423386882965, 6.017996883283869), (18.747826874378926, 6.03663744525276), (18.739177763943463, 6.055330601689751), (18.73047605561887, 6.0740763525388966), (18.72172174944751, 6.092874697744179), (18.712914845471825, 6.11172563724951), (18.704055343734318, 6.130629170998728)]",True
1784490070.8302135,0,19.279217684701738,5.448261414265783,0.8000000119209292,88.8754903656511,-0.37518041676635405,18.65404847225426,6.048576834990125,1.1170855740418706,89.23728074380159,0.4477058552286758,-0.6251692124474779,0.6003154207243417,0.3170855621209414,0.36179037815048787,0.8228862719950298,"[(19.238457068380693, 5.447723682515962), (19.240783347504724, 5.46860742624869), (19.243052503559, 5.489548282735302), (19.245264536588664, 5.510546251878767), (19.247419446638993, 5.5316013335819285), (19.249517233755398, 5.5527135277475), (19.251557897983407, 5.573882834278067), (19.253541439368686, 5.595109253076091), (19.25546785795702, 5.616392784043901), (19.257337153794325, 5.637733427083703), (19.259149326926646, 5.659131182097574), (19.260904377400156, 5.680586048987461), (19.262602305261147, 5.702098027655186), (19.264243110556052, 5.723667118002443), (19.265826793331424, 5.745293319930798), (19.26735335363395, 5.766976633341688), (19.268822791510434, 5.788717058136426), (19.270235107007814, 5.810514594216194), (19.271590300173155, 5.832369241482048), (19.27288837105365, 5.8542809998349155), (19.27412931969662, 5.876249869175598), (19.275313146149514, 5.898275849404768), (19.276439850459905, 5.920358940422971), (19.277509432675497, 5.942499142130624), (19.27852189284412, 5.964696454428019), (19.279477231013736, 5.986950877215316), (19.28037544723243, 6.009262410392551), (19.281216541548417, 6.031631053859631), (19.282000514010036, 6.0540568075163375), (19.28272736466576, 6.076539671262321), (19.283397093564187, 6.099079644997106), (19.284009700754037, 6.1216767286200895), (19.284565186284162, 6.144330922030542), (19.285063550203546, 6.167042225127604), (19.28550479256129, 6.18981063781029), (19.285888913406637, 6.212636159977488), (19.28621591278895, 6.235518791527955), (19.286485790757713, 6.258458532360324), (19.286698547362548, 6.281455382373098), (19.2868541826532, 6.304509341464653), (19.286952696679545, 6.32762040953324), (19.286994089491582, 6.350788586476978), (19.286978361139443, 6.37401387219386), (19.286905511673382, 6.397296266581753), (19.286775541143783, 6.4206357695383955)]",True
1784490070.8877914,0,19.300268121636662,5.459788636789422,0.8000000119209292,88.8754903656511,-0.37518041676635405,18.68507911754254,6.06124947596711,1.1174818623119265,89.23728074380159,0.4477058552286758,-0.6151890040941232,0.6014608391776886,0.3174818503909973,0.36179037815048787,0.8228862719950298,"[(19.244203620789154, 5.450610344294988), (19.244708739194284, 5.470532263131172), (19.245160915666823, 5.4905071176688285), (19.245560150238106, 5.510534907847546), (19.245906442939543, 5.530615633606838), (19.24619979380262, 5.550749294886143), (19.246440202858896, 5.570935891624822), (19.246627670140008, 5.591175423762166), (19.246762195677668, 5.611467891237384), (19.246843779503667, 5.631813293989613), (19.24687242164986, 5.652211631957916), (19.24684812214819, 5.672662905081278), (19.24677088103067, 5.69316711329861), (19.246640698329383, 5.7137242565487485), (19.246457574076498, 5.734334334770453), (19.24622150830425, 5.754997347902408), (19.245932501044955, 5.775713295883223), (19.245590552331002, 5.796482178651433), (19.24519566219486, 5.817303996145497), (19.244747830669066, 5.838178748303798), (19.244247057786236, 5.859106435064644), (19.24369334357906, 5.880087056366269), (19.243086688080307, 5.901120612146829), (19.242427091322817, 5.922207102344408), (19.24171455333951, 5.943346526897012), (19.240949074163375, 5.964538885742574), (19.240130653827478, 5.985784178818948), (19.239259292364967, 6.007082406063916), (19.238334989809058, 6.028433567415185), (19.237357746193045, 6.049837662810384), (19.236327561550297, 6.071294692187068), (19.23524443591426, 6.092804655482717), (19.234108369318456, 6.114367552634737), (19.232919361796476, 6.135983383580455), (19.23167741338199, 6.157652148257125), (19.230382524108748, 6.179373846601926), (19.22903469401057, 6.2011484785519615), (19.22763392312135, 6.222976044044259), (19.22618021147506, 6.2448565430157705), (19.224673559105753, 6.266789975403374), (19.223113966047546, 6.288776341143871), (19.22150143233464, 6.310815640173987), (19.21983595800131, 6.332907872430376), (19.2181175430819, 6.355053037849611), (19.216346187610835, 6.377251136368194)]",False
1784490070.9267232,0,19.321281235256222,5.471383766835074,0.8000000119209292,88.8754903656511,-0.37518041676635405,18.71604272178425,6.074112362333655,1.1178242654813502,89.23728074380159,0.4477058552286758,-0.6052385134719707,0.602728595498581,0.317824253560421,0.36179037815048787,0.8228862719950298,"[(19.243482648401788, 5.45038758700873), (19.24281779974149, 5.469848722267864), (19.242099993612378, 5.489362809308704), (19.24132923004719, 5.508929848071962), (19.24050550907874, 5.528549838498274), (19.239628830739928, 5.548222780528204), (19.238699195063713, 5.5679486741022375), (19.237716602083143, 5.587727519160788), (19.23668105183133, 5.6075593156441945), (19.23559254434146, 5.627444063492719), (19.234451079646806, 5.647381762646551), (19.233256657780707, 5.667372413045802), (19.232009278776573, 5.6874160146305135), (19.2307089426679, 5.707512567340649), (19.229355649488248, 5.727662071116097), (19.22794939927126, 5.747864525896672), (19.22649019205065, 5.768119931622115), (19.22497802786021, 5.788428288232091), (19.2234129067338, 5.80878959566619), (19.221794828705356, 5.829203853863929), (19.220123793808895, 5.849671062764746), (19.218399802078505, 5.87019122230801), (19.216622853548348, 5.890764332433012), (19.21479294825266, 5.911390393078967), (19.212910086225758, 5.932069404185017), (19.210974267502028, 5.952801365690231), (19.208985492115932, 5.9735862775336), (19.206943760102003, 5.994424139654042), (19.204849071494856, 6.0153149519903995), (19.202701426329174, 6.036258714481441), (19.200500824639725, 6.05725542706586), (19.19824726646134, 6.078305089682274), (19.195940751828932, 6.099407702269229), (19.193581280777487, 6.120563264765192), (19.19116885334206, 6.141771777108557), (19.18870346955779, 6.163033239237645), (19.186185129459886, 6.184347651090701), (19.183613833083637, 6.205715012605895), (19.1809895804644, 6.2271353237213205), (19.178312371637602, 6.248608584375), (19.17558220663876, 6.270134794504878), (19.17279908550346, 6.291713954048827), (19.169963008267356, 6.313346062944642), (19.16707397496618, 6.3350311211300445), (19.16413198563574, 6.356769128542682)]",True
1784490070.980076,0,19.328272097004646,5.475273204483857,0.8000000119209292,88.8754903656511,-0.37518041676635405,18.72629487015083,6.078568539831715,1.1179277218844481,89.23728074380159,0.4477058552286758,-0.6019772268538155,0.6032953353478581,0.31792770996351893,0.36179037815048787,0.8228862719950298,"[(19.255291543472026, 5.456851931598013), (19.252462882004153, 5.47543732998314), (19.249581357181523, 5.494075587005139), (19.246646969039492, 5.5127667026066645), (19.243659717613504, 5.531510676730295), (19.24061960293907, 5.550307509318534), (19.237526625051775, 5.569157200313813), (19.234380783987277, 5.58805974965849), (19.23118207978131, 5.607015157294849), (19.22793051246968, 5.6260234231650985), (19.224626082088268, 5.645084547211375), (19.221268788673022, 5.664198529375741), (19.21785863225998, 5.683365369600186), (19.214395612885237, 5.702585067826624), (19.210879730584967, 5.721857623996897), (19.207310985395427, 5.741183038052772), (19.203689377352934, 5.760561309935943), (19.200014906493884, 5.77999243958803), (19.196287572854747, 5.79947642695058), (19.192507376472065, 5.819013271965066), (19.188674317382464, 5.838602974572885), (19.18478839562263, 5.858245534715365), (19.180849611229327, 5.877940952333755), (19.176857964239396, 5.897689227369233), (19.17281345468975, 5.917490359762905), (19.168716082617372, 5.9373443494558), (19.164565848059326, 5.957251196388874), (19.16036275105274, 5.977210900503011), (19.15610679163483, 5.99722346173902), (19.151797969842875, 6.017288880037637), (19.147436285714228, 6.0374071553395225), (19.143021739286315, 6.057578287585265), (19.138554330596644, 6.07780227671538), (19.13403405968279, 6.098079122670306), (19.129460926582404, 6.118408825390411), (19.124834931333208, 6.138791384815987), (19.120156073973, 6.1592268008872555), (19.11542435453965, 6.179715073544362), (19.110639773071103, 6.200256202727377), (19.105802329605382, 6.220850188376299), (19.100912024180577, 6.241497030431053), (19.09596885683485, 6.26219672883149), (19.090972827606446, 6.282949283517387), (19.08592393653368, 6.303754694428447), (19.080822183654934, 6.3246129615043)]",True
1784490071.0299015,0,19.349230758018138,5.486966473756406,0.8000000119209292,88.8754903656511,-0.37518041676635405,18.756912993244104,6.0922635208647575,1.1182094995200151,89.23728074380159,0.4477058552286758,-0.5923177647740339,0.6052970471083512,0.31820948759908596,0.36179037815048787,0.8228862719950298,"[(19.27448137694507, 5.467364180708168), (19.270421719997334, 5.485433752613311), (19.266309359729703, 5.503556023688358), (19.262144296178747, 5.521730993877454), (19.257926529381116, 5.539958663124673), (19.25365605937353, 5.558239031374014), (19.249332886192782, 5.576572098569405), (19.244957009875733, 5.5949578646547), (19.240528430459324, 5.613396329573682), (19.236047147980567, 5.631887493270061), (19.231513162476546, 5.650431355687475), (19.226926473984413, 5.6690279167694895), (19.2222870825414, 5.687677176459595), (19.217594988184803, 5.706379134701214), (19.212850190951993, 5.725133791437692), (19.20805269088042, 5.743941146612305), (19.203202488007605, 5.762801200168255), (19.19829958237113, 5.781713952048673), (19.193343974008663, 5.800679402196615), (19.18833566295794, 5.819697550555068), (19.183274649256767, 5.838768397066943), (19.178160932943022, 5.8578919416750805), (19.172994514054665, 5.8770681843222485), (19.167775392629714, 5.8962971249511416), (19.162503568706274, 5.915578763504382), (19.15717904232251, 5.934913099924521), (19.15180181351667, 5.954300134154035), (19.146371882327063, 5.97373986613533), (19.14088924879208, 5.993232295810738), (19.135353912950187, 6.012777423122518), (19.12976587483991, 6.032375248012859), (19.12412513449986, 6.052025770423876), (19.11843169196871, 6.071728990297612), (19.112685547285217, 6.091484907576036), (19.1068867004882, 6.111293522201046), (19.101035151616554, 6.131154834114467), (19.095130900709247, 6.151068843258052), (19.08917394780532, 6.171035549573482), (19.083164292943888, 6.191054953002363), (19.077101936164137, 6.21112705348623), (19.070986877505327, 6.231251850966547), (19.06481911700678, 6.251429345384704), (19.058598654707907, 6.271659536682018), (19.052325490648183, 6.291942424799734), (19.045999624867157, 6.312278009679025)]",True
1784490071.085142,0,19.37014201702998,5.498744302327201,0.8000000119209292,88.8754903656511,-0.37518041676635405,18.787189035383392,6.106717792620178,1.1184529625815816,89.23728074380159,0.4477058552286758,-0.5829529816465886,0.6079734902929772,0.3184529506606524,0.36179037815048787,0.8228862719950298,"[(19.293960165889356, 5.478147101630571), (19.288952797202526, 5.495807372272479), (19.28389284069989, 5.513520227009346), (19.278780296418976, 5.5312856657864025), (19.273615164397373, 5.549103688548803), (19.268397444672754, 5.566974295241634), (19.26312713728285, 5.584897485809907), (19.257804242265475, 5.602873260198564), (19.252428759658514, 5.620901618352475), (19.247000689499913, 5.638982560216437), (19.2415200318277, 5.657116085735178), (19.235986786679977, 5.675302194853352), (19.230400954094904, 5.693540887515542), (19.224762534110727, 5.7118321636662595), (19.219071526765756, 5.730176023249944), (19.21332793209837, 5.748572466210964), (19.207531750147027, 5.767021492493616), (19.201682980950256, 5.785523102042125), (19.195781624546655, 5.804077294800644), (19.189827680974894, 5.822684070713254), (19.18382115027371, 5.841343429723965), (19.177762032481926, 5.860055371776715), (19.17165032763842, 5.878819896815371), (19.165486035782152, 5.897637004783728), (19.15926915695215, 5.916506695625508), (19.15299969118751, 5.935428969284365), (19.14667763852741, 5.954403825703876), (19.14030299901109, 5.973431264827551), (19.133875772677865, 5.992511286598826), (19.127395959567124, 6.011643890961065), (19.120863559718323, 6.030829077857563), (19.114278573170992, 6.05006684723154), (19.107640999964737, 6.069357199026148), (19.100950840139227, 6.088700133184463), (19.09420809373421, 6.108095649649493), (19.0874127607895, 6.127543748364173), (19.080564841344987, 6.147044429271365), (19.073664335440633, 6.166597692313862), (19.06671124311647, 6.186203537434383), (19.059705564412596, 6.205861964575577), (19.05264729936919, 6.225572973680021), (19.045536448026503, 6.245336564690219), (19.038373010424852, 6.265152737548605), (19.03115698660462, 6.28502149219754), (19.023888376606276, 6.304942828579315)]",True
1784490071.2124746,0,19.37710779530781,5.50267848755061,0.8000000119209292,88.8754903656511,-0.37518041676635405,18.79720155462618,6.111702834197512,1.1185265244375635,89.23728074380159,0.4477058552286758,-0.5799062406816304,0.6090243466469021,0.31852651251663433,0.36179037815048787,0.8228862719950298,"[(19.343048909896893, 5.505489276981994), (19.337661192556475, 5.523034987609424), (19.332220818502968, 5.540633351364758), (19.326727787774573, 5.55828436819316), (19.32118210040956, 5.575988038039719), (19.315583756446262, 5.593744360849452), (19.309932755923096, 5.611553336567306), (19.304229098878547, 5.629414965138156), (19.298472785351176, 5.647329246506802), (19.292663815379605, 5.6652961806179745), (19.28680218900254, 5.683315767416332), (19.280887906258748, 5.701388006846459), (19.27492096718708, 5.71951289885287), (19.26890137182645, 5.737690443380007), (19.262829120215844, 5.755920640372239), (19.256704212394332, 5.774203489773864), (19.250526648401042, 5.792538991529107), (19.24429642827518, 5.810927145582123), (19.23801355205602, 5.829367951876991), (19.23167801978292, 5.847861410357722), (19.225289831495296, 5.866407520968253), (19.21884898723264, 5.885006283652449), (19.212355487034518, 5.903657698354103), (19.20580933094057, 5.922361765016937), (19.199210518990505, 5.9411184835846), (19.19255905122411, 5.959927854000669), (19.185854927681227, 5.978789876208649), (19.179098148401795, 5.997704550151973), (19.172288713425804, 6.016671875774001), (19.165426622793323, 6.035691853018024), (19.1585118765445, 6.054764481827258), (19.15154447471955, 6.073889762144847), (19.144524417358753, 6.093067693913865), (19.137451704502467, 6.112298277077312), (19.130326336191125, 6.131581511578117), (19.123148312465233, 6.150917397359137), (19.11591763336536, 6.1703059343631566), (19.108634298932156, 6.1897471225328875), (19.10129830920634, 6.209240961810972), (19.093909664228697, 6.228787452139977), (19.086468364040094, 6.248386593462399), (19.078974408681464, 6.268038385720664), (19.071427798193817, 6.287742828857123), (19.06382853261823, 6.307499922814056), (19.056176611995856, 6.327309667533672)]",True
1784490071.2375638,0,19.38406231742463,5.506632535552828,0.8000000119209292,88.8754903656511,-0.37518041676635405,18.80718957954993,6.116738405243889,1.1185965884272935,89.23728074380159,0.4477058552286758,-0.5768727378746981,0.6101058696910613,0.3185965765063643,0.36179037815048787,0.8228862719950298,"[(19.349754442947923, 5.509294787174652), (19.344121024347853, 5.526735374141942), (19.3384349563859, 5.544228606991694), (19.332696239100567, 5.561774485669257), (19.326904872530427, 5.579373010119909), (19.321060856714126, 5.597024180288856), (19.315164191690382, 5.614727996121233), (19.309214877497986, 5.6324844575621), (19.3032129141758, 5.650293564556447), (19.297158301762753, 5.668155317049194), (19.29105104029786, 5.686069714985184), (19.284891129820192, 5.704036758309193), (19.2786785703689, 5.722056446965921), (19.272413361983208, 5.7401287809), (19.26609550470241, 5.758253760055987), (19.259724998565872, 5.776431384378368), (19.253301843613027, 5.7946616538115565), (19.246826039883388, 5.812944568299895), (19.24029758741654, 5.831280127787654), (19.23371648625213, 5.849668332219031), (19.227082736429892, 5.868109181538153), (19.22039633798962, 5.886602675689073), (19.213657290971184, 5.905148814615773), (19.206865595414527, 5.923747598262164), (19.200021251359658, 5.942399026572084), (19.193124258846666, 5.961103099489299), (19.18617461791571, 5.979859816957504), (19.179172328607024, 5.99866917892032), (19.172117390960903, 6.017531185321299), (19.16500980501772, 6.036445836103917), (19.15784957081793, 6.055413131211583), (19.150636688402038, 6.074433070587629), (19.14337115781064, 6.093505654175319), (19.1360529790844, 6.112630881917842), (19.12868215226405, 6.131808753758318), (19.121258677390397, 6.151039269639793), (19.113782554504315, 6.170322429505241), (19.106253783646757, 6.189658233297564), (19.098672364858743, 6.2090466809595934), (19.091038298181367, 6.228487772434088), (19.083351583655794, 6.2479815076637335), (19.075612221323265, 6.267527886591146), (19.067820211225087, 6.287126909158866), (19.05997555340264, 6.306778575309366), (19.052078247897384, 6.326482884985044)]",True
1784490071.2809744,0,19.404911832486356,5.518519324102919,0.8000000119209292,88.8754903656511,-0.37518041676635405,18.837010644479616,6.132133834777392,1.1187874172670105,89.23728074380159,0.4477058552286758,-0.5679011880067399,0.6136145106744726,0.3187874053460813,0.36179037815048787,0.8228862719950298,"[(19.369968369420103, 5.520780083250977), (19.363701813577407, 5.5379423945409965), (19.35738262797726, 5.555157332383463), (19.35101081265894, 5.572424896724226), (19.34458636766181, 5.589745087509062), (19.33810929302529, 5.607117904683676), (19.331579588788877, 5.6245433481937015), (19.324997254992137, 5.642021417984701), (19.318362291674717, 5.659552114002163), (19.311674698876327, 5.677135436191506), (19.304934476636753, 5.694771384498075), (19.298141624995854, 5.7124599588671465), (19.291296143993556, 5.730201159243921), (19.28439803366986, 5.747994985573531), (19.27744729406483, 5.765841437801034), (19.270443925218622, 5.7837405158714175), (19.263387927171443, 5.801692219729597), (19.256279299963587, 5.819696549320417), (19.249118043635406, 5.837753504588648), (19.241904158227335, 5.855863085478991), (19.234637643779877, 5.874025291936073), (19.227318500333606, 5.892240123904451), (19.219946727929166, 5.91050758132861), (19.21252232660728, 5.928827664152963), (19.205045296408738, 5.94720037232185), (19.197515637374394, 5.965625705779542), (19.18993334954519, 5.984103664470234), (19.182298432962124, 6.002634248338053), (19.17461088766628, 6.021217457327053), (19.166870713698803, 6.039853291381215), (19.159077911100916, 6.0585417504444505), (19.15123247991391, 6.077282834460598), (19.14333442017915, 6.096076543373424), (19.135383731938077, 6.114922877126622), (19.127380415232192, 6.133821835663817), (19.119324470103077, 6.152773418928559), (19.111215896592384, 6.171777626864329), (19.103054694741836, 6.190834459414533), (19.09484086459323, 6.209943916522508), (19.086574406188433, 6.2291059981315176), (19.078255319569383, 6.248320704184755), (19.06988360477809, 6.267588034625339), (19.06145926185664, 6.28690798939632), (19.052982290847186, 6.306280568440674), (19.044452691791953, 6.325705771701307)]",True
1784490071.3332915,0,19.439630846139845,5.538382687244939,0.8000000119209292,88.8754903656511,-0.37518041676635405,18.88641058195694,6.15839360299068,1.1190495662728912,89.23728074380159,0.4477058552286758,-0.5532202641829045,0.6200109157457412,0.31904955435196203,0.36179037815048787,0.8228862719950298,"[(19.39706561951435, 5.536298637496455), (19.39015002344254, 5.5531682505602165), (19.38318181578066, 5.570090472290951), (19.376160996568796, 5.587065302635014), (19.369087565847106, 5.6040927415386905), (19.361961523655822, 5.6211727889481935), (19.354782870035244, 5.638305444809664), (19.34755160502575, 5.655490709069171), (19.340267728667783, 5.672728581672713), (19.33293124100186, 5.690019062566216), (19.325542142068567, 5.707362151695535), (19.318100431908565, 5.724757849006453), (19.31060611056259, 5.742206154444681), (19.30305917807144, 5.75970706795586), (19.295459634475993, 5.777260589485557), (19.287807479817193, 5.79486671897927), (19.28010271413606, 5.812525456382422), (19.272345337473688, 5.830236801640367), (19.264535349871235, 5.848000754698387), (19.256672751369933, 5.865817315501692), (19.24875754201109, 5.883686483995421), (19.24078972183608, 5.90160826012464), (19.232769290886353, 5.919582643834344), (19.22469624920343, 5.937609635069458), (19.216570596828902, 5.955689233774832), (19.20839233380443, 5.973821439895247), (19.20016146017175, 5.992006253375413), (19.191877975972666, 6.010243674159965), (19.183541881249063, 6.02853370219347), (19.175153176042883, 6.046876337420421), (19.166711860396152, 6.0652715797852395), (19.15821793435096, 6.083719429232278), (19.149671397949476, 6.102219885705813), (19.14107225123393, 6.120772949150054), (19.132420494246634, 6.139378619509136), (19.12371612702997, 6.158036896727123), (19.114959149626383, 6.1767477807480065), (19.1061495620784, 6.195511271515708), (19.097287364428613, 6.214327368974078), (19.08837255671969, 6.233196073066892), (19.079405138994368, 6.252117383737857), (19.070385111295455, 6.271091300930607), (19.061312473665833, 6.290117824588704), (19.052187226148458, 6.309196954655641), (19.04300936878635, 6.3283286910748355)]",True
1784490071.3822777,0,19.46088032802548,5.549534140497528,0.8000000119209292,88.8754903656511,-0.37518041676635405,18.916067361057483,6.174130470135587,1.1191788016751067,89.23728074380159,0.4477058552286758,-0.5448129669679957,0.6245963296380594,0.31917878975417757,0.36179037815048787,0.8228862719950298,"[(19.41746043913905, 5.548079676575057), (19.410170749547525, 5.564778180805247), (19.40282845745592, 5.581529284774814), (19.39543356290479, 5.598332988430402), (19.38798606593476, 5.61518929171858), (19.38048596658653, 5.632098194585848), (19.372933264900873, 5.649059696978634), (19.365327960918627, 5.666073798843294), (19.35767005468071, 5.683140500126112), (19.349959546228106, 5.700259800773303), (19.342196435601874, 5.717431700731007), (19.334380722843143, 5.734656199945294), (19.326512407993107, 5.751933298362164), (19.31859149109304, 5.769262995927542), (19.310617972184293, 5.786645292587284), (19.30259185130827, 5.804080188287175), (19.294513128506463, 5.821567682972926), (19.28638180382043, 5.839107776590178), (19.278197877291795, 5.856700469084501), (19.26996134896227, 5.8743457604013924), (19.261672218873613, 5.892043650486278), (19.253330487067682, 5.909794139284513), (19.244936153586384, 5.927597226741379), (19.236489218471707, 5.945452912802089), (19.227989681765713, 5.963361197411783), (19.219437543510534, 5.981322080515529), (19.210832803748367, 5.999335562058324), (19.202175462521485, 6.017401641985092), (19.193465519872237, 6.035520320240689), (19.184702975843035, 6.053691596769896), (19.17588783047637, 6.071915471517425), (19.1670200838148, 6.090191944427914), (19.15809973590096, 6.10852101544593), (19.14912678677755, 6.126902684515971), (19.140101236487343, 6.14533695158246), (19.13102308507319, 6.163823816589751), (19.121892332578003, 6.182363279482125), (19.112708979044772, 6.200955340203792), (19.103473024516557, 6.21959999869889), (19.09418446903649, 6.238297254911487), (19.084843312647777, 6.257047108785577), (19.075449555393693, 6.275849560265085), (19.06600319731758, 6.294704609293863), (19.056504238462868, 6.31361225581569), (19.046952678873033, 6.332572499774278)]",True
1784490071.437117,0,19.489768431257176,5.563297847181272,0.8000000119209292,88.8754903656511,-0.37518041676635405,18.955801401820555,6.194759688797146,1.119324203004241,89.23728074380159,0.4477058552286758,-0.5339670294366208,0.6314618416158737,0.3193241910833118,0.36179037815048787,0.8228862719950298,"[(19.445083799329314, 5.56330106855565), (19.43743823955898, 5.579777421078224), (19.429740095108624, 5.596306355692891), (19.42198936601923, 5.612887872346681), (19.414186052331836, 5.629521970986548), (19.406330154087566, 5.646208651559377), (19.39842167132761, 5.662947914011981), (19.39046060409323, 5.679739758291102), (19.382446952425763, 5.69658418434341), (19.37438071636661, 5.7134811921155055), (19.366261895957244, 5.730430781553914), (19.35809049123922, 5.7474329526050925), (19.34986650225415, 5.7644877052154255), (19.34158992904373, 5.7815950393312265), (19.333260771649723, 5.798754954898738), (19.324879030113955, 5.815967451864129), (19.31644470447834, 5.8332325301735), (19.307957794784848, 5.850550189772878), (19.299418301075526, 5.86792043060822), (19.290826223392497, 5.88534325262541), (19.282181561777946, 5.902818655770262), (19.27348431627414, 5.920346639988518), (19.26473448692341, 5.937927205225848), (19.25593207376816, 5.955560351427852), (19.247077076850868, 5.973246078540058), (19.238169496214077, 5.990984386507921), (19.229209331900414, 6.008775275276827), (19.220196583952564, 6.02661874479209), (19.21113125241329, 6.044514794998952), (19.202013337325422, 6.062463425842584), (19.192842838731867, 6.080464637268084), (19.1836197566756, 6.098518429220481), (19.17434409119967, 6.116624801644732), (19.1650158423472, 6.1347837544857216), (19.155635010161372, 6.152995287688264), (19.146201594685454, 6.171259401197101), (19.136715595962777, 6.189576094956904), (19.127177014036743, 6.207945368912273), (19.11758584895083, 6.226367223007735), (19.107942100748588, 6.244841657187747), (19.098245769473632, 6.2633686713966945), (19.08849685516965, 6.281948265578892), (19.07869535788041, 6.300580439678582), (19.06884127764974, 6.319265193639934), (19.058934614521544, 6.338002527407049)]",True
1784490071.4887373,0,19.496993467281698,5.566732767030489,0.8000000119209292,88.8754903656511,-0.37518041676635405,18.965702423070926,6.1999809633661815,1.1193563373781255,89.23728074380159,0.4477058552286758,-0.5312910442107714,0.6332481963356926,0.3193563254571963,0.36179037815048787,0.8228862719950298,"[(19.452153083411474, 5.566844396000937), (19.44444623828029, 5.583254644111458), (19.436686813154424, 5.599717469666772), (19.428874808074923, 5.616232872614016), (19.421010223082902, 5.632800852900254), (19.41309305821955, 5.64942141047248), (19.405123313526122, 5.666094545277617), (19.397100989043956, 5.682820257262516), (19.38902608481445, 5.699598546373956), (19.380898600879075, 5.716429412558646), (19.372718537279376, 5.733312855763222), (19.36448589405697, 5.75024887593425), (19.356200671253543, 5.767237473018223), (19.347862868910852, 5.784278646961566), (19.339472487070726, 5.801372397710628), (19.33102952577507, 5.81851872521169), (19.322533985065853, 5.835717629410961), (19.31398586498512, 5.852969110254579), (19.30538516557499, 5.870273167688607), (19.296731886877645, 5.887629801659042), (19.288026028935345, 5.905039012111806), (19.279267591790422, 5.922500798992751), (19.270456575485273, 5.940015162247658), (19.261592980062375, 5.957582101822235), (19.252676805564267, 5.975201617662119), (19.243708052033565, 5.992873709712878), (19.234686719512958, 6.010598377920006), (19.2256128080452, 6.028375622228927), (19.21648631767312, 6.046205442584991), (19.20730724843962, 6.064087838933482), (19.19807560038767, 6.082022811219606), (19.18879137356032, 6.100010359388504), (19.17945456800068, 6.1180504833852405), (19.170065183751937, 6.136143183154812), (19.16062322085735, 6.154288458642141), (19.151128679360244, 6.172486309792082), (19.141581559304022, 6.190736736549415), (19.131981860732154, 6.2090397388588485), (19.122329583688188, 6.227395316665023), (19.11262472821573, 6.245803469912504), (19.102867294358475, 6.2642641985457885), (19.093057282160174, 6.2827775025093), (19.08319469166466, 6.301343381747391), (19.073279522915826, 6.319961836204344), (19.063311775957647, 6.338632865824368)]",True
1784490071.5321438,0,19.511449693644444,5.573589662145653,0.8000000119209292,90.07688570316125,-0.39082644789607107,18.98545942627695,6.210510376317006,1.1194160948133594,89.23728074380159,0.4477058552286758,-0.5259902673674937,0.6369207141713531,0.3194160828924302,-0.8396049593596615,0.8385323031247469,"[(19.466447546671894, 5.573662557206839), (19.458642235717512, 5.58993410980939), (19.450784349843044, 5.606258234852236), (19.44287388908965, 5.622634932282718), (19.43491085349857, 5.639064202048108), (19.42689524311111, 5.6555460440956065), (19.418827057968652, 5.672080458372341), (19.41070629811264, 5.688667444825371), (19.402532963584594, 5.70530700340168), (19.39430705442611, 5.721999134048185), (19.38602857067885, 5.738743836711729), (19.37769751238455, 5.755541111339083), (19.369313879585015, 5.772390957876948), (19.360877672322122, 5.789293376271954), (19.352388890637823, 5.8062483664706575), (19.343847534574135, 5.823255928419546), (19.335253604173154, 5.840316062065036), (19.32660709947704, 5.85742876735347), (19.31790802052803, 5.874594044231121), (19.309156367368427, 5.891811892644191), (19.300352140040612, 5.909082312538809), (19.29149533858703, 5.926405303861034), (19.282585963050206, 5.943780866556853), (19.273624013472727, 5.9612090005721825), (19.264609489897257, 5.978689705852866), (19.255542392366532, 5.996222982344678), (19.246422720923352, 6.0138088299933194), (19.2372504756106, 6.031447248744421), (19.228025656471218, 6.0491382385435415), (19.218748263548232, 6.06688179933617), (19.209418296884728, 6.084677931067723), (19.200035756523867, 6.102526633683544), (19.190600642508887, 6.120427907128908), (19.18111295488309, 6.1383817513490175), (19.171572693689853, 6.156388166289003), (19.161979858972625, 6.174447151893925), (19.152334450774923, 6.192558708108772), (19.142636469140335, 6.21072283487846), (19.132885914112528, 6.228939532147836), (19.12308278573523, 6.247208799861673), (19.11322708405225, 6.265530637964676), (19.103318809107463, 6.283905046401475), (19.093357960944815, 6.302332025116632), (19.08334453960832, 6.320811574054635), (19.07327854514207, 6.339343693159901)]",True
1784490071.5784645,0,19.518686452885266,5.576999822110055,0.8000000119209292,90.07688570316125,-0.39082644789607107,18.995332959272805,6.215785364189285,1.1194438597317202,89.23728074380159,0.4477058552286758,-0.5233534936124613,0.6387855420792299,0.31944384781079105,-0.8396049593596615,0.8385323031247469,"[(19.473640864581913, 5.576995671893337), (19.465794618845212, 5.593199114557787), (19.457895799003044, 5.6094551288798185), (19.44994440509663, 5.625763714806868), (19.441940437167265, 5.642124872286299), (19.433883895256304, 5.658538601265405), (19.425774779405184, 5.675004901691406), (19.41761308965541, 5.691523773511454), (19.409398826048562, 5.708095216672627), (19.401131988626283, 5.724719231121931), (19.392812577430295, 5.741395816806303), (19.384440592502386, 5.758124973672609), (19.37601603388442, 5.77490670166764), (19.367538901618328, 5.79174100073812), (19.359009195746115, 5.808627870830698), (19.350426916309857, 5.825567311891954), (19.341792063351704, 5.842559323868397), (19.333104636913873, 5.859603906706462), (19.324364637038652, 5.876701060352515), (19.315572063768407, 5.893850784752849), (19.306726917145568, 5.911053079853688), (19.29782919721264, 5.9283079456011825), (19.288878904012194, 5.945615381941413), (19.27987603758688, 5.962975388820388), (19.27082059797942, 5.980387966184043), (19.261712585232598, 5.9978531139782465), (19.252551999389276, 6.0153708321487915), (19.243338840492388, 6.032941120641401), (19.234073108584933, 6.050563979401727), (19.22475480370999, 6.068239408375351), (19.2153839259107, 6.0859674075077805), (19.205960475230288, 6.103747976744455), (19.19648445171204, 6.1215811160307405), (19.18695585539931, 6.139466825311932), (19.17737468633554, 6.157405104533253), (19.167740944564226, 6.175395953639856), (19.158054630128948, 6.193439372576822), (19.148315743073347, 6.211535361289163), (19.13852428344114, 6.229683919721814), (19.12868025127612, 6.247885047819644), (19.118783646622138, 6.266138745527449), (19.10883446952313, 6.284445012789953), (19.098832720023104, 6.302803849551808), (19.088778398166124, 6.321215255757598), (19.078671503996343, 6.339679231351831)]",True
1784490071.6337972,0,19.52591298221473,5.580431593505097,0.8000000119209292,90.07688570316125,-0.39082644789607107,19.005227950946345,6.221020567213182,1.119470304428213,89.23728074380159,0.4477058552286758,-0.5206850312683855,0.640588973708085,0.31947029250728387,-0.8396049593596615,0.8385323031247469,"[(19.480837853185086, 5.580332431336059), (19.472953347191662, 5.59647249152288), (19.465016266099607, 5.612665124389914), (19.457026609950198, 5.628910329884677), (19.448984378784782, 5.64520810795461), (19.440889572644785, 5.661558458547084), (19.432742191571695, 5.6779613816094), (19.424542235607074, 5.694416877088785), (19.416289704792558, 5.710924944932397), (19.40798459916985, 5.7274855850873205), (19.399626918780733, 5.744098797500571), (19.391216663667052, 5.760764582119091), (19.382753833870723, 5.777482938889752), (19.374238429433742, 5.7942538677593545), (19.365670450398174, 5.811077368674628), (19.35704989680615, 5.8279534415822285), (19.348376768699875, 5.844882086428743), (19.33965106612163, 5.861863303160688), (19.330872789113755, 5.878897091724505), (19.322041937718673, 5.895983452066567), (19.313158511978877, 5.913122384133174), (19.304222511936928, 5.930313887870556), (19.29523393763546, 5.947557963224871), (19.286192789117177, 5.964854610142206), (19.277099066424853, 5.982203828568576), (19.26795276960134, 5.999605618449925), (19.25875389868955, 6.017059979732126), (19.249502453732482, 6.03456691236098), (19.240198434773195, 6.052126416282218), (19.230841841854822, 6.069738491441497), (19.221432675020566, 6.087403137784405), (19.2119709343137, 6.105120355256458), (19.202456619777582, 6.122890143803101), (19.19288973145562, 6.1407125033697065), (19.183270269391304, 6.158587433901576), (19.1735982336282, 6.17651493534394), (19.16387362420994, 6.194495007641959), (19.15409644118023, 6.21252765074072), (19.14426668458284, 6.230612864585239), (19.13438435446162, 6.248750649120462), (19.124449450860485, 6.266941004291261), (19.114461973823428, 6.2851839300424395), (19.10442192339451, 6.303479426318729), (19.09432929961786, 6.321827493064789), (19.084184102537684, 6.340228130225207)]",True
1784490071.78238,0,19.61925699895991,5.626282660981326,0.8000000119209292,90.07688570316125,-0.39082644789607107,19.135444651153282,6.285998177634551,1.1197188284943465,89.23728074380159,0.4477058552286758,-0.4838123478066265,0.6597155166532245,0.3197188165734173,-0.8396049593596615,0.8385323031247469,"[(19.5096118545575, 5.593807956291246), (19.501595153845297, 5.609741023330313), (19.493525872865373, 5.625726668316554), (19.48540401165922, 5.641764891197726), (19.477229570268396, 5.657855691921512), (19.46900254873453, 5.673999070435526), (19.460722947099324, 5.69019502668731), (19.452390765404555, 5.7064435606243356), (19.444006003692067, 5.7227446721940005), (19.435568662003774, 5.7390983613436335), (19.427078740381667, 5.75550462802049), (19.4185362388678, 5.771963472171755), (19.40994115750431, 5.788474893744543), (19.401293496333395, 5.805038892685896), (19.39259325539733, 5.821655468942783), (19.383840434738456, 5.838324622462105), (19.375035034399193, 5.855046353190689), (19.36617705442203, 5.871820661075291), (19.357266494849526, 5.888647546062597), (19.34830335572431, 5.905527008099219), (19.339287637089082, 5.922459047131701), (19.330219338986616, 5.9394436631065135), (19.32109846145976, 5.956480855970055), (19.31192500455143, 5.973570625668653), (19.30269896830461, 5.9907129721485655), (19.293420352762364, 6.007907895355976), (19.28408915796782, 6.025155395236999), (19.27470538396418, 6.042455471737678), (19.265269030794716, 6.059808124803981), (19.255780098502775, 6.07721335438181), (19.246238587131774, 6.094671160416991), (19.2366444967252, 6.112181542855282), (19.226997827326613, 6.129744501642368), (19.217298578979637, 6.147360036723862), (19.207546751727982, 6.165028148045307), (19.197742345615417, 6.182748835552174), (19.18788536068579, 6.200522099189863), (19.177975796983016, 6.218347938903701), (19.16801365455108, 6.236226354638945), (19.15799893343404, 6.254157346340781), (19.14793163367603, 6.272140913954322), (19.137811755321252, 6.290177057424612), (19.12763929841398, 6.3082657766966195), (19.117414262998555, 6.326407071715246), (19.107136649119397, 6.344600942425319)]",True
1784490071.8255405,0,19.654837452329176,5.644558867048134,0.8000000119209292,90.07688570316125,-0.39082644789607107,19.185758034425046,6.310557435457469,1.119779615926701,89.23728074380159,0.4477058552286758,-0.46907941790412977,0.6659985684093357,0.3197796040057719,-0.8396049593596615,0.8385323031247469,"[(19.53823890907071, 5.607710206447161), (19.530107373473136, 5.623513517953946), (19.5219232483187, 5.639369416766845), (19.51368653364909, 5.6552779028337365), (19.50539722950606, 5.671238976102427), (19.49705533593144, 5.687252636520654), (19.48866085296713, 5.703318884036082), (19.480213780655106, 5.719437718596305), (19.471714119037415, 5.735609140148845), (19.463161868156167, 5.7518331486411505), (19.454557028053546, 5.7681097440206015), (19.445899598771817, 5.784438926234506), (19.43718958035331, 5.800820695230098), (19.42842697284042, 5.817255050954544), (19.419611776275627, 5.833741993354935), (19.41074399070147, 5.850281522378293), (19.40182361616057, 5.866873637971568), (19.39285065269561, 5.883518340081638), (19.383825100349352, 5.90021562865531), (19.374746959164625, 5.91696550363932), (19.365616229184333, 5.93376796498033), (19.35643291045145, 5.950623012624933), (19.34719700300902, 5.967530646519651), (19.337908506900153, 5.984490866610932), (19.328567422168042, 6.001503672845155), (19.319173748855953, 6.018569065168625), (19.30972748700721, 6.035687043527578), (19.30022863666521, 6.052857607868177), (19.29067719787344, 6.070080758136513), (19.281073170675437, 6.087356494278606), (19.271416555114826, 6.104684816240407), (19.261707351235287, 6.122065723967792), (19.251945559080585, 6.139499217406566), (19.24213117869455, 6.156985296502465), (19.232264210121084, 6.17452396120115), (19.222344653404164, 6.192115211448215), (19.212372508587837, 6.209759047189177), (19.20234777571622, 6.227455468369485), (19.192270454833498, 6.245204474934517), (19.182140545983934, 6.263006066829577), (19.171958049211863, 6.2808602439999), (19.161722964561687, 6.298767006390647), (19.15143529207788, 6.31672635394691), (19.14109503180499, 6.334738286613708), (19.130702183787637, 6.352802804335988)]",True
1784490071.8771176,0,19.690830541511005,5.662006183503089,0.8000000119209292,90.07688570316125,-0.39082644789607107,19.23596294489307,6.335343310247257,1.119827261738394,89.23728074380159,0.4477058552286758,-0.45486759661793386,0.6733371267441681,0.3198272498174648,-0.8396049593596615,0.8385323031247469,"[(19.604818230161083, 5.640067783803626), (19.59788322564057, 5.656285157936449), (19.590895476570772, 5.672555273869309), (19.58385498299225, 5.688878131548862), (19.57676174494563, 5.705253730921696), (19.569615762471624, 5.721682071934324), (19.562417035611006, 5.7381631545331855), (19.555165564404625, 5.754696978664651), (19.547861348893402, 5.771283544275014), (19.540504389118333, 5.7879228513104986), (19.533094685120485, 5.804614899717254), (19.525632236940996, 5.821359689441359), (19.518117044621082, 5.838157220428819), (19.510549108202028, 5.855007492625566), (19.50292842772519, 5.87191050597746), (19.495255003232, 5.888866260430287), (19.487528834763957, 5.905874755929764), (19.47974992236264, 5.922935992421532), (19.471918266069697, 5.940049969851161), (19.46403386592685, 5.957216688164148), (19.456096721975893, 5.974436147305917), (19.448106834258688, 5.991708347221819), (19.440064202817176, 6.009033287857134), (19.431968827693368, 6.026410969157069), (19.423820708929348, 6.043841391066756), (19.415619846567274, 6.061324553531258), (19.407366240649374, 6.078860456495564), (19.399059891217945, 6.096449099904588), (19.39070079831537, 6.114090483703175), (19.382288961984088, 6.131784607836096), (19.373824382266626, 6.149531472248048), (19.365307059205573, 6.1673310768836584), (19.356736992843594, 6.18518342168748), (19.348114183223426, 6.203088506603992), (19.33943863038788, 6.221046331577603), (19.330710334379837, 6.239056896552649), (19.321929295242256, 6.257120201473391), (19.313095513018162, 6.27523624628402), (19.304208987750656, 6.293405030928654), (19.29526971948291, 6.311626555351337), (19.28627770825817, 6.329900819496041), (19.277232954119754, 6.348227823306667), (19.268135457111057, 6.3666075667270405), (19.25898521727554, 6.385040049700917), (19.24978223465674, 6.403525272171978)]",True
1784490071.926705,0,19.74148623758808,5.68587974102708,0.8000000119209292,90.07688570316125,-0.39082644789607107,19.30684518804761,6.368813008869757,1.1198771772051415,89.23728074380159,0.4477058552286758,-0.43464104954047045,0.6829332678426772,0.3198771652842123,-0.8396049593596615,0.8385323031247469,"[(19.677700015179905, 5.676811516659032), (19.672029662348578, 5.6938014258268925), (19.666306435199708, 5.710844205885475), (19.66053033377307, 5.7279398567790345), (19.65470135810851, 5.7450883784517535), (19.648819508245953, 5.7622897708477385), (19.64288478422539, 5.779544033911023), (19.636897186086895, 5.796851167585564), (19.63085671387061, 5.814211171815246), (19.624763367616758, 5.831624046543877), (19.618617147365633, 5.849089791715191), (19.612418053157608, 5.866608407272849), (19.606166085033124, 5.884179893160434), (19.5998612430327, 5.901804249321458), (19.593503527196926, 5.919481475699357), (19.587092937566474, 5.937211572237491), (19.580629474182086, 5.9549945388791485), (19.574113137084577, 5.972830375567541), (19.567543926314837, 5.990719082245806), (19.560921841913835, 6.008660658857007), (19.554246883922612, 6.026655105344132), (19.54751905238228, 6.044702421650096), (19.540738347334035, 6.062802607717738), (19.53390476881913, 6.080955663489822), (19.527018316878912, 6.0991615889090385), (19.520078991554797, 6.117420383918003), (19.513086792888267, 6.135732048459258), (19.506041720920887, 6.154096582475268), (19.498943775694297, 6.172513985908426), (19.491792957250205, 6.19098425870105), (19.4845892656304, 6.209507400795382), (19.477332700876744, 6.22808341213359), (19.47002326303117, 6.246712292657769), (19.46266095213569, 6.265394042309937), (19.455245768232384, 6.284128661032038), (19.447777711363415, 6.302916148765943), (19.44025678157102, 6.321756505453448), (19.4326829788975, 6.3406497310362715), (19.425056303385244, 6.359595825456062), (19.41737675507671, 6.37859478865439), (19.409644334014427, 6.397646620572754), (19.401859040241007, 6.416751321152575), (19.39402087379913, 6.4359088903352015), (19.386129834731545, 6.455119328061907), (19.37818592308109, 6.474382634273891)]",True
1784490071.9909406,0,19.748650607350186,5.689439347067249,0.8000000119209292,90.07688570316125,-0.39082644789607107,19.31706667202812,6.373388360570523,1.119883017655773,89.23728074380159,0.4477058552286758,-0.43158393532206674,0.6839490135032742,0.31988300573484385,-0.8396049593596615,0.8385323031247469,"[(19.677700015179905, 5.676811516659032), (19.672029662348578, 5.6938014258268925), (19.666306435199708, 5.710844205885475), (19.66053033377307, 5.7279398567790345), (19.65470135810851, 5.7450883784517535), (19.648819508245953, 5.7622897708477385), (19.64288478422539, 5.779544033911023), (19.636897186086895, 5.796851167585564), (19.63085671387061, 5.814211171815246), (19.624763367616758, 5.831624046543877), (19.618617147365633, 5.849089791715191), (19.612418053157608, 5.866608407272849), (19.606166085033124, 5.884179893160434), (19.5998612430327, 5.901804249321458), (19.593503527196926, 5.919481475699357), (19.587092937566474, 5.937211572237491), (19.580629474182086, 5.9549945388791485), (19.574113137084577, 5.972830375567541), (19.567543926314837, 5.990719082245806), (19.560921841913835, 6.008660658857007), (19.554246883922612, 6.026655105344132), (19.54751905238228, 6.044702421650096), (19.540738347334035, 6.062802607717738), (19.53390476881913, 6.080955663489822), (19.527018316878912, 6.0991615889090385), (19.520078991554797, 6.117420383918003), (19.513086792888267, 6.135732048459258), (19.506041720920887, 6.154096582475268), (19.498943775694297, 6.172513985908426), (19.491792957250205, 6.19098425870105), (19.4845892656304, 6.209507400795382), (19.477332700876744, 6.22808341213359), (19.47002326303117, 6.246712292657769), (19.46266095213569, 6.265394042309937), (19.455245768232384, 6.284128661032038), (19.447777711363415, 6.302916148765943), (19.44025678157102, 6.321756505453448), (19.4326829788975, 6.3406497310362715), (19.425056303385244, 6.359595825456062), (19.41737675507671, 6.37859478865439), (19.409644334014427, 6.397646620572754), (19.401859040241007, 6.416751321152575), (19.39402087379913, 6.4359088903352015), (19.386129834731545, 6.455119328061907), (19.37818592308109, 6.474382634273891)]",True
1784490072.0621884,0,19.755772064485903,5.693084102772287,0.8000000119209292,90.07688570316125,-0.39082644789607107,19.3272971749998,6.377943703021797,1.119888580392977,89.23728074380159,0.4477058552286758,-0.4284748894861039,0.68485960024951,0.31988856847204783,-0.8396049593596615,0.8385323031247469,"[(19.684113204322895, 5.679849061222776), (19.678208413506752, 5.696710960672633), (19.672250892260713, 5.713625587287089), (19.666240640624153, 5.730592941011593), (19.660177658636513, 5.747613021791525), (19.65406194633731, 5.7646858295721914), (19.647893503766138, 5.781811364298823), (19.641672330962656, 5.7989896259165805), (19.635398427966603, 5.8162206143705495), (19.629071794817783, 5.833504329605744), (19.622692431556082, 5.850840771567104), (19.61626033822146, 5.868229940199498), (19.609775514853936, 5.88567183544772), (19.603237961493615, 5.903166457256491), (19.596647678180677, 5.920713805570459), (19.590004664955362, 5.938313880334201), (19.58330892185799, 5.955966681492218), (19.576560448928962, 5.9736722089889405), (19.569759246208736, 5.991430462768724), (19.562905313737854, 6.009241442775852), (19.555998651556926, 6.027105148954535), (19.549039259706646, 6.04502158124891), (19.542027138227766, 6.062990739603041), (19.534962287161118, 6.081012623960921), (19.527844706547604, 6.099087234266466), (19.520674396428205, 6.117214570463522), (19.513451356843973, 6.1353946324958635), (19.506175587836026, 6.1536274203071875), (19.498847089445565, 6.171912933841121), (19.49146586171386, 6.190251173041217), (19.48403190468225, 6.208642137850956), (19.476545218392157, 6.2270858282137445), (19.469005802885064, 6.245582244072917), (19.461413658202535, 6.264131385371735), (19.453768784386202, 6.282733252053387), (19.446071181477777, 6.301387844060988), (19.438320849519037, 6.32009516133758), (19.43051778855184, 6.338855203826132), (19.42266199861811, 6.35766797146954), (19.414753479759845, 6.3765334642106275), (19.40679223201912, 6.395451681992145), (19.398778255438085, 6.414422624756769), (19.390711550058953, 6.433446292447105), (19.382592115924016, 6.4525226850056825), (19.374419953075645, 6.47165180237496)]",True
1784490072.2204723,0,19.798237199981923,5.715459393393125,0.8000000119209292,90.07688570316125,-0.39082644789607107,19.398534749924707,6.410664407546646,1.1199207773487994,89.23728074380159,0.4477058552286758,-0.39970245005721594,0.6952050141535207,0.3199207654278702,-0.8396049593596615,0.8385323031247469,"[(19.70546696301261, 5.689762126108466), (19.70038928555008, 5.706876119179777), (19.695259118942403, 5.7240425978630265), (19.690076463227054, 5.741261562104383), (19.684841318441592, 5.758533011849946), (19.679553684623638, 5.7758569470457415), (19.67421356181089, 5.7932333676377255), (19.668820950041116, 5.810662273571782), (19.663375849352153, 5.828143664793725), (19.657878259781913, 5.845677541249295), (19.652328181368375, 5.863263902884165), (19.64672561414959, 5.880902749643932), (19.64107055816369, 5.8985940814741245), (19.63536301344886, 5.9163378983202), (19.62960298004337, 5.934134200127543), (19.623790457985557, 5.951982986841469), (19.61792544731383, 5.9698842584072205), (19.61200794806667, 5.987838014769969), (19.606037960282627, 6.005844255874816), (19.600015484000323, 6.02390298166679), (19.593940519258453, 6.042014192090849), (19.587813066095787, 6.060177887091879), (19.581633124551157, 6.078394066614697), (19.575400694663468, 6.096662730604046), (19.569115776471705, 6.114983879004599), (19.56277837001491, 6.133357511760958), (19.556388475332213, 6.151783628817653), (19.5499460924628, 6.170262230119143), (19.54345122144594, 6.188793315609817), (19.536903862320973, 6.20737688523399), (19.530304015127292, 6.2260129389359085), (19.523651679904386, 6.2447014766597455), (19.516946856691803, 6.263442498349605), (19.51018954552916, 6.282236003949517), (19.503379746456147, 6.301081993403444), (19.496517459512532, 6.319980466655273), (19.48960268473815, 6.338931423648822), (19.482635422172905, 6.357934864327839), (19.475615671856772, 6.3769907886359976), (19.4685434338298, 6.396099196516903), (19.46141870813211, 6.415260087914087), (19.45424149480389, 6.4344734627710105), (19.44701179388541, 6.4537393210310645), (19.439729605416993, 6.473057662637568), (19.43239492943905, 6.492428487533768)]",True
1784490072.238559,0,19.882164753107563,5.762058549447375,0.8000000119209292,90.07688570316125,-0.39082644789607107,19.510458308417306,6.462139083532993,1.119953645181327,90.2987223748672,0.39897871593904394,-0.3717064446902576,0.7000805340856173,0.31995363326039783,0.2218366717059439,0.789805163835115,"[(19.784123992725476, 5.729306383945131), (19.77793479885309, 5.746021239170815), (19.771692916512936, 5.762788779744609), (19.765398345744536, 5.779609005612505), (19.75905108658748, 5.796481916720424), (19.752651139081426, 5.813407513014214), (19.746198503266115, 5.8303857944396515), (19.73969317918135, 5.84741676094244), (19.733135166867015, 5.864500412468209), (19.72652446636306, 5.881636748962518), (19.71986107770951, 5.898825770370853), (19.713145000946465, 5.916067476638626), (19.706376236114092, 5.933361867711179), (19.699554783252637, 5.95070894353378), (19.69268064240241, 5.968108704051623), (19.685753813603807, 5.9855611492098335), (19.678774296897277, 6.003066278953462), (19.671742092323363, 6.020624093227486), (19.66465719992267, 6.038234591976812), (19.657519619735865, 6.055897775146272), (19.65032935180371, 6.073613642680629), (19.643086396167018, 6.091382194524569), (19.63579075286669, 6.109203430622709), (19.628442421943696, 6.127077350919592), (19.621041403439072, 6.145003955359689), (19.613587697393935, 6.162983243887398), (19.606081303849464, 6.181015216447045), (19.59852222284692, 6.199099872982883), (19.590910454427636, 6.217237213439093), (19.583245998633014, 6.235427237759783), (19.575528855504526, 6.253669945888989), (19.567759025083724, 6.271965337770674), (19.559936507412225, 6.29031341334873), (19.552061302531722, 6.308714172566973), (19.544133410483983, 6.327167615369151), (19.536152831310847, 6.345673741698937), (19.52811956505422, 6.36423255149993), (19.520033611756087, 6.382844044715659), (19.511894971458506, 6.401508221289581), (19.5037036442036, 6.4202250811650785), (19.495459630033572, 6.4389946242854625), (19.487162928990696, 6.4578168505939715), (19.478813541117315, 6.476691760033771), (19.47041146645585, 6.495619352547954), (19.461956705048788, 6.514599628079542)]",True
1784490072.2832708,0,19.91088472196448,5.776159088180664,0.8000000119209292,90.07688570316125,-0.39082644789607107,19.56111000386438,6.486016859393443,1.1199636676495146,90.2987223748672,0.39897871593904394,-0.3497747181001003,0.7098577712127785,0.3199636557285854,0.2218366717059439,0.789805163835115,"[(19.797933609428586, 5.736773503133045), (19.792048605706334, 5.75363745682716), (19.786111009310435, 5.770553999957715), (19.78012082027972, 5.7875231324708745), (19.77407803865308, 5.804544854312732), (19.767982664469496, 5.821619165429308), (19.761834697768002, 5.838746065766552), (19.755634138587716, 5.855925555270343), (19.749380986967825, 5.8731576338864855), (19.743075242947583, 5.890442301560714), (19.736716906566325, 5.9077795582386905), (19.73030597786345, 5.925169403866005), (19.72384245687843, 5.942611838388176), (19.717326343650814, 5.96010686175065), (19.71075763822022, 5.977654473898802), (19.70413634062633, 5.995254674777935), (19.697462450908915, 6.012907464333279), (19.690735969107802, 6.030612842509993), (19.683956895262902, 6.048370809253164), (19.677125229414184, 6.066181364507809), (19.670240971601704, 6.08404450821887), (19.663304121865576, 6.101960240331218), (19.656314680245995, 6.119928560789654), (19.649272646783224, 6.1379494695389045), (19.6421780215176, 6.156022966523627), (19.63503080448954, 6.1741490516884046), (19.62783099573951, 6.1923277249777495), (19.62057859530807, 6.210558986336102), (19.613273603235847, 6.228842835707832), (19.605916019563526, 6.247179273037235), (19.598505844331882, 6.265568298268535), (19.59104307758175, 6.284009911345887), (19.58352771935405, 6.30250411221337), (19.575959769689753, 6.321050900814995), (19.56833922862992, 6.339650277094697), (19.56066609621568, 6.358302240996344), (19.55294037248823, 6.377006792463728), (19.545162057488838, 6.395763931440571), (19.53733115125885, 6.414573657870524), (19.52944765383968, 6.433435971697164), (19.52151156527281, 6.452350872863997), (19.513522885599805, 6.471318361314458), (19.50548161486229, 6.490338436991908), (19.497387753101968, 6.509411099839639), (19.489241300360618, 6.528536349800869)]",True
1784490072.327317,0,19.955122433539522,5.794775846546259,0.8000000119209292,90.07688570316125,-0.39082644789607107,19.611636286836653,6.510160333760336,1.1199715233626688,90.2987223748672,0.39897871593904394,-0.3434861467028689,0.7153844872140764,0.31997151144173963,0.2218366717059439,0.789805163835115,"[(19.826344861800017, 5.752759068011273), (19.820356153726326, 5.769686498962401), (19.81431475078271, 5.786666621541175), (19.808220653008412, 5.803699435693285), (19.802073860442757, 5.82078494136435), (19.79587437312514, 5.837923138499915), (19.789622191095027, 5.855114027045453), (19.783317314391955, 5.872357606946366), (19.776959743055535, 5.889653878147982), (19.77054947712545, 5.907002840595556), (19.76408651664146, 5.924404494234271), (19.75757086164339, 5.941858839009239), (19.751002512171144, 5.9593658748654965), (19.744381468264695, 5.97692560174801), (19.73770772996409, 5.994538019601672), (19.730981297309448, 6.012203128371303), (19.72420217034096, 6.029920928001652), (19.717370349098893, 6.0476914184373936), (19.71048583362358, 6.065514599623131), (19.70354862395543, 6.083390471503395), (19.69655872013493, 6.1013190340226435), (19.689516122202633, 6.119300287125261), (19.68242083019916, 6.137334230755561), (19.675272844165214, 6.155420864857785), (19.668072164141567, 6.173560189376099), (19.660818790169063, 6.191752204254599), (19.653512722288617, 6.209996909437308), (19.646153960541223, 6.228294304868176), (19.638742504967944, 6.246644390491081), (19.63127835560991, 6.265047166249829), (19.62376151250833, 6.283502632088152), (19.616191975704485, 6.30201078794971), (19.608569745239723, 6.320571633778091), (19.60089482115547, 6.339185169516809), (19.593167203493227, 6.357851395109308), (19.58538689229456, 6.376570310498958), (19.577553887601113, 6.395341915629057), (19.5696681894546, 6.414166210442829), (19.56172979789681, 6.433043194883427), (19.5537387129696, 6.4519728688939315), (19.545694934714906, 6.470955232417349), (19.53759846317473, 6.489990285396616), (19.529449298391153, 6.509078027774594), (19.52124744040632, 6.528218459494073), (19.51299288926246, 6.54741158049777)]",True
1784490072.375652,0,19.985114674209044,5.805931591586502,0.8000000119209292,90.07688570316125,-0.39082644789607107,19.65200332372552,6.5295883283829586,1.1199765662494758,90.2987223748672,0.39897871593904394,-0.3331113504835237,0.7236567367964568,0.31997655432854666,0.2218366717059439,0.789805163835115,"[(19.839170612698453, 5.760250688033276), (19.832136935438374, 5.776775053016792), (19.825050568368646, 5.793352104997578), (19.81791151152994, 5.8099818439219), (19.810719764963004, 5.826664269735947), (19.80347532870866, 5.84339938238584), (19.7961782028078, 5.860187181817625), (19.78882838730138, 5.877027667977275), (19.78142588223044, 5.893920840810693), (19.77397068763609, 5.910866700263706), (19.766462803559513, 5.927865246282072), (19.758902230041958, 5.944916478811474), (19.751288967124754, 5.962020397797525), (19.743623014849298, 5.979177003185763), (19.735904373257064, 5.996386294921654), (19.728133042389594, 6.013648272950594), (19.7203090222885, 6.030962937217902), (19.712432312995475, 6.048330287668829), (19.70450291455228, 6.065750324248551), (19.696520827000747, 6.083223046902172), (19.688486050382785, 6.100748455574724), (19.68039858474037, 6.118326550211165), (19.672258430115555, 6.1359573307563835), (19.66406558655046, 6.153640797155192), (19.655820054087286, 6.171376949352332), (19.647521832768298, 6.189165787292474), (19.63917092263584, 6.207007310920213), (19.63076732373233, 6.224901520180074), (19.622311036100246, 6.242848415016509), (19.61380205978215, 6.260847995373896), (19.605240394820672, 6.278900261196544), (19.596626041258517, 6.297005212428685), (19.58795899913846, 6.315162849014481), (19.579239268503354, 6.333373170898022), (19.570466849396112, 6.351636178023324), (19.561641741859734, 6.369951870334332), (19.552763945937286, 6.388320247774917), (19.543833461671905, 6.406741310288879), (19.534850289106803, 6.425215057819944), (19.525814428285262, 6.4437414903117665), (19.516725879250643, 6.4623206077079285), (19.50758464204637, 6.480952409951939), (19.498390716715942, 6.499636896987235), (19.489144103302937, 6.518374068757181), (19.479844801851, 6.537163925205069)]",True
1784490072.42776,0,20.015206983034094,5.8168148285572725,0.8000000119209292,90.07688570316125,-0.39082644789607107,19.70258223237989,6.5536211685474015,1.119981633417347,90.2987223748672,0.39897871593904394,-0.31262475065420503,0.736806339990129,0.31998162149641773,0.2218366717059439,0.789805163835115,"[(19.859775755449807, 5.771705409257967), (19.852989351848436, 5.788353758393614), (19.84615038403433, 5.805054668841498), (19.839258852047433, 5.821808140548241), (19.83231475592774, 5.838614173460397), (19.825318095715343, 5.855472767524445), (19.818268871450385, 5.872383922686794), (19.811167083173096, 5.88934763889378), (19.804012730923766, 5.906363916091671), (19.79680581474276, 5.923432754226659), (19.789546334670522, 5.940554153244867), (19.782234290747553, 5.9577281130923465), (19.77486968301444, 5.974954633715075), (19.767452511511834, 5.992233715058962), (19.75998277628046, 6.0095653570698415), (19.75246047736111, 6.026949559693479), (19.744885614794658, 6.0443863228755665), (19.73725818862204, 6.061875646561726), (19.729578198884266, 6.079417530697506), (19.72184564562242, 6.0970119752283845), (19.714060528877656, 6.114658980099768), (19.706222848691198, 6.1323585452569915), (19.698332605104344, 6.150110670645318), (19.690389798158463, 6.167915356209938), (19.682394427894998, 6.185772601895972), (19.674346494355454, 6.2036824076484685), (19.666245997581424, 6.221644773412404), (19.658092937614555, 6.239659699132683), (19.64988731449658, 6.257727184754139), (19.641629128269294, 6.275847230221535), (19.63331837897457, 6.29401983547956), (19.62495506665435, 6.312245000472832), (19.616539191350643, 6.3305227251459), (19.608070753105537, 6.348853009443238), (19.599549751961188, 6.367235853309251), (19.590976187959825, 6.385671256688269), (19.58235006114375, 6.404159219524554), (19.573671371555328, 6.422699741762295), (19.564940119237008, 6.441292823345609), (19.556156304231305, 6.459938464218542), (19.5473199265808, 6.478636664325068), (19.53843098632816, 6.497387423609089), (19.529489483516105, 6.516190742014437), (19.52049541818744, 6.535046619484872), (19.511448790385042, 6.55395505596408)]",True
1784490072.480741,0,20.060167473195342,5.833619473928658,0.8000000119209292,90.07688570316125,-0.39082644789607107,19.75337795888291,6.57719433009363,1.1199856051153914,90.2987223748672,0.39897871593904394,-0.30678951431243107,0.7435748561649724,0.3199855931944622,0.2218366717059439,0.789805163835115,"[(19.98749413987074, 5.826775899650263), (19.984262801150322, 5.844262644265873), (19.98097896482596, 5.8618018822867635), (19.97764263093276, 5.879393613658407), (19.97425379950588, 5.897037838326205), (19.970812470580565, 5.914734556235487), (19.967318644192126, 5.932483767331512), (19.96377232037595, 5.950285471559465), (19.96017349916748, 5.968139668864463), (19.956522180602253, 5.986046359191549), (19.952818364715863, 6.004005542485696), (19.94906205154398, 6.022017218691803), (19.945253241122344, 6.0400813877547), (19.941391933486766, 6.058198049619144), (19.937478128673135, 6.076367204229822), (19.933511826717403, 6.0945888515313476), (19.929493027655596, 6.112862991468265), (19.925421731523812, 6.131189623985043), (19.921297938358222, 6.149568749026084), (19.91712164819507, 6.168000366535717), (19.912892861070667, 6.1864844764581965), (19.908611577021396, 6.205021078737709), (19.90427779608372, 6.223610173318368), (19.899891518294158, 6.2422517601442165), (19.895452743689315, 6.260945839159224), (19.89096147230586, 6.279692410307292), (19.886417704180534, 6.298491473532247), (19.88182143935015, 6.317343028777844), (19.8771726778516, 6.336247075987769), (19.872471419721837, 6.355203615105635), (19.86771766499789, 6.374212646074984), (19.862911413716862, 6.393274168839286), (19.858052665915917, 6.412388183341938), (19.8531414216323, 6.431554689526269), (19.848177680903333, 6.450773687335534), (19.843161443766398, 6.470045176712917), (19.83809271025895, 6.489369157601531), (19.83297148041852, 6.508745629944416), (19.827797754282713, 6.528174593684542), (19.822571531889192, 6.547656048764807), (19.81729281327571, 6.567189995128038), (19.811961598480078, 6.586776432716988), (19.806577887540186, 6.606415361474342), (19.801141680493988, 6.6261067813427115), (19.79565297737952, 6.645850692264637)]",True
1784490072.524789,0,20.134164001914556,5.864000000522786,0.8000000119209292,90.07688570316125,-0.39082644789607107,19.856752360025663,6.620233929216979,1.1199911582193693,90.2987223748672,0.39897871593904394,-0.277411641888893,0.7562339286941926,0.31999114629844017,0.2218366717059439,0.789805163835115,"[(19.98749413987074, 5.826775899650263), (19.984262801150322, 5.844262644265873), (19.98097896482596, 5.8618018822867635), (19.97764263093276, 5.879393613658407), (19.97425379950588, 5.897037838326205), (19.970812470580565, 5.914734556235487), (19.967318644192126, 5.932483767331512), (19.96377232037595, 5.950285471559465), (19.96017349916748, 5.968139668864463), (19.956522180602253, 5.986046359191549), (19.952818364715863, 6.004005542485696), (19.94906205154398, 6.022017218691803), (19.945253241122344, 6.0400813877547), (19.941391933486766, 6.058198049619144), (19.937478128673135, 6.076367204229822), (19.933511826717403, 6.0945888515313476), (19.929493027655596, 6.112862991468265), (19.925421731523812, 6.131189623985043), (19.921297938358222, 6.149568749026084), (19.91712164819507, 6.168000366535717), (19.912892861070667, 6.1864844764581965), (19.908611577021396, 6.205021078737709), (19.90427779608372, 6.223610173318368), (19.899891518294158, 6.2422517601442165), (19.895452743689315, 6.260945839159224), (19.89096147230586, 6.279692410307292), (19.886417704180534, 6.298491473532247), (19.88182143935015, 6.317343028777844), (19.8771726778516, 6.336247075987769), (19.872471419721837, 6.355203615105635), (19.86771766499789, 6.374212646074984), (19.862911413716862, 6.393274168839286), (19.858052665915917, 6.412388183341938), (19.8531414216323, 6.431554689526269), (19.848177680903333, 6.450773687335534), (19.843161443766398, 6.470045176712917), (19.83809271025895, 6.489369157601531), (19.83297148041852, 6.508745629944416), (19.827797754282713, 6.528174593684542), (19.822571531889192, 6.547656048764807), (19.81729281327571, 6.567189995128038), (19.811961598480078, 6.586776432716988), (19.806577887540186, 6.606415361474342), (19.801141680493988, 6.6261067813427115), (19.79565297737952, 6.645850692264637)]",True
1784490072.7004688,0,20.14878412438781,5.8704993627023265,0.8000000119209292,90.07688570316125,-0.39082644789607107,19.877630088578048,6.6283501094940735,1.11999197952411,90.2987223748672,0.39897871593904394,-0.2711540358097615,0.757850746791747,0.3199919676031808,0.2218366717059439,0.789805163835115,"[(20.086536206640808, 5.865282670890036), (20.085798782330624, 5.885065274196189), (20.084981782916103, 5.904927429121313), (20.08408520859732, 5.924869135301789), (20.08310905957503, 5.944890392373312), (20.082053336050677, 5.964991199970898), (20.080918038226393, 5.985171557728878), (20.079703166304977, 6.005431465280903), (20.07840872048992, 6.02577092225994), (20.077034700985404, 6.046189928298273), (20.07558110799628, 6.066688483027505), (20.074047941728086, 6.087266586078556), (20.072435202387048, 6.107924237081662), (20.070742890180075, 6.1286614356663796), (20.06897100531475, 6.14947818146158), (20.06711954799935, 6.170374474095455), (20.06518851844283, 6.191350313195511), (20.06317791685483, 6.212405698388574), (20.06108774344567, 6.233540629300786), (20.05891799842635, 6.254755105557609), (20.056668682008564, 6.27604912678382), (20.054339794404683, 6.297422692603515), (20.051931335827756, 6.318875802640107), (20.049443306491522, 6.340408456516326), (20.046875706610397, 6.3620206538542226), (20.044228536399487, 6.383712394275162), (20.041501796074577, 6.405483677399827), (20.038695485852134, 6.427334502848221), (20.035809605949314, 6.449264870239661), (20.03284415658395, 6.471274779192785), (20.029799137974553, 6.493364229325547), (20.026674550340335, 6.515533220255218), (20.02347039390117, 6.53778175159839), (20.020186668877628, 6.560109822970968), (20.01682337549096, 6.582517433988177), (20.0133805139631, 6.605004584264561), (20.009858084516658, 6.62757127341398), (20.006256087374933, 6.650217501049611), (20.00257452276191, 6.672943266783951), (19.998813390902253, 6.6957485702288135), (19.994972692021307, 6.718633410995328), (19.9910524263451, 6.741597788693944), (19.98705259410035, 6.764641702934429), (19.982973195514454, 6.787765153325865), (19.978814230815487, 6.810968139476656)]",True
1784490072.749197,0,20.15603821746244,5.873872427417879,0.8000000119209292,90.07688570316125,-0.39082644789607107,19.888082293207002,6.632373728998532,1.1199923611244746,90.2987223748672,0.39897871593904394,-0.267955924255439,0.7585013015806528,0.31999234920354547,0.2218366717059439,0.789805163835115,"[(20.096802459187078, 5.868036465398917), (20.096759402895604, 5.886700857188681), (20.096659049109267, 5.9054225380904555), (20.09650139787932, 5.924201508010705), (20.09628644925714, 5.943037766855761), (20.096014203294235, 5.961931314531828), (20.09568466004225, 5.980882150944979), (20.09529781955295, 5.9998902760011585), (20.09485368187824, 6.0189556896061776), (20.094352247070155, 6.038078391665721), (20.09379351518085, 6.057258382085341), (20.093177486262615, 6.076495660770462), (20.092504160367877, 6.095790227626376), (20.09177353754918, 6.115142082558246), (20.09098561785921, 6.134551225471106), (20.09014040135078, 6.1540176562698585), (20.089237888076823, 6.173541374859276), (20.088278078090422, 6.193122381144002), (20.087260971444767, 6.212760675028551), (20.086186568193195, 6.2324562564173025), (20.085054868389168, 6.252209125214512), (20.083865872086278, 6.272019281324302), (20.082619579338246, 6.291886724650665), (20.081315990198927, 6.311811455097462), (20.0799551047223, 6.331793472568429), (20.078536922962478, 6.351832776967167), (20.077061444973705, 6.371929368197148), (20.07552867081035, 6.392083246161716), (20.07393860052692, 6.412294410764083), (20.07229123417804, 6.432562861907332), (20.070586571818477, 6.452888599494416), (20.068824613503125, 6.473271623428156), (20.067005359287005, 6.493711933611245), (20.06512880922527, 6.514209529946247), (20.06319496337321, 6.534764412335593), (20.061203821786226, 6.555376580681587), (20.05915538451987, 6.5760460348864), (20.05704965162981, 6.5967727748520755), (20.05488662317185, 6.617556800480525), (20.052666299201924, 6.638398111673531), (20.050388679776095, 6.659296708332747), (20.04805376495056, 6.680252590359693), (20.04566155478164, 6.701265757655763), (20.043212049325785, 6.7223362101222195), (20.040705248639583, 6.743463947660194)]",True
1784490072.7818558,0,20.16327762067645,5.877276960678844,0.8000000119209292,90.07688570316125,-0.39082644789607107,19.89853857233227,6.636386756870233,1.1199927245797419,90.2987223748672,0.39897871593904394,-0.26473904834417894,0.7591097961913889,0.3199927126588127,0.2218366717059439,0.789805163835115,"[(20.10391308157836, 5.8707945358781775), (20.103463303060735, 5.889093615279995), (20.102960142315954, 5.907446071151791), (20.102403599378874, 5.925851903431628), (20.101793674284426, 5.944311112057484), (20.10113036706763, 5.962823696967258), (20.10041367776358, 5.981389658098769), (20.099643606407454, 6.000008995389754), (20.098820153034513, 6.0186817087778675), (20.097943317680098, 6.037407798200686), (20.097013100379627, 6.056187263595703), (20.096029501168605, 6.075020104900331), (20.094992520082613, 6.093906322051904), (20.093902157157316, 6.1128459149876715), (20.09275841242846, 6.131838883644804), (20.091561285931867, 6.150885227960391), (20.09031077770345, 6.16998494787144), (20.0890068877792, 6.1891380433148795), (20.087649616195176, 6.208344514227555), (20.086238962987533, 6.227604360546232), (20.084774928192502, 6.246917582207596), (20.083257511846394, 6.266284179148249), (20.0816867139856, 6.2857041513047145), (20.0800625346466, 6.305177498613434), (20.078384973865948, 6.324704221010767), (20.076654031680278, 6.344284318432994), (20.074869708126307, 6.363917790816314), (20.073032003240833, 6.383604638096843), (20.071140917060735, 6.40334486021062), (20.069196449622975, 6.423138457093599), (20.067198600964588, 6.442985428681656), (20.065147371122702, 6.462885774910584), (20.063042760134515, 6.482839495716095), (20.060884768037315, 6.502846591033823), (20.058673394868467, 6.522907060799318), (20.056408640665417, 6.543020904948049), (20.05409050546569, 6.563188123415407), (20.051718989306895, 6.583408716136699), (20.04929409222672, 6.603682683047151), (20.046815814262935, 6.624010024081912), (20.04428415545339, 6.644390739176044), (20.04169911583602, 6.664824828264534), (20.039060695448836, 6.685312291282282), (20.03636889432993, 6.705853128164113), (20.03362371251748, 6.7264473388447685)]",True
1784490072.9028177,0,20.170497223202172,5.880723280396406,0.8000000119209292,90.07688570316125,-0.39082644789607107,19.90900925302302,6.64036206580578,1.1199930707527113,90.2987223748672,0.39897871593904394,-0.2614879701791537,0.7596387854093738,0.3199930588317821,0.2218366717059439,0.789805163835115,"[(20.10336968162041, 5.8706578618119325), (20.10184254708651, 5.888589533206477), (20.1002623292146, 5.906574282870774), (20.098629028039444, 5.924612110746352), (20.096942643595874, 5.942703016774664), (20.095203175918808, 5.960847000897085), (20.09341062504323, 5.979044063054914), (20.09156499100421, 5.997294203189372), (20.089666273836883, 6.015597421241605), (20.087714473576472, 6.033953717152681), (20.085709590258272, 6.052363090863592), (20.083651623917657, 6.070825542315253), (20.081540574590075, 6.089341071448502), (20.07937644231105, 6.107909678204102), (20.07715922711619, 6.126531362522737), (20.07488892904117, 6.145206124345015), (20.07256554812174, 6.163933963611468), (20.07018908439374, 6.182714880262552), (20.067759537893078, 6.201548874238643), (20.06527690865574, 6.220435945480045), (20.062741196717788, 6.239376093926981), (20.060152402115364, 6.258369319519599), (20.05751052488468, 6.277415622197972), (20.054815565062036, 6.296515001902093), (20.052067522683792, 6.315667458571881), (20.0492663977864, 6.3348729921471785), (20.046412190406386, 6.354131602567748), (20.043504900580345, 6.373443289773279), (20.040544528344956, 6.392808053703382), (20.03753107373697, 6.412225894297591), (20.034464536793223, 6.431696811495365), (20.031344917550612, 6.451220805236084), (20.028172216046126, 6.470797875459054), (20.024946432316824, 6.490428022103502), (20.02166756639984, 6.510111245108579), (20.018335618332397, 6.52984754441336), (20.014950588151777, 6.549636919956842), (20.011512475895348, 6.569479371677946), (20.008021281600556, 6.589374899515516), (20.004477005304917, 6.60932350340832), (20.000879647046034, 6.62932518329505), (19.99722920686158, 6.6493799391143185), (19.9935256847893, 6.669487770804664), (19.989769080867028, 6.689648678304547), (19.985959395132664, 6.709862661552352)]",True
1784490073.0824463,0,20.24303466175548,5.914452942054391,0.8000000119209292,90.07688570316125,-0.39082644789607107,20.025597970933273,6.681481050925463,1.335954970633524,90.2987223748672,0.39897871593904394,-0.21743669082220762,0.767028108871072,0.5359549587125949,0.2218366717059439,0.789805163835115,"[(20.137083021199263, 5.885377053335469), (20.133348606669145, 5.90253913194696), (20.129561380476616, 5.919754018187422), (20.12572134265838, 5.9370217120013695), (20.121828493251222, 5.954342213333241), (20.117882832291997, 5.971715522127404), (20.11388435981764, 5.98914163832815), (20.109833075865158, 6.006620561879698), (20.10572898047163, 6.024152292726193), (20.101572073674202, 6.041736830811705), (20.097362355510107, 6.059374176080231), (20.093099826016644, 6.0770643284756956), (20.088784485231187, 6.094807287941947), (20.08441633319119, 6.112603054422761), (20.079995369934167, 6.13045162786184), (20.07552159549772, 6.148353008202811), (20.070995009919514, 6.166307195389229), (20.066415613237293, 6.184314189364574), (20.061783405488878, 6.202373990072253), (20.05709838671216, 6.220486597455598), (20.0523605569451, 6.238652011457868), (20.04756991622574, 6.256870232022248), (20.042726464592196, 6.27514125909185), (20.037830202082652, 6.29346509260971), (20.03288112873537, 6.311841732518793), (20.02787924458868, 6.330271178761989), (20.02282454968099, 6.348753431282113), (20.017717044050787, 6.367288490021907), (20.012556727736627, 6.38587635492404), (20.007343600777133, 6.404517025931107), (20.002077663211015, 6.423210502985628), (19.99675891507705, 6.441956786030051), (19.991387356414084, 6.460755875006748), (19.985962987261047, 6.479607769858018), (19.980485807656937, 6.498512470526087), (19.974955817640826, 6.517469976953107), (19.969373017251858, 6.5364802890811555), (19.96373740652926, 6.5555434068522365), (19.958048985512317, 6.574659330208281), (19.952307754240405, 6.593828059091144), (19.946513712752964, 6.613049593442609), (19.940666861089507, 6.632323933204384), (19.934767199289627, 6.651651078318105), (19.928814727392986, 6.6710310287253325), (19.92280944543932, 6.690463784367554)]",True
1784490073.1485326,0,20.264826138959084,5.924507940819993,0.8000000119209292,90.07688570316125,-0.39082644789607107,20.064874460970742,6.692501780332813,1.3827363154372052,90.2987223748672,0.39897871593904394,-0.19995167798834146,0.7679938395128199,0.582736303516276,0.2218366717059439,0.789805163835115,"[(20.157818779629395, 5.895082894944626), (20.153115117527474, 5.9119297666672725), (20.148358676705765, 5.9288294134740696), (20.143549457202184, 5.945781835310186), (20.138687459054722, 5.962787032120716), (20.13377268230144, 5.979845003850683), (20.128805126980478, 5.996955750445036), (20.123784793130046, 6.014119271848648), (20.11871168078843, 6.0313355680063205), (20.113585789993987, 6.048604638862782), (20.108407120785152, 6.065926484362688), (20.10317567320043, 6.083301104450618), (20.097891447278393, 6.100728499071079), (20.0925544430577, 6.118208668168506), (20.087164660577077, 6.13574161168726), (20.081722099875318, 6.153327329571628), (20.076226760991293, 6.170965821765821), (20.07067864396396, 6.188657088213982), (20.065077748832326, 6.206401128860176), (20.05942407563549, 6.224197943648397), (20.05371762441262, 6.242047532522564), (20.047958395202954, 6.259949895426523), (20.042146388045804, 6.277905032304047), (20.036281602980562, 6.295912943098835), (20.030364040046685, 6.313973627754512), (20.02439369928371, 6.3320870862146315), (20.01837058073124, 6.350253318422671), (20.01229468442896, 6.3684723243220365), (20.006166010416624, 6.386744103856059), (19.99998455873406, 6.405068656967997), (19.993750329421168, 6.423445983601036), (19.987463322517925, 6.441876083698286), (19.98112353806438, 6.460358957202786), (19.974730976100652, 6.478894604057499), (19.968285636666938, 6.497483024205316), (19.961787519803508, 6.516124217589055), (19.955236625550704, 6.53481818415146), (19.948632953948945, 6.553564923835201), (19.941976505038717, 6.572364436582875), (19.935267278860586, 6.5912167223370055), (19.928505275455187, 6.610121781040042), (19.92169049486323, 6.629079612634361), (19.914822937125496, 6.648090217062266), (19.90790260228285, 6.667153594265986), (19.900929490376214, 6.686269744187676)]",True
1784490073.2118654,0,20.272021401434284,5.928004745333202,0.8000000119209292,90.99833226743611,-0.4048946692594224,20.078336020590687,6.695957237356879,1.3968712011440694,90.2987223748672,0.39897871593904394,-0.193685380843597,0.7679524920236771,0.5968711892231402,-0.6996098925689154,0.8038733851984663,"[(20.17903832271243, 5.905191883599684), (20.17505947938971, 5.922317238687071), (20.171028067757526, 5.939495158191771), (20.166944087852226, 5.956725642059396), (20.162807539710236, 5.974008690235488), (20.15861842336805, 5.991344302665514), (20.15437673886224, 6.008732479294871), (20.15008248622944, 6.026173220068881), (20.145735665506365, 6.0436665249327985), (20.1413362767298, 6.061212393831801), (20.136884319936602, 6.078810826710997), (20.1323797951637, 6.096461823515423), (20.127822702448096, 6.1141653841900405), (20.12321304182686, 6.131921508679743), (20.118550813337137, 6.149730196929348), (20.113836017016144, 6.167591448883604), (20.109068652901172, 6.185505264487186), (20.10424872102958, 6.203471643684696), (20.099376221438806, 6.221490586420666), (20.09445115416635, 6.239562092639555), (20.089473519249793, 6.257686162285749), (20.08444331672678, 6.2758627953035635), (20.079360546635037, 6.294091991637241), (20.07422520901236, 6.31237375123095), (20.069037303896614, 6.3307080740287915), (20.063796831325735, 6.349094959974791), (20.05850379133773, 6.367534409012903), (20.053158183970687, 6.386026421087008), (20.04776000926276, 6.404570996140919), (20.042309267252172, 6.423168134118371), (20.036805957977226, 6.4418178349630315), (20.03125008147629, 6.4605200986184945), (20.025641637787807, 6.479274925028281), (20.01998062695029, 6.498082314135841), (20.014267049002328, 6.516942265884552), (20.008500903982583, 6.535854780217719), (20.002682191929786, 6.554819857078576), (19.996810912882736, 6.573837496410285), (19.990887066880312, 6.5929076981559325), (19.984910653961457, 6.612030462258538), (19.978881674165194, 6.631205788661045), (19.97280012753062, 6.650433677306329), (19.96666601409689, 6.669714128137188), (19.960479333903248, 6.689047141096352), (19.954240086988996, 6.708432716126477)]",True
1784490073.328363,0,20.2864144489717,5.934993228676859,0.8000000119209292,90.99833226743611,-0.4048946692594224,20.105746560451635,6.702595959489747,1.423156590123634,90.2987223748672,0.39897871593904394,-0.1806678885200661,0.7676027308128877,0.6231565782027049,-0.6996098925689154,0.8038733851984663,"[(20.2086784127327, 5.918940263952064), (20.20595616743337, 5.936529861378012), (20.20318148794896, 5.954171888622082), (20.200354374313736, 5.971866345629823), (20.197474826562043, 5.98961323234671), (20.194542844728282, 6.007412548718149), (20.191558428846943, 6.025264294689471), (20.188521578952574, 6.0431684702059405), (20.185432295079803, 6.061125075212749), (20.18229057726332, 6.0791341096550155), (20.179096425537892, 6.09719557347779), (20.175849839938362, 6.11530946662605), (20.17255082049963, 6.133475789044701), (20.169199367256684, 6.151694540678581), (20.16579548024457, 6.169965721472453), (20.16233915949841, 6.18828933137101), (20.158830405053397, 6.206665370318874), (20.155269216944802, 6.225093838260596), (20.151655595207956, 6.2435747351406565), (20.14798953987826, 6.262108060903463), (20.1442710509912, 6.280693815493354), (20.14050012858232, 6.299331998854595), (20.136676772687245, 6.318022610931382), (20.132800983341667, 6.336765651667838), (20.128872760581345, 6.355561121008016), (20.124892104442115, 6.374409018895898), (20.12085901495988, 6.393309345275394), (20.116773492170616, 6.412262100090344), (20.11263553611037, 6.431267283284516), (20.108445146815267, 6.450324894801607), (20.10420232432149, 6.469434934585243), (20.099907068665306, 6.488597402578978), (20.095559379883042, 6.507812298726296), (20.0911592580111, 6.527079622970609), (20.08670670308596, 6.546399375255259), (20.082201715144162, 6.565771555523516), (20.077644294222328, 6.585196163718578), (20.07303444035714, 6.604673199783574), (20.068372153585365, 6.62420266366156), (20.063657433943824, 6.643784555295522), (20.058890281469424, 6.663418874628373), (20.05407069619914, 6.683105621602958), (20.049198678170015, 6.702844796162047), (20.04427422741916, 6.722636398248342), (20.039297343983762, 6.742480427804473)]",True
1784490073.374638,0,20.401591734014904,5.990823569745145,0.8000000119209292,90.99833226743611,-0.4048946692594224,20.369947088107367,6.753019274085123,1.9043837556212064,90.2987223748672,0.39897871593904394,-0.03164464590753724,0.7621957043399776,1.1043837437002773,-0.6996098925689154,0.8038733851984663,"[(20.26597023573506, 5.945695620950617), (20.260724089987416, 5.962445936383147), (20.255425188788887, 5.9792490038299615), (20.25007353217804, 5.99610482323651), (20.244669120193517, 6.013013394548168), (20.239211952874033, 6.02997471771024), (20.23370203025838, 6.046988792667954), (20.22813935238542, 6.064055619366467), (20.22252391929409, 6.081175197750862), (20.216855731023397, 6.0983475277661485), (20.211134787612423, 6.115572609357264), (20.205361089100325, 6.1328504424690715), (20.199534635526334, 6.150181027046361), (20.193655426929748, 6.167564363033849), (20.187723463349947, 6.185000450376179), (20.181738744826372, 6.2024892890179215), (20.175701271398555, 6.220030878903573), (20.169611043106084, 6.237625219977559), (20.163468059988627, 6.255272312184228), (20.15727232208593, 6.272972155467859), (20.151023829437808, 6.2907247497726555), (20.144722582084146, 6.308530095042747), (20.13836858006491, 6.326388191222192), (20.13196182342013, 6.3442990382549755), (20.12550231218992, 6.362262636085007), (20.118990046414456, 6.380278984656125), (20.112425026133998, 6.398348083912094), (20.10580725138887, 6.416469933796605), (20.099136722219473, 6.434644534253276), (20.092413438666284, 6.452871885225652), (20.08563740076985, 6.471151986657204), (20.07880860857079, 6.489484838491331), (20.071927062109797, 6.507870440671357), (20.064992761427643, 6.526308793140534), (20.05800570656517, 6.544799895842041), (20.050965897563287, 6.563343748718982), (20.043873334462983, 6.5819403517143895), (20.03672801730532, 6.600589704771223), (20.029529946131433, 6.619291807832367), (20.022279120982528, 6.638046660840634), (20.014975541899883, 6.656854263738762), (20.007619208924854, 6.675714616469419), (20.000210122098867, 6.694627718975195), (19.992748281463424, 6.71359357119861), (19.9852336870601, 6.73261217308211)]",True
1784490073.4259832,0,20.452158553403905,6.012189242066232,0.6967328198174597,90.99833226743611,-0.4048946692594224,20.506185721685053,6.774722772239103,2.030258494992218,90.2987223748672,0.39897871593904394,0.05402716828114862,0.7625335301728704,1.3335256751747586,-0.6996098925689154,0.8038733851984663,"[(20.382881021604206, 6.002879371877699), (20.379334685140254, 6.020625495275506), (20.37573551362622, 6.038424449446562), (20.372083507098676, 6.05627623433439), (20.36837866559425, 6.074180849882437), (20.36462098914965, 6.092138296034075), (20.360810477801667, 6.110148572732604), (20.35694713158715, 6.128211679921249), (20.353030950543037, 6.146327617543162), (20.349061934706327, 6.164496385541418), (20.3450400841141, 6.182717983859021), (20.340965398803515, 6.200992412438899), (20.336837878811796, 6.219319671223908), (20.332657524176245, 6.237699760156827), (20.328424334934237, 6.2561326791803635), (20.32413831112322, 6.274618428237149), (20.319799452780725, 6.293157007269743), (20.315407759944346, 6.311748416220628), (20.310963232651755, 6.330392655032216), (20.3064658709407, 6.349089723646841), (20.301915674849, 6.367839622006767), (20.29731264441455, 6.386642350054181), (20.29265677967532, 6.405497907731197), (20.28794808066935, 6.424406294979855), (20.28318654743476, 6.44336751174212), (20.27837218000974, 6.462381557959884), (20.273504978432552, 6.481448433574965), (20.268584942741537, 6.500568138529106), (20.26361207297511, 6.519740672763976), (20.258586369171756, 6.53896603622117), (20.25350783137004, 6.558244228842211), (20.248376459608597, 6.577575250568545), (20.243192253926132, 6.596959101341545), (20.237955214361435, 6.61639578110251), (20.232665340953357, 6.635885289792665), (20.227322633740833, 6.65542762735316), (20.221927092762872, 6.6750227937250735), (20.21647871805855, 6.694670788849407), (20.21097750966702, 6.7143716126670885), (20.20542346762752, 6.7341252651189745), (20.19981659197934, 6.7539317461458435), (20.19415688276186, 6.773791055688403), (20.188444340014534, 6.793703193687286), (20.182678963776883, 6.813668160083048), (20.17686075408851, 6.8336859548161755)]",True
1784490073.4852204,0,20.464612387394308,6.016628061119276,0.6290126695179272,90.99833226743611,-0.4048946692594224,20.54651802950545,6.781490627838224,2.059014577832847,90.2987223748672,0.39897871593904394,0.08190564211114193,0.7648625667189481,1.4300019083149196,-0.6996098925689154,0.8038733851984663,"[(20.404406272770988, 6.012819688710318), (20.400676187851584, 6.03045240195626), (20.396893310413727, 6.048137903548871), (20.393057640494074, 6.065876193432086), (20.38916917812935, 6.083667271549765), (20.38522792335636, 6.101511137845695), (20.381233876211972, 6.11940779226359), (20.377187036733137, 6.137357234747087), (20.373087404956873, 6.155359465239754), (20.368934980920276, 6.1734144836850815), (20.364729764660513, 6.191522290026488), (20.360471756214828, 6.209682884207319), (20.35616095562054, 6.227896266170845), (20.351797362915033, 6.2461624358602625), (20.34738097813577, 6.264481393218696), (20.342911801320295, 6.2828531381891946), (20.338389832506213, 6.301277670714735), (20.333815071731212, 6.31975499073822), (20.329187519033052, 6.338285098202478), (20.32450717444956, 6.3568679930502645), (20.319774038018647, 6.375503675224261), (20.314988109778284, 6.394192144667074), (20.31014938976653, 6.41293340132124), (20.30525787802151, 6.4317274451292175), (20.300313574581427, 6.450574276033394), (20.29531647948455, 6.469473893976081), (20.290266592769235, 6.48842629889952), (20.285163914473895, 6.5074314907458755), (20.28000844463703, 6.52648946945724), (20.27480018329721, 6.545600234975631), (20.269539130493076, 6.564763787242994), (20.26422528626334, 6.583980126201198), (20.2588586506468, 6.603249251792043), (20.253439223682314, 6.622571163957251), (20.24796700540882, 6.641945862638472), (20.24244199586533, 6.661373347777283), (20.236864195090934, 6.680853619315185), (20.231233603124785, 6.700386677193607), (20.225550220006117, 6.719972521353905), (20.219814045774232, 6.7396111517373605), (20.214025080468513, 6.759302568285181), (20.208183324128417, 6.7790467709385), (20.202288776793466, 6.798843759638378), (20.196341438503264, 6.818693534325802), (20.190341309297487, 6.8385960949416855)]",True
1784490073.5261416,0,20.492524784932336,6.024448019575046,0.5449284280550237,90.99833226743611,-0.4048946692594224,20.649412302322123,6.799893134518508,2.119760731413548,90.2987223748672,0.39897871593904394,0.15688751738978723,0.7754451149434622,1.574832303358524,-0.6996098925689154,0.8038733851984663,"[(20.432511836668226, 6.024904609674956), (20.427579440054522, 6.041951099195406), (20.422594278422544, 6.059050350107548), (20.41755635181051, 6.076202362356295), (20.41246566025672, 6.093407135886481), (20.40732220379955, 6.11066467064287), (20.402125982477433, 6.127974966570152), (20.39687699632889, 6.145338023612943), (20.391575245392502, 6.162753841715787), (20.386220729706945, 6.180222420823153), (20.380813449310946, 6.197743760879437), (20.37535340424332, 6.215317861828961), (20.36984059454295, 6.232944723615974), (20.364275020248794, 6.250624346184653), (20.35865668139988, 6.268356729479098), (20.35298557803531, 6.2861418734433405), (20.34726171019426, 6.3039797780213345), (20.341485077915987, 6.3218704431569614), (20.33565568123981, 6.339813868794031), (20.32977352020513, 6.3578100548762775), (20.323838594851416, 6.375859001347362), (20.317850905218215, 6.393960708150875), (20.311810451345142, 6.412115175230328), (20.30571723327189, 6.430322402529164), (20.299571251038223, 6.448582389990752), (20.29337250468398, 6.466895137558384), (20.287120994249072, 6.485260645175283), (20.280816719773487, 6.503678912784595), (20.274459681297284, 6.522149940329395), (20.26804987886059, 6.540673727752684), (20.261587312503618, 6.559250274997388), (20.25507198226664, 6.577879582006362), (20.248503888190008, 6.5965616487223855), (20.241883030314153, 6.615296475088166), (20.235209408679573, 6.634084061046337), (20.228483023326838, 6.652924406539459), (20.2217038742966, 6.6718175115100165), (20.214871961629576, 6.690763375900425), (20.207987285366556, 6.709761999653023), (20.20104984554841, 6.728813382710078), (20.19405964221608, 6.747917525013781), (20.187016675410575, 6.767074426506253), (20.179920945172984, 6.7862840871295385), (20.17277245154447, 6.805546506825611), (20.165571194566265, 6.82486168553637)]",True
1784490073.5897543,0,20.497796068620836,6.025649765901625,0.5363830410389582,90.99833226743611,-0.4048946692594224,20.67028333561378,6.803888200115207,2.1302331045535845,90.2987223748672,0.39897871593904394,0.17248726699294537,0.7782384342135815,1.5938500635146262,-0.6996098925689154,0.8038733851984663,"[(20.44612699148438, 6.03002383527863), (20.441413182881792, 6.047042532680259), (20.436646723235533, 6.064113877464487), (20.431827612583216, 6.081237869576716), (20.42695585096251, 6.098414508962279), (20.422031438411167, 6.1156437955664344), (20.41705437496701, 6.132925729334368), (20.412024660667935, 6.150260310211194), (20.40694229555191, 6.167647538141952), (20.40180727965697, 6.185087413071611), (20.396619613021237, 6.202579934945066), (20.39137929568289, 6.220125103707141), (20.38608632768019, 6.237722919302584), (20.38074070905147, 6.2553733816760735), (20.37534243983513, 6.2730764907722145), (20.36989152006965, 6.290832246535539), (20.364387949793578, 6.3086406489105045), (20.358831729045534, 6.3265016978415), (20.353222857864214, 6.344415393272838), (20.347561336288386, 6.362381735148761), (20.341847164356892, 6.380400723413437), (20.33608034210864, 6.398472358010961), (20.330260869582624, 6.416596638885358), (20.324388746817892, 6.434773565980579), (20.31846397385358, 6.4530031392405), (20.312486550728888, 6.471285358608927), (20.3064564774831, 6.4896202240295935), (20.300373754155554, 6.508007735446158), (20.29423838078568, 6.526447892802209), (20.288050357412967, 6.544940696041261), (20.281809684076986, 6.563486145106754), (20.275516360817374, 6.58208423994206), (20.269170387673846, 6.600734980490474), (20.262771764686185, 6.61943836669522), (20.25632049189425, 6.638194398499449), (20.24981656933797, 6.65700307584624), (20.243259997057347, 6.675864398678598), (20.236650775092457, 6.694778366939458), (20.22998890348345, 6.713744980571679), (20.223274382270546, 6.732764239518049), (20.21650721149404, 6.751836143721285), (20.2096873911943, 6.770960693124027), (20.202814921411765, 6.7901378876688465), (20.195889802186944, 6.809367727298239), (20.188912033560424, 6.828650211954631)]",True
1784490073.6362395,0,20.52338323672858,6.0309343228382515,0.5126703280216574,90.99833226743611,-0.4048946692594224,20.775851299912432,6.825153008475967,2.1755825416423304,90.2987223748672,0.39897871593904394,0.2524680631838514,0.7942186856377154,1.662912213620673,-0.6996098925689154,0.8038733851984663,"[(20.46409075756436, 6.0360964110533155), (20.458423524267054, 6.0525970197899115), (20.452703521313865, 6.069150394940214), (20.44693074874403, 6.085756536449906), (20.44110520659686, 6.102415444264594), (20.435226894911736, 6.119127118329814), (20.42929581372812, 6.1358915585910285), (20.423311963085542, 6.1527087649936245), (20.4172753430236, 6.169578737482918), (20.41118595358198, 6.186501476004149), (20.40504379480043, 6.203476980502486), (20.398848866718776, 6.220505250923023), (20.392601169376913, 6.237586287210782), (20.386300702814815, 6.25472008931071), (20.379947467072526, 6.271906657167681), (20.373541462190165, 6.289145990726495), (20.367082688207923, 6.306438089931881), (20.360571145166066, 6.323782954728491), (20.354006833104933, 6.341180585060908), (20.347389752064934, 6.358630980873637), (20.34071990208656, 6.376134142111113), (20.33399728321036, 6.393690068717694), (20.327221895476974, 6.411298760637669), (20.32039373892711, 6.428960217815249), (20.31351281360154, 6.446674440194576), (20.306579119541123, 6.464441427719715), (20.299592656786782, 6.4822611803346595), (20.29255342537952, 6.50013369798333), (20.285461425360406, 6.518058980609571), (20.27831665677059, 6.536037028157156), (20.27111911965129, 6.554067840569784), (20.2638688140438, 6.572151417791082), (20.256565739989487, 6.590287759764601), (20.24920989752979, 6.608476866433819), (20.241801286706227, 6.626718737742144), (20.234339907560383, 6.645013373632907), (20.226825760133917, 6.663360774049368), (20.219258844468563, 6.68176093893471), (20.21163916060613, 6.700213868232046), (20.2039667085885, 6.718719561884415), (20.196241488457627, 6.737278019834781), (20.18846350025554, 6.7558892420260355), (20.180632744024336, 6.774553228400997), (20.172749219806196, 6.79326997890241), (20.16481292764336, 6.8120394934729465)]",True
1784490073.7804608,0,20.553418080365145,6.035812689868102,0.503573176697386,90.99833226743611,-0.4048946692594224,20.904609356809587,6.853498922541919,2.217255759153741,90.2987223748672,0.39897871593904394,0.3511912764444425,0.8176862326738172,1.713682582456355,-0.6996098925689154,0.8038733851984663,"[(20.523857154643196, 6.048342539958571), (20.515174264300967, 6.0629095124327295), (20.50643864603944, 6.077529211071721), (20.497650299901863, 6.092201635824151), (20.488809225931544, 6.1069267866385495), (20.479915424171867, 6.121704663463374), (20.4709688946663, 6.13653526624701), (20.461969637458374, 6.151418594937767), (20.452917652591697, 6.1663546494838855), (20.443812940109947, 6.181343429833531), (20.434655500056877, 6.196384935934795), (20.42544533247631, 6.211479167735697), (20.416182437412157, 6.226626125184184), (20.40686681490838, 6.241825808228129), (20.397498465009022, 6.257078216815333), (20.38807738775821, 6.272383350893521), (20.378603583200128, 6.287741210410349), (20.369077051379044, 6.303151795313398), (20.359497792339294, 6.318615105550175), (20.349865806125287, 6.334131141068116), (20.34018109278151, 6.349699901814582), (20.330443652352518, 6.365321387736863), (20.320653484882936, 6.380995598782174), (20.310810590417475, 6.396722534897658), (20.300914969000907, 6.412502196030386), (20.290966620678077, 6.428334582127352), (20.280965545493913, 6.444219693135482), (20.270911743493407, 6.460157529001625), (20.260805214721625, 6.47614808967256), (20.25064595922371, 6.492191375094992), (20.240433977044876, 6.50828738521555), (20.230169268230412, 6.524436119980794), (20.219851832825675, 6.540637579337209), (20.2094816708761, 6.556891763231207), (20.199058782427198, 6.573198671609129), (20.188583167524538, 6.589558304417239), (20.17805482621378, 6.605970661601731), (20.16747375854065, 6.622435743108725), (20.156839964550937, 6.638953548884269), (20.146153444290523, 6.655524078874335), (20.13541419780535, 6.672147333024826), (20.124622225141433, 6.68882331128157), (20.113777526344865, 6.70555201359032), (20.10288010146181, 6.722333439896759), (20.091929950538503, 6.739167590146495)]",True
1784490073.8944438,0,20.602822373011055,6.044400029874285,0.5004333434308487,90.99833226743611,-0.4048946692594224,21.121496900846306,6.9105149665467245,2.2645910009424273,90.2987223748672,0.39897871593904394,0.5186745278352518,0.8661149366724397,1.7641576575115785,-0.6996098925689154,0.8038733851984663,"[(20.591817955815397, 6.058691044179311), (20.581838479479988, 6.072113407485876), (20.571806307440074, 6.085588465472943), (20.561721439740552, 6.099116218090858), (20.551583876426395, 6.11269666528989), (20.54139361754265, 6.12632980702024), (20.53115066313443, 6.140015643232034), (20.52085501324693, 6.153754173875324), (20.51050666792541, 6.167545398900091), (20.500105627215202, 6.181389318256243), (20.48965189116172, 6.195285931893614), (20.479145459810447, 6.209235239761966), (20.468586333206936, 6.223237241810989), (20.45797451139681, 6.2372919379903), (20.44730999442577, 6.251399328249441), (20.436592782339588, 6.265559412537884), (20.425822875184114, 6.279772190805028), (20.41500027300526, 6.294037663000197), (20.404124975849015, 6.308355829072645), (20.39319698376145, 6.32272668897155), (20.382216296788695, 6.337150242646021), (20.371182914976963, 6.35162649004509), (20.360096838372534, 6.36615543111772), (20.348958067021766, 6.3807370658127995), (20.337766600971083, 6.395371394079144), (20.326522440266984, 6.410058415865498), (20.315225584956046, 6.42479813112053), (20.30387603508491, 6.439590539792839), (20.292473790700303, 6.4544356418309485), (20.28101885184901, 6.4693334371833116), (20.269511218577893, 6.484283925798307), (20.257950890933895, 6.499287107624242), (20.246337868964023, 6.514342982609349), (20.23467215271536, 6.529451550701789), (20.222953742235056, 6.544612811849651), (20.21118263757035, 6.559826766000951), (20.199358838768536, 6.575093413103629), (20.187482345876987, 6.590412753105557), (20.175553158943153, 6.605784785954532), (20.16357127801455, 6.621209511598276), (20.15153670313877, 6.636686929984442), (20.13944943436348, 6.652217041060609), (20.127309471736417, 6.667799844774283), (20.11511681530539, 6.683435341072896), (20.102871465118287, 6.69912352990381)]",True
1784490073.9325986,0,20.64682927343116,6.0538762774259745,0.5000648981279412,90.99833226743611,-0.4048946692594224,21.317064250670104,6.9722697017339135,2.291358929600592,90.2987223748672,0.39897871593904394,0.6702349772389447,0.918393424307939,1.7912940314726506,-0.6996098925689154,0.8038733851984663,"[(20.620865350779294, 6.064768771356181), (20.610604955328206, 6.078027132091306), (20.600291862490646, 6.091338189320996), (20.589926072311915, 6.104701942995805), (20.579507584837383, 6.118118393066219), (20.569036400112502, 6.131587539482646), (20.558512518182788, 6.145109382195425), (20.547935939093833, 6.158683921154822), (20.5373066628913, 6.172311156311027), (20.526624689620927, 6.18599108761416), (20.515890019328527, 6.199723715014268), (20.505102652059982, 6.213509038461325), (20.49426258786125, 6.227347057905232), (20.483369826778357, 6.241237773295816), (20.472424368857403, 6.255181184582833), (20.461426214144566, 6.269177291715965), (20.450375362686092, 6.283226094644823), (20.4392718145283, 6.2973275933189425), (20.428115569717583, 6.3114817876877884), (20.416906628300406, 6.325688677700751), (20.405644990323307, 6.33994826330715), (20.3943306558329, 6.35426054445623), (20.382963624875863, 6.368625521097165), (20.37154389749896, 6.383043193179054), (20.360071473749016, 6.397513560650925), (20.348546353672937, 6.412036623461732), (20.33696853731769, 6.426612381560356), (20.325338024730335, 6.441240834895607), (20.313654815957985, 6.455921983416221), (20.301918911047835, 6.470655827070861), (20.290130310047154, 6.485442365808117), (20.278289013003278, 6.500281599576507), (20.266395019963618, 6.515173528324476), (20.254448330975663, 6.530118152000395), (20.24244894608697, 6.545115470552564), (20.230396865345167, 6.560165483929209), (20.21829208879796, 6.575268192078485), (20.20613461649312, 6.590423594948471), (20.193924448478505, 6.605631692487176), (20.18166158480203, 6.6208924846425345), (20.169346025511693, 6.6362059713624095), (20.15697777065556, 6.65157215259459), (20.144556820281768, 6.666991028286794), (20.13208317443853, 6.682462598386664), (20.119556833174137, 6.697986862841772)]",True
1784490073.976036,0,20.6663906565869,6.058049647887417,0.5000279089346658,90.99833226743611,-0.4048946692594224,21.403649812829173,7.002859432153429,2.2999712495792823,90.2987223748672,0.39897871593904394,0.7372591562422741,0.9448097842660124,1.7999433406446166,-0.6996098925689154,0.8038733851984663,"[(20.640266799777024, 6.068961958093061), (20.629878280621075, 6.0821460937700165), (20.619437064961588, 6.095382925118736), (20.60894315284404, 6.108672452089874), (20.598396544313992, 6.1220146746340145), (20.587797239417064, 6.135409592701666), (20.577145238198955, 6.148857206243266), (20.56644054070544, 6.162357515209179), (20.55568314698236, 6.1759105195496975), (20.544873057075637, 6.189516219215038), (20.53401027103126, 6.2031746141553485), (20.523094788895293, 6.216885704320702), (20.512126610713867, 6.230649489661097), (20.501105736533194, 6.244465970126463), (20.490032166399555, 6.258335145666653), (20.478905900359305, 6.27225701623145), (20.46772693845887, 6.286231581770562), (20.45649528074475, 6.300258842233626), (20.44521092726352, 6.314338797570206), (20.433873878061824, 6.3284714477297905), (20.422484133186384, 6.342656792661799), (20.411041692683987, 6.356894832315576), (20.399546556601496, 6.371185566640394), (20.387998724985852, 6.385528995585452), (20.376398197884065, 6.399925119099877), (20.36474497534321, 6.414373937132723), (20.35303905741045, 6.42887544963297), (20.34128044413301, 6.443429656549526), (20.32946913555819, 6.458036557831227), (20.317605131733366, 6.472696153426837), (20.305688432705985, 6.487408443285043), (20.293719038523566, 6.502173427354463), (20.2816969492337, 6.516991105583641), (20.269622164884055, 6.5318614779210495), (20.257494685522364, 6.546784544315085), (20.24531451119644, 6.561760304714075), (20.233081641954165, 6.576788759066271), (20.220796077843495, 6.591869907319853), (20.208457818912464, 6.60700374942293), (20.19606686520917, 6.622190285323534), (20.183623216781786, 6.637429514969629), (20.171126873678563, 6.652721438309102), (20.158577835947817, 6.66806605528977), (20.145976103637945, 6.683463365859375), (20.13332167679741, 6.69891336996559)]",True
1784490074.0316875,0,20.676155539352976,6.060206443775741,0.5000183020106558,90.99833226743611,-0.4048946692594224,21.446811159079136,7.018874750102207,2.3036874706710844,90.2987223748672,0.39897871593904394,0.7706556197261598,0.9586683063264667,1.8036691686604285,-0.6996098925689154,0.8038733851984663,"[(20.649993076740557, 6.071012964359532), (20.639554980693088, 6.084162995618425), (20.629064188016482, 6.097365722699502), (20.61852069875629, 6.11062114555346), (20.60792451295814, 6.123929264130925), (20.59727563066773, 6.137290078382448), (20.586574051930835, 6.1507035882585095), (20.5758197767933, 6.164169793709516), (20.565012805301038, 6.177688694685801), (20.554153137500045, 6.191260291137626), (20.543240773436377, 6.204884583015178), (20.532275713156178, 6.218561570268573), (20.521257956705654, 6.232291252847854), (20.510187504131085, 6.246073630702989), (20.49906435547883, 6.259908703783878), (20.487888510795308, 6.273796472040342), (20.476659970127027, 6.287736935422133), (20.46537873352056, 6.301730093878931), (20.454044801022548, 6.315775947360341), (20.442658172679714, 6.329874495815894), (20.431218848538848, 6.344025739195052), (20.419726828646812, 6.358229677447201), (20.408182113050547, 6.372486310521657), (20.39658470179706, 6.386795638367659), (20.384934594933437, 6.401157660934378), (20.373231792506832, 6.415572378170909), (20.361476294564476, 6.4300397900262745), (20.349668101153664, 6.444559896449426), (20.337807212321774, 6.45913269738924), (20.325893628116255, 6.473758192794522), (20.313927348584624, 6.488436382614003), (20.301908373774474, 6.503167266796342), (20.289836703733467, 6.517950845290125), (20.277712338509346, 6.532787118043866), (20.26553527814992, 6.547676085006006), (20.253305522703073, 6.5626177461249116), (20.241023072216763, 6.577612101348879), (20.228687926739017, 6.59265915062613), (20.216300086317943, 6.607758893904813), (20.20385955100171, 6.622911331133005), (20.191366320838565, 6.63811646225871), (20.178820395876834, 6.653374287229858), (20.166221776164907, 6.6686848059943085), (20.15357046175125, 6.684048018499846), (20.140866452684406, 6.699463924694182)]",True
1784490074.0772135,0,20.6858564465011,6.062633465771095,0.5000120020200719,90.99833226743611,-0.4048946692594224,21.489867828314797,7.0353684499522835,2.307058681522235,90.2987223748672,0.39897871593904394,0.804011381813698,0.9727349841811881,1.8070466795021631,-0.6996098925689154,0.8038733851984663,"[(20.659730063267002, 6.073053065603932), (20.649249706336995, 6.086172196162173), (20.638716651861632, 6.099344023480465), (20.628130899886536, 6.1125685475095395), (20.617492450457398, 6.125845768200056), (20.60680130361998, 6.139175685502602), (20.596057459420123, 6.15255829936769), (20.585260917903742, 6.165993609745761), (20.574411679116817, 6.179481616587183), (20.563509743105403, 6.193022319842252), (20.55255510991563, 6.20661571946119), (20.541547779593703, 6.220261815394147), (20.530487752185895, 6.233960607591198), (20.519375027738555, 6.24771209600235), (20.508209606298106, 6.261516280577531), (20.49699148791104, 6.275373161266602), (20.485720672623923, 6.289282738019346), (20.474397160483395, 6.303245010785477), (20.46302095153617, 6.317259979514635), (20.45159204582903, 6.331327644156386), (20.440110443408834, 6.345448004660224), (20.42857614432251, 6.359621060975572), (20.416989148617066, 6.3738468130517765), (20.405349456339575, 6.388125260838114), (20.39365706753719, 6.402456404283788), (20.381911982257133, 6.416840243337926), (20.370114200546695, 6.431276777949588), (20.358263722453245, 6.445766008067756), (20.346360548024226, 6.460307933641343), (20.334404677307152, 6.474902554619187), (20.322396110349604, 6.4895498709500545), (20.310334847199247, 6.504249882582638), (20.29822088790381, 6.519002589465558), (20.2860542325111, 6.533807991547361), (20.27383488106899, 6.548666088776522), (20.26156283362543, 6.563576881101443), (20.249238090228445, 6.578540368470452), (20.236860650926136, 6.5935565508318055), (20.224430515766667, 6.608625428133687), (20.21194768479828, 6.623747000324206), (20.19941215806929, 6.638921267351401), (20.186823935628084, 6.654148229163237), (20.174183017523124, 6.669427885707605), (20.161489403802943, 6.684760236932324), (20.148743094516146, 6.700145282785141)]",True
1784490074.1282685,0,20.6906765274336,6.063962877690264,0.5000097192358542,90.99833226743611,-0.4048946692594224,21.511350701606343,7.043800425695714,2.3086250371346035,90.2987223748672,0.39897871593904394,0.8206741741727441,0.9798375480054506,1.8086153178987492,-0.6996098925689154,0.8038733851984663,"[(20.659730063267002, 6.073053065603932), (20.649249706336995, 6.086172196162173), (20.638716651861632, 6.099344023480465), (20.628130899886536, 6.1125685475095395), (20.617492450457398, 6.125845768200056), (20.60680130361998, 6.139175685502602), (20.596057459420123, 6.15255829936769), (20.585260917903742, 6.165993609745761), (20.574411679116817, 6.179481616587183), (20.563509743105403, 6.193022319842252), (20.55255510991563, 6.20661571946119), (20.541547779593703, 6.220261815394147), (20.530487752185895, 6.233960607591198), (20.519375027738555, 6.24771209600235), (20.508209606298106, 6.261516280577531), (20.49699148791104, 6.275373161266602), (20.485720672623923, 6.289282738019346), (20.474397160483395, 6.303245010785477), (20.46302095153617, 6.317259979514635), (20.45159204582903, 6.331327644156386), (20.440110443408834, 6.345448004660224), (20.42857614432251, 6.359621060975572), (20.416989148617066, 6.3738468130517765), (20.405349456339575, 6.388125260838114), (20.39365706753719, 6.402456404283788), (20.381911982257133, 6.416840243337926), (20.370114200546695, 6.431276777949588), (20.358263722453245, 6.445766008067756), (20.346360548024226, 6.460307933641343), (20.334404677307152, 6.474902554619187), (20.322396110349604, 6.4895498709500545), (20.310334847199247, 6.504249882582638), (20.29822088790381, 6.519002589465558), (20.2860542325111, 6.533807991547361), (20.27383488106899, 6.548666088776522), (20.26156283362543, 6.563576881101443), (20.249238090228445, 6.578540368470452), (20.236860650926136, 6.5935565508318055), (20.224430515766667, 6.608625428133687), (20.21194768479828, 6.623747000324206), (20.19941215806929, 6.638921267351401), (20.186823935628084, 6.654148229163237), (20.174183017523124, 6.669427885707605), (20.161489403802943, 6.684760236932324), (20.148743094516146, 6.700145282785141)]",True
1784490074.177543,0,20.741661849055554,6.084310719646563,0.5000009545256823,90.99833226743611,-0.4048946692594224,21.745672002180605,7.1436266033554405,2.321641038533087,90.2987223748672,0.39897871593904394,1.0040101531250514,1.0593158837088774,1.8216400840074047,-0.6996098925689154,0.8038733851984663,"[(20.68380112205616, 6.079193627689827), (20.67394274127342, 6.092416785789093), (20.66403182269984, 6.105692480685953), (20.65406836637968, 6.119020712331541), (20.64405237235727, 6.132401480676924), (20.633983840677022, 6.145834785673093), (20.623862771383415, 6.159320627270969), (20.613689164521, 6.1728590054214), (20.6034630201344, 6.186449920075165), (20.59318433826831, 6.200093371182969), (20.582853118967492, 6.213789358695444), (20.57246936227679, 6.227537882563153), (20.562033068241114, 6.241338942736586), (20.55154423690544, 6.255192539166162), (20.541002868314823, 6.269098671802225), (20.530408962514393, 6.283057340595051), (20.519762519549342, 6.2970685454948425), (20.509063539464943, 6.31113228645173), (20.498312022306536, 6.325248563415772), (20.487507968119534, 6.339417376336957), (20.47665137694942, 6.353638725165201), (20.46574224884175, 6.367912609850347), (20.45478058384215, 6.382239030342166), (20.443766381996326, 6.39661798659036), (20.432699643350045, 6.411049478544554), (20.42158036794915, 6.425533506154308), (20.410408555839563, 6.4400700693691055), (20.39918420706726, 6.454659168138359), (20.38790732167831, 6.469300802411409), (20.376577899718836, 6.483994972137525), (20.365195941235047, 6.4987416772659055), (20.35376144627321, 6.513540917745675), (20.34227441487968, 6.528392693525888), (20.330734847100867, 6.543297004555526), (20.319142742983267, 6.558253850783499), (20.30749810257344, 6.573263232158648), (20.29580092591802, 6.588325148629736), (20.284051213063705, 6.60343960014546), (20.27224896405728, 6.618606586654443), (20.26039417894559, 6.633826108105236), (20.248486857775553, 6.649098164446317), (20.23652700059417, 6.664422755626096), (20.224514607448494, 6.679799881592907), (20.21244967838567, 6.6952295422950145), (20.200332213452903, 6.710711737680611)]",True
1784490074.2471607,0,20.741661849055554,6.084310719646563,0.5000009545256823,90.99833226743611,-0.4048946692594224,21.745672002180605,7.1436266033554405,2.321641038533087,90.2987223748672,0.39897871593904394,1.0040101531250514,1.0593158837088774,1.8216400840074047,-0.6996098925689154,0.8038733851984663,"[(20.68380112205616, 6.079193627689827), (20.67394274127342, 6.092416785789093), (20.66403182269984, 6.105692480685953), (20.65406836637968, 6.119020712331541), (20.64405237235727, 6.132401480676924), (20.633983840677022, 6.145834785673093), (20.623862771383415, 6.159320627270969), (20.613689164521, 6.1728590054214), (20.6034630201344, 6.186449920075165), (20.59318433826831, 6.200093371182969), (20.582853118967492, 6.213789358695444), (20.57246936227679, 6.227537882563153), (20.562033068241114, 6.241338942736586), (20.55154423690544, 6.255192539166162), (20.541002868314823, 6.269098671802225), (20.530408962514393, 6.283057340595051), (20.519762519549342, 6.2970685454948425), (20.509063539464943, 6.31113228645173), (20.498312022306536, 6.325248563415772), (20.487507968119534, 6.339417376336957), (20.47665137694942, 6.353638725165201), (20.46574224884175, 6.367912609850347), (20.45478058384215, 6.382239030342166), (20.443766381996326, 6.39661798659036), (20.432699643350045, 6.411049478544554), (20.42158036794915, 6.425533506154308), (20.410408555839563, 6.4400700693691055), (20.39918420706726, 6.454659168138359), (20.38790732167831, 6.469300802411409), (20.376577899718836, 6.483994972137525), (20.365195941235047, 6.4987416772659055), (20.35376144627321, 6.513540917745675), (20.34227441487968, 6.528392693525888), (20.330734847100867, 6.543297004555526), (20.319142742983267, 6.558253850783499), (20.30749810257344, 6.573263232158648), (20.29580092591802, 6.588325148629736), (20.284051213063705, 6.60343960014546), (20.27224896405728, 6.618606586654443), (20.26039417894559, 6.633826108105236), (20.248486857775553, 6.649098164446317), (20.23652700059417, 6.664422755626096), (20.224514607448494, 6.679799881592907), (20.21244967838567, 6.6952295422950145), (20.200332213452903, 6.710711737680611)]",True
1784490074.3660855,0,20.759193920765362,6.093933698147776,0.5000004104863384,90.99833226743611,-0.4048946692594224,21.82983498868571,7.183034302730165,2.324891641143829,90.2987223748672,0.39897871593904394,1.0706410679203486,1.0891006045823888,1.824891230657491,-0.6996098925689154,0.8038733851984663,"[(20.703660765304473, 6.086051647093459), (20.693920176238148, 6.099446791980552), (20.68412683660369, 6.112894686343659), (20.67428074644592, 6.126395330132877), (20.664381905809748, 6.139948723298227), (20.65443031474014, 6.153554865789658), (20.644425973282146, 6.167213757557046), (20.634368881480885, 6.180925398550191), (20.62425903938155, 6.194689788718823), (20.614096447029407, 6.208506928012597), (20.603881104469796, 6.222376816381097), (20.59361301174813, 6.236299453773829), (20.583292168909892, 6.25027484014023), (20.572918576000646, 6.264302975429663), (20.562492233066024, 6.278383859591416), (20.55201314015173, 6.292517492574705), (20.54148129730354, 6.306703874328672), (20.53089670456731, 6.320943004802388), (20.52025936198897, 6.335234883944847), (20.509569269614513, 6.349579511704973), (20.498826427490016, 6.3639768880316145), (20.488030835661622, 6.378427012873548), (20.477182494175548, 6.392929886179476), (20.466281403078092, 6.407485507898029), (20.455327562415615, 6.422093877977762), (20.444320972234554, 6.436754996367159), (20.433261632581424, 6.45146886301463), (20.42214954350281, 6.46623547786851), (20.410984705045372, 6.481054840877063), (20.39976711725584, 6.49592695198848), (20.388496780181022, 6.510851811150875), (20.377173693867793, 6.525829418312293), (20.365797858363106, 6.540859773420705), (20.35436927371399, 6.555942876424005), (20.342887939967536, 6.571078727270019), (20.33135385717092, 6.586267325906497), (20.319767025371387, 6.601508672281114), (20.308127444616254, 6.616802766341476), (20.296435114952914, 6.632149608035113), (20.284690036428827, 6.647549197309481), (20.272892209091538, 6.663001534111965), (20.26104163298865, 6.678506618389874), (20.249138308167854, 6.694064450090447), (20.237182234676908, 6.709675029160847), (20.22517341256364, 6.725338355548165)]",True
1784490074.3820894,0,20.776484698437457,6.103984139933697,0.500000176526454,90.99833226743611,-0.4048946692594224,21.91362962319596,7.223491154991876,2.3275666955814516,90.2987223748672,0.39897871593904394,1.137144924758502,1.1195070150581792,1.8275665190549977,-0.6996098925689154,0.8038733851984663,"[(20.71731918707404, 6.0917734795710015), (20.70812177680724, 6.105402492995751), (20.698871749678382, 6.119084121966867), (20.689569105731138, 6.132818366434573), (20.68021384500926, 6.14660522634902), (20.67080596755656, 6.1604447016602855), (20.66134547341694, 6.1743367923183765), (20.65183236263435, 6.188281498273226), (20.642266635252838, 6.202278819474695), (20.632648291316507, 6.216328755872572), (20.62297733086954, 6.230431307416574), (20.61325375395619, 6.244586474056344), (20.603477560620785, 6.258794255741454), (20.593648750907725, 6.2730546524214015), (20.58376732486148, 6.287367664045614), (20.57383328252659, 6.301733290563446), (20.563846623947672, 6.316151531924178), (20.553807349169414, 6.33062238807702), (20.54371545823658, 6.345145858971109), (20.533570951194, 6.359721944555508), (20.52337382808658, 6.374350644779209), (20.513124088959298, 6.389031959591133), (20.502821733857207, 6.403765888940126), (20.49246676282543, 6.418552432774963), (20.48205917590916, 6.433391591044345), (20.471598973153668, 6.448283363696904), (20.461086154604292, 6.463227750681194), (20.450520720306443, 6.478224751945703), (20.439902670305607, 6.493274367438842), (20.429232004647343, 6.50837659710895), (20.418508723377283, 6.523531440904296), (20.407732826541125, 6.538738898773075), (20.396904314184646, 6.553998970663409), (20.386023186353697, 6.569311656523349), (20.37508944309419, 6.584676956300873), (20.364103084452122, 6.600094869943886), (20.353064110473557, 6.61556539740022), (20.341972521204635, 6.631088538617638), (20.330828316691562, 6.646664293543825), (20.319631496980623, 6.662292662126399), (20.308382062118167, 6.677973644312902), (20.297080012150623, 6.693707240050806), (20.28572534712449, 6.709493449287508), (20.274318067086345, 6.725332271970335), (20.262858172082826, 6.74122370804654)]",True
1784490074.42431,0,20.79353733262202,6.114433537094268,0.5000000759138273,90.99833226743611,-0.4048946692594224,21.996662251441517,7.265702775851086,2.3297681077813293,90.2987223748672,0.39897871593904394,1.2031249188194977,1.151269238756818,1.829768031867502,-0.6996098925689154,0.8038733851984663,"[(20.74953015004561, 6.108834781333867), (20.74112875736571, 6.123156164557121), (20.732674646446466, 6.1375302642522245), (20.724167817330773, 6.1519570803680645), (20.715608270061608, 6.166436612853454), (20.706996004682015, 6.180968861657133), (20.698331021235116, 6.195553826727769), (20.6896133197641, 6.210191508013955), (20.680842900312232, 6.224881905464213), (20.672019762922854, 6.239625019026989), (20.66314390763938, 6.254420848650658), (20.65421533450529, 6.269269394283522), (20.645234043564145, 6.284170655873808), (20.636200034859574, 6.299124633369672), (20.627113308435284, 6.314131326719196), (20.61797386433505, 6.329190735870389), (20.608781702602723, 6.344302860771187), (20.59953682328223, 6.359467701369452), (20.590239226417562, 6.374685257612973), (20.580888912052792, 6.389955529449468), (20.571485880232064, 6.405278516826579), (20.56203013099959, 6.420654219691877), (20.552521664399666, 6.436082637992858), (20.54296048047665, 6.451563771676947), (20.53334657927498, 6.4670976206914945), (20.523679960839164, 6.482684184983778), (20.513960625213784, 6.498323464501003), (20.504188572443493, 6.5140154591903), (20.49436380257302, 6.529760168998727), (20.484486315647167, 6.545557593873269), (20.47455611171081, 6.56140773376084), (20.464573190808895, 6.5773105886082766), (20.45453755298644, 6.593266158362346), (20.44444919828854, 6.609274442969742), (20.434308126760364, 6.625335442377082), (20.42411433844715, 6.641449156530914), (20.413867833394214, 6.6576155853777115), (20.40356861164694, 6.6738347288638735), (20.393216673250787, 6.690106586935729), (20.38281201825129, 6.706431159539529), (20.37235464669405, 6.722808446621458), (20.361844558624746, 6.7392384481276215), (20.351281754089133, 6.755721164004055), (20.340666233133035, 6.772256594196721), (20.32999799580235, 6.788844738651506)]",True
1784490074.4946928,0,20.80197155397241,6.119805949291114,0.5000000497824691,90.99833226743611,-0.4048946692594224,22.037961072057097,7.28729944354135,2.3307180184290037,90.2987223748672,0.39897871593904394,1.2359895180846863,1.1674934942502366,1.8307179686465345,-0.6996098925689154,0.8038733851984663,"[(20.767059815557847, 6.119264624192274), (20.758838700837703, 6.133936372237631), (20.75056484394366, 6.14866086052708), (20.74223824491847, 6.163438089008894), (20.733858903804965, 6.178268057631272), (20.725426820646042, 6.193150766342342), (20.716941995484678, 6.208086215090156), (20.708404428363924, 6.223074403822694), (20.699814119326895, 6.238115332487862), (20.691171068416793, 6.253209001033493), (20.682475275676882, 6.268355409407348), (20.673726741150503, 6.283554557557111), (20.664925464881076, 6.298806445430397), (20.656071446912087, 6.314111072974746), (20.647164687287095, 6.329468440137623), (20.638205186049735, 6.344878546866421), (20.629192943243716, 6.3603413931084605), (20.62012795891282, 6.375856978810988), (20.61101023310091, 6.391425303921175), (20.601839765851903, 6.407046368386123), (20.5926165572098, 6.422720172152857), (20.583340607218688, 6.438446715168332), (20.574011915922707, 6.454225997379425), (20.56463048336608, 6.470058018732945), (20.555196309593104, 6.485942779175623), (20.545709394648142, 6.50188027865412), (20.536169738575644, 6.517870517115021), (20.52657734142012, 6.533913494504841), (20.516932203226155, 6.550009210770018), (20.507234324038414, 6.566157665856919), (20.497483703901636, 6.582358859711838), (20.487680342860624, 6.598612792280994), (20.477824240960263, 6.614919463510533), (20.46791539824551, 6.6312788733465275), (20.45795381476139, 6.647691021734979), (20.447939490553004, 6.664155908621813), (20.43787242566553, 6.680673533952883), (20.42775262014422, 6.697243897673968), (20.417580074034383, 6.713866999730775), (20.407354787381426, 6.730542840068937), (20.397076760230814, 6.747271418634013), (20.386745992628086, 6.76405273537149), (20.376362484618863, 6.7808867902267815), (20.36592623624883, 6.797773583145227), (20.35543724756375, 6.8147131140720925)]",True
1784490074.55368,0,20.822779400156342,6.133661986856712,0.5000000173366546,90.99833226743611,-0.4048946692594224,22.140188333503193,7.343348331609039,2.3327246692795867,91.58210067763872,0.2981146713552771,1.3174089333468508,1.2096863447523267,1.832724651942932,0.5837684102026088,0.7030093406146996,"[(20.784598752656745, 6.130264495893835), (20.776513670744944, 6.145272952881425), (20.76837579562777, 6.160334200997767), (20.76018512734793, 6.175448240190478), (20.751941665948223, 6.190615070407106), (20.74364541147151, 6.20583469159512), (20.735296363960725, 6.221107103701919), (20.726894523458885, 6.236432306674827), (20.718439890009076, 6.251810300461093), (20.709932463654457, 6.267241085007895), (20.70137224443826, 6.282724660262336), (20.692759232403795, 6.298261026171446), (20.68409342759444, 6.313850182682179), (20.675374830053652, 6.329492129741419), (20.666603439824954, 6.345186867295973), (20.65777925695195, 6.360934395292577), (20.648902281478314, 6.376734713677891), (20.6399725134478, 6.392587822398503), (20.630989952904223, 6.4084937214009265), (20.62195459989148, 6.424452410631602), (20.612866454453545, 6.440463890036896), (20.60372551663446, 6.456528159563101), (20.594531786478342, 6.472645219156436), (20.58528526402938, 6.488815068763047), (20.575985949331844, 6.505037708329004), (20.566633842430065, 6.521313137800307), (20.55722894336846, 6.53764135712288), (20.547771252191513, 6.554022366242574), (20.538260768943783, 6.570456165105165), (20.528697493669902, 6.586942753656358), (20.51908142641458, 6.6034821318417825), (20.509412567222594, 6.620074299606994), (20.499690916138796, 6.636719256897475), (20.48991647320812, 6.653417003658635), (20.48008923847556, 6.670167539835809), (20.470209211986194, 6.686970865374258), (20.460276393785172, 6.70382698021917), (20.450290783917715, 6.720735884315659), (20.440252382429122, 6.737697577608766), (20.43016118936476, 6.754712060043458), (20.420017204770073, 6.771779331564628), (20.409820428690576, 6.788899392117095), (20.399570861171863, 6.806072241645605), (20.389268502259593, 6.823297880094831), (20.378913351999508, 6.84057630740937)]",True
1784490074.5842836,0,20.835068081682056,6.142263302834096,0.5000000092065859,90.99833226743611,-0.4048946692594224,22.20082043005143,7.37832270070976,2.333713917088899,91.58210067763872,0.2981146713552771,1.365752348369373,1.236059397875664,1.833713907882313,0.5837684102026088,0.7030093406146996,"[(20.78860535926285, 6.132963050332113), (20.78026605890825, 6.147964348021824), (20.77187394963355, 6.163018452631208), (20.76342903148189, 6.178125364107823), (20.75493130449647, 6.193285082399148), (20.74638076872057, 6.2084976074525935), (20.737777424197546, 6.223762939215493), (20.729121270970825, 6.239081077635107), (20.72041230908391, 6.254452022658622), (20.711650538580372, 6.269875774233152), (20.70283595950386, 6.285352332305735), (20.693968571898104, 6.300881696823337), (20.685048375806893, 6.31646386773285), (20.6760753712741, 6.332098844981091), (20.667049558343667, 6.347786628514804), (20.657970937059616, 6.36352721828066), (20.648839507466036, 6.3793206142252545), (20.639655269607093, 6.39516681629511), (20.630418223527027, 6.411065824436677), (20.62112836927015, 6.427017638596329), (20.61178570688085, 6.443022258720368), (20.602390236403583, 6.459079684755022), (20.59294195788289, 6.4751899166464435), (20.583440871363376, 6.491352954340713), (20.573886976889725, 6.507568797783836), (20.56428027450669, 6.523837446921746), (20.554620764259102, 6.540158901700301), (20.544908446191865, 6.556533162065286), (20.535143320349956, 6.572960227962412), (20.525325386778427, 6.589440099337316), (20.515454645522397, 6.605972776135561), (20.50553109662707, 6.622558258302637), (20.49555474013772, 6.6391965457839595), (20.485525576099693, 6.655887638524871), (20.475443604558404, 6.67263153647064), (20.465308825559347, 6.689428239566461), (20.455121239148095, 6.706277747757454), (20.44488084537029, 6.723180060988667), (20.434587644271637, 6.740135179205071), (20.424241635897936, 6.7571431023515665), (20.413842820295045, 6.77420383037298), (20.403391197508903, 6.791317363214063), (20.39288676758552, 6.808483700819492), (20.382329530570974, 6.825702843133873), (20.37171948651143, 6.842974790101734)]",True
1784490074.6416483,0,20.847205183650637,6.151077216865113,0.5000000048891339,90.99833226743611,-0.4048946692594224,22.26089541322911,7.4142993748158315,2.3345686524188287,91.58210067763872,0.2981146713552771,1.4136902295784743,1.2632221579507181,1.8345686475296947,0.5837684102026088,0.7030093406146996,"[(20.804919470026192, 6.14403572762035), (20.7961800372122, 6.159165523196712), (20.787387810879842, 6.174348110375034), (20.778542791072745, 6.1895834891027715), (20.769644977834606, 6.204871659327312), (20.760694371209194, 6.220212620995964), (20.751690971240354, 6.235606374055967), (20.742634777972, 6.2510529184544845), (20.73352579144813, 6.266552254138606), (20.724364011712808, 6.2821043810553485), (20.71514943881017, 6.297709299151655), (20.705882072784426, 6.313367008374394), (20.69656191367987, 6.329077508670362), (20.687188961540855, 6.3448407999862795), (20.677763216411815, 6.360656882268795), (20.668284678337265, 6.376525755464485), (20.658753347361777, 6.392447419519848), (20.64916922353001, 6.408421874381313), (20.63953230688669, 6.4244491199952325), (20.62984259747662, 6.440529156307887), (20.620100095344675, 6.456661983265483), (20.610304800535804, 6.472847600814153), (20.600456713095028, 6.489086008899956), (20.590555833067445, 6.505377207468877), (20.580602160498227, 6.521721196466828), (20.570595695432615, 6.538117975839647), (20.56053643791593, 6.554567545533099), (20.55042438799356, 6.571069905492874), (20.54025954571097, 6.5876250556645894), (20.530041911113702, 6.604232995993789), (20.519771484247364, 6.620893726425942), (20.509448265157644, 6.6376072469064455), (20.499072253890297, 6.654373557380621), (20.488643450491164, 6.671192657793718), (20.478161855006146, 6.688064548090911), (20.467627467481222, 6.704989228217302), (20.45704028796245, 6.721966698117919), (20.446400316495954, 6.738996957737717), (20.43570755312794, 6.756080007021575), (20.42496199790468, 6.773215845914302), (20.414163650872524, 6.790404474360629), (20.403312512077893, 6.807645892305216), (20.39240858156728, 6.824940099692651), (20.381451859387262, 6.842287096467445), (20.37044234558448, 6.859686882574037)]",True
1784490074.6768007,0,20.86314584639044,6.16315518526904,0.5000000021025339,90.99833226743611,-0.4048946692594224,22.340110858638834,7.463782684357212,2.3355303057344003,91.58210067763872,0.2981146713552771,1.4769650122483924,1.300627499088172,1.8355303036318664,0.5837684102026088,0.7030093406146996,"[(20.817145332577358, 6.152623064955698), (20.80827808608177, 6.167893716260767), (20.799358063353857, 6.183217141880628), (20.79038526443734, 6.198593341762636), (20.781359689376018, 6.214022315854072), (20.772281338213766, 6.229504064102144), (20.763150210994525, 6.245038586453988), (20.75396630776231, 6.260625882856664), (20.744729628561217, 6.276265953257161), (20.73544017343541, 6.291958797602391), (20.726097942429128, 6.307704415839198), (20.71670293558668, 6.3235028079143465), (20.707255152952456, 6.339353973774532), (20.69775459457091, 6.355257913366374), (20.68820126048658, 6.3712146266364185), (20.678595150744066, 6.38722411353114), (20.668936265388055, 6.403286373996938), (20.659224604463297, 6.419401407980138), (20.649460168014617, 6.435569215426995), (20.639642956086917, 6.451789796283685), (20.62977296872517, 6.468063150496317), (20.619850205974423, 6.484389278010921), (20.609874667879797, 6.500768178773456), (20.599846354486484, 6.517199852729809), (20.589765265839755, 6.53368429982579), (20.57963140198495, 6.550221520007138), (20.569444762967485, 6.566811513219518), (20.559205348832844, 6.583454279408521), (20.548913159626593, 6.6001498185196645), (20.538568195394365, 6.616898130498393), (20.52817045618187, 6.633699215290078), (20.517719942034887, 6.650553072840016), (20.507216652999276, 6.667459703093431), (20.496660589120964, 6.684419105995473), (20.486051750445956, 6.701431281491219), (20.475390137020327, 6.718496229525673), (20.464675748890222, 6.735613950043764), (20.45390858610187, 6.752784442990349), (20.44308864870157, 6.770007708310211), (20.432215936735684, 6.787283745948058), (20.421290450250662, 6.804612555848528), (20.410312189293016, 6.821994137956182), (20.399281153909342, 6.839428492215508), (20.388197344146302, 6.856915618570923), (20.377060760050632, 6.874455516966768)]",True
1784490074.7246723,0,20.874915042659534,6.172454665854901,0.5000000011165452,90.99833226743611,-0.4048946692594224,22.39883470368258,7.5020179865653525,2.3361380585206972,91.58210067763872,0.2981146713552771,1.5239196610230472,1.3295633207104514,1.8361380574041521,0.5837684102026088,0.7030093406146996,"[(20.824923549447025, 6.158354626979513), (20.81566266914138, 6.173587185550282), (20.806349015028, 6.18887251614124), (20.79698258715115, 6.204210618699818), (20.78756338555515, 6.219601493173374), (20.778091410284397, 6.235045139509193), (20.768566661383367, 6.250541557654485), (20.75898913889661, 6.2660907475563885), (20.74935884286874, 6.281692709161968), (20.739675773344455, 6.297347442418213), (20.72993993036852, 6.313054947272042), (20.72015131398578, 6.328815223670298), (20.710309924241145, 6.344628271559752), (20.700415761179602, 6.3604940908871), (20.690468824846214, 6.376412681598966), (20.680469115286115, 6.3923840436419), (20.670416632544516, 6.408408176962378), (20.660311376666694, 6.424485081506803), (20.650153347698005, 6.440614757221505), (20.639942545683876, 6.45679720405274), (20.629678970669815, 6.473032421946691), (20.61936262270139, 6.489320410849467), (20.60899350182426, 6.505661170707103), (20.598571608084136, 6.522054701465561), (20.588096941526818, 6.538501003070731), (20.577569502198177, 6.5550000754684286), (20.566989290144154, 6.571551918604395), (20.556356305410766, 6.588156532424297), (20.5456705480441, 6.6048139168737325), (20.534932018090323, 6.621524071898221), (20.52414071559567, 6.638286997443211), (20.513296640606452, 6.655102693454077), (20.50239979316905, 6.67197115987612), (20.491450173329923, 6.688892396654569), (20.4804477811356, 6.705866403734576), (20.469392616632685, 6.722893181061223), (20.458284679867855, 6.7399727285795175), (20.447123970887862, 6.7571050462343925), (20.435910489739534, 6.774290133970709), (20.424644236469764, 6.791527991733253), (20.413325211125525, 6.808818619466739), (20.40195341375386, 6.826162017115807), (20.390528844401885, 6.843558184625022), (20.379051503116795, 6.861007121938878), (20.367521389945853, 6.878508829001795)]",True
1784490074.7804828,0,20.89035212342084,6.1851699551881305,0.5000000004801616,90.99833226743611,-0.4048946692594224,22.476087911741654,7.554611398155027,2.336821834493825,91.58210067763872,0.2981146713552771,1.5857357883208145,1.3694414429668962,1.8368218340136635,0.5837684102026088,0.7030093406146996,"[(20.84062215790633, 6.169995369072674), (20.83156328510251, 6.185542725389501), (20.82245172730299, 6.201142764769466), (20.81328748455145, 6.216795487159914), (20.804070556891638, 6.232500892508115), (20.794800944367385, 6.248258980761272), (20.785478647022586, 6.26406975186651), (20.776103664901218, 6.279933205770882), (20.766675998047315, 6.29584934242137), (20.757195646505, 6.311818161764882), (20.74766261031846, 6.327839663748253), (20.73807688953196, 6.343913848318246), (20.728438484189834, 6.360040715421549), (20.718747394336493, 6.376220265004781), (20.709003620016414, 6.392452497014484), (20.69920716127415, 6.40873741139713), (20.68935801815433, 6.425075008099117), (20.679456190701654, 6.4414652870667695), (20.669501678960895, 6.457908248246341), (20.659494482976896, 6.47440389158401), (20.649434602794575, 6.490952217025884), (20.639322038458925, 6.507553224517998), (20.62915679001501, 6.524206914006311), (20.618938857507963, 6.540913285436712), (20.608668240982997, 6.557672338755016), (20.598344940485394, 6.574484073906967), (20.587968956060507, 6.591348490838232), (20.577540287753767, 6.60826558949441), (20.567058935610675, 6.6252353698210245), (20.556524899676802, 6.642257831763526), (20.545938179997798, 6.659332975267294), (20.535298776619378, 6.676460800277632), (20.52460668958734, 6.693641306739774), (20.513861918947548, 6.71087449459888), (20.50306446474594, 6.728160363800035), (20.492214327028524, 6.745498914288255), (20.481311505841386, 6.7628901460084805), (20.470356001230684, 6.780334058905579), (20.459347813242648, 6.797830652924347), (20.448286941923573, 6.815379928009506), (20.43717338731984, 6.832981884105706), (20.426007149477904, 6.850636521157525), (20.414788228444277, 6.868343839109467), (20.403516624265553, 6.886103837905962), (20.3921923369884, 6.903916517491369)]",True
1784490074.8263292,0,20.905703211217897,6.198424460829264,0.5278517006423726,90.99833226743611,-0.4048946692594224,22.552022899805134,7.609136018258736,2.3373845418346764,91.58210067763872,0.2981146713552771,1.646319688587237,1.4107115574294724,1.8095328411923037,0.5837684102026088,0.7030093406146996,"[(20.852673907863547, 6.1795149686215955), (20.84310319630851, 6.1950072567802374), (20.833479724872124, 6.210552303050292), (20.823803493599, 6.226150107378921), (20.814074502533824, 6.241800669713213), (20.80429275172134, 6.257503990000183), (20.794458241206385, 6.273260068186772), (20.78457097103385, 6.289068904219849), (20.774630941248716, 6.3049304980462075), (20.764638151896023, 6.320844849612571), (20.754592603020896, 6.336811958865586), (20.744494294668527, 6.352831825751829), (20.73434322688418, 6.3689044502178005), (20.724139399713202, 6.38502983220993), (20.713882813201, 6.401207971674571), (20.703573467393063, 6.4174388685580075), (20.693211362334953, 6.4337225228064465), (20.682796498072303, 6.450058934366023), (20.67232887465082, 6.466448103182799), (20.66180849211628, 6.482890029202763), (20.651235350514536, 6.499384712371831), (20.64060944989152, 6.515932152635844), (20.62993079029323, 6.53253234994057), (20.61919937176574, 6.549185304231704), (20.608415194355192, 6.56589101545487), (20.597578258107813, 6.582649483555615), (20.586688563069895, 6.599460708479415), (20.575746109287802, 6.6163246901716715), (20.56475089680798, 6.633241428577713), (20.553702925676934, 6.650210923642795), (20.542602195941253, 6.6672331753120995), (20.5314487076476, 6.684308183530735), (20.520242460842702, 6.701435948243738), (20.50898345557337, 6.7186164693960695), (20.497671691886488, 6.735849746932619), (20.486307169829004, 6.753135780798201), (20.474889889447944, 6.770474570937558), (20.46341985079041, 6.787866117295359), (20.451897053903572, 6.8053104198162), (20.44032149883468, 6.822807478444602), (20.428693185631058, 6.840357293125016), (20.417012114340093, 6.857959863801815), (20.40527828500925, 6.875615190419303), (20.39349169768607, 6.893323272921709), (20.38165235241817, 6.911084111253187)]",True
1784490074.9011495,0,20.913720931879826,6.205678764241126,0.5531176770327918,90.99833226743611,-0.4048946692594224,22.589477679976465,7.637112079992536,2.337627350380313,91.58210067763872,0.2981146713552771,1.6757567480966387,1.43143331575141,1.7845096733475212,0.5837684102026088,0.7030093406146996,"[(20.868513598420282, 6.192271484740959), (20.85915549078331, 6.208096507793033), (20.849744637921823, 6.223974274139065), (20.84028103988007, 6.2399047837258355), (20.83076469670237, 6.25588803650005), (20.82119560843311, 6.271924032408341), (20.81157377511676, 6.288012771397269), (20.80189919679785, 6.304154253413319), (20.792171873521, 6.320348478402906), (20.782391805330885, 6.336595446312369), (20.77255899227227, 6.352895157087977), (20.762673434389978, 6.369247610675921), (20.752735131728915, 6.385652807022323), (20.74274408433406, 6.40211074607323), (20.73270029225046, 6.418621427774617), (20.722603755523238, 6.435184852072385), (20.712454474197592, 6.45180101891236), (20.702252448318788, 6.4684699282402995), (20.69199767793217, 6.485191580001883), (20.681690163083157, 6.50196597414272), (20.671329903817234, 6.518793110608344), (20.660916900179963, 6.535672989344219), (20.65045115221698, 6.552605610295732), (20.639932659973997, 6.569590973408199), (20.629361423496793, 6.5866290786268635), (20.618737442831222, 6.603719925896894), (20.60806071802321, 6.620863515163387), (20.597331249118767, 6.638059846371363), (20.58654903616396, 6.655308919465774), (20.575714079204936, 6.672610734391497), (20.56482637828792, 6.689965291093333), (20.5538859334592, 6.707372589516014), (20.54289274476515, 6.7248326296041965), (20.53184681225221, 6.7423454113024635), (20.520748135966887, 6.759910934555326), (20.509596715955773, 6.777529199307222), (20.498392552265525, 6.795200205502514), (20.487135644942878, 6.812923953085495), (20.47582599403464, 6.830700442000381), (20.46446359958769, 6.848529672191319), (20.45304846164898, 6.866411643602379), (20.441580580265537, 6.884346356177559), (20.430059955484456, 6.902333809860785), (20.418486587352913, 6.920374004595908), (20.40686047591815, 6.938466940326708)]",True
1784490074.947293,0,20.921798514738033,6.21340327380973,0.5525211435795341,90.99833226743611,-0.4048946692594224,22.62648280662085,7.6656879386072045,2.3378476168239883,91.58210067763872,0.2981146713552771,1.704684291882817,1.4522846647974745,1.7853264732444543,0.5837684102026088,0.7030093406146996,"[(20.872238715806485, 6.1954350139886465), (20.86270119004683, 6.211221796628277), (20.853110908484314, 6.227061333204033), (20.843467871163465, 6.242953623662702), (20.833772078128884, 6.258898667951), (20.82402352942525, 6.274896466015568), (20.814222225097318, 6.290947017802976), (20.804368165189906, 6.307050323259719), (20.794461349747912, 6.323206382332219), (20.784501778816303, 6.339415194966826), (20.774489452440125, 6.355676761109814), (20.764424370664496, 6.371991080707387), (20.754306533534603, 6.388358153705673), (20.74413594109571, 6.40477798005073), (20.733912593393157, 6.421250559688539), (20.723636490472348, 6.43777589256501), (20.71330763237877, 6.454353978625979), (20.70292601915797, 6.470984817817208), (20.692491650855587, 6.487668410084389), (20.68200452751732, 6.504404755373137), (20.671464649188948, 6.521193853628994), (20.66087201591632, 6.538035704797433), (20.65022662774535, 6.554930308823848), (20.639528484722042, 6.571877665653563), (20.628777586892465, 6.588877775231828), (20.617973934302757, 6.605930637503821), (20.607117526999136, 6.623036252414645), (20.59620836502789, 6.640194619909329), (20.58524644843538, 6.657405739932832), (20.574231777268043, 6.674669612430037), (20.563164351572386, 6.691986237345755), (20.55204417139499, 6.709355614624722), (20.540871236782515, 6.726777744211604), (20.529645547781683, 6.74425262605099), (20.5183671044393, 6.7617802600873995), (20.50703590680224, 6.779360646265276), (20.49565195491745, 6.796993784528989), (20.48421524883195, 6.814679674822838), (20.472725788592836, 6.832418317091047), (20.461183574247276, 6.850209711277768), (20.449588605842514, 6.8680538573270775), (20.43794088342586, 6.885950755182981), (20.426240407044705, 6.903900404789411), (20.41448717674651, 6.921902806090224), (20.402681192578804, 6.939957959029206)]",True
1784490074.9978583,0,20.937039548172645,6.22845988768718,0.5225863089002675,90.99833226743611,-0.4048946692594224,22.699163295693925,7.724536625025787,2.338228700257878,91.58210067763872,0.2981146713552771,1.7621237475212794,1.4960767373386075,1.8156423913576103,0.5837684102026088,0.7030093406146996,"[(20.87969974718779, 6.20173756731525), (20.870248731987786, 6.217677903804569), (20.86074499389003, 6.233670961256306), (20.851188532938835, 6.2497167396171545), (20.841579349178584, 6.265815238833737), (20.831917442653733, 6.2819664588526), (20.82220281340881, 6.298170399620219), (20.812435461488423, 6.314427061082997), (20.802615386937248, 6.33073644318726), (20.792742589800035, 6.347098545879267), (20.782817070121606, 6.363513369105199), (20.77283882794686, 6.379980912811166), (20.76280786332076, 6.396501176943205), (20.75272417628835, 6.413074161447279), (20.742587766894747, 6.429699866269278), (20.732398635185135, 6.44637829135502), (20.722156781204777, 6.46310943665025), (20.711862204999008, 6.479893302100639), (20.701514906613237, 6.496729887651786), (20.691114886092944, 6.513619193249215), (20.68066214348368, 6.530561218838379), (20.67015667883107, 6.547555964364657), (20.65959849218082, 6.564603429773355), (20.648987583578695, 6.5817036150097055), (20.638323953070547, 6.598856520018869), (20.62760760070229, 6.616062144745934), (20.616838526519917, 6.6333204891359125), (20.606016730569493, 6.6506315531337465), (20.595142212897155, 6.667995336684303), (20.584214973549116, 6.685411839732377), (20.573235012571658, 6.702881062222691), (20.562202330011136, 6.720403004099892), (20.551116925913984, 6.7379776653085575), (20.539978800326704, 6.755605045793189), (20.528787953295872, 6.773285145498216), (20.51754438486814, 6.791017964367995), (20.50624809509022, 6.8088035023468105), (20.49489908400892, 6.826641759378871), (20.4834973516711, 6.844532735408316), (20.472042898123707, 6.862476430379208), (20.460535723413752, 6.880472844235539), (20.448975827588324, 6.898521976921228), (20.43736321069458, 6.916623828380119), (20.425697872779764, 6.934778398555984), (20.413979813891174, 6.952985687392523)]",True
1784490075.047107,0,20.947973504089592,6.23945138742497,0.5119944014571138,90.99833226743611,-0.4048946692594224,22.752494624608563,7.770106971237527,2.338469540189491,91.58210067763872,0.2981146713552771,1.8045211205189702,1.5306555838125568,1.826475138732377,0.5837684102026088,0.7030093406146996,"[(20.908068596447773, 6.2270186913511525), (20.89961188290758, 6.243987399915321), (20.891102452684265, 6.2610088226260805), (20.882540305820726, 6.278082959428751), (20.873925442359926, 6.295209810268578), (20.865257862344908, 6.312389375090737), (20.856537565818783, 6.329621653840325), (20.84776455282473, 6.346906646462372), (20.838938823406018, 6.3642443529018315), (20.83006037760597, 6.381634773103585), (20.821129215467998, 6.39907790701244), (20.812145337035574, 6.416573754573134), (20.803108742352247, 6.4341223157303284), (20.794019431461646, 6.451723590428613), (20.78487740440746, 6.469377578612503), (20.775682661233464, 6.487084280226444), (20.7664352019835, 6.504843695214806), (20.757135026701484, 6.522655823521886), (20.7477821354314, 6.5405206650919085), (20.738376528217312, 6.558438219869026), (20.72891820510336, 6.576408487797317), (20.719407166133742, 6.594431468820788), (20.709843411352743, 6.61250716288337), (20.700226940804715, 6.630635569928924), (20.69055775453408, 6.6488166899012375), (20.680835852585343, 6.667050522744023), (20.671061235003076, 6.685337068400922), (20.66123390183192, 6.703676326815502), (20.651353853116596, 6.722068297931259), (20.641421088901897, 6.740512981691614), (20.631435609232685, 6.759010378039917), (20.621397414153897, 6.777560486919442), (20.61130650371054, 6.796163308273393), (20.6011628779477, 6.814818842044902), (20.590966536910535, 6.833527088177024), (20.58071748064427, 6.852288046612744), (20.57041570919421, 6.871101717294972), (20.560061222605732, 6.8899681001665485), (20.549654020924276, 6.908887195170237), (20.539194104195367, 6.927859002248731), (20.5286814724646, 6.946883521344648), (20.518116125777645, 6.965960752400536), (20.507498064180236, 6.985090695358867), (20.49682728771819, 7.004273350162043), (20.48610379643739, 7.02350871675239)]",True
1784490075.1183214,0,20.955283066300936,6.247003787666155,0.5387325536069499,90.99833226743611,-0.4048946692594224,22.787467773541092,7.801160983801247,2.3386116185755776,91.58210067763872,0.2981146713552771,1.832184707240156,1.5541571961350922,1.7998790649686276,0.5837684102026088,0.7030093406146996,"[(20.91596871911184, 6.235021265254017), (20.90707267833653, 6.251882850300338), (20.89812386954669, 6.268797200979857), (20.889122292786013, 6.285764317237813), (20.88006794809825, 6.302784199019373), (20.870960835527235, 6.319856846269629), (20.861800955116873, 6.3369822589336), (20.852588306911137, 6.3541604369562315), (20.843322890954084, 6.371391380282397), (20.834004707289832, 6.388675088856894), (20.824633755962584, 6.4060115626244505), (20.815210037016605, 6.423400801529718), (20.805733550496246, 6.440842805517275), (20.79620429644592, 6.458337574531628), (20.786622274910123, 6.475885108517208), (20.776987485933414, 6.493485407418377), (20.767299929560437, 6.511138471179418), (20.757559605835898, 6.528844299744544), (20.747766514804578, 6.546602893057894), (20.737920656511342, 6.564414251063535), (20.72802203100112, 6.582278373705457), (20.718070638318917, 6.600195260927581), (20.708066478509807, 6.618164912673751), (20.69800955161894, 6.63618732888774), (20.687899857691548, 6.654262509513247), (20.677737396772926, 6.672390454493898), (20.66752216890844, 6.690571163773244), (20.657254174143546, 6.708804637294764), (20.64693341252375, 6.727090875001865), (20.636559884094652, 6.7454298768378775), (20.62613358890191, 6.763821642746061), (20.615654526991268, 6.782266172669601), (20.605122698408536, 6.80076346655161), (20.594538103199596, 6.819313524335126), (20.58390074141041, 6.837916345963114), (20.573210613087006, 6.856571931378467), (20.562467718275492, 6.875280280524004), (20.551672057022046, 6.89404139334247), (20.540823629372916, 6.9128552697765375), (20.52992243537443, 6.931721909768804), (20.518968475072988, 6.950641313261795), (20.50796174851506, 6.969613480197964), (20.49690225574719, 6.988638410519688), (20.485789996816, 7.0077161041692735), (20.474624971768176, 7.026846561088951)]",True
1784490075.1901064,0,20.974338272461775,6.268061154336957,0.5952159037892375,90.99833226743611,-0.4048946692594224,22.872602031171002,7.881312083388125,2.338911753872501,91.58210067763872,0.2981146713552771,1.898263758709227,1.6132509290511683,1.7436958500832633,0.5837684102026088,0.7030093406146996,"[(20.926652200545206, 6.246032297741346), (20.917140891856615, 6.262688634581883), (20.90757683193761, 6.279397720519594), (20.897960020832656, 6.29615955550009), (20.88829045858629, 6.312974139468912), (20.878568145243133, 6.329841472371524), (20.868793080847865, 6.346761554153321), (20.858965265445253, 6.363734384759623), (20.849084699080127, 6.3807599641356765), (20.839151381797393, 6.397838292226654), (20.829165313642033, 6.414969368977656), (20.819126494659102, 6.432153194333709), (20.809034924893723, 6.449389768239767), (20.7988906043911, 6.466679090640712), (20.788693533196508, 6.484021161481349), (20.778443711355283, 6.5014159807064145), (20.768141138912856, 6.518863548260568), (20.757785815914712, 6.536363864088398), (20.747377742406425, 6.553916928134418), (20.736916918433625, 6.57152274034307), (20.72640334404203, 6.589181300658723), (20.715837019277426, 6.60689260902567), (20.705217944185666, 6.624656665388134), (20.69454611881269, 6.642473469690263), (20.683821543204495, 6.660343021876133), (20.673044217407167, 6.678265321889745), (20.662214141466855, 6.696240369675028), (20.651331315429783, 6.714268165175838), (20.64039573934225, 6.732348708335958), (20.629407413250625, 6.7504819990990965), (20.61836633720136, 6.76866803740889), (20.60727251124096, 6.786906823208901), (20.59612593541603, 6.805198356442619), (20.584926609773223, 6.823542637053461), (20.57367453435928, 6.84193966498477), (20.562369709221016, 6.860389440179816), (20.551012134405312, 6.878891962581795), (20.539601809959123, 6.897447232133831), (20.52813873592948, 6.916055248778975), (20.516622912363488, 6.934716012460204), (20.505054339308323, 6.9534295231204215), (20.493433016811235, 6.972195780702458), (20.481758944919548, 6.991014785149073), (20.470032123680657, 7.009886536402949), (20.45825255314203, 7.028811034406696)]",True
1784490075.2369177,0,20.997981522793694,6.29696268259969,0.6471204717183454,92.00196179697238,-0.5472243714019259,22.969787863255196,7.982538618505584,2.339187558916939,91.58210067763872,0.2981146713552771,1.9718063404615016,1.6855759359058942,1.6920670871985934,-0.4198611193336603,0.845339042757203,"[(20.951671041069858, 6.272456313669025), (20.94144936261338, 6.289013576864222), (20.931174952532263, 6.305623569796132), (20.920847810871855, 6.322286292410628), (20.910467937677584, 6.339001744653513), (20.900035332994946, 6.355769926470514), (20.889549996869505, 6.372590837807287), (20.879011929346905, 6.3894644786094155), (20.86842113047286, 6.406390848822408), (20.857777600293158, 6.4233699483917), (20.847081338853663, 6.440401777262657), (20.836332346200304, 6.457486335380569), (20.825530622379095, 6.474623622690652), (20.814676167436108, 6.491813639138051), (20.8037689814175, 6.509056384667838), (20.7928090643695, 6.526351859225011), (20.781796416338402, 6.543700062754495), (20.770731037370577, 6.5611009952011425), (20.759612927512478, 6.578554656509732), (20.748442086810616, 6.596061046624972), (20.737218515311586, 6.6136201654914935), (20.725942213062048, 6.631232013053858), (20.714613180108742, 6.648896589256553), (20.70323141649848, 6.666613894043992), (20.69179692227814, 6.684383927360516), (20.680309697494682, 6.702206689150394), (20.668769742195135, 6.720082179357821), (20.6571770564266, 6.738010397926918), (20.645531640236257, 6.755991344801736), (20.633833493671347, 6.774025019926251), (20.622082616779196, 6.792111423244364), (20.610279009607197, 6.810250554699907), (20.59842267220282, 6.828442414236638), (20.5865136046136, 6.846687001798239), (20.574551806887154, 6.8649843173283225), (20.56253727907117, 6.883334360770426), (20.550470021213403, 6.901737132068014), (20.538350033361688, 6.92019263116448), (20.52617731556393, 6.938700858003141), (20.51395186786811, 6.957261812527245), (20.501673690322274, 6.975875494679965), (20.48934278297455, 6.994541904404399), (20.47695914587314, 7.0132610416435766), (20.464522779066307, 7.03203290634045), (20.452033682602398, 7.0508574984379)]",True
1784490075.281204,0,21.005945596064883,6.307346081833884,0.6613136549690142,92.00196179697238,-0.5472243714019259,23.001058408201,8.017336398678028,2.3392629771641826,91.58210067763872,0.2981146713552771,1.9951128121361172,1.7099903168441442,1.6779493221951685,-0.4198611193336603,0.845339042757203,"[(20.96280166147627, 6.285406977340514), (20.952246807830722, 6.301919472682516), (20.94163922767976, 6.318484692755707), (20.930978921069165, 6.335102637506061), (20.92026588804478, 6.351773306879481), (20.909500128652542, 6.368496700821794), (20.898681642938442, 6.385272819278756), (20.88781043094855, 6.402101662196049), (20.876886492729014, 6.418983229519284), (20.865909828326046, 6.435917521193997), (20.85488043778594, 6.452904537165652), (20.843798321155056, 6.469944277379638), (20.83266347847983, 6.487036741781275), (20.821475909806775, 6.5041819303158075), (20.81023561518247, 6.521379842928407), (20.79894259465357, 6.538630479564172), (20.7875968482668, 6.555933840168128), (20.776198376068965, 6.5732899246852305), (20.764747178106933, 6.590698733060357), (20.75324325442766, 6.608160265238316), (20.741686605078158, 6.62567452116384), (20.73007723010552, 6.643241500781593), (20.718415129556913, 6.660861204036161), (20.706700303479575, 6.67853363087206), (20.694932751920817, 6.696258781233732), (20.683112474928027, 6.714036655065547), (20.671239472548656, 6.731867252311801), (20.65931374483024, 6.749750572916717), (20.647335291820376, 6.767686616824447), (20.635304113566747, 6.7856753839790676), (20.623220210117097, 6.803716874324583), (20.611083581519253, 6.821811087804925), (20.59889422782111, 6.839958024363954), (20.58665214907063, 6.858157683945453), (20.574357345315857, 6.876410066493137), (20.562009816604906, 6.8947151719506445), (20.549609562985964, 6.913073000261543), (20.53715658450729, 6.931483551369325), (20.524650881217216, 6.949946825217414), (20.51209245316415, 6.968462821749156), (20.49948130039657, 6.987031540907828), (20.48681742296303, 7.00565298263663), (20.47410082091215, 7.024327146878693), (20.46133149429263, 7.0430540335770715), (20.44850944315324, 7.06183364267475)]",True
1784490075.3266547,0,21.025747680448898,6.334789704573599,0.6912962257636012,92.00196179697238,-0.5472243714019259,23.076136239895806,8.10701280450819,2.3394222954014845,91.58210067763872,0.2981146713552771,2.0503885594469082,1.7722230999345916,1.6481260696378834,-0.4198611193336603,0.845339042757203,"[(20.982042066662917, 6.309281093442007), (20.97110583621523, 6.325862473593139), (20.960116887821364, 6.3424965700108435), (20.949075221527565, 6.359183382641059), (20.937980837380167, 6.375922911429649), (20.92683373542557, 6.3927151563224065), (20.91563391571026, 6.40956011726505), (20.904381378280775, 6.426457794203226), (20.89307612318374, 6.443408187082507), (20.881718150465847, 6.4604112958483935), (20.870307460173866, 6.477467120446313), (20.858844052354634, 6.494575660821621), (20.847327927055066, 6.511736916919598), (20.835759084322145, 6.528950888685454), (20.824137524202936, 6.546217576064325), (20.812463246744564, 6.563536979001273), (20.800736251994234, 6.580909097441289), (20.788956539999226, 6.59833393132929), (20.777124110806888, 6.615811480610122), (20.765238964464643, 6.633341745228556), (20.753301101019993, 6.650924725129291), (20.7413105205205, 6.668560420256951), (20.729267223013807, 6.686248830556092), (20.717171208547626, 6.703989955971193), (20.70502247716975, 6.721783796446661), (20.69282102892803, 6.739630351926831), (20.68056686387041, 6.757529622355965), (20.66825998204489, 6.775481607678251), (20.65590038349955, 6.793486307837806), (20.643488068282537, 6.811543722778671), (20.631023036442084, 6.829653852444818), (20.618505288026483, 6.847816696780145), (20.60593482308411, 6.8660322557284745), (20.5933116416634, 6.884300529233559), (20.580635743812874, 6.902621517239077), (20.56790712958112, 6.920995219688636), (20.555125799016796, 6.939421636525767), (20.542291752168644, 6.95790076769393), (20.529404989085467, 6.976432613136514), (20.516465509816143, 6.995017172796833), (20.503473314409632, 7.013654446618127), (20.490428402914954, 7.032344434543567), (20.477330775381212, 7.051087136516246), (20.464180431857578, 7.06988255247919), (20.450977372393293, 7.088730682375347)]",True
1784490075.4011536,0,21.041265515780424,6.358152793423371,0.7105432002560569,92.00196179697238,-0.5472243714019259,23.146763294179273,8.20024493222885,2.339547170666646,91.58210067763872,0.2981146713552771,2.105497778398849,1.8420921388054792,1.6290039704105892,-0.4198611193336603,0.845339042757203,"[(20.989573865749435, 6.319247239161449), (20.97822253610803, 6.335593575539559), (20.9668184927644, 6.351992624134361), (20.955361735765354, 6.368444384892144), (20.943852265157773, 6.384948857759126), (20.932290080988608, 6.40150604268145), (20.920675183304887, 6.418115939605188), (20.909007572153705, 6.434778548476339), (20.897287247582234, 6.451493869240828), (20.88551420963772, 6.468261901844508), (20.87368845836748, 6.4850826462331606), (20.8618099938189, 6.501956102352492), (20.849878816039446, 6.518882270148136), (20.83789492507665, 6.5358611495656564), (20.825858320978128, 6.552892740550541), (20.813769003791553, 6.569977043048206), (20.801626973564684, 6.587114057003993), (20.78943223034534, 6.604303782363175), (20.777184774181432, 6.621546219070948), (20.764884605120923, 6.638841367072438), (20.75253172321186, 6.656189226312696), (20.740126128502364, 6.673589796736701), (20.727667821040622, 6.69104307828936), (20.7151568008749, 6.708549070915506), (20.702593068053535, 6.7261077745599), (20.689976622624936, 6.743719189167229), (20.677307464637586, 6.761383314682109), (20.664585594140036, 6.779100151049081), (20.651811011180918, 6.796869698212616), (20.63898371580893, 6.814691956117109), (20.626103708072847, 6.832566924706885), (20.613170988021515, 6.850494603926195), (20.600185555703852, 6.868474993719215), (20.587147411168853, 6.886508094030053), (20.57405655446558, 6.90459390480274), (20.560912985643174, 6.922732425981235), (20.54771670475084, 6.940923657509426), (20.534467711837863, 6.959167599331127), (20.521166006953603, 6.977464251390078), (20.507811590147483, 6.995813613629949), (20.49440446146901, 7.014215685994333), (20.480944620967755, 7.032670468426756), (20.467432068693366, 7.051177960870665), (20.453866804695565, 7.069738163269438), (20.440248829024146, 7.08835107556638)]",True
1784490075.428093,0,21.052598323945336,6.3764258721084905,0.7227070457772595,92.00196179697238,-0.5472243714019259,23.1739436844868,8.238331891168926,2.339589202919558,91.58210067763872,0.2981146713552771,2.121345360541465,1.8619060190604353,1.6168821571422987,-0.4198611193336603,0.845339042757203,"[(20.993498736030087, 6.324502488600178), (20.982118141595805, 6.340903606024891), (20.97068483474716, 6.35735743437104), (20.959198815530993, 6.373863973584849), (20.94766008399421, 6.390423223612467), (20.936068640183805, 6.407035184399972), (20.924424484146833, 6.423699855893367), (20.91272761593043, 6.440417238038583), (20.900978035581794, 6.457187330781479), (20.889175743148204, 6.47401013406784), (20.87732073867701, 6.49088564784338), (20.865413022215638, 6.507813872053738), (20.853452593811582, 6.524794806644482), (20.84143945351241, 6.541828451561106), (20.829373601365766, 6.558914806749031), (20.817255037419358, 6.576053872153606), (20.805083761720976, 6.593245647720107), (20.792859774318483, 6.610490133393738), (20.78058307525981, 6.627787329119628), (20.768253664592958, 6.645137234842835), (20.75587154236601, 6.662539850508344), (20.743436708627115, 6.679995176061067), (20.7309491634245, 6.697503211445842), (20.71840890680646, 6.7150639566074375), (20.70581593882136, 6.7326774114905446), (20.693170259517647, 6.750343576039786), (20.680471868943833, 6.768062450199707), (20.66772076714851, 6.785834033914785), (20.654916954180337, 6.803658327129422), (20.642060430088048, 6.821535329787946), (20.629151194920446, 6.839465041834615), (20.616189248726414, 6.857447463213612), (20.603174591554904, 6.875482593869048), (20.59010722345494, 6.893570433744962), (20.576987144475616, 6.911710982785319), (20.563814354666107, 6.929904240934011), (20.550588854075656, 6.948150208134859), (20.537310642753578, 6.966448884331609), (20.52397972074926, 6.984800269467934), (20.510596088112166, 7.003204363487438), (20.497159744891828, 7.021661166333647), (20.483670691137856, 7.040170677950019), (20.470128926899932, 7.058732898279935), (20.456534452227803, 7.077347827266706), (20.4428872671713, 7.09601546485357)]",True
1784490075.480887,0,21.05630485361694,6.382651446161488,0.726382326317391,92.00196179697238,-0.5472243714019259,23.18733153910246,8.257518738501448,2.339608732239484,91.58210067763872,0.2981146713552771,2.1310266854855193,1.8748672923399594,1.6132264059220929,-0.4198611193336603,0.845339042757203,"[(20.99744844084153, 6.329879103843343), (20.986042072430028, 6.346339318501671), (20.974582992170728, 6.362852243505109), (20.9630712001105, 6.379417878799804), (20.951506696296295, 6.39603622433183), (20.939889480775125, 6.412707280047189), (20.92821955359408, 6.429431045891809), (20.91649691480032, 6.446207521811544), (20.90472156444108, 6.463036707752179), (20.89289350256367, 6.479918603659423), (20.88101272921547, 6.496853209478913), (20.86907924444393, 6.513840525156214), (20.85709304829658, 6.530880550636817), (20.845054140821016, 6.547973285866141), (20.83296252206491, 6.565118730789532), (20.820818192076008, 6.582316885352263), (20.808621150902127, 6.599567749499535), (20.796371398591155, 6.616871323176475), (20.784068935191055, 6.634227606328138), (20.771713760749865, 6.651636598899506), (20.759305875315693, 6.669098300835488), (20.746845278936718, 6.686612712080921), (20.734331971661195, 6.704179832580567), (20.721765953537453, 6.7217996622791185), (20.70914722461389, 6.739472201121193), (20.69647578493898, 6.757197449051335), (20.683751634561265, 6.774975406014018), (20.670974773529366, 6.792806071953642), (20.658145201891973, 6.810689446814532), (20.64526291969785, 6.8286255305409425), (20.632327926995835, 6.846614323077055), (20.619340223834836, 6.864655824366977), (20.606299810263835, 6.882750034354746), (20.593206686331886, 6.900896952984324), (20.580060852088117, 6.9190965801996), (20.56686230758173, 6.937348915944392), (20.553611052862, 6.9556539601624445), (20.540307087978267, 6.974011712797429), (20.526950412979957, 6.992422173792944), (20.51354102791656, 7.010885343092515), (20.500078932837635, 7.029401220639597), (20.486564127792825, 7.047969806377569), (20.472996612831835, 7.066591100249739), (20.459376388004454, 7.085265102199341), (20.445703453360537, 7.1039918121695385)]",True
1784490075.549154,0,21.067181218455005,6.401710595863596,0.7363924545417746,92.00196179697238,-0.5472243714019259,23.22660718619836,8.31568848592948,2.3396619230080407,91.58210067763872,0.2981146713552771,2.1594259677433563,1.9139778900658833,1.603269468466266,-0.4198611193336603,0.845339042757203,"[(21.013059004134764, 6.351817381926151), (21.002366988891428, 6.3693997522270465), (20.99162223225511, 6.387034861869028), (20.980824734271796, 6.404722710796575), (20.969974494987532, 6.422463298954097), (20.959071514448446, 6.440256626285926), (20.948115792700737, 6.458102692736325), (20.937107329790678, 6.476001498249484), (20.92604612576461, 6.493953042769516), (20.914932180668956, 6.511957326240466), (20.903765494550203, 6.530014348606303), (20.892546067454912, 6.5481241098109235), (20.881273899429726, 6.5662866097981505), (20.86994899052135, 6.584501848511736), (20.85857134077657, 6.602769825895357), (20.847140950242242, 6.621090541892618), (20.83565781896529, 6.63946399644705), (20.82412194699272, 6.657890189502114), (20.812533334371604, 6.676369121001194), (20.800891981149093, 6.694900790887604), (20.789197887372406, 6.713485199104582), (20.777451053088836, 6.732122345595296), (20.765651478345752, 6.75081223030284), (20.75379916319059, 6.769554853170233), (20.741894107670866, 6.788350214140426), (20.729936311834166, 6.807198313156291), (20.717925775728144, 6.826099150160631), (20.705862499400535, 6.845052725096174), (20.693746482899144, 6.864059037905577), (20.681577726271847, 6.883118088531421), (20.669356229566596, 6.902229876916218), (20.657081992831415, 6.921394403002403), (20.6447550161144, 6.940611666732342), (20.63237529946372, 6.9598816680483235), (20.61994284292762, 6.979204406892567), (20.607457646554415, 6.998579883207217), (20.594919710392496, 7.018008096934345), (20.58232903449032, 7.03748904801595), (20.569685618896425, 7.057022736393959), (20.556989463659416, 7.076609162010223), (20.544240568827973, 7.096248324806524), (20.531438934450854, 7.115940224724567), (20.518584560576883, 7.135684861705988), (20.50567744725496, 7.155482235692346), (20.492717594534057, 7.1753323466251295)]",True
1784490075.5777395,0,21.096531972159237,6.459840932649087,0.8569739190847077,92.00196179697238,-0.5472243714019259,23.324796480450576,8.475010378926877,2.3397710157295535,91.58210067763872,0.2981146713552771,2.228264508291339,2.01516944627779,1.4827970966448458,-0.4198611193336603,0.845339042757203,"[(21.013059004134764, 6.351817381926151), (21.002366988891428, 6.3693997522270465), (20.99162223225511, 6.387034861869028), (20.980824734271796, 6.404722710796575), (20.969974494987532, 6.422463298954097), (20.959071514448446, 6.440256626285926), (20.948115792700737, 6.458102692736325), (20.937107329790678, 6.476001498249484), (20.92604612576461, 6.493953042769516), (20.914932180668956, 6.511957326240466), (20.903765494550203, 6.530014348606303), (20.892546067454912, 6.5481241098109235), (20.881273899429726, 6.5662866097981505), (20.86994899052135, 6.584501848511736), (20.85857134077657, 6.602769825895357), (20.847140950242242, 6.621090541892618), (20.83565781896529, 6.63946399644705), (20.82412194699272, 6.657890189502114), (20.812533334371604, 6.676369121001194), (20.800891981149093, 6.694900790887604), (20.789197887372406, 6.713485199104582), (20.777451053088836, 6.732122345595296), (20.765651478345752, 6.75081223030284), (20.75379916319059, 6.769554853170233), (20.741894107670866, 6.788350214140426), (20.729936311834166, 6.807198313156291), (20.717925775728144, 6.826099150160631), (20.705862499400535, 6.845052725096174), (20.693746482899144, 6.864059037905577), (20.681577726271847, 6.883118088531421), (20.669356229566596, 6.902229876916218), (20.657081992831415, 6.921394403002403), (20.6447550161144, 6.940611666732342), (20.63237529946372, 6.9598816680483235), (20.61994284292762, 6.979204406892567), (20.607457646554415, 6.998579883207217), (20.594919710392496, 7.018008096934345), (20.58232903449032, 7.03748904801595), (20.569685618896425, 7.057022736393959), (20.556989463659416, 7.076609162010223), (20.544240568827973, 7.096248324806524), (20.531438934450854, 7.115940224724567), (20.518584560576883, 7.135684861705988), (20.50567744725496, 7.155482235692346), (20.492717594534057, 7.1753323466251295)]",True
1784490075.6369467,0,21.12103035154144,6.512512778942746,0.8130113035366162,92.00196179697238,-0.5472243714019259,23.40265370524047,8.619086502739956,2.339837157746744,91.58210067763872,0.2981146713552771,2.2816233536990325,2.1065737237972098,1.5268258542101276,-0.4198611193336603,0.845339042757203,"[(21.013059004134764, 6.351817381926151), (21.002366988891428, 6.3693997522270465), (20.99162223225511, 6.387034861869028), (20.980824734271796, 6.404722710796575), (20.969974494987532, 6.422463298954097), (20.959071514448446, 6.440256626285926), (20.948115792700737, 6.458102692736325), (20.937107329790678, 6.476001498249484), (20.92604612576461, 6.493953042769516), (20.914932180668956, 6.511957326240466), (20.903765494550203, 6.530014348606303), (20.892546067454912, 6.5481241098109235), (20.881273899429726, 6.5662866097981505), (20.86994899052135, 6.584501848511736), (20.85857134077657, 6.602769825895357), (20.847140950242242, 6.621090541892618), (20.83565781896529, 6.63946399644705), (20.82412194699272, 6.657890189502114), (20.812533334371604, 6.676369121001194), (20.800891981149093, 6.694900790887604), (20.789197887372406, 6.713485199104582), (20.777451053088836, 6.732122345595296), (20.765651478345752, 6.75081223030284), (20.75379916319059, 6.769554853170233), (20.741894107670866, 6.788350214140426), (20.729936311834166, 6.807198313156291), (20.717925775728144, 6.826099150160631), (20.705862499400535, 6.845052725096174), (20.693746482899144, 6.864059037905577), (20.681577726271847, 6.883118088531421), (20.669356229566596, 6.902229876916218), (20.657081992831415, 6.921394403002403), (20.6447550161144, 6.940611666732342), (20.63237529946372, 6.9598816680483235), (20.61994284292762, 6.979204406892567), (20.607457646554415, 6.998579883207217), (20.594919710392496, 7.018008096934345), (20.58232903449032, 7.03748904801595), (20.569685618896425, 7.057022736393959), (20.556989463659416, 7.076609162010223), (20.544240568827973, 7.096248324806524), (20.531438934450854, 7.115940224724567), (20.518584560576883, 7.135684861705988), (20.50567744725496, 7.155482235692346), (20.492717594534057, 7.1753323466251295)]",True
1784490075.6747286,0,21.127988150120547,6.527156982019349,0.8085325052119495,92.00196179697238,-0.5472243714019259,23.42348140786337,8.66099257026132,2.3398522678898517,91.58210067763872,0.2981146713552771,2.295493257742823,2.13383558824197,1.531319762677902,-0.4198611193336603,0.845339042757203,"[(21.013059004134764, 6.351817381926151), (21.002366988891428, 6.3693997522270465), (20.99162223225511, 6.387034861869028), (20.980824734271796, 6.404722710796575), (20.969974494987532, 6.422463298954097), (20.959071514448446, 6.440256626285926), (20.948115792700737, 6.458102692736325), (20.937107329790678, 6.476001498249484), (20.92604612576461, 6.493953042769516), (20.914932180668956, 6.511957326240466), (20.903765494550203, 6.530014348606303), (20.892546067454912, 6.5481241098109235), (20.881273899429726, 6.5662866097981505), (20.86994899052135, 6.584501848511736), (20.85857134077657, 6.602769825895357), (20.847140950242242, 6.621090541892618), (20.83565781896529, 6.63946399644705), (20.82412194699272, 6.657890189502114), (20.812533334371604, 6.676369121001194), (20.800891981149093, 6.694900790887604), (20.789197887372406, 6.713485199104582), (20.777451053088836, 6.732122345595296), (20.765651478345752, 6.75081223030284), (20.75379916319059, 6.769554853170233), (20.741894107670866, 6.788350214140426), (20.729936311834166, 6.807198313156291), (20.717925775728144, 6.826099150160631), (20.705862499400535, 6.845052725096174), (20.693746482899144, 6.864059037905577), (20.681577726271847, 6.883118088531421), (20.669356229566596, 6.902229876916218), (20.657081992831415, 6.921394403002403), (20.6447550161144, 6.940611666732342), (20.63237529946372, 6.9598816680483235), (20.61994284292762, 6.979204406892567), (20.607457646554415, 6.998579883207217), (20.594919710392496, 7.018008096934345), (20.58232903449032, 7.03748904801595), (20.569685618896425, 7.057022736393959), (20.556989463659416, 7.076609162010223), (20.544240568827973, 7.096248324806524), (20.531438934450854, 7.115940224724567), (20.518584560576883, 7.135684861705988), (20.50567744725496, 7.155482235692346), (20.492717594534057, 7.1753323466251295)]",True
1784490075.724173,0,21.142285352677877,6.556043038423857,0.803669344232184,92.00196179697238,-0.5472243714019259,23.463217978791153,8.745729246752155,2.3398784099799768,91.58210067763872,0.2981146713552771,2.320932626113276,2.1896862083282986,1.536209065747793,-0.4198611193336603,0.845339042757203,"[(21.013059004134764, 6.351817381926151), (21.002366988891428, 6.3693997522270465), (20.99162223225511, 6.387034861869028), (20.980824734271796, 6.404722710796575), (20.969974494987532, 6.422463298954097), (20.959071514448446, 6.440256626285926), (20.948115792700737, 6.458102692736325), (20.937107329790678, 6.476001498249484), (20.92604612576461, 6.493953042769516), (20.914932180668956, 6.511957326240466), (20.903765494550203, 6.530014348606303), (20.892546067454912, 6.5481241098109235), (20.881273899429726, 6.5662866097981505), (20.86994899052135, 6.584501848511736), (20.85857134077657, 6.602769825895357), (20.847140950242242, 6.621090541892618), (20.83565781896529, 6.63946399644705), (20.82412194699272, 6.657890189502114), (20.812533334371604, 6.676369121001194), (20.800891981149093, 6.694900790887604), (20.789197887372406, 6.713485199104582), (20.777451053088836, 6.732122345595296), (20.765651478345752, 6.75081223030284), (20.75379916319059, 6.769554853170233), (20.741894107670866, 6.788350214140426), (20.729936311834166, 6.807198313156291), (20.717925775728144, 6.826099150160631), (20.705862499400535, 6.845052725096174), (20.693746482899144, 6.864059037905577), (20.681577726271847, 6.883118088531421), (20.669356229566596, 6.902229876916218), (20.657081992831415, 6.921394403002403), (20.6447550161144, 6.940611666732342), (20.63237529946372, 6.9598816680483235), (20.61994284292762, 6.979204406892567), (20.607457646554415, 6.998579883207217), (20.594919710392496, 7.018008096934345), (20.58232903449032, 7.03748904801595), (20.569685618896425, 7.057022736393959), (20.556989463659416, 7.076609162010223), (20.544240568827973, 7.096248324806524), (20.531438934450854, 7.115940224724567), (20.518584560576883, 7.135684861705988), (20.50567744725496, 7.155482235692346), (20.492717594534057, 7.1753323466251295)]",True
1784490075.774536,0,21.153349618751363,6.577431815153621,0.8019486014410268,92.00196179697238,-0.5472243714019259,23.482117686209822,8.788540300764913,2.339889690307107,91.58210067763872,0.2981146713552771,2.3287680674584585,2.211108485611292,1.5379410888660803,-0.4198611193336603,0.845339042757203,"[(21.013059004134764, 6.351817381926151), (21.002366988891428, 6.3693997522270465), (20.99162223225511, 6.387034861869028), (20.980824734271796, 6.404722710796575), (20.969974494987532, 6.422463298954097), (20.959071514448446, 6.440256626285926), (20.948115792700737, 6.458102692736325), (20.937107329790678, 6.476001498249484), (20.92604612576461, 6.493953042769516), (20.914932180668956, 6.511957326240466), (20.903765494550203, 6.530014348606303), (20.892546067454912, 6.5481241098109235), (20.881273899429726, 6.5662866097981505), (20.86994899052135, 6.584501848511736), (20.85857134077657, 6.602769825895357), (20.847140950242242, 6.621090541892618), (20.83565781896529, 6.63946399644705), (20.82412194699272, 6.657890189502114), (20.812533334371604, 6.676369121001194), (20.800891981149093, 6.694900790887604), (20.789197887372406, 6.713485199104582), (20.777451053088836, 6.732122345595296), (20.765651478345752, 6.75081223030284), (20.75379916319059, 6.769554853170233), (20.741894107670866, 6.788350214140426), (20.729936311834166, 6.807198313156291), (20.717925775728144, 6.826099150160631), (20.705862499400535, 6.845052725096174), (20.693746482899144, 6.864059037905577), (20.681577726271847, 6.883118088531421), (20.669356229566596, 6.902229876916218), (20.657081992831415, 6.921394403002403), (20.6447550161144, 6.940611666732342), (20.63237529946372, 6.9598816680483235), (20.61994284292762, 6.979204406892567), (20.607457646554415, 6.998579883207217), (20.594919710392496, 7.018008096934345), (20.58232903449032, 7.03748904801595), (20.569685618896425, 7.057022736393959), (20.556989463659416, 7.076609162010223), (20.544240568827973, 7.096248324806524), (20.531438934450854, 7.115940224724567), (20.518584560576883, 7.135684861705988), (20.50567744725496, 7.155482235692346), (20.492717594534057, 7.1753323466251295)]",True
1784490075.8242695,0,21.157192320399574,6.584468514384816,0.8015779797143041,92.00196179697238,-0.5472243714019259,23.500365809070306,8.831633356141454,2.339899923379974,91.58210067763872,0.2981146713552771,2.3431734886707325,2.2471648417566383,1.53832194366567,-0.4198611193336603,0.845339042757203,"[(21.013059004134764, 6.351817381926151), (21.002366988891428, 6.3693997522270465), (20.99162223225511, 6.387034861869028), (20.980824734271796, 6.404722710796575), (20.969974494987532, 6.422463298954097), (20.959071514448446, 6.440256626285926), (20.948115792700737, 6.458102692736325), (20.937107329790678, 6.476001498249484), (20.92604612576461, 6.493953042769516), (20.914932180668956, 6.511957326240466), (20.903765494550203, 6.530014348606303), (20.892546067454912, 6.5481241098109235), (20.881273899429726, 6.5662866097981505), (20.86994899052135, 6.584501848511736), (20.85857134077657, 6.602769825895357), (20.847140950242242, 6.621090541892618), (20.83565781896529, 6.63946399644705), (20.82412194699272, 6.657890189502114), (20.812533334371604, 6.676369121001194), (20.800891981149093, 6.694900790887604), (20.789197887372406, 6.713485199104582), (20.777451053088836, 6.732122345595296), (20.765651478345752, 6.75081223030284), (20.75379916319059, 6.769554853170233), (20.741894107670866, 6.788350214140426), (20.729936311834166, 6.807198313156291), (20.717925775728144, 6.826099150160631), (20.705862499400535, 6.845052725096174), (20.693746482899144, 6.864059037905577), (20.681577726271847, 6.883118088531421), (20.669356229566596, 6.902229876916218), (20.657081992831415, 6.921394403002403), (20.6447550161144, 6.940611666732342), (20.63237529946372, 6.9598816680483235), (20.61994284292762, 6.979204406892567), (20.607457646554415, 6.998579883207217), (20.594919710392496, 7.018008096934345), (20.58232903449032, 7.03748904801595), (20.569685618896425, 7.057022736393959), (20.556989463659416, 7.076609162010223), (20.544240568827973, 7.096248324806524), (20.531438934450854, 7.115940224724567), (20.518584560576883, 7.135684861705988), (20.50567744725496, 7.155482235692346), (20.492717594534057, 7.1753323466251295)]",True
1784490075.8745975,0,21.16113102936972,6.591448064565898,0.8012778502400042,92.00196179697238,-0.5472243714019259,23.50923794986275,8.853285068597797,2.339904677942007,91.58210067763872,0.2981146713552771,2.3481069204930307,2.261837004031899,1.538626827702003,-0.4198611193336603,0.845339042757203,"[(21.013059004134764, 6.351817381926151), (21.002366988891428, 6.3693997522270465), (20.99162223225511, 6.387034861869028), (20.980824734271796, 6.404722710796575), (20.969974494987532, 6.422463298954097), (20.959071514448446, 6.440256626285926), (20.948115792700737, 6.458102692736325), (20.937107329790678, 6.476001498249484), (20.92604612576461, 6.493953042769516), (20.914932180668956, 6.511957326240466), (20.903765494550203, 6.530014348606303), (20.892546067454912, 6.5481241098109235), (20.881273899429726, 6.5662866097981505), (20.86994899052135, 6.584501848511736), (20.85857134077657, 6.602769825895357), (20.847140950242242, 6.621090541892618), (20.83565781896529, 6.63946399644705), (20.82412194699272, 6.657890189502114), (20.812533334371604, 6.676369121001194), (20.800891981149093, 6.694900790887604), (20.789197887372406, 6.713485199104582), (20.777451053088836, 6.732122345595296), (20.765651478345752, 6.75081223030284), (20.75379916319059, 6.769554853170233), (20.741894107670866, 6.788350214140426), (20.729936311834166, 6.807198313156291), (20.717925775728144, 6.826099150160631), (20.705862499400535, 6.845052725096174), (20.693746482899144, 6.864059037905577), (20.681577726271847, 6.883118088531421), (20.669356229566596, 6.902229876916218), (20.657081992831415, 6.921394403002403), (20.6447550161144, 6.940611666732342), (20.63237529946372, 6.9598816680483235), (20.61994284292762, 6.979204406892567), (20.607457646554415, 6.998579883207217), (20.594919710392496, 7.018008096934345), (20.58232903449032, 7.03748904801595), (20.569685618896425, 7.057022736393959), (20.556989463659416, 7.076609162010223), (20.544240568827973, 7.096248324806524), (20.531438934450854, 7.115940224724567), (20.518584560576883, 7.135684861705988), (20.50567744725496, 7.155482235692346), (20.492717594534057, 7.1753323466251295)]",True
1784490075.9286892,0,21.17358599996733,6.611993800732603,0.8006786046854196,92.00196179697238,-0.5472243714019259,23.534890596192025,8.918625670483983,2.3399176276406988,91.58210067763872,0.2981146713552771,2.361304596224695,2.3066318697513806,1.5392390229552793,-0.4198611193336603,0.845339042757203,"[(21.013059004134764, 6.351817381926151), (21.002366988891428, 6.3693997522270465), (20.99162223225511, 6.387034861869028), (20.980824734271796, 6.404722710796575), (20.969974494987532, 6.422463298954097), (20.959071514448446, 6.440256626285926), (20.948115792700737, 6.458102692736325), (20.937107329790678, 6.476001498249484), (20.92604612576461, 6.493953042769516), (20.914932180668956, 6.511957326240466), (20.903765494550203, 6.530014348606303), (20.892546067454912, 6.5481241098109235), (20.881273899429726, 6.5662866097981505), (20.86994899052135, 6.584501848511736), (20.85857134077657, 6.602769825895357), (20.847140950242242, 6.621090541892618), (20.83565781896529, 6.63946399644705), (20.82412194699272, 6.657890189502114), (20.812533334371604, 6.676369121001194), (20.800891981149093, 6.694900790887604), (20.789197887372406, 6.713485199104582), (20.777451053088836, 6.732122345595296), (20.765651478345752, 6.75081223030284), (20.75379916319059, 6.769554853170233), (20.741894107670866, 6.788350214140426), (20.729936311834166, 6.807198313156291), (20.717925775728144, 6.826099150160631), (20.705862499400535, 6.845052725096174), (20.693746482899144, 6.864059037905577), (20.681577726271847, 6.883118088531421), (20.669356229566596, 6.902229876916218), (20.657081992831415, 6.921394403002403), (20.6447550161144, 6.940611666732342), (20.63237529946372, 6.9598816680483235), (20.61994284292762, 6.979204406892567), (20.607457646554415, 6.998579883207217), (20.594919710392496, 7.018008096934345), (20.58232903449032, 7.03748904801595), (20.569685618896425, 7.057022736393959), (20.556989463659416, 7.076609162010223), (20.544240568827973, 7.096248324806524), (20.531438934450854, 7.115940224724567), (20.518584560576883, 7.135684861705988), (20.50567744725496, 7.155482235692346), (20.492717594534057, 7.1753323466251295)]",True
1784490075.9832783,0,21.17358599996733,6.611993800732603,0.8006786046854196,92.00196179697238,-0.5472243714019259,23.534890596192025,8.918625670483983,2.3399176276406988,91.58210067763872,0.2981146713552771,2.361304596224695,2.3066318697513806,1.5392390229552793,-0.4198611193336603,0.845339042757203,"[(21.013059004134764, 6.351817381926151), (21.002366988891428, 6.3693997522270465), (20.99162223225511, 6.387034861869028), (20.980824734271796, 6.404722710796575), (20.969974494987532, 6.422463298954097), (20.959071514448446, 6.440256626285926), (20.948115792700737, 6.458102692736325), (20.937107329790678, 6.476001498249484), (20.92604612576461, 6.493953042769516), (20.914932180668956, 6.511957326240466), (20.903765494550203, 6.530014348606303), (20.892546067454912, 6.5481241098109235), (20.881273899429726, 6.5662866097981505), (20.86994899052135, 6.584501848511736), (20.85857134077657, 6.602769825895357), (20.847140950242242, 6.621090541892618), (20.83565781896529, 6.63946399644705), (20.82412194699272, 6.657890189502114), (20.812533334371604, 6.676369121001194), (20.800891981149093, 6.694900790887604), (20.789197887372406, 6.713485199104582), (20.777451053088836, 6.732122345595296), (20.765651478345752, 6.75081223030284), (20.75379916319059, 6.769554853170233), (20.741894107670866, 6.788350214140426), (20.729936311834166, 6.807198313156291), (20.717925775728144, 6.826099150160631), (20.705862499400535, 6.845052725096174), (20.693746482899144, 6.864059037905577), (20.681577726271847, 6.883118088531421), (20.669356229566596, 6.902229876916218), (20.657081992831415, 6.921394403002403), (20.6447550161144, 6.940611666732342), (20.63237529946372, 6.9598816680483235), (20.61994284292762, 6.979204406892567), (20.607457646554415, 6.998579883207217), (20.594919710392496, 7.018008096934345), (20.58232903449032, 7.03748904801595), (20.569685618896425, 7.057022736393959), (20.556989463659416, 7.076609162010223), (20.544240568827973, 7.096248324806524), (20.531438934450854, 7.115940224724567), (20.518584560576883, 7.135684861705988), (20.50567744725496, 7.155482235692346), (20.492717594534057, 7.1753323466251295)]",True
1784490076.0244012,0,21.19185546022773,6.6382788326735485,0.800291835456208,92.00196179697238,-0.5472243714019259,23.566760447347637,9.006625992753783,2.339932197204219,91.58210067763872,0.2981146713552771,2.3749049871199084,2.3683471600802344,1.539640361748011,-0.4198611193336603,0.845339042757203,"[(21.013059004134764, 6.351817381926151), (21.002366988891428, 6.3693997522270465), (20.99162223225511, 6.387034861869028), (20.980824734271796, 6.404722710796575), (20.969974494987532, 6.422463298954097), (20.959071514448446, 6.440256626285926), (20.948115792700737, 6.458102692736325), (20.937107329790678, 6.476001498249484), (20.92604612576461, 6.493953042769516), (20.914932180668956, 6.511957326240466), (20.903765494550203, 6.530014348606303), (20.892546067454912, 6.5481241098109235), (20.881273899429726, 6.5662866097981505), (20.86994899052135, 6.584501848511736), (20.85857134077657, 6.602769825895357), (20.847140950242242, 6.621090541892618), (20.83565781896529, 6.63946399644705), (20.82412194699272, 6.657890189502114), (20.812533334371604, 6.676369121001194), (20.800891981149093, 6.694900790887604), (20.789197887372406, 6.713485199104582), (20.777451053088836, 6.732122345595296), (20.765651478345752, 6.75081223030284), (20.75379916319059, 6.769554853170233), (20.741894107670866, 6.788350214140426), (20.729936311834166, 6.807198313156291), (20.717925775728144, 6.826099150160631), (20.705862499400535, 6.845052725096174), (20.693746482899144, 6.864059037905577), (20.681577726271847, 6.883118088531421), (20.669356229566596, 6.902229876916218), (20.657081992831415, 6.921394403002403), (20.6447550161144, 6.940611666732342), (20.63237529946372, 6.9598816680483235), (20.61994284292762, 6.979204406892567), (20.607457646554415, 6.998579883207217), (20.594919710392496, 7.018008096934345), (20.58232903449032, 7.03748904801595), (20.569685618896425, 7.057022736393959), (20.556989463659416, 7.076609162010223), (20.544240568827973, 7.096248324806524), (20.531438934450854, 7.115940224724567), (20.518584560576883, 7.135684861705988), (20.50567744725496, 7.155482235692346), (20.492717594534057, 7.1753323466251295)]",True
1784490076.1299663,0,21.206928943862476,6.656957587885483,0.8001549840614512,92.00196179697238,-0.5472243714019259,23.58169047582469,9.050978844837292,2.3399384839793718,91.58210067763872,0.2981146713552771,2.374761531962214,2.3940212569518096,1.5397834999179205,-0.4198611193336603,0.845339042757203,"[(21.013059004134764, 6.351817381926151), (21.002366988891428, 6.3693997522270465), (20.99162223225511, 6.387034861869028), (20.980824734271796, 6.404722710796575), (20.969974494987532, 6.422463298954097), (20.959071514448446, 6.440256626285926), (20.948115792700737, 6.458102692736325), (20.937107329790678, 6.476001498249484), (20.92604612576461, 6.493953042769516), (20.914932180668956, 6.511957326240466), (20.903765494550203, 6.530014348606303), (20.892546067454912, 6.5481241098109235), (20.881273899429726, 6.5662866097981505), (20.86994899052135, 6.584501848511736), (20.85857134077657, 6.602769825895357), (20.847140950242242, 6.621090541892618), (20.83565781896529, 6.63946399644705), (20.82412194699272, 6.657890189502114), (20.812533334371604, 6.676369121001194), (20.800891981149093, 6.694900790887604), (20.789197887372406, 6.713485199104582), (20.777451053088836, 6.732122345595296), (20.765651478345752, 6.75081223030284), (20.75379916319059, 6.769554853170233), (20.741894107670866, 6.788350214140426), (20.729936311834166, 6.807198313156291), (20.717925775728144, 6.826099150160631), (20.705862499400535, 6.845052725096174), (20.693746482899144, 6.864059037905577), (20.681577726271847, 6.883118088531421), (20.669356229566596, 6.902229876916218), (20.657081992831415, 6.921394403002403), (20.6447550161144, 6.940611666732342), (20.63237529946372, 6.9598816680483235), (20.61994284292762, 6.979204406892567), (20.607457646554415, 6.998579883207217), (20.594919710392496, 7.018008096934345), (20.58232903449032, 7.03748904801595), (20.569685618896425, 7.057022736393959), (20.556989463659416, 7.076609162010223), (20.544240568827973, 7.096248324806524), (20.531438934450854, 7.115940224724567), (20.518584560576883, 7.135684861705988), (20.50567744725496, 7.155482235692346), (20.492717594534057, 7.1753323466251295)]",True
1784490076.1792672,0,21.21765293054652,6.668833611500812,0.800101638937551,92.00196179697238,-0.5472243714019259,23.602813188849545,9.117922222969689,2.3399468369189287,91.58210067763872,0.2981146713552771,2.3851602583030242,2.449088611468877,1.5398451979813776,-0.4198611193336603,0.845339042757203,"[(21.009402291318047, 6.384029726414806), (20.997235304533156, 6.40335828810501), (20.98502085849363, 6.422734306918211), (20.972758953244345, 6.442157782799623), (20.96044958883024, 6.461628715694397), (20.948092765296327, 6.481147105547616), (20.935688482687674, 6.500712952304299), (20.923236741049422, 6.5203262559093975), (20.910737540426773, 6.5399870163077995), (20.898190880865, 6.559695233444327), (20.88559676240943, 6.579450907263734), (20.872955185105475, 6.599254037710712), (20.860266148998598, 6.619104624729886), (20.84752965413433, 6.639002668265813), (20.83474570055827, 6.658948168262988), (20.821914288316076, 6.678941124665838), (20.809035417453487, 6.6989815374187245), (20.79610908801629, 6.719069406465945), (20.78313530005035, 6.7392047317517285), (20.770114053601592, 6.759387513220242)]",True
1784490076.2568207,0,21.223149829929724,6.674647208617837,0.8000823094789895,92.00196179697238,-0.5472243714019259,23.60952350306755,9.140338839353989,2.3399493607421844,94.83257826728975,-0.2582540042405568,2.3863736731378253,2.465691630736152,1.539867051263195,2.8306164703173664,0.28897036716136915,"[(21.16265886429594, 6.638940942935586), (21.158003128549925, 6.675087147056155), (21.153264670143777, 6.711316032806269), (21.148443489334085, 6.747627599632492), (21.143539586378225, 6.78402184698061), (21.138552961534348, 6.820498774295632), (21.133483615061387, 6.857058381021787), (21.12833154721905, 6.893700666602527), (21.12309675826783, 6.930425630480525), (21.117779248469, 6.967233272097676), (21.112379018084603, 7.004123590895098), (21.10689606737747, 7.041096586313128), (21.101330396611207, 7.078152257791329), (21.095682006050204, 7.115290604768481), (21.089950895959625, 7.15251162668259), (21.084137066605418, 7.1898153229708806), (21.078240518254304, 7.2272016930698015), (21.072261251173796, 7.264670736415022), (21.06619926563217, 7.302222452441434), (21.060054561898493, 7.339856840583152), (21.053827140242603, 7.377573900273509), (21.04751700093513, 7.415373630945064), (21.041124144247465, 7.4532560320295955), (21.034648570451797, 7.491221102958105), (21.028090279821082, 7.529268843160814), (21.02144927262906, 7.567399252067169), (21.01472554915025, 7.605612329105836), (21.007919109659948, 7.643908073704703), (21.00102995443423, 7.6822864852908825), (20.99405808374996, 7.720747563290705), (20.98700349788476, 7.759291307129726), (20.979866197117055, 7.797917716232722), (20.972646181726034, 7.836626790023691), (20.965343451991675, 7.875418527925853), (20.957958008194726, 7.91429292936165), (20.950489850616723, 7.953249993752748), (20.942938979539974, 7.992289720520032), (20.93530539524757, 8.03141210908361), (20.927589098023386, 8.070617158862811), (20.919790088152066, 8.10990486927619), (20.911908365919036, 8.149275239741522), (20.903943931610506, 8.188728269675801), (20.89589678551346, 8.228263958495246), (20.887766927915667, 8.267882305615297), (20.879554359105665, 8.307583310450617)]",True
1784490076.2815301,0,21.228739579922518,6.680371262011781,0.8000666564834464,92.00196179697238,-0.5472243714019259,23.616050617778296,9.162809506761137,2.3399517645576444,94.83257826728975,-0.2582540042405568,2.3873110378557776,2.482438244749356,1.539885108074198,2.8306164703173664,0.28897036716136915,"[(21.1736813709798, 6.654567750912918), (21.170246710666575, 6.689149580366597), (21.166754818936795, 6.72378862739531), (21.163205695848593, 6.758484891871181), (21.159599341460225, 6.793238373666205), (21.155935755830082, 6.828049072652251), (21.152214939016677, 6.86291698870106), (21.148436891078653, 6.897842121684242), (21.144601612074776, 6.932824471473282), (21.140709102063955, 6.967864037939536), (21.13675936110521, 7.002960820954232), (21.132752389257696, 7.038114820388469), (21.1286881865807, 7.073326036113221), (21.12456675313363, 7.108594467999329), (21.120388088976032, 7.143920115917511), (21.116152194167565, 7.179302979738353), (21.11185906876803, 7.214743059332317), (21.10750871283735, 7.250240354569733), (21.10310112643558, 7.285794865320805), (21.098636309622897, 7.3214065914556095), (21.09411426245961, 7.357075532844093), (21.089534985006154, 7.392801689356077), (21.084898477323097, 7.42858506086125), (21.080204739471128, 7.464425647229178), (21.075453771511068, 7.500323448329296), (21.070645573503867, 7.536278464030912), (21.065780145510608, 7.572290694203204), (21.06085748759249, 7.608360138715224), (21.05587759981085, 7.6444867974358965), (21.050840482227144, 7.680670670234016), (21.045746134902966, 7.71691175697825), (21.040594557900032, 7.753210057537139), (21.035385751280188, 7.789565571779092), (21.03011971510541, 7.8259782995723945), (21.024796449437797, 7.862448240785201), (21.019415954339582, 7.8989753952855395), (21.01397822987312, 7.935559762941308), (21.008483276100904, 7.972201343620278), (21.00293109308554, 8.008900137190095), (20.997321680889776, 8.04565614351827), (20.991655039576482, 8.082469362472194), (20.985931169208655, 8.119339793919124), (20.980150069849422, 8.156267437726193), (20.974311741562044, 8.193252293760402), (20.9684161844099, 8.230294361888628)]",True
1784490076.3643856,0,21.240181219178428,6.691556590945874,0.8000437158282242,92.00196179697238,-0.5472243714019259,23.628746965290027,9.207853300145462,2.3399562347193217,94.83257826728975,-0.2582540042405568,2.388565746111599,2.5162967091995885,1.5399125188910974,2.8306164703173664,0.28897036716136915,"[(21.212680614976616, 6.702579182551775), (21.210552268873002, 6.737135871345876), (21.208371389995715, 6.771745083333496), (21.206137978378468, 6.806406818436553), (21.203852034055053, 6.841121076576895), (21.20151355705933, 6.875887857676298), (21.19912254742523, 6.910707161656463), (21.196679005186763, 6.945578988439023), (21.194182930378005, 6.980503337945538), (21.191634323033103, 7.015480210097495), (21.18903318318628, 7.050509604816312), (21.186379510871824, 7.085591522023331), (21.183673306124103, 7.120725961639827), (21.180914568977553, 7.155912923586998), (21.17810329946668, 7.1911524077859745), (21.175239497626066, 7.226444414157814), (21.172323163490365, 7.2617889426235), (21.169354297094298, 7.297185993103948), (21.166332898472657, 7.332635565519999), (21.163258967660312, 7.3681376597924215), (21.160132504692204, 7.403692275841915), (21.156953509603344, 7.439299413589105), (21.153721982428817, 7.4749590729545465), (21.15043792320377, 7.510671253858721), (21.147101331963437, 7.54643595622204), (21.143712208743114, 7.582253179964842), (21.140270553578173, 7.618122925007395), (21.136776366504055, 7.654045191269893), (21.133229647556274, 7.690019978672461), (21.129630396770413, 7.726047287135149), (21.125978614182134, 7.762127116577938), (21.122274299827165, 7.798259466920736), (21.11851745374131, 7.834444338083379), (21.114708075960436, 7.87068172998563), (21.110846166520492, 7.906971642547185), (21.106931725457496, 7.9433140756876615), (21.102964752807537, 7.97970902932661), (21.098945248606775, 8.016156503383508), (21.09487321289144, 8.05265649777776), (21.090748645697836, 8.089209012428698), (21.086571547062345, 8.125814047255588), (21.082341917021413, 8.162471602177616), (21.07805975561156, 8.199181677113902), (21.073725062869375, 8.235944271983492), (21.069337838831522, 8.27275938670536)]",True
1784490076.4157357,0,21.246004268655284,6.697042722246567,0.8000354033450566,92.00196179697238,-0.5472243714019259,23.634924083519056,9.230422791540516,2.3399583116771687,94.83257826728975,-0.2582540042405568,2.3889198148637725,2.5333800692939485,1.539922908332112,2.8306164703173664,0.28897036716136915,"[(21.22560281902803, 6.7158288599614675), (21.223502745464753, 6.7497324987090925), (21.221350204967365, 6.783688595127895), (21.21914519756903, 6.817697149141872), (21.216887723302982, 6.851758160674948), (21.21457778220252, 6.885871629650977), (21.21221537430102, 6.920037555993744), (21.209800499631932, 6.954255939626961), (21.207333158228764, 6.988526780474271), (21.204813350125104, 7.022850078459246), (21.202241075354614, 7.057225833505388), (21.199616333951017, 7.091654045536127), (21.196939125948116, 7.126134714474823), (21.194209451379777, 7.160667840244765), (21.19142731027994, 7.195253422769174), (21.18859270268262, 7.229891461971196), (21.18570562862189, 7.26458195777391), (21.182766088131903, 7.299324910100322), (21.179774081246887, 7.334120318873368), (21.176729608001132, 7.368968184015915), (21.173632668429004, 7.403868505450757), (21.170483262564932, 7.438821283100618), (21.167281390443428, 7.4738265168881535), (21.16402705209906, 7.508884206735946), (21.16072024756648, 7.543994352566507), (21.157360976880405, 7.57915695430228), (21.153949240075622, 7.614372011865636), (21.15048503718699, 7.649639525178875), (21.146968368249436, 7.684959494164228), (21.143399233297963, 7.720331918743853), (21.139777632367636, 7.75575679883984), (21.136103565493602, 7.791234134374207), (21.13237703271107, 7.826763925268901), (21.128598034055322, 7.862346171445799), (21.12476656956171, 7.897980872826708), (21.120882639265663, 7.933668029333363), (21.11694624320267, 7.96940764088743), (21.1129573814083, 8.005199707410503), (21.108916053918186, 8.041044228824104), (21.104822260768035, 8.076941205049689), (21.100676001993623, 8.11289063600864), (21.0964772776308, 8.148892521622267), (21.09222608771548, 8.184946861811813), (21.08792243228366, 8.221053656498448), (21.083566311371392, 8.257212905603273)]",True
1784490076.4453533,0,21.263766626603307,6.713182878538414,0.8000188064460105,92.00196179697238,-0.5472243714019259,23.65279687648811,9.298307656926767,2.3399639685553684,94.83257826728975,-0.2582540042405568,2.3890302498848044,2.5851247783883524,1.5399451621093578,2.8306164703173664,0.28897036716136915,"[(21.237091304395765, 6.726395584474173), (21.234922638246786, 6.759519052857583), (21.23270151013762, 6.792694974202766), (21.23042792010145, 6.825923348434918), (21.228101868171542, 6.859204175479166), (21.225723354381223, 6.892537455260569), (21.22329237876389, 6.92592318770411), (21.220808941353017, 6.959361372734707), (21.21827304218214, 6.992852010277203), (21.215684681284873, 7.026395100256374), (21.213043858694896, 7.059990642596923), (21.21035057444596, 7.093638637223485), (21.207604828571892, 7.1273390840606226), (21.20480662110658, 7.161091983032828), (21.201955952083996, 7.194897334064525), (21.199052821538164, 7.228755137080063), (21.19609722950319, 7.262665392003726), (21.193089176013256, 7.296628098759721), (21.190028661102605, 7.330643257272192), (21.18691568480555, 7.364710867465207), (21.183750247156482, 7.398830929262766), (21.180532348189853, 7.433003442588797), (21.177261987940195, 7.467228407367159), (21.173939166442103, 7.50150582352164), (21.17056388373025, 7.535835690975957), (21.167136139839368, 7.5702180096537575), (21.163655934804275, 7.604652779478617), (21.16012326865985, 7.639140000374043), (21.15653814144104, 7.67367967226347), (21.15290055318287, 7.708271795070263), (21.149210503920433, 7.742916368717717), (21.145467993688882, 7.777613393129055), (21.14167302252346, 7.812362868227432), (21.137825590459464, 7.847164793935931), (21.133925697532273, 7.882019170177563), (21.12997334377733, 7.916925996875272), (21.12596852923015, 7.951885273951929), (21.121911253926317, 7.986897001330335), (21.11780151790149, 8.021961178933221), (21.113639321191393, 8.057077806683248), (21.109424663831824, 8.092246884503004), (21.10515754585865, 8.12746841231501), (21.100837967307807, 8.162742390041712), (21.09646592821531, 8.198068817605492), (21.09204142861723, 8.233447694928657)]",True
1784490076.5124352,0,21.28178883315565,6.72903216713495,0.8000099927053067,92.00196179697238,-0.5472243714019259,23.670035761573477,9.366356812511162,2.3399688562423653,94.83257826728975,-0.2582540042405568,2.388246928417825,2.6373246453762125,1.5399588635370587,2.8306164703173664,0.28897036716136915,"[(21.237151869308423, 6.725803211031034), (21.23415119852804, 6.7575084352201715), (21.23109797866377, 6.78926620011169), (21.227992209750134, 6.821076505632248), (21.22483389182172, 6.852939351708432), (21.22162302491319, 6.884854738266759), (21.218359609059263, 6.916822665233673), (21.21504364429475, 6.948843132535549), (21.211675130654516, 6.98091614009869), (21.20825406817351, 7.013041687849326), (21.204780456886738, 7.045219775713621), (21.20125429682929, 7.077450403617663), (21.197675588036322, 7.109733571487471), (21.19404433054306, 7.142069279248993), (21.190360524384808, 7.174457526828107), (21.186624169596925, 7.206898314150616), (21.182835266214855, 7.239391641142258), (21.17899381427411, 7.271937507728695), (21.175099813810274, 7.30453591383552), (21.171153264858997, 7.337186859388254), (21.167154167456008, 7.369890344312348), (21.163102521637096, 7.4026463685331825), (21.158998327438134, 7.435454931976065), (21.154841584895056, 7.468316034566234), (21.150632294043874, 7.5012296762288555), (21.146370454920664, 7.534195856889025), (21.142056067561576, 7.567214576471766), (21.137689132002837, 7.600285834902033), (21.133269648280738, 7.6334096321047085), (21.12879761643164, 7.666585968004604), (21.12427303649198, 7.699814842526459), (21.11969590849827, 7.733096255594943), (21.115066232487077, 7.766430207134655), (21.11038400849506, 7.7998166970701215), (21.10564923655893, 7.833255725325799), (21.10086191671548, 7.866747291826073), (21.096022049001576, 7.900291396495257), (21.091129633454145, 7.933888039257595), (21.086184670110192, 7.967537220037259), (21.08118715900679, 8.001238938758348), (21.07613710018109, 8.034993195344894), (21.071034493670304, 8.068799989720857), (21.065879339511717, 8.102659321810123), (21.060671637742693, 8.13657119153651), (21.055411388400664, 8.170535598823763)]",True
1784490076.5307896,0,21.28178883315565,6.72903216713495,0.8000099927053067,92.00196179697238,-0.5472243714019259,23.675636208517442,9.389076412193491,2.3399703330467916,94.83257826728975,-0.2582540042405568,2.3938473753617906,2.6600442450585415,1.539960340341485,2.8306164703173664,0.28897036716136915,"[(21.24207486581017, 6.729767607165894), (21.238621831747878, 6.760425760256038), (21.235116261177595, 6.791136441902708), (21.231558154134476, 6.821899652033924), (21.227947510653753, 6.852715390577637), (21.224284330770715, 6.883583657461725), (21.220568614520733, 6.914504452613996), (21.216800361939246, 6.945477775962187), (21.212979573061762, 6.976503627433964), (21.209106247923863, 7.00758200695692), (21.205180386561203, 7.038712914458579), (21.2012019890095, 7.0698963498663945), (21.197171055304555, 7.101132313107747), (21.19308758548223, 7.132420804109946), (21.18895157957846, 7.163761822800232), (21.184763037629256, 7.195155369105772), (21.180521959670696, 7.2266014429536645), (21.176228345738927, 7.258100044270934), (21.17188219587017, 7.289651172984536), (21.167483510100723, 7.321254829021354), (21.163032288466944, 7.352911012308202), (21.158528531005267, 7.38461972277182), (21.1539722377522, 7.41638096033888), (21.149363408744318, 7.448194724935981), (21.144702044018267, 7.480061016489651), (21.13998814361077, 7.511979834926348), (21.135221707558607, 7.543951180172458), (21.13040273589865, 7.5759750521542975), (21.125531228667825, 7.60805145079811), (21.120607185903133, 7.6401803760300675), (21.115630607641652, 7.672361827776274), (21.110601493920527, 7.704595805962759), (21.105519844776975, 7.736882310515484), (21.100385660248282, 7.769221341360336), (21.095198940371805, 7.801612898423135), (21.089959685184976, 7.834056981629627), (21.084667894725293, 7.866553590905487), (21.07932356903033, 7.89910272617632), (21.07392670813773, 7.93170438736766), (21.068477312085207, 7.964358574404969), (21.062975380910547, 7.997065287213638), (21.057420914651605, 8.029824525718988), (21.051813913346304, 8.06263628984627), (21.046154377032646, 8.095500579520658), (21.040442305748705, 8.128417394667263)]",True
1784490076.574621,0,21.331998204308515,6.768688468349209,0.8000018577303265,92.00196179697238,-0.5472243714019259,23.712832111605366,9.548591804281818,2.339978880746445,94.83257826728975,-0.2582540042405568,2.38083390729685,2.779903335932609,1.5399770230161185,2.8306164703173664,0.28897036716136915,"[(21.258894186697407, 6.743780752004388), (21.25507698709497, 6.77292128875536), (21.2512072784035, 6.8021143271893125), (21.24728506065864, 6.831359867236314), (21.243310333896122, 6.86065790882636), (21.239283098151734, 6.890008451889377), (21.23520335346134, 6.91941149635522), (21.231071099860877, 6.948867042153673), (21.22688633738635, 6.978375089214448), (21.22264906607384, 7.007935637467187), (21.218359285959487, 7.037548686841461), (21.21401699707952, 7.067214237266769), (21.209622199470225, 7.096932288672539), (21.20517489316796, 7.12670284098813), (21.200675078209166, 7.156525894142827), (21.19612275463034, 7.186401448065846), (21.191517922468062, 7.216329502686332), (21.186860581758978, 7.246310057933357), (21.182150732539803, 7.276343113735925), (21.17738837484732, 7.306428670022966), (21.172573508718397, 7.336566726723341), (21.167706134189963, 7.366757283765839), (21.162786251299018, 7.397000341079178), (21.15781386008263, 7.427295898592004), (21.152788960577947, 7.457643956232895), (21.147711552822184, 7.488044513930355), (21.142581636852622, 7.5184975716128175), (21.137399212706626, 7.549003129208646), (21.132164280421616, 7.579561186646133), (21.12687684003509, 7.610171743853499), (21.12153689158463, 7.640834800758894), (21.116144435107863, 7.671550357290396), (21.11069947064251, 7.702318413376013), (21.105201998226345, 7.733138968943683), (21.09965201789723, 7.7640120239212695), (21.09404952969309, 7.794937578236569), (21.08839453365192, 7.8259156318173035), (21.082687029811783, 7.856946184591127), (21.076927018210824, 7.888029236485621), (21.07111449888725, 7.919164787428295), (21.065249471879344, 7.950352837346589), (21.05933193722545, 7.981593386167871), (21.053361894964, 8.012886433819439), (21.047339345133484, 8.044231980228519), (21.041264287772467, 8.075630025322267)]",True
1784490076.624391,0,21.352041314188092,6.783142830346106,0.8300737786464284,92.00196179697238,-0.5472243714019259,23.727647555092332,9.617209726671463,2.339981740755669,94.83257826728975,-0.2582540042405568,2.37560624090424,2.834066896325357,1.5099079621092408,2.8306164703173664,0.28897036716136915,"[(21.258894186697407, 6.743780752004388), (21.25507698709497, 6.77292128875536), (21.2512072784035, 6.8021143271893125), (21.24728506065864, 6.831359867236314), (21.243310333896122, 6.86065790882636), (21.239283098151734, 6.890008451889377), (21.23520335346134, 6.91941149635522), (21.231071099860877, 6.948867042153673), (21.22688633738635, 6.978375089214448), (21.22264906607384, 7.007935637467187), (21.218359285959487, 7.037548686841461), (21.21401699707952, 7.067214237266769), (21.209622199470225, 7.096932288672539), (21.20517489316796, 7.12670284098813), (21.200675078209166, 7.156525894142827), (21.19612275463034, 7.186401448065846), (21.191517922468062, 7.216329502686332), (21.186860581758978, 7.246310057933357), (21.182150732539803, 7.276343113735925), (21.17738837484732, 7.306428670022966), (21.172573508718397, 7.336566726723341), (21.167706134189963, 7.366757283765839), (21.162786251299018, 7.397000341079178), (21.15781386008263, 7.427295898592004), (21.152788960577947, 7.457643956232895), (21.147711552822184, 7.488044513930355), (21.142581636852622, 7.5184975716128175), (21.137399212706626, 7.549003129208646), (21.132164280421616, 7.579561186646133), (21.12687684003509, 7.610171743853499), (21.12153689158463, 7.640834800758894), (21.116144435107863, 7.671550357290396), (21.11069947064251, 7.702318413376013), (21.105201998226345, 7.733138968943683), (21.09965201789723, 7.7640120239212695), (21.09404952969309, 7.794937578236569), (21.08839453365192, 7.8259156318173035), (21.082687029811783, 7.856946184591127), (21.076927018210824, 7.888029236485621), (21.07111449888725, 7.919164787428295), (21.065249471879344, 7.950352837346589), (21.05933193722545, 7.981593386167871), (21.053361894964, 8.012886433819439), (21.047339345133484, 8.044231980228519), (21.041264287772467, 8.075630025322267)]",True
1784490076.675904,0,21.3588213885021,6.7878818523202185,0.8243537482152384,92.00196179697238,-0.5472243714019259,23.73244566122161,9.64011233048099,2.339982604901488,94.83257826728975,-0.2582540042405568,2.3736242727195105,2.852230478160772,1.5156288566862495,2.8306164703173664,0.28897036716136915,"[(21.258894186697407, 6.743780752004388), (21.25507698709497, 6.77292128875536), (21.2512072784035, 6.8021143271893125), (21.24728506065864, 6.831359867236314), (21.243310333896122, 6.86065790882636), (21.239283098151734, 6.890008451889377), (21.23520335346134, 6.91941149635522), (21.231071099860877, 6.948867042153673), (21.22688633738635, 6.978375089214448), (21.22264906607384, 7.007935637467187), (21.218359285959487, 7.037548686841461), (21.21401699707952, 7.067214237266769), (21.209622199470225, 7.096932288672539), (21.20517489316796, 7.12670284098813), (21.200675078209166, 7.156525894142827), (21.19612275463034, 7.186401448065846), (21.191517922468062, 7.216329502686332), (21.186860581758978, 7.246310057933357), (21.182150732539803, 7.276343113735925), (21.17738837484732, 7.306428670022966), (21.172573508718397, 7.336566726723341), (21.167706134189963, 7.366757283765839), (21.162786251299018, 7.397000341079178), (21.15781386008263, 7.427295898592004), (21.152788960577947, 7.457643956232895), (21.147711552822184, 7.488044513930355), (21.142581636852622, 7.5184975716128175), (21.137399212706626, 7.549003129208646), (21.132164280421616, 7.579561186646133), (21.12687684003509, 7.610171743853499), (21.12153689158463, 7.640834800758894), (21.116144435107863, 7.671550357290396), (21.11069947064251, 7.702318413376013), (21.105201998226345, 7.733138968943683), (21.09965201789723, 7.7640120239212695), (21.09404952969309, 7.794937578236569), (21.08839453365192, 7.8259156318173035), (21.082687029811783, 7.856946184591127), (21.076927018210824, 7.888029236485621), (21.07111449888725, 7.919164787428295), (21.065249471879344, 7.950352837346589), (21.05933193722545, 7.981593386167871), (21.053361894964, 8.012886433819439), (21.047339345133484, 8.044231980228519), (21.041264287772467, 8.075630025322267)]",True
1784490076.7255166,0,21.37246027890829,6.796985651294129,0.8159706086672155,92.00196179697238,-0.5472243714019259,23.73715592770674,9.663033169279274,2.339983427957173,94.83257826728975,-0.2582540042405568,2.3646956487984525,2.8660475179851446,1.5240128192899576,2.8306164703173664,0.28897036716136915,"[(21.313078068896857, 6.789596539883746), (21.309079054926286, 6.819544963351014), (21.305000482733934, 6.849572913188261), (21.300842352546802, 6.8796803889467135), (21.296604664592564, 6.909867390176918), (21.29228741909958, 6.940133916428741), (21.287890616296888, 6.970479967251373), (21.283414256414208, 7.000905542193324), (21.278858339681932, 7.0314106408024255), (21.27422286633114, 7.06199526262583), (21.26950783659359, 7.092659407210011), (21.264713250701718, 7.1234030741007635), (21.25983910888863, 7.154226262843204), (21.254885411388134, 7.18512897298177), (21.249852158434695, 7.21611120406022), (21.244739350263476, 7.247172955621634), (21.239546987110305, 7.278314227208414), (21.234275069211698, 7.309535018362282), (21.228923596804847, 7.340835328624282), (21.22349257012763, 7.372215157534778), (21.21798198941859, 7.403674504633457), (21.212391854916962, 7.435213369459327), (21.20672216686266, 7.466831751550717), (21.200972925496274, 7.498529650445276), (21.195144131059074, 7.530307065679976), (21.18923578379301, 7.562163996791109), (21.18324788394071, 7.59410044331429), (21.177180431745484, 7.6261164047844545), (21.171033427451324, 7.658211880735858), (21.164806871302893, 7.6903868707020795), (21.158500763545543, 7.7226413742160185), (21.152115104425302, 7.754975390809895), (21.14564989418887, 7.787388920015251), (21.13910513308364, 7.81988196136295), (21.132480821357674, 7.852454514383176), (21.12577695925972, 7.885106578605436), (21.118993547039203, 7.917838153558557), (21.112130584946225, 7.950649238770687), (21.105188073231574, 7.9835398337692975), (21.098166012146706, 8.01650993808118), (21.09106440194377, 8.049559551232447), (21.083883242875583, 8.082688672748532), (21.076622535195654, 8.11589730215419), (21.06928227915816, 8.1491854389735), (21.06186247501796, 8.18255308272986)]",True
1784490076.7864628,0,21.386143411294082,6.80577245884258,0.8104731466116456,92.00196179697238,-0.5472243714019259,23.750865165906895,9.731880765028627,2.3399856696616776,94.83257826728975,-0.2582540042405568,2.3647217546128125,2.9261083061860473,1.5295125230500322,2.8306164703173664,0.28897036716136915,"[(21.32049076832108, 6.791512687844369), (21.316015103369597, 6.8174142974331655), (21.31148672742836, 6.843368611574447), (21.30690564053505, 6.869375630200621), (21.30227184272742, 6.8954353532440225), (21.297585334043305, 6.921547780636911), (21.292846114520607, 6.947712912311474), (21.2880541841973, 6.973930748199823), (21.28320954311144, 7.000201288234001), (21.278312191301143, 7.026524532345972), (21.273362128804617, 7.052900480467629), (21.268359355660127, 7.079329132530793), (21.263303871906018, 7.105810488467208), (21.25819567758071, 7.132344548208547), (21.25303477272269, 7.158931311686408), (21.24782115737053, 7.185570778832317), (21.242554831562867, 7.212262949577726), (21.237235795338414, 7.239007823854011), (21.231864048735957, 7.265805401592478), (21.226439591794353, 7.292655682724357), (21.220962424552535, 7.319558667180806), (21.215432547049513, 7.34651435489291), (21.20984995932437, 7.373522745791678), (21.204214661416255, 7.400583839808046), (21.1985266533644, 7.427697636872879), (21.192785935208104, 7.4548641369169655), (21.18699250698674, 7.482083339871022), (21.181146368739757, 7.509355245665692), (21.17524752050668, 7.536679854231543), (21.1692959623271, 7.564057165499071), (21.16329169424069, 7.591487179398698), (21.157234716287192, 7.618969895860774), (21.151125028506417, 7.646505314815572), (21.144962630938263, 7.674093436193294), (21.138747523622687, 7.701734259924068), (21.132479706599728, 7.729427785937949), (21.126159179909497, 7.757174014164916), (21.119785943592177, 7.784972944534878), (21.113359997688026, 7.812824576977667), (21.106881342237376, 7.840728911423045), (21.10034997728063, 7.868685947800698), (21.093765902858266, 7.896695686040238), (21.08712911901084, 7.924758126071206), (21.080439625778972, 7.952873267823067), (21.073697423203363, 7.981041111225214)]",True
1784490076.8251302,0,21.392999976406543,6.8100750650366395,0.8084811563934713,92.00196179697238,-0.5472243714019259,23.755276638139527,9.754861012535306,2.3399863469880158,94.83257826728975,-0.2582540042405568,2.3622766617329845,2.9447859474986666,1.5315051905945445,2.8306164703173664,0.28897036716136915,"[(21.3265407529022, 6.7955309759455735), (21.321767525344896, 6.820768990387181), (21.31694163311838, 6.846059663413855), (21.312063076260312, 6.871402994959682), (21.307131854808436, 6.89679898495868), (21.30214796880056, 6.922247633344791), (21.297111418274575, 6.947748940051886), (21.292022203268434, 6.973302905013762), (21.28688032382017, 6.998909528164145), (21.281685779967884, 7.024568809436687), (21.27643857174975, 7.050280748764969), (21.27113869920402, 7.0760453460824975), (21.265786162369015, 7.101862601322708), (21.260380961283122, 7.127732514418962), (21.25492309598481, 7.153655085304548), (21.249412566512625, 7.179630313912685), (21.24384937290517, 7.205658200176515), (21.23823351520113, 7.23173874402911), (21.232564993439265, 7.25787194540347), (21.226843807658405, 7.2840578042325195), (21.22106995789745, 7.310296320449113), (21.215243444195377, 7.3365874939860305), (21.20936426659123, 7.362931324775981), (21.20343242512413, 7.389327812751599), (21.197447919833273, 7.415776957845448), (21.191410750757925, 7.442278759990019), (21.185320917937418, 7.468833219117729), (21.179178421411166, 7.495440335160923), (21.172983261218654, 7.522100108051874), (21.166735437399442, 7.548812537722781), (21.160434949993153, 7.575577624105771), (21.154081799039492, 7.602395367132898), (21.147675984578232, 7.629265766736145), (21.141217506649216, 7.656188822847421), (21.134706365292367, 7.683164535398561), (21.128142560547676, 7.71019290432133), (21.12152609245521, 7.7372739295474195), (21.114856961055104, 7.764407611008448), (21.108135166387573, 7.79159394863596), (21.101360708492894, 7.81883294236143), (21.094533587411426, 7.846124592116259), (21.0876538031836, 7.873468897831773), (21.08072135584991, 7.90086585943923), (21.073736245450938, 7.928315476869811), (21.066698472027323, 7.955817750054626)]",True
1784490076.8756795,0,21.414015757406936,6.822828691671128,0.8433660239412735,92.00196179697238,-0.5472243714019259,23.76808875767498,9.82388126851671,2.339988191778752,94.83257826728975,-0.2582540042405568,2.354073000268045,3.0010525768455816,1.4966221678374785,2.8306164703173664,0.28897036716136915,"[(21.34574511518567, 6.808120790788394), (21.34023813630145, 6.831657229898115), (21.334678489224828, 6.85524633184466), (21.329066173994452, 6.878888096564516), (21.323401190649044, 6.902582523994097), (21.3176835392274, 6.9263296140697435), (21.311913219768385, 6.950129366727724), (21.30609023231094, 6.973981781904236), (21.300214576894078, 6.9978868595354005), (21.294286253556884, 7.02184459955727), (21.288305262338515, 7.045855001905823), (21.2822716032782, 7.069918066516963), (21.276185276415248, 7.094033793326525), (21.27004628178903, 7.118202182270268), (21.26385461943899, 7.142423233283882), (21.257610289404656, 7.16669694630298), (21.251313291725616, 7.191023321263105), (21.244963626441542, 7.215402358099729), (21.23856129359217, 7.239834056748247), (21.23210629321731, 7.264318417143985), (21.22559862535684, 7.288855439222195), (21.21903829005073, 7.313445122918058), (21.212425287339, 7.338087468166679), (21.205759617261755, 7.362782474903092), (21.199041279859166, 7.3875301430622615), (21.192270275171484, 7.412330472579074), (21.18544660323903, 7.437183463388349), (21.17857026410219, 7.462089115424829), (21.171641257801433, 7.4870474286231845), (21.164659584377294, 7.512058402918016), (21.157625243870385, 7.537122038243849), (21.15053823632139, 7.562238334535138), (21.14339856177106, 7.587407291726263), (21.136206220260227, 7.612628909751534), (21.12896121182979, 7.6379031885451845), (21.12166353652072, 7.66323012804138), (21.11431319437407, 7.68860972817421), (21.10691018543095, 7.714041988877693), (21.09945450973256, 7.739526910085775), (21.091946167320156, 7.765064491732329), (21.084385158235076, 7.790654733751155), (21.07677148251873, 7.81629763607598), (21.0691051402126, 7.84199319864046), (21.061386131358237, 7.867741421378177), (21.05361445599727, 7.893542304222642)]",True
1784490076.963219,0,21.436558317072613,6.83587177717664,0.8918591581327688,92.00196179697238,-0.5472243714019259,23.77625135918772,9.869963636327999,2.33998928007374,94.83257826728975,-0.2582540042405568,2.3396930421151083,3.034091859151358,1.448130121940971,2.8306164703173664,0.28897036716136915,"[(21.3582220162986, 6.815694797909983), (21.35170136649945, 6.837577583672649), (21.345128040818054, 6.859513040747884), (21.338502039294518, 6.881501169074358), (21.33182336196903, 6.903541968590671), (21.325092008881835, 6.92563543923535), (21.31830798007327, 6.947781580946847), (21.311471275583735, 6.969980393663543), (21.304581895453698, 6.992231877323746), (21.29763983972371, 7.014536031865692), (21.290645108434386, 7.036892857227542), (21.283597701626423, 7.0593023533473875), (21.27649761934058, 7.081764520163245), (21.2693448616177, 7.104279357613058), (21.262139428498685, 7.1268468656347), (21.254881320024523, 7.149467044165969), (21.247570536236267, 7.172139893144592), (21.240207077175047, 7.1948654125082205), (21.232790942882062, 7.217643602194437), (21.22532213339859, 7.2404744621407495), (21.21780064876597, 7.263357992284592), (21.210226489025622, 7.286294192563329), (21.202599654219043, 7.309283062914249), (21.194920144387794, 7.33232460327457), (21.187187959573517, 7.355418813581435), (21.179403099817915, 7.378565693771918), (21.171565565162773, 7.401765243783017), (21.16367535564995, 7.425017463551658), (21.15573247132137, 7.448322353014694), (21.147736912219038, 7.4716799121089075), (21.13968867838502, 7.495090140771005), (21.13158776986147, 7.518553038937623), (21.123434186690602, 7.542068606545323), (21.115227928914713, 7.565636843530596), (21.106968996576168, 7.5892577498298595), (21.0986573897174, 7.612931325379457), (21.09029310838092, 7.636657570115661), (21.08187615260931, 7.66043648397467), (21.07340652244523, 7.684268066892611), (21.064884217931404, 7.708152318805538), (21.056309239110636, 7.73208923964943), (21.0476815860258, 7.756078829360197), (21.03900125871984, 7.780121087873674), (21.030268257235775, 7.804216015125624), (21.021482581616702, 7.828363611051736)]",True
1784490077.032053,0,21.444383273109366,6.840301578372966,0.9065112574309163,92.00196179697238,-0.5472243714019259,23.78021357287548,9.8930256261689,2.3399897857249843,94.83257826728975,-0.2582540042405568,2.335830299766112,3.052724047795934,1.433478528294068,2.8306164703173664,0.28897036716136915,"[(21.364906725093842, 6.819756514972741), (21.358251091517307, 6.841242996152803), (21.351542781144314, 6.862782149716919), (21.34478179401517, 6.884373975604296), (21.337968130170253, 6.906018473754069), (21.33110178965001, 6.9277156441053), (21.32418277249496, 6.949465486596978), (21.317211078745704, 6.97126800116802), (21.310186708442906, 6.993123187757268), (21.303109661627307, 7.015031046303496), (21.29597993833972, 7.036991576745399), (21.28879753862103, 7.059004779021605), (21.281562462512195, 7.081070653070666), (21.27427471005425, 7.103189198831062), (21.266934281288293, 7.125360416241201), (21.259541176255503, 7.147584305239417), (21.252095394997134, 7.1698608657639715), (21.244596937554505, 7.192190097753054), (21.237045803969014, 7.21457200114478), (21.229441994282123, 7.237006575877194), (21.221785508535376, 7.259493821888267), (21.214076346770387, 7.282033739115897), (21.206314509028843, 7.304626327497909), (21.198499995352503, 7.327271586972056), (21.190632805783196, 7.349969517476019), (21.182712940362826, 7.372720118947403), (21.174740399133373, 7.395523391323744), (21.166715182136887, 7.418379334542504), (21.158637289415488, 7.441287948541071), (21.150506721011375, 7.464249233256761), (21.142323476966816, 7.487263188626819), (21.134087557324147, 7.510329814588414), (21.125798962125785, 7.533449111078645), (21.117457691414216, 7.556621078034538), (21.109063745232003, 7.579845715393044), (21.100617123621774, 7.603123023091044), (21.092117826626232, 7.626453001065345), (21.08356585428816, 7.6498356492526804), (21.074961206650404, 7.673270967589713), (21.066303883755886, 7.6967589560130305), (21.057593885647606, 7.72029961445915), (21.04883121236863, 7.743892942864515), (21.0400158639621, 7.767538941165496), (21.03114784047123, 7.79123760929839), (21.022227141939307, 7.814988947199424)]",True
1784490077.0976615,0,21.46859555388392,6.8539758698631355,0.946418249871175,92.00196179697238,-0.5472243714019259,23.791676618729774,9.962282815147828,2.3399911629351693,94.83257826728975,-0.2582540042405568,2.323081064845855,3.108306945284693,1.3935729130639944,2.8306164703173664,0.28897036716136915,"[(21.38505457724838, 6.831715768112699), (21.378041779331348, 6.852151217495649), (21.370976287856404, 6.872639356435589), (21.363858102864437, 6.8931801848730485), (21.356687224396406, 6.913773702748484), (21.34946365249334, 6.934419910002279), (21.34218738719635, 6.9551188065747445), (21.33485842854661, 6.975870392406118), (21.32747677658537, 6.996674667436564), (21.32004243135396, 7.017531631606176), (21.312555392893774, 7.038441284854972), (21.30501566124628, 7.059403627122898), (21.297423236453024, 7.080418658349828), (21.28977811855562, 7.101486378475561), (21.28208030759576, 7.122606787439825), (21.2743298036152, 7.1437798851822745), (21.26652660665578, 7.165005671642491), (21.258670716759408, 7.186284146759983), (21.250762133968063, 7.2076153104741865), (21.242800858323797, 7.228999162724464), (21.234786889868737, 7.250435703450106), (21.226720228645082, 7.271924932590328), (21.21860087469511, 7.2934668500842745), (21.21042882806116, 7.3150614558710165), (21.202204088785653, 7.336708749889553), (21.193926656911078, 7.358408732078808), (21.18559653248, 7.3801614023776345), (21.177213715535057, 7.401966760724812), (21.168778206118958, 7.423824807059046), (21.160290004274486, 7.445735541318971), (21.1517491100445, 7.467698963443148), (21.143155523471926, 7.489715073370063), (21.134509244599766, 7.511783871038133), (21.125810273471096, 7.533905356385698), (21.117058610129064, 7.5560795293510274), (21.108254254616888, 7.578306389872318), (21.099397206977862, 7.600585937887692), (21.090487467255354, 7.6229181733352), (21.081525035492803, 7.645303096152818), (21.072509911733718, 7.667740706278453), (21.06344209602169, 7.6902310036499335), (21.054321588400374, 7.7127739882050195), (21.0451483889135, 7.735369659881397), (21.035922497604872, 7.758018018616678), (21.02664391451837, 7.780719064348402)]",True
1784490077.1760921,0,21.476897780340323,6.858643678384479,0.9584760643571613,92.00196179697238,-0.5472243714019259,23.7953385521036,9.98539440568204,2.3399915790563526,94.83257826728975,-0.2582540042405568,2.318440771763278,3.126750727297561,1.3815155146991913,2.8306164703173664,0.28897036716136915,"[(21.398682512091693, 6.839548037832975), (21.391476682498432, 6.859384464560309), (21.38421815050872, 6.879273589914906), (21.376906916163758, 6.899215413838047), (21.369542979504836, 6.919209936270941), (21.362126340573305, 6.939257157154723), (21.35465699941059, 6.959357076430454), (21.347134956058195, 6.979509694039123), (21.33956021055769, 6.999715009921648), (21.33193276295072, 7.01997302401887), (21.32425261327901, 7.04028373627156), (21.316519761584352, 7.060647146620414), (21.30873420790861, 7.081063255006057), (21.300895952293722, 7.101532061369039), (21.293004994781704, 7.122053565649839), (21.285061335414635, 7.142627767788861), (21.27706497423468, 7.163254667726436), (21.26901591128406, 7.183934265402824), (21.26091414660509, 7.204666560758209), (21.25275968024014, 7.2254515537327055), (21.24455251223166, 7.246289244266352), (21.23629264262218, 7.267179632299116), (21.227980071454287, 7.28812271777089), (21.219614798770657, 7.309118500621496), (21.21119682461403, 7.33016698079068), (21.202726149027225, 7.351268158218117), (21.194202772053124, 7.372422032843408), (21.185626693734694, 7.393628604606083), (21.176997914114967, 7.414887873445596), (21.16831643323705, 7.43619983930133), (21.159582251144123, 7.457564502112594), (21.15079536787944, 7.478981861818624), (21.14195578348633, 7.500451918358583), (21.133063498008195, 7.521974671671562), (21.124118511488504, 7.543550121696578), (21.115120823970802, 7.565178268372575), (21.10607043549871, 7.586859111638424), (21.09696734611592, 7.608592651432924), (21.087811555866196, 7.6303788876948), (21.078603064793374, 7.6522178203627025), (21.069341872941365, 7.674109449375212), (21.060027980354157, 7.696053774670834), (21.050661387075806, 7.718050796188002), (21.04124209315044, 7.740100513865074), (21.031770098622264, 7.762202927640339)]",True
1784490077.2251315,0,21.485317618885404,6.863342367780543,0.9699605297643389,92.00196179697238,-0.5472243714019259,23.79893865730099,10.00851571236765,2.3399919753909737,94.83257826728975,-0.2582540042405568,2.3136210384155866,3.145173344587107,1.3700314456266347,2.8306164703173664,0.28897036716136915,"[(21.405755463272907, 6.8435276378481396), (21.39847882742568, 6.863097011520822), (21.391149486504258, 6.882719086597608), (21.383767440549963, 6.902393863020118), (21.376332689604205, 6.922121340729898), (21.368845233708452, 6.941901519668425), (21.36130507290425, 6.9617343997771), (21.353712207233226, 6.981619980997252), (21.346066636737064, 7.001558263270136), (21.338368361457537, 7.021549246536934), (21.330617381436483, 7.041592930738758), (21.322813696715816, 7.061689315816642), (21.314957307337522, 7.08183840171155), (21.30704821334366, 7.102040188364372), (21.299086414776358, 7.122294675715926), (21.291071911677825, 7.142601863706956), (21.283004704090338, 7.162961752278132), (21.274884792056252, 7.183374341370053), (21.266712175617986, 7.203839630923243), (21.258486854818038, 7.224357620878155), (21.25020882969898, 7.244928311175166), (21.24187810030346, 7.265551701754584), (21.233494666674186, 7.286227792556639), (21.225058528853953, 7.306956583521493), (21.216569686885624, 7.32773807458923), (21.208028140812136, 7.348572265699865), (21.199433890676495, 7.369459156793337), (21.190786936521782, 7.390398747809515), (21.18208727839116, 7.411391038688192), (21.17333491632785, 7.432436029369089), (21.164529850375153, 7.453533719791855), (21.15567208057645, 7.474684109896064), (21.146761606975186, 7.495887199621218), (21.13779842961488, 7.517142988906746), (21.128782548539125, 7.538451477692003), (21.119713963791586, 7.559812665916272), (21.110592675416008, 7.581226553518763), (21.1014186834562, 7.602693140438613), (21.092191987956053, 7.624212426614885), (21.082912588959523, 7.645784411986568), (21.073580486510643, 7.667409096492581), (21.06419568065352, 7.689086480071768), (21.054758171432326, 7.710816562662899), (21.04526795889132, 7.732599344204672), (21.03572504307482, 7.754434824635713)]",True
1784490077.2759643,0,21.493868464661926,6.868035870355555,0.9808989088414053,92.00196179697238,-0.5472243714019259,23.80926095152022,10.077952146780369,2.339993054862414,94.83257826728975,-0.2582540042405568,2.3153924868582934,3.2099162764248144,1.3590941460210086,2.8306164703173664,0.28897036716136915,"[(21.420502715437884, 6.851638484316304), (21.413135940146194, 6.8707331263157), (21.405716454555236, 6.889880475109712), (21.3982442587065, 6.909080530640564), (21.39071935264156, 6.928333292850402), (21.383141736402052, 6.947638761681301), (21.375511410029695, 6.966996937075262), (21.367828373566272, 6.986407818974214), (21.360092627053646, 7.0058714073200115), (21.352304170533753, 7.025387702054438), (21.344463004048595, 7.044956703119201), (21.336569127640256, 7.064578410455937), (21.328622541350892, 7.0842528240062075), (21.320623245222727, 7.1039799437115025), (21.312571239298062, 7.123759769513239), (21.30446652361927, 7.143592301352759), (21.296309098228793, 7.163477539171333), (21.288098963169155, 7.183415482910157), (21.279836118482947, 7.203406132510356), (21.27152056421284, 7.223449487912979), (21.263152300401565, 7.243545549059005), (21.25473132709194, 7.263694315889336), (21.246257644326846, 7.283895788344805), (21.237731252149246, 7.304149966366169), (21.229152150602168, 7.324456849894113), (21.22052033972872, 7.344816438869248), (21.211835819572077, 7.3652287332321125), (21.20309859017549, 7.385693732923172), (21.194308651582286, 7.406211437882818), (21.185466003835863, 7.42678184805137), (21.176570646979687, 7.447404963369073), (21.167622581057305, 7.468080783776101), (21.158621806112336, 7.488809309212553), (21.14956832218847, 7.509590539618455), (21.140462129329464, 7.53042447493376), (21.131303227579163, 7.551311115098348), (21.12209161698147, 7.572250460052025), (21.112827297580374, 7.593242509734527), (21.103510269419925, 7.614287264085512), (21.09414053254426, 7.635384723044568), (21.08471808699757, 7.656534886551211), (21.075242932824136, 7.67773775454488), (21.06571507006831, 7.698993326964945), (21.05613449877451, 7.720301603750698), (21.04650121898724, 7.741662584841364)]",True
1784490077.3338988,0,21.566084295321648,6.906713704014147,1.0952520593956128,92.00196179697238,-0.5472243714019259,23.83073127878575,10.240334919065301,2.339995036913472,94.83257826728975,-0.2582540042405568,2.2646469834641003,3.3336212150511537,1.2447429775178591,2.8306164703173664,0.28897036716136915,"[(21.43592256455931, 6.86003425913293), (21.42851756469516, 6.878731358153753), (21.421059847101827, 6.897481171525805), (21.413549411820913, 6.9162836991917915), (21.405986258894085, 6.935138941094344), (21.398370388363087, 6.954046897176021), (21.39070180026974, 6.97300756737931), (21.38298049465593, 6.99202095164662), (21.37520647156362, 7.011087049920293), (21.367379731034845, 7.0302058621425925), (21.359500273111724, 7.049377388255713), (21.351568097836434, 7.0686016282017725), (21.343583205251235, 7.087878581922817), (21.335545595398454, 7.10720824936082), (21.327455268320495, 7.12659063045768), (21.319312224059836, 7.146025725155224), (21.311116462659022, 7.165513533395204), (21.302867984160677, 7.185054055119301), (21.294566788607504, 7.204647290269121), (21.28621287604227, 7.224293238786197), (21.277806246507815, 7.24399190061199), (21.269346900047054, 7.263743275687885), (21.260834836702983, 7.283547363955196), (21.252270056518658, 7.303404165355164), (21.243652559537217, 7.3233136798289555), (21.23498234580187, 7.343275907317664), (21.226259415355898, 7.36329084776231), (21.21748376824266, 7.383358501103841), (21.208655404505578, 7.403478867283131), (21.199774324188162, 7.42365194624098), (21.190840527333982, 7.4438777379181165), (21.18185401398669, 7.464156242255194), (21.172814784190006, 7.484487459192793), (21.163722837987727, 7.504871388671422), (21.154578175423723, 7.525308030631515), (21.145380796541932, 7.545797385013433), (21.136130701386374, 7.5663394517574645), (21.126827890001135, 7.5869342308038235), (21.117472362430377, 7.607581722092652), (21.10806411871833, 7.628281925564019), (21.09860315890931, 7.649034841157917), (21.089089483047694, 7.66984046881427), (21.079523091177936, 7.690698808472925), (21.069903983344567, 7.711609860073659), (21.060232159592186, 7.7325736235561715)]",True
1784490077.3921702,0,21.60686803516521,6.9277886250733145,1.197016298871166,92.00196179697238,-0.5472243714019259,23.84133519961712,10.333331507568705,2.3399959004751016,94.83257826728975,-0.2582540042405568,2.2344671644519103,3.40554288249539,1.1429796016039357,2.8306164703173664,0.28897036716136915,"[(21.451937385922303, 6.868697515199296), (21.444534372291447, 6.8870640523849325), (21.43707863165429, 6.905483313293482), (21.42957016405249, 6.923955297868035), (21.422008969527756, 6.942480006051609), (21.414395048121893, 6.9610574377871455), (21.406728399876766, 6.979687593017517), (21.39900902483432, 6.9983704716855195), (21.391236923036573, 7.017106073733876), (21.38341209452561, 7.035894399105238), (21.375534539343594, 7.054735447742181), (21.36760425753276, 7.073629219587209), (21.359621249135422, 7.092575714582752), (21.35158551419396, 7.111574932671167), (21.34349705275083, 7.130626873794737), (21.335355864848562, 7.149731537895673), (21.327161950529764, 7.168888924916111), (21.318915309837102, 7.188099034798113), (21.31061594281333, 7.20736186748367), (21.302263849501276, 7.226677422914699), (21.29385902994383, 7.246045701033044), (21.285401484183968, 7.265466701780473), (21.276891212264726, 7.284940425098683), (21.268328214229225, 7.304466870929297), (21.259712490120652, 7.324046039213865), (21.251044039982272, 7.343677929893864), (21.242322863857424, 7.3633625429106955), (21.233548961789513, 7.38309987820569), (21.22472233382203, 7.402889935720104), (21.215842979998524, 7.422732715395121), (21.206910900362626, 7.442628217171849), (21.197926094958046, 7.462576440991326), (21.188888563828556, 7.482577386794514), (21.179798307018007, 7.502631054522302), (21.170655324570323, 7.522737444115507), (21.1614596165295, 7.542896555514871), (21.152211182939606, 7.563108388661064), (21.14291002384479, 7.583372943494681), (21.13355613928927, 7.603690219956246), (21.124149529317332, 7.624060217986209), (21.114690193973342, 7.644482937524944), (21.105178133301735, 7.664958378512755), (21.095613347347022, 7.68548654088987), (21.085995836153796, 7.706067424596446), (21.076325599766704, 7.726701029572565)]",True
1784490077.4352808,0,21.674560093677826,6.961421254338757,1.3168987088934931,92.00196179697238,-0.5472243714019259,23.854971258178733,10.473065347492767,2.3399969177857987,94.83257826728975,-0.2582540042405568,2.1804111645009066,3.5116440931540103,1.0230982088923055,2.8306164703173664,0.28897036716136915,"[(21.47686326341531, 6.882271631778523), (21.46951416449003, 6.9002550788121235), (21.462112325332136, 6.918291262888314), (21.454657745983283, 6.936380183950611), (21.447150426485198, 6.9545218419424595), (21.439590366879678, 6.972716236807229), (21.431977567208595, 6.990963368488216), (21.424312027513896, 7.009263236928644), (21.416593747837602, 7.027615842071662), (21.408822728221807, 7.046021183860347), (21.400998968708677, 7.064479262237701), (21.393122469340454, 7.082990077146654), (21.385193230159455, 7.101553628530061), (21.377211251208067, 7.1201699163307035), (21.369176532528748, 7.138838940491291), (21.36108907416403, 7.157560700954458), (21.35294887615653, 7.176335197662766), (21.34475593854892, 7.195162430558703), (21.336510261383964, 7.214042399584684), (21.328211844704487, 7.232975104683049), (21.319860688553394, 7.251960545796066), (21.311456792973658, 7.2709987228659285), (21.303000158008327, 7.290089635834757), (21.294490783700528, 7.309233284644598), (21.285928670093455, 7.328429669237426), (21.27731381723038, 7.34767878955514), (21.268646225154644, 7.366980645539566), (21.259925893909667, 7.386335237132457), (21.25115282353894, 7.405742564275492), (21.24232701408603, 7.425202626910278), (21.233448465594567, 7.444715424978346), (21.224517178108268, 7.464280958421155), (21.215533151670915, 7.483899227180091), (21.206496386326368, 7.5035702311964645), (21.197406882118557, 7.523293970411514), (21.188264639091493, 7.543070444766403), (21.179069657289247, 7.5628996542022255), (21.16982193675598, 7.582781598659997), (21.160521477535912, 7.602716278080662), (21.151168279673342, 7.622703692405091), (21.141762343212648, 7.642743841574081), (21.132303668198272, 7.662836725528356), (21.12279225467474, 7.682982344208566), (21.11322810268664, 7.703180697555286), (21.10361121227864, 7.723431785509021)]",True
1784490077.476647,0,21.71008433308154,6.9791243783555945,1.2545802747915593,92.00196179697238,-0.5472243714019259,23.86075972105496,10.543025916763819,2.339997325217558,94.83257826728975,-0.2582540042405568,2.150675387973422,3.563901538408224,1.0854170504259988,2.8306164703173664,0.28897036716136915,"[(21.494126085038957, 6.8914572051289715), (21.486846850781195, 6.909232777745952), (21.47951486980024, 6.927061093934589), (21.472130142137694, 6.944942153638631), (21.464692667835227, 6.962875956801752), (21.457202446934584, 6.980862503367553), (21.449659479477585, 6.998901793279562), (21.442063765506123, 7.016993826481233), (21.434415305062167, 7.0351386029159455), (21.426714098187755, 7.053336122527007), (21.418960144925, 7.071586385257651), (21.411153445316092, 7.089889391051035), (21.40329399940329, 7.108245139850248), (21.395381807228926, 7.1266536315983), (21.387416868835412, 7.1451148662381305), (21.379399184265232, 7.163628843712605), (21.371328753560938, 7.182195563964514), (21.36320557676516, 7.200815026936576), (21.3550296539206, 7.219487232571435), (21.346800985070033, 7.2382121808116615), (21.338519570256313, 7.256989871599753), (21.33018540952236, 7.275820304878133), (21.321798502911175, 7.294703480589151), (21.313358850465825, 7.313639398675083), (21.304866452229458, 7.332628059078133), (21.296321308245286, 7.351669461740429), (21.287723418556606, 7.370763606604027), (21.279072783206782, 7.389910493610907), (21.270369402239254, 7.409110122702979), (21.261613275697535, 7.428362493822077), (21.25280440362521, 7.447667606909962), (21.243942786065936, 7.467025461908322), (21.23502842306345, 7.486436058758771), (21.226061314661557, 7.505899397402848), (21.21704146090414, 7.52541547778202), (21.207968861835152, 7.54498429983768), (21.19884351749862, 7.564605863511148), (21.18966542793865, 7.584280168743669), (21.18043459319941, 7.6040072154764164), (21.171151013325154, 7.623787003650487), (21.1618146883602, 7.643619533206907), (21.152425618348943, 7.663504804086628), (21.14298380333586, 7.683442816230527), (21.13348924336549, 7.703433569579408), (21.123941938482446, 7.723477064074002)]",True
1784490077.5295784,0,21.74959637711045,6.999214461969775,0.995488714896576,92.00196179697238,-0.5472243714019259,23.867424651053767,10.636387506618364,2.339997783614548,94.83257826728975,-0.2582540042405568,2.117828273943317,3.6371730446485895,1.3445090687179717,2.8306164703173664,0.28897036716136915,"[(21.624087857916454, 6.958442937207034), (21.622225039394568, 6.97805189758034), (21.620309688744335, 6.997713384789106), (21.618341805999428, 7.017427398775153), (21.616321391193594, 7.037193939480224), (21.61424844436065, 7.057013006845991), (21.612122965534493, 7.076884600814053), (21.609944954749075, 7.096808721325939), (21.60771441203844, 7.116785368323102), (21.605431337436695, 7.136814541746925), (21.60309573097802, 7.156896241538718), (21.60070759269667, 7.1770304676397165), (21.59826692262697, 7.197217219991087), (21.59577372080332, 7.21745649853392), (21.59322798726019, 7.237748303209236), (21.590629722032123, 7.258092633957982), (21.58797892515374, 7.278489490721031), (21.585275596659727, 7.2989388734391865), (21.582519736584842, 7.319440782053177), (21.579711344963926, 7.33999521650366), (21.576850421831878, 7.36060217673122), (21.57393696722368, 7.381261662676368), (21.570970981174383, 7.401973674279544), (21.567952463719113, 7.422738211481115), (21.56488141489307, 7.443555274221375), (21.561757834731516, 7.464424862440547), (21.558581723269796, 7.485346976078778), (21.555353080543327, 7.506321615076146), (21.552071906587592, 7.527348779372656), (21.548738201438148, 7.548428468908239), (21.54535196513063, 7.569560683622754), (21.541913197700747, 7.590745423455988), (21.538421899184268, 7.611982688347655), (21.534878069617047, 7.633272478237396), (21.531281709035003, 7.654614793064781), (21.527632817474135, 7.676009632769308), (21.523931394970507, 7.697456997290399), (21.52017744156026, 7.718956886567406), (21.516370957279605, 7.740509300539608), (21.512511942164828, 7.762114239146212), (21.508600396252284, 7.783771702326352), (21.504636319578406, 7.80548169001909), (21.5006197121797, 7.827244202163414), (21.496550574092733, 7.849059238698242), (21.492428905354156, 7.870926799562417)]",True
1784490077.927481,0,21.787148724365164,7.0186430359598075,1.1149169439600908,92.00196179697238,-0.5472243714019259,23.871632981733683,10.706460903516668,2.339998073315673,94.83257826728975,-0.2582540042405568,2.084484257368519,3.68781786755686,1.2250811293555823,2.8306164703173664,0.28897036716136915,"[(21.673127815039575, 6.982413913648342), (21.672645910367592, 7.002458954948589), (21.67211116282624, 7.022556833178029), (21.67152357244805, 7.0427075482764625), (21.67088313926562, 7.062911100183619), (21.67018986331163, 7.083167488839154), (21.669443744618835, 7.103476714182643), (21.668644783220063, 7.123838776153594), (21.667792979148217, 7.144253674691435), (21.666888332436276, 7.164721409735522), (21.665930843117287, 7.185241981225135), (21.66492051122438, 7.20581538909948), (21.66385733679076, 7.2264416332976875), (21.662741319849697, 7.2471207137588145), (21.661572460434545, 7.267852630421841), (21.66035075857873, 7.288637383225676), (21.65907621431575, 7.30947497210915), (21.657748827679185, 7.330365397011022), (21.65636859870268, 7.351308657869973), (21.654935527419966, 7.372304754624613), (21.653449613864836, 7.393353687213475), (21.65191085807117, 7.414455455575016), (21.65031926007291, 7.435610059647622), (21.648674819904084, 7.456817499369601), (21.646977537598787, 7.478077774679188), (21.645227413191193, 7.499390885514544), (21.643424446715553, 7.520756831813753), (21.641568638206188, 7.542175613514827), (21.63965998769749, 7.563647230555699), (21.63769849522394, 7.5851716828742335), (21.63568416082008, 7.606748970408215), (21.63361698452053, 7.628379093095355), (21.63149696635999, 7.6500620508732915), (21.629324106373225, 7.671797843679586), (21.627098404595085, 7.693586471451727), (21.62481986106049, 7.715427934127128), (21.62248847580443, 7.737322231643125), (21.62010424886198, 7.759269363936983), (21.617667180268285, 7.781269330945892), (21.615177270058563, 7.803322132606964), (21.612634518268106, 7.8254277688572405), (21.610038924932283, 7.847586239633685), (21.607390490086537, 7.869797544873188), (21.604689213766388, 7.892061684512565), (21.601935096007427, 7.914378658488556)]",True
1784490077.9817784,0,22.094136790796814,7.200197278535128,0.8004315886905602,92.00196179697238,-0.5472243714019259,23.873400641454015,11.595772827214132,1.6756156884292217,94.83257826728975,-0.2582540042405568,1.7792638506572018,4.3955755486790045,0.8751840997386615,2.8306164703173664,0.28897036716136915,"[(21.964962743632253, 7.137539765970531), (21.96494027644238, 7.15781717514904), (21.964864845713148, 7.178147541640686), (21.964736451476895, 7.1985308653840585), (21.96455509376605, 7.218967146317669), (21.96432077261311, 7.239456384379956), (21.96403348805065, 7.259998579509279), (21.963693240111315, 7.280593731643924), (21.96330002882783, 7.301241840722098), (21.962853854233003, 7.321942906681937), (21.962354716359712, 7.342696929461495), (21.96180261524091, 7.363503908998755), (21.961197550909624, 7.384363845231621), (21.96053952339896, 7.405276738097923), (21.959828532742105, 7.426242587535413), (21.959064578972313, 7.44726139348177), (21.95824766212292, 7.468333155874594), (21.95737778222733, 7.489457874651409), (21.956454939319038, 7.510635549749666), (21.9554791334316, 7.5318661811067384), (21.954450364598653, 7.553149768659924), (21.953368632853916, 7.574486312346442), (21.952233938231174, 7.59587581210344), (21.951046280764295, 7.6173182678679865), (21.94980566048722, 7.638813679577075), (21.948512077433964, 7.660362047167625), (21.94716553163863, 7.681963370576475), (21.945766023135377, 7.7036176497403925), (21.94431355195846, 7.725324884596067), (21.942808118142192, 7.747085075080112), (21.94124972172098, 7.768898221129065), (21.93963836272929, 7.790764322679388), (21.937974041201677, 7.812683379667468), (21.936256757172767, 7.834655392029613), (21.934486510677257, 7.856680359702058), (21.932663301749926, 7.878758282620961), (21.93078713042563, 7.900889160722403), (21.9288579967393, 7.923072993942391), (21.926875900725936, 7.945309782216855), (21.924840842420622, 7.967599525481649), (21.922752821858516, 7.989942223672552), (21.92061183907485, 8.012337876725264), (21.918417894104937, 8.034786484575413), (21.916170986984163, 8.057288047158549), (21.913871117747988, 8.079842564410146)]",True
1784490078.0402808,0,22.114894516947754,7.213818940961966,0.8810869791412067,92.54979723563805,-0.3202889727498409,23.87073139586553,11.641915621742521,1.4219951561573765,94.83257826728975,-0.2582540042405568,1.7558368789177763,4.4280966807805555,0.5409081770161698,2.2827810316516945,0.06203496850928414,"[(22.01279635581612, 7.168766591933346), (22.012814722169203, 7.189422749996588), (22.012780122096068, 7.210131868130828), (22.012692555629002, 7.230893946274108), (22.01255202280037, 7.251708984364393), (22.012358523642618, 7.272576982339574), (22.01211205818826, 7.293497940137463), (22.01181262646989, 7.314471857695799), (22.01146022852018, 7.335498734952243), (22.011054864371864, 7.356578571844382), (22.01059653405778, 7.377711368309726), (22.010085237610813, 7.398897124285709), (22.00952097506394, 7.420135839709688), (22.008903746450212, 7.441427514518945), (22.00823355180275, 7.462772148650687), (22.00751039115476, 7.484169742042043), (22.006734264539517, 7.505620294630069), (22.005905171990374, 7.527123806351741), (22.005023113540762, 7.548680277143963), (22.004088089224187, 7.5702897069435595), (22.003100099074224, 7.591952095687281), (22.002059143124537, 7.613667443311803), (22.00096522140886, 7.635435749753722), (21.999818333960995, 7.657257014949563), (21.99861848081483, 7.67913123883577), (21.99736566200433, 7.701058421348714), (21.996059877563532, 7.723038562424689), (21.994701127526543, 7.745071661999914), (21.99328941192756, 7.767157720010531), (21.991824730800843, 7.789296736392608), (21.990307084180735, 7.811488711082133), (21.988736472101653, 7.833733644015023), (21.98711289459809, 7.856031535127116), (21.985436351704617, 7.878382384354174), (21.983706843455877, 7.900786191631884), (21.981924369886592, 7.923242956895856), (21.980088931031563, 7.945752680081625), (21.978200526925658, 7.968315361124651), (21.976259157603824, 7.990930999960315), (21.974264823101095, 8.013599596523925), (21.972217523452564, 8.03632115075071), (21.970117258693413, 8.059095662575828), (21.967964028858894, 8.081923131934357), (21.965757833984338, 8.104803558761297), (21.963498674105143, 8.127736942991579)]",True
1784490078.0777223,0,22.181862168089765,7.257124840804294,0.9843024605024078,92.54979723563805,-0.3202889727498409,23.85559324390969,11.753826093352517,1.1652272277450262,94.83257826728975,-0.2582540042405568,1.6737310758199264,4.496701252548223,0.1809247672426184,2.2827810316516945,0.06203496850928414,"[(22.018859705263697, 7.173241110996518), (22.01717319869735, 7.193171627540636), (22.015433557154303, 7.213155273407032), (22.013640780669686, 7.233192048534091), (22.011794869278713, 7.253281952860124), (22.00989582301667, 7.273424986323359), (22.007943641918924, 7.293621148861953), (22.005938326020917, 7.313870440413981), (22.00387987535817, 7.3341728609174455), (22.00176828996627, 7.354528410310268), (21.999603569880904, 7.374937088530295), (21.997385715137813, 7.395398895515296), (21.99511472577283, 7.415913831202961), (21.992790601821856, 7.436481895530907), (21.99041334332087, 7.4571030884366705), (21.987982950305938, 7.477777409857712), (21.98549942281319, 7.4985048597314155), (21.98296276087885, 7.519285437995086), (21.980372964539196, 7.5401191445859554), (21.9777300338306, 7.561005979441174), (21.975033968789507, 7.581945942497817), (21.97228476945244, 7.602939033692882), (21.96948243585599, 7.623985252963292), (21.966626968036845, 7.64508460024589), (21.963718366031753, 7.666237075477442), (21.96075662987754, 7.687442678594638), (21.957741759611114, 7.708701409534091), (21.954673755269464, 7.7300132682323355), (21.95155261688965, 7.751378254625831), (21.94837834450881, 7.772796368650959), (21.945150938164158, 7.794267610244024), (21.941870397892988, 7.815791979341252), (21.938536723732668, 7.837369475878793), (21.93514991572065, 7.859000099792722), (21.931709973894453, 7.8806838510190325), (21.92821689829168, 7.902420729493645), (21.92467068895001, 7.924210735152402), (21.921071345907198, 7.946053867931066), (21.91741886920107, 7.9679501277653255), (21.91371325886955, 7.989899514590792), (21.909954514950613, 8.011902028342996), (21.906142637482326, 8.033957668957397), (21.90227762650283, 8.056066436369374), (21.898359482050342, 8.078228330514227), (21.89438820416316, 8.100443351327183)]",True
1784490078.1747103,0,22.23347176927294,7.292828330617581,0.842089681093265,92.54979723563805,-0.3202889727498409,23.829839505953178,11.853125090051225,1.1267732979446756,94.83257826728975,-0.2582540042405568,1.5963677366802393,4.560296759433644,0.28468361685141064,2.2827810316516945,0.06203496850928414,"[(22.085302358934015, 7.217164757712569), (22.084252109897736, 7.237741183071955), (22.08314895518312, 7.258370508136926), (22.081992894823788, 7.279052732846011), (22.08078392885343, 7.299787857137663), (22.079522057305823, 7.320575880950262), (22.078207280214805, 7.34141680422211), (22.076839597614303, 7.362310626891435), (22.075419009538304, 7.383257348896389), (22.07394551602089, 7.404256970175049), (22.072419117096196, 7.425309490665416), (22.070839812798454, 7.446414910305416), (22.069207603161956, 7.467573229032899), (22.06752248822108, 7.48878444678564), (22.065784468010275, 7.51004856350134), (22.06399354256406, 7.5313655791176215), (22.062149711917034, 7.552735493572034), (22.06025297610388, 7.574158306802051), (22.05830333515934, 7.59563401874507), (22.056300789118243, 7.617162629338413), (22.054245338015495, 7.6387441385193275), (22.052136981886065, 7.660378546224986), (22.04997572076501, 7.682065852392483), (22.047761554687458, 7.703806056958841), (22.04549448368861, 7.725599159861004), (22.043174507803748, 7.747445161035842), (22.040801627068223, 7.76934406042015), (22.038375841517464, 7.791295857950647), (22.03589715118698, 7.813300553563977), (22.033365556112347, 7.835358147196707), (22.030781056329225, 7.85746863878533), (22.028143651873343, 7.879632028266265), (22.025453342780505, 7.901848315575852), (22.022710129086597, 7.9241175006503575), (22.019914010827577, 7.946439583425974), (22.017064988039476, 7.968814563838817), (22.014163060758403, 7.991242441824925), (22.011208229020543, 8.013723217320264), (22.008200492862155, 8.036256890260724), (22.005139852319573, 8.058843460582118), (22.00202630742921, 8.081482928220185), (21.99885985822755, 8.104175293110588), (21.995640504751158, 8.126920555188914), (21.992368247036666, 8.149718714390676), (21.989043085120787, 8.172569770651311)]",True
1784490078.2369385,0,22.286052179950712,7.332107331369593,0.8077839198740308,92.54979723563805,-0.3202889727498409,23.811819268053867,11.906364780361333,1.1223587918262958,94.83257826728975,-0.2582540042405568,1.525767088103155,4.57425744899174,0.3145748719522651,2.2827810316516945,0.06203496850928414,"[(22.12669176913375, 7.244664171151141), (22.12379851787946, 7.264443502786579), (22.1208523106601, 7.284275785212888), (22.11785314751201, 7.304161018369571), (22.114801028471614, 7.324099202196057), (22.11169595357541, 7.344090336631695), (22.10853792285997, 7.3641344216157645), (22.105326936361937, 7.384231457087464), (22.10206299411804, 7.404381442985918), (22.09874609616508, 7.424584379250177), (22.09537624253993, 7.444840265819214), (22.091953433279546, 7.465149102631926), (22.088477668420946, 7.485510889627136), (22.08494894800124, 7.50592562674359), (22.081367272057605, 7.526393313919958), (22.077732640627293, 7.546913951094837), (22.074045053747636, 7.567487538206743), (22.07030451145604, 7.588114075194122), (22.066511013789984, 7.608793561995341), (22.062664560787027, 7.629525998548692), (22.0587651524848, 7.650311384792391), (22.054812788921012, 7.671149720664579), (22.050807470133446, 7.692041006103322), (22.046749196159965, 7.712985241046608), (22.0426379670385, 7.733982425432351), (22.038473782807074, 7.755032559198389), (22.03425664350376, 7.776135642282484), (22.029986549166725, 7.797291674622322), (22.025663499834213, 7.818500656155514), (22.021287495544534, 7.839762586819596), (22.016858536336077, 7.861077466552026), (22.01237662224731, 7.882445295290189), (22.007841753316775, 7.903866072971392), (22.003253929583085, 7.925339799532868), (21.99861315108494, 7.946866474911772), (21.9939194178611, 7.968446099045186), (21.98917272995042, 7.9900786718701164), (21.984373087391806, 8.01176419332349), (21.979520490224267, 8.033502663342162), (21.97461493848687, 8.055294081862911), (21.96965643221876, 8.077138448822438), (21.964644971459162, 8.099035764157371), (21.95958055624737, 8.12098602780426), (21.95446318662277, 8.142989239699581), (21.9492928626248, 8.165045399779732)]",True
1784490078.2818959,0,22.286052179950712,7.332107331369593,0.8077839198740308,92.54979723563805,-0.3202889727498409,23.811819268053867,11.906364780361333,1.1223587918262958,94.83257826728975,-0.2582540042405568,1.525767088103155,4.57425744899174,0.3145748719522651,2.2827810316516945,0.06203496850928414,"[(22.151493445204977, 7.260596156773802), (22.149435707465564, 7.280842447686698), (22.147325200523806, 7.301141502281054), (22.1451619244144, 7.321493320496494), (22.14294587917212, 7.341897902272565), (22.14067706483182, 7.362355247548741), (22.138355481428412, 7.382865356264421), (22.135981128996892, 7.403428228358932), (22.133554007572336, 7.424043863771522), (22.131074117189883, 7.444712262441368), (22.128541457884758, 7.465433424307571), (22.12595602969225, 7.48620734930916), (22.123317832647732, 7.507034037385084), (22.120626866786647, 7.5279134884742245), (22.11788313214451, 7.548845702515384), (22.115086628756913, 7.569830679447291), (22.11223735665952, 7.590868419208601), (22.109335315888075, 7.611958921737894), (22.10638050647839, 7.633102186973675), (22.103372928466356, 7.654298214854376), (22.100312581887938, 7.675547005318354), (22.097199466779177, 7.696848558303891), (22.09403358317618, 7.7182028737491954), (22.09081493111514, 7.7396099515924), (22.087543510632315, 7.761069791771565), (22.084219321764046, 7.782582394224674), (22.080842364546744, 7.804147758889637), (22.077412639016895, 7.825765885704289), (22.073930145211055, 7.847436774606392), (22.07039488316586, 7.869160425533634), (22.06680685291802, 7.890936838423625), (22.063166054504322, 7.912766013213903), (22.05947248796162, 7.934647949841932), (22.055726153326848, 7.956582648245101), (22.051927050637012, 7.978570108360724), (22.048075179929192, 8.00061033012604), (22.044170541240547, 8.022703313478216), (22.040213134608305, 8.044849058354341), (22.036202960069772, 8.067047564691434), (22.032140017662332, 8.089298832426435), (22.028024307423433, 8.111602861496213), (22.023855829390605, 8.133959651837559), (22.01963458360145, 8.156369203387193), (22.01536057009365, 8.17883151608176), (22.011033788904953, 8.201346589857827)]",True
1784490078.4166372,0,22.311949093687847,7.3512617960791315,0.8033474209356198,92.54979723563805,-0.3202889727498409,23.796590200107477,11.94856475864544,1.121014382778621,94.83257826728975,-0.2582540042405568,1.4846411064196303,4.597302962566309,0.31766696184300114,2.2827810316516945,0.06203496850928414,"[(22.194304062614435, 7.288249231811762), (22.19425408218588, 7.309628914788219), (22.194151522179332, 7.331061170935575), (22.193996382626214, 7.3525460001927145), (22.193788663558017, 7.374083402498449), (22.19352836500631, 7.395673377791519), (22.19321548700273, 7.41731592601059), (22.192850029578985, 7.4390110470942545), (22.192431992766867, 7.460758740981031), (22.191961376598236, 7.4825590076093675), (22.19143818110502, 7.504411846917637), (22.190862406319226, 7.526317258844138), (22.19023405227293, 7.548275243327098), (22.189553118998283, 7.570285800304672), (22.188819606527513, 7.592348929714938), (22.188033514892915, 7.614464631495905), (22.187194844126864, 7.636632905585508), (22.1863035942618, 7.658853751921606), (22.185359765330244, 7.681127170441988), (22.184363357364784, 7.703453161084368), (22.183314370398087, 7.7258317237863885), (22.182212804462885, 7.748262858485617), (22.181058659591994, 7.770746565119549), (22.1798519358183, 7.793282843625607), (22.17859263317475, 7.81587169394114), (22.17728075169438, 7.838513116003422), (22.17591629141029, 7.861207109749657), (22.174499252355655, 7.883953675116974), (22.17302963456373, 7.90675281204243), (22.171507438067835, 7.929604520463006), (22.169932662901367, 7.952508800315615), (22.168305309097793, 7.975465651537091), (22.166625376690657, 7.998475074064198), (22.164892865713572, 8.021537067833629), (22.163107776200228, 8.044651632781997), (22.161270108184386, 8.06781876884585), (22.15937986169988, 8.091038475961657), (22.157437036780617, 8.114310754065816), (22.155441633460587, 8.137635603094651), (22.153393651773833, 8.161013022984415), (22.15129309175449, 8.184443013671286), (22.149139953436755, 8.207925575091368), (22.146934236854907, 8.231460707180693), (22.14467594204329, 8.25504840987522), (22.142365069036323, 8.278688683110836)]",True
1784490078.4709382,0,22.415131578179203,7.429430310896852,1.0518335629348416,92.54979723563805,-0.3202889727498409,23.741868697962953,12.11917904579257,1.2930583388880843,94.83257826728975,-0.2582540042405568,1.3267371197837505,4.689748734895718,0.24122477595324265,2.2827810316516945,0.06203496850928414,"[(22.284263662265186, 7.354672250189959), (22.28290175004069, 7.376032846782285), (22.281486813084847, 7.397446461946384), (22.280018851432025, 7.418913095619095), (22.278497865116684, 7.440432747737178), (22.27692385417335, 7.46200541823732), (22.27529681863663, 7.483631107056127), (22.2736167585412, 7.5053098141301335), (22.271883673921817, 7.527041539395794), (22.270097564813316, 7.54882628278949), (22.268258431250608, 7.570664044247523), (22.266366273268673, 7.592554823706121), (22.26442109090258, 7.614498621101435), (22.262422884187462, 7.6364954363695405), (22.260371653158536, 7.658545269446435), (22.258267397851096, 7.680648120268041), (22.256110118300505, 7.702803988770203), (22.25389981454221, 7.725012874888692), (22.251636486611726, 7.747274778559199), (22.249320134544654, 7.7695896997173435), (22.246950758376666, 7.791957638298665), (22.24452835814351, 7.814378594238628), (22.24205293388101, 7.8368525674726195), (22.23952448562507, 7.859379557935953), (22.236943013411665, 7.8819595655638635), (22.23430851727685, 7.904592590291509), (22.231620997256762, 7.927278632053974), (22.2288804533876, 7.950017690786264), (22.22608688570565, 7.9728097664233095), (22.223240294247272, 7.9956548588999645), (22.2203406790489, 8.018552968151008), (22.217388040147046, 8.041504094111138), (22.2143823775783, 8.064508236714984), (22.211323691379324, 8.08756539589709), (22.20821198158686, 8.110675571591933), (22.20504724823773, 8.133838763733909), (22.201829491368823, 8.157054972257336), (22.19855871101711, 8.180324197096459), (22.195234907219636, 8.203646438185444), (22.191858080013528, 8.227021695458385), (22.18842822943598, 8.250449968849294), (22.18494535552427, 8.273931258292112), (22.18140945831575, 8.2974655637207), (22.177820537847843, 8.321052885068843), (22.174178594158057, 8.344693222270253)]",True
1784490078.5841994,0,22.45032248388015,7.456386132180959,1.1612854343082548,92.54979723563805,-0.3202889727498409,23.728590008401746,12.16836134733799,1.3362150157774055,94.83257826728975,-0.2582540042405568,1.2782675245215955,4.7119752151570315,0.17492958146915072,2.2827810316516945,0.06203496850928414,"[(22.3079490181412, 7.372693914946238), (22.30447710454846, 7.3929466741777246), (22.30095219406236, 7.413252425147601), (22.2973742867202, 7.43361116779449), (22.293743382559345, 7.454022902056942), (22.29005948161725, 7.474487627873428), (22.28632258393143, 7.495005345182344), (22.282532689539494, 7.515576053922011), (22.278689798479114, 7.536199754030673), (22.27479391078804, 7.556876445446498), (22.270845026504105, 7.577606128107579), (22.26684314566521, 7.5983888019519314), (22.262788268309333, 7.619224466917495), (22.25868039447453, 7.640113122942134), (22.25451952419894, 7.661054769963638), (22.250305657520766, 7.682049407919718), (22.246038794478295, 7.70309703674801), (22.241718935109883, 7.724197656386074), (22.237346079453967, 7.745351266771395), (22.232920227549062, 7.76655786784138), (22.228441379433754, 7.787817459533362), (22.22390953514671, 7.809130041784597), (22.21932469472667, 7.830495614532264), (22.21468685821245, 7.851914177713469), (22.20999602564294, 7.8733857312652376), (22.205252197057114, 7.8949102751245235), (22.20045537249401, 7.916487809228203), (22.195605551992752, 7.938118333513074), (22.190702735592538, 7.9598018479158625), (22.18574692333264, 7.9815383523732155), (22.180738115252407, 8.003327846821705), (22.17567631139126, 8.025170331197828), (22.170561511788705, 8.047065805438002), (22.165393716484317, 8.069014269478574), (22.160172925517745, 8.091015723255811), (22.154899138928723, 8.113070166705905), (22.149572356757055, 8.13517759976497), (22.14419257904262, 8.157338022369048), (22.138759805825377, 8.179551434454103), (22.13327403714536, 8.201817835956021), (22.12773527304267, 8.224137226810615), (22.122143513557504, 8.246509606953621), (22.116498758730117, 8.268934976320699), (22.110801008600845, 8.291413334847432), (22.105050263210103, 8.313944682469328)]",True
1784490078.6245015,0,22.487939295564214,7.485868387939781,1.1485845981656309,92.54979723563805,-0.3202889727498409,23.714561066731687,12.223720729204008,1.5139440813253127,94.83257826728975,-0.2582540042405568,1.2266217711674727,4.737852341264227,0.3653594831596818,2.2827810316516945,0.06203496850928414,"[(22.421014852466136, 7.4585639446058725), (22.41920647718397, 7.480300271824295), (22.417345188933858, 7.5020895059260555), (22.415430987750444, 7.523931646848133), (22.41346387366844, 7.545826694527435), (22.411443846722644, 7.567774648900787), (22.409370906947924, 7.589775509904946), (22.40724505437922, 7.61182927747659), (22.40506628905155, 7.633935951552323), (22.402834611000014, 7.656095532068673), (22.400550020259775, 7.678308018962093), (22.39821251686608, 7.70057341216896), (22.395822100854254, 7.722891711625577), (22.393378772259688, 7.745262917268171), (22.39088253111785, 7.767687029032894), (22.388333377464292, 7.790164046855821), (22.38573131133463, 7.812693970672955), (22.38307633276457, 7.83527680042022), (22.380368441789876, 7.857912536033468), (22.3776076384464, 7.880601177448474), (22.37479392277006, 7.903342724600937), (22.37192729479686, 7.926137177426482), (22.36900775456287, 7.948984535860658), (22.366035302104237, 7.971884799838939), (22.36300993745719, 7.994837969296724), (22.359931660658024, 8.017844044169335), (22.356800471743117, 8.040903024392021), (22.35361637074892, 8.064014909899955), (22.350379357711958, 8.087179700628234), (22.347089432668827, 8.11039739651188), (22.34374659565621, 8.13366799748584), (22.34035084671086, 8.156991503484987), (22.336902185869594, 8.180367914444114), (22.33340061316932, 8.203797230297942), (22.329846128647016, 8.22727945098112), (22.326238732339736, 8.250814576428215), (22.322578424284607, 8.274402606573723), (22.318865204518833, 8.298043541352063), (22.31509907307969, 8.32173738069758), (22.311280030004536, 8.345484124544544), (22.3074080753308, 8.369283772827147), (22.303483209095987, 8.393136325479508), (22.29950543133767, 8.41704178243567), (22.295474742093514, 8.4410001436296), (22.291391141401245, 8.465011408995192)]",True
1784490078.6879869,0,22.530043459310807,7.519524663531941,1.1158083651400474,92.54979723563805,-0.3202889727498409,23.699078544588488,12.293914017412579,1.3063041966275806,94.83257826728975,-0.2582540042405568,1.169035085277681,4.774389353880638,0.19049583148753313,2.2827810316516945,0.06203496850928414,"[(22.475079525222775, 7.500854680042081), (22.47234414248496, 7.522218645760255), (22.469555810306648, 7.543635555212666), (22.46671452872394, 7.5651054083365805), (22.46382029777302, 7.586628205069188), (22.460873117490138, 7.608203945347601), (22.457872987911625, 7.629832629108859), (22.454819909073887, 7.651514256289924), (22.451713881013408, 7.673248826827685), (22.44855490376674, 7.695036340658951), (22.445342977370526, 7.716876797720459), (22.442078101861465, 7.738770197948868), (22.438760277276344, 7.760716541280763), (22.435389503652026, 7.782715827652653), (22.431965781025447, 7.80476805700097), (22.428489109433617, 7.826873229262072), (22.42495948891362, 7.849031344372242), (22.42137691950262, 7.871242402267684), (22.417741401237862, 7.893506402884529), (22.41405293415665, 7.915823346158832), (22.410311518296382, 7.938193232026572), (22.40651715369452, 7.9606160604236536), (22.402669840388608, 7.983091831285903), (22.398769578416264, 8.005620544549073), (22.394816367815174, 8.02820220014884), (22.390810208623112, 8.050836798020805), (22.38675110087792, 8.073524338100492), (22.38263904461752, 8.096264820323352), (22.3784740398799, 8.119058244624759), (22.374256086703138, 8.14190461094001), (22.36998518512538, 8.164803919204328), (22.36566133518485, 8.187756169352859), (22.361284536919843, 8.210761361320676), (22.356854790368732, 8.233819495042773), (22.35237209556997, 8.256930570454072), (22.34783645256208, 8.280094587489415), (22.343247861383663, 8.303311546083572), (22.338606322073396, 8.326581446171234), (22.33391183467003, 8.34990428768702), (22.32916439921239, 8.373280070565471), (22.324364015739388, 8.396708794741054), (22.319510684289998, 8.420190460148158), (22.314604404903275, 8.443725066721097), (22.30964517761835, 8.467312614394112), (22.30463300247443, 8.490953103101365)]",True
1784490078.7420313,0,22.54777721024681,7.533913521996277,1.167258956959114,92.54979723563805,-0.3202889727498409,23.69369887779737,12.319196713263104,1.321706307679285,94.83257826728975,-0.2582540042405568,1.1459216675505601,4.785283191266826,0.1544473507201709,2.2827810316516945,0.06203496850928414,"[(22.492644574258392, 7.51488766496651), (22.489369505682934, 7.535966023045403), (22.486041491179414, 7.557097321601911), (22.48266053078469, 7.578281560573745), (22.47922662453568, 7.599518739898543), (22.475739772469396, 7.620808859513865), (22.47219997462291, 7.642151919357195), (22.468607231033385, 7.663547919365944), (22.464961541738045, 7.684996859477445), (22.4612629067742, 7.706498739628956), (22.457511326179226, 7.728053559757661), (22.453706799990584, 7.749661319800666), (22.449849328245808, 7.771322019695003), (22.445938910982505, 7.793035659377627), (22.44197554823836, 7.814802238785419), (22.437959240051132, 7.836621757855183), (22.433889986458656, 7.858494216523649), (22.42976778749884, 7.88041961472747), (22.425592643209676, 7.902397952403223), (22.421364553629225, 7.92442922948741), (22.417083518795625, 7.946513445916459), (22.41274953874709, 7.96865060162672), (22.408362613521906, 7.990840696554469), (22.40392274315844, 8.013083730635906), (22.399429927695127, 8.035379703807154), (22.394884167170492, 8.057728616004262), (22.390285461623122, 8.080130467163203), (22.385633811091687, 8.102585257219873), (22.38092921561493, 8.125092986110097), (22.376171675231667, 8.147653653769618), (22.371361189980792, 8.170267260134109), (22.366497759901275, 8.192933805139162), (22.36158138503216, 8.215653288720299), (22.356612065412573, 8.238425710812962), (22.35158980108171, 8.26125107135252), (22.346514592078837, 8.284129370274265), (22.34138643844331, 8.307060607513414), (22.336205340214548, 8.330044783005109), (22.33097129743205, 8.353081896684415), (22.325684310135394, 8.376171948486322), (22.32034437836423, 8.399314938345745), (22.314951502158276, 8.422510866197522), (22.309505681557344, 8.445759731976416), (22.30400691660131, 8.469061535617117), (22.298455207330125, 8.492416277054234)]",True
1784490078.7824323,0,22.58528348124064,7.564701945109034,1.2562737332404437,92.54979723563805,-0.3202889727498409,23.682451385315456,12.370620372709144,1.252828863081875,94.83257826728975,-0.2582540042405568,1.0971679040748157,4.80591842760011,-0.003444870158568758,2.2827810316516945,0.06203496850928414,"[(22.524881377906507, 7.540993100634544), (22.520561411764863, 7.561487783214158), (22.51618851863558, 7.582035387838096), (22.511762698556925, 7.60263591444503), (22.507283951567235, 7.6232893629735585), (22.50275227770493, 7.643995733362203), (22.498167677008496, 7.664755025549412), (22.493530149516506, 7.6855672394735555), (22.4888396952676, 7.7064323750729296), (22.4840963143005, 7.727350432285755), (22.479300006654, 7.748321411050178), (22.474450772366968, 7.769345311304267), (22.469548611478345, 7.790422132986017), (22.464593524027155, 7.811551876033347), (22.45958551005249, 7.8327345403841), (22.454524569593524, 7.853970125976045), (22.4494107026895, 7.875258632746874), (22.444243909379743, 7.896600060634205), (22.439024189703648, 7.917994409575578), (22.43375154370069, 7.9394416795084615), (22.428425971410416, 7.960941870370245), (22.423047472872447, 7.982494982098245), (22.417616048126483, 8.0041010146297), (22.4121316972123, 8.025759967901777), (22.40659442016975, 8.047471841851564), (22.401004217038757, 8.069236636416075), (22.39536108785932, 8.091054351532248), (22.389665032671516, 8.112924987136948), (22.3839160515155, 8.134848543166958), (22.37811414443149, 8.156825019558996), (22.372259311459796, 8.178854416249694), (22.366351552640797, 8.200936733175615), (22.360390868014946, 8.223071970273246), (22.35437725762277, 8.245260127478996), (22.34831072150487, 8.2675012047292), (22.34219125970193, 8.289795201960118), (22.33601887225471, 8.312142119107934), (22.32979355920403, 8.334541956108758), (22.323515320590804, 8.356994712898622), (22.317184156456012, 8.379500389413485), (22.31080006684071, 8.402058985589228), (22.30436305178603, 8.424670501361659), (22.297873111333182, 8.44733493666651), (22.291330245523447, 8.470052291439435), (22.284734454398183, 8.492822565616018)]",True
1784490078.827655,0,22.614907309744755,7.589370754880195,1.312529950975595,92.54979723563805,-0.3202889727498409,23.674011029698676,12.406195219883292,1.1905384295608967,94.83257826728975,-0.2582540042405568,1.0591037199539208,4.816824465003097,-0.12199152141469827,2.2827810316516945,0.06203496850928414,"[(22.551174935714347, 7.562528402086215), (22.546376925350216, 7.58278134444807), (22.541526005106395, 7.603087191972606), (22.536622175021765, 7.623445944598943), (22.531665435135288, 7.643857602266125), (22.526655785485993, 7.664322164913118), (22.52159322611299, 7.684839632478817), (22.516477757055462, 7.705410004902039), (22.51130937835267, 7.726033282121527), (22.506088090043946, 7.746709464075948), (22.5008138921687, 7.767438550703894), (22.49548678476642, 7.788220541943882), (22.490106767876664, 7.809055437734352), (22.484673841539067, 7.829943238013671), (22.47918800579334, 7.85088394272013), (22.47364926067927, 7.871877551791944), (22.46805760623672, 7.8929240651672545), (22.462413042505624, 7.914023482784125), (22.456715569525993, 7.935175804580546), (22.450965187337918, 7.956381030494432), (22.44516189598156, 7.977639160463622), (22.439305695497158, 7.998950194425879), (22.433396585925024, 8.020314132318893), (22.427434567305546, 8.041730974080275), (22.42141963967919, 8.063200719647567), (22.415351803086494, 8.084723368958228), (22.409231057568075, 8.106298921949646), (22.403057403164617, 8.127927378559136), (22.39683083991689, 8.149608738723932), (22.39055136786573, 8.171343002381198), (22.384218987052055, 8.193130169468018), (22.37783369751686, 8.214970239921405), (22.371395499301205, 8.236863213678294), (22.36490439244623, 8.258809090675546), (22.35836037699316, 8.280807870849946), (22.35176345298328, 8.302859554138204), (22.345113620457962, 8.324964140476954), (22.338410879458646, 8.347121629802757), (22.33165523002685, 8.369332022052097), (22.324846672204167, 8.391595317161382), (22.317985206032265, 8.413911515066946), (22.311070831552893, 8.436280615705048), (22.304103548807866, 8.45870261901187), (22.297083357839078, 8.48117752492352), (22.2900102586885, 8.503705333376033)]",True
1784490078.8857625,0,22.64558507513834,7.6152269956302385,1.3611367574540492,92.54979723563805,-0.3202889727498409,23.665252394063433,12.440260812866855,1.1574592544780027,94.83257826728975,-0.2582540042405568,1.0196673189250944,4.8250338172366165,-0.20367750297604648,2.2827810316516945,0.06203496850928414,"[(22.57920084834015, 7.585696245002761), (22.574124333340936, 7.605841524895256), (22.56899491973165, 7.626039698802492), (22.563812607551533, 7.646290766663804), (22.558577396839897, 7.666594728418452), (22.55328928763613, 7.68695158400562), (22.547948279979696, 7.707361333364419), (22.542554373910136, 7.727823976433883), (22.537107569467057, 7.74833951315297), (22.531607866690155, 7.768907943460566), (22.526055265619195, 7.789529267295479), (22.520449766294014, 7.8102034845964425), (22.51479136875453, 7.8309305953021155), (22.50908007304073, 7.851710599351081), (22.503315879192684, 7.872543496681848), (22.497498787250528, 7.893429287232848), (22.49162879725448, 7.914367970942441), (22.48570590924483, 7.935359547748907), (22.479730123261948, 7.9564040175904545), (22.473701439346268, 7.977501380405216), (22.46761985753831, 7.998651636131249), (22.46148537787867, 8.019854784706535), (22.45529800040801, 8.04111082606898), (22.449057725167076, 8.062419760156416), (22.44276455219668, 8.0837815869066), (22.436418481537725, 8.105196306257213), (22.43001951323117, 8.12666391814586), (22.42356764731806, 8.148184422510074), (22.417062883839513, 8.169757819287307), (22.410505222836722, 8.191384108414942), (22.403894664350958, 8.213063289830284), (22.397231208423563, 8.234795363470562), (22.390514855095958, 8.256580329272932), (22.383745604409636, 8.278418187174474), (22.376923456406168, 8.300308937112192), (22.370048411127197, 8.322252579023015), (22.363120468614444, 8.344249112843798), (22.356139628909702, 8.36629853851132), (22.34910589205484, 8.388400855962283), (22.342019258091806, 8.410556065133317), (22.334879727062624, 8.432764165960975), (22.327687299009387, 8.455025158381737), (22.320441973974265, 8.477339042332005), (22.313143751999505, 8.499705817748106), (22.305792633127428, 8.522125484566294)]",True
1784490078.9312916,0,22.64558507513834,7.6152269956302385,1.3611367574540492,92.54979723563805,-0.3202889727498409,23.665252394063433,12.440260812866855,1.1574592544780027,94.83257826728975,-0.2582540042405568,1.0196673189250944,4.8250338172366165,-0.20367750297604648,2.2827810316516945,0.06203496850928414,"[(22.588867117304073, 7.593754665451009), (22.583731210377703, 7.613888440961479), (22.5785424070883, 7.63407510826202), (22.573300707475173, 7.654314667291994), (22.568006111577716, 7.674607117990692), (22.562658619435393, 7.694952460297326), (22.557258231087744, 7.715350694151035), (22.551804946574382, 7.735801819490883), (22.546298765935, 7.756305836255856), (22.54073968920936, 7.776862744384869), (22.535127716437312, 7.797472543816759), (22.529462847658763, 7.818135234490288), (22.523745082913706, 7.838850816344145), (22.51797442224221, 7.8596192893169405), (22.512150865684415, 7.880440653347213), (22.50627441328054, 7.901314908373424), (22.500345065070874, 7.922242054333959), (22.494362821095788, 7.943222091167132), (22.48832768139572, 7.964255018811178), (22.482239646011188, 7.985340837204259), (22.476098714982786, 8.00647954628446), (22.469904888351188, 8.027671145989792), (22.463658166157128, 8.048915636258194), (22.45735854844143, 8.070213017027523), (22.451006035244983, 8.091563288235566), (22.444600626608757, 8.112966449820032), (22.4381423225738, 8.134422501718557), (22.431631123181226, 8.155931443868703), (22.425067028472235, 8.17749327620795), (22.41845003848809, 8.199107998673712), (22.411780153270136, 8.220775611203322), (22.405057372859797, 8.24249611373404), (22.398281697298568, 8.26426950620305), (22.391453126628015, 8.28609578854746), (22.384571660889783, 8.307974960704305), (22.377637300125595, 8.329907022610543), (22.37065004437725, 8.351891974203058), (22.363609893686615, 8.373929815418657), (22.356516848095637, 8.396020546194077), (22.349370907646335, 8.418164166465973), (22.34217207238081, 8.440360676170927), (22.334920342341228, 8.462610075245449), (22.32761571756984, 8.48491236362597), (22.32025819810897, 8.507267541248847), (22.312847784001008, 8.529675608050365)]",True
1784490080.2442348,0,22.64558507513834,7.6152269956302385,1.3611367574540492,92.54979723563805,-0.3202889727498409,23.665252394063433,12.440260812866855,1.1574592544780027,94.83257826728975,-0.2582540042405568,1.0196673189250944,4.8250338172366165,-0.20367750297604648,2.2827810316516945,0.06203496850928414,"[(22.598687919831114, 7.6019583635567685), (22.593507133433757, 7.62209007307227), (22.58827345303634, 7.642274672029874), (22.582986878678234, 7.6625121603689585), (22.57764741039889, 7.682802538028828), (22.57225504823782, 7.7031458049487105), (22.566809792234633, 7.72354196106776), (22.56131164242899, 7.743991006325054), (22.55576059886064, 7.764492940659595), (22.550156661569407, 7.785047764010313), (22.544499830595186, 7.805655476316059), (22.53879010597795, 7.826316077515612), (22.533027487757742, 7.847029567547673), (22.52721197597469, 7.86779594635087), (22.52134357066899, 7.888615213863755), (22.515422271880915, 7.909487370024806), (22.50944807965081, 7.930412414772424), (22.503420994019102, 7.951390348044936), (22.49734101502629, 7.972421169780593), (22.491208142712942, 7.993504879917572), (22.48502237711971, 8.014641478393974), (22.478783718287314, 8.035830965147825), (22.472492166256558, 8.057073340117078), (22.46614772106831, 8.078368603239607), (22.459750382763527, 8.099716754453212), (22.453300151383228, 8.12111779369562), (22.446797026968515, 8.142571720904481), (22.44024100956056, 8.16407853601737), (22.43363209920061, 8.185638238971789), (22.426970295929998, 8.207250829705162), (22.42025559979012, 8.228916308154837), (22.41348801082245, 8.250634674258091), (22.406667529068546, 8.272405927952121), (22.399794154570024, 8.294230069174056), (22.39286788736859, 8.316107097860941), (22.385888727506018, 8.338037013949751), (22.37885667502416, 8.360019817377387), (22.37177172996494, 8.38205550808067), (22.364633892370364, 8.40414408599635), (22.357443162282504, 8.4262855510611), (22.350199539743517, 8.448479903211522), (22.342903024795625, 8.470727142384135), (22.335553617481132, 8.49302726851539), (22.328151317842416, 8.515380281541656), (22.32069612592193, 8.537786181399236)]",True
1784490080.306987,0,22.65599019734005,7.624115547793053,1.3758232025964845,92.54979723563805,-0.3202889727498409,23.665252394063433,12.440260812866855,1.1574592544780027,94.83257826728975,-0.2582540042405568,1.009262196723384,4.816145265073802,-0.2183639481184818,2.2827810316516945,0.06203496850928414,"[(22.598687919831114, 7.6019583635567685), (22.593507133433757, 7.62209007307227), (22.58827345303634, 7.642274672029874), (22.582986878678234, 7.6625121603689585), (22.57764741039889, 7.682802538028828), (22.57225504823782, 7.7031458049487105), (22.566809792234633, 7.72354196106776), (22.56131164242899, 7.743991006325054), (22.55576059886064, 7.764492940659595), (22.550156661569407, 7.785047764010313), (22.544499830595186, 7.805655476316059), (22.53879010597795, 7.826316077515612), (22.533027487757742, 7.847029567547673), (22.52721197597469, 7.86779594635087), (22.52134357066899, 7.888615213863755), (22.515422271880915, 7.909487370024806), (22.50944807965081, 7.930412414772424), (22.503420994019102, 7.951390348044936), (22.49734101502629, 7.972421169780593), (22.491208142712942, 7.993504879917572), (22.48502237711971, 8.014641478393974), (22.478783718287314, 8.035830965147825), (22.472492166256558, 8.057073340117078), (22.46614772106831, 8.078368603239607), (22.459750382763527, 8.099716754453212), (22.453300151383228, 8.12111779369562), (22.446797026968515, 8.142571720904481), (22.44024100956056, 8.16407853601737), (22.43363209920061, 8.185638238971789), (22.426970295929998, 8.207250829705162), (22.42025559979012, 8.228916308154837), (22.41348801082245, 8.250634674258091), (22.406667529068546, 8.272405927952121), (22.399794154570024, 8.294230069174056), (22.39286788736859, 8.316107097860941), (22.385888727506018, 8.338037013949751), (22.37885667502416, 8.360019817377387), (22.37177172996494, 8.38205550808067), (22.364633892370364, 8.40414408599635), (22.357443162282504, 8.4262855510611), (22.350199539743517, 8.448479903211522), (22.342903024795625, 8.470727142384135), (22.335553617481132, 8.49302726851539), (22.328151317842416, 8.515380281541656), (22.32069612592193, 8.537786181399236)]",True
1784490080.3244252,0,22.666438120606713,7.633174165718017,1.389811307272397,94.36745404146305,-0.32250855834746756,23.659340859004104,12.462502045281877,1.1445648832043245,99.56791911933281,-0.4175207603349282,0.9929027383973903,4.829327879563859,-0.2452464240680725,5.200465077869765,-0.09501220198746063,"[(22.638336328144547, 7.635885015124527), (22.632246674997923, 7.655789939695678), (22.626103698840787, 7.675748182809144), (22.61990739971662, 7.695759744400443), (22.61365777766899, 7.715824624405011), (22.607354832741542, 7.735942822758203), (22.600998564978003, 7.756114339395294), (22.59458897442218, 7.776339174251477), (22.58812606111797, 7.796617327261864), (22.58160982510933, 7.816948798361487), (22.575040266440322, 7.837333587485295), (22.568417385155072, 7.857771694568158), (22.561741181297805, 7.878263119544864), (22.555011654912803, 7.898807862350121), (22.548228806044445, 7.919405922918554), (22.541392634737193, 7.9400573011847095), (22.53450314103558, 7.9607619970830505), (22.527560324984222, 7.9815200105479605), (22.520564186627826, 8.002331341513742), (22.51351472601117, 8.023195989914615), (22.506411943179113, 8.044113955684722), (22.499255838176605, 8.06508523875812), (22.492046411048662, 8.086109839068788), (22.48478366184039, 8.107187756550623), (22.477467590596977, 8.12831899113744), (22.47009819736369, 8.149503542762977), (22.46267548218588, 8.170741411360886), (22.455199445108967, 8.19203259686474), (22.44767008617847, 8.213377099208031), (22.44008740543998, 8.234774918324172), (22.43245140293916, 8.256226054146492), (22.424762078721773, 8.277730506608238), (22.417019432833648, 8.299288275642581), (22.409223465320704, 8.320899361182606), (22.401374176228934, 8.342563763161321), (22.393471565604415, 8.364281481511648), (22.385515633493306, 8.386052516166435), (22.37750637994185, 8.407876867058443), (22.36944380499636, 8.429754534120352), (22.361327908703245, 8.451685517284767), (22.353158691108984, 8.473669816484206), (22.344936152260136, 8.495707431651107), (22.33666029220335, 8.51779836271783), (22.328331110985353, 8.53994260961665), (22.319948608652947, 8.562140172279765)]",True
